index,expected,prediction,logit_0,logit_1,logit_2,logit_3,logit_4,logit_5,logit_6,logit_7,logit_8,logit_9
0,7,7,-2.18066406,-2.4453125,1.84179688,0.521484375,-5.4296875,-3.43457031,-13.6845703,12.6367188,-2.55859375,-0.83984375
1,2,2,0.512695312,5.47460938,12.7519531,-1.83789062,-10.0878906,-6.41992188,-5.16601562,-2.01367188,-0.266601562,-14.1914062
2,1,1,-1.72070312,8.25,-2.04296875,-5.83300781,0.803710938,-3.93261719,-0.228515625,0.125,-0.893554688,-2.5546875
3,0,0,10.2753906,-10.0849609,0.791992188,-3.93554688,-6.80175781,-2.89355469,3.05957031,-3.68164062,-2.4453125,-2.50097656
4,4,4,-5.2109375,-5.140625,-4.34667969,-9.50585938,11.3056641,-5.46875,-3.93554688,-1.58105469,-1.71777344,4.32519531
5,1,1,-2.20605469,10.5810547,-3.72558594,-7.26953125,1.68359375,-5.3828125,-1.62207031,1.34765625,-1.36425781,-2.40820312
6,4,4,-9.94335938,-2.46679688,-6.16894531,-7.90917969,9.44726562,-2.6484375,-6.74023438,-0.528320312,4.33300781,3.37695312
7,9,9,-9.81445312,-6.63671875,-1.49511719,2.66015625,1.37792969,-0.32421875,-13.0712891,-3.87695312,2.47851562,7.75390625
8,5,5,-1.73535156,-12.3369141,-3.35546875,-5.29394531,-3.89453125,9.45605469,5.41015625,-10.1005859,2.95703125,2.83984375
9,9,9,-5.20703125,-10.8847656,-3.74511719,-2.06347656,2.04785156,-2.01269531,-13.9707031,1.09277344,4.63574219,10.4580078
10,0,0,11.3427734,-6.27929688,1.88867188,-6.30566406,-7.87988281,-3.41210938,0.268554688,-3.328125,-0.791992188,-2.28320312
11,6,6,2.05664062,-6.29101562,-2.14355469,-3.15332031,-2.90234375,1.40917969,9.60253906,-7.36914062,0.518554688,-4.12304688
12,9,9,-5.7890625,-9.24316406,-5.04980469,-3.33691406,5.03710938,-2.28222656,-13.7900391,0.765625,0.662109375,11.4414062
13,0,0,10.4824219,-7.33496094,0.530273438,-7.21875,-6.02636719,-4.19140625,0.109375,-1.69433594,0.528320312,-0.877929688
14,1,1,-4.52734375,11.6064453,-1.59960938,-4.87988281,0.82421875,-5.68164062,-4.67382812,-0.05078125,-1.43457031,-2.17382812
15,5,5,-6.08203125,-3.07910156,-1.67480469,3.67675781,-6.64746094,8.7265625,-1.28710938,-9.54199219,2.24316406,-2.79394531
16,9,9,-4.63574219,-9.35058594,-2.23730469,-4.5,3.38671875,-5.0859375,-12.4638672,3.74414062,0.4921875,10.5009766
17,7,7,-1.03808594,-4.53808594,2.5234375,1.23242188,-7.88671875,-1.86523438,-14.2890625,12.75,-3.40820312,-1.20507812
18,3,3,-5.265625,-4.93164062,2.10742188,7.45410156,-6.85058594,0.12109375,-5.07324219,-7.64160156,4.49707031,-4.40234375
19,4,4,-7.89746094,-2.33203125,-4.12695312,-6.75585938,11.5332031,-4.63867188,-8.76367188,0.991210938,-1.87988281,1.91992188
20,9,9,-4.99121094,-5.24609375,-6.99609375,-0.209960938,1.61328125,-0.0107421875,-13.9521484,2.49804688,-1.29785156,9.59472656
21,6,6,-1.70898438,-8.13867188,-2.95703125,-3.52148438,-2.78710938,4.09179688,11.2451172,-14.6240234,3.29296875,-3.51757812
22,6,6,1.09375,-7.45410156,-4.04296875,-4.70898438,1.04785156,-0.469726562,9.26464844,-7.3203125,-0.834960938,-1.02539062
23,5,5,-5.31542969,-7.87011719,-5.30957031,3.14941406,-5.99804688,12.8076172,1.26269531,-12.8886719,0.836914062,0.719726562
24,4,4,-5.57324219,-2.64355469,-3.41992188,-5.83984375,8.79980469,-2.09960938,-4.60253906,-0.0830078125,-2.26953125,1.86914062
25,0,0,9.75097656,-11.6552734,-0.555664062,-7.54003906,-3.8125,-4.88769531,2.93261719,-2.50683594,-0.4921875,0.159179688
26,7,7,-2.33398438,-2.96875,-1.06542969,0.139648438,-2.53710938,-1.12597656,-11.3984375,9.91308594,-3.2734375,1.78808594
27,4,4,-9.11425781,-5.97070312,-5.15136719,-9.86523438,15.6689453,-5.64355469,-10.8408203,-2.79199219,-1.0859375,5.375
28,0,0,11.5107422,-7.52734375,5.0078125,-2.06933594,-10.1318359,-6.66015625,-4.12304688,-1.49707031,-0.217773438,-4.8984375
29,1,1,-5.89453125,7.23925781,-1.93261719,-2.65234375,0.5546875,-3.03515625,-6.05859375,-0.1796875,-0.385742188,-0.11328125
30,3,3,-7.77441406,-3.46679688,-2.86035156,12.328125,-6.39941406,1.19042969,-16.5761719,-2.78808594,-0.869140625,2.74511719
31,1,1,-5.46679688,7.04882812,-1.31835938,-1.97363281,0.880859375,-3.21484375,-6.62695312,1.27050781,-2.19433594,-0.428710938
32,3,3,-10.2148438,-2.0390625,1.6171875,12.7089844,-5.859375,-1.88085938,-15.3046875,-4.41210938,2.58007812,-3.2265625
33,4,4,1.11914062,-6.74511719,-0.897460938,-9.10644531,6.70507812,-2.88574219,2.20214844,-4.3046875,-2.96386719,-3.4609375
34,7,7,-4.23339844,1.13574219,2.87011719,0.286132812,-3.78710938,-9.19140625,-18.1298828,14.1005859,-1.62890625,-1.90039062
35,2,2,-1.61230469,2.8671875,11.7890625,0.252929688,-9.28417969,-4.96972656,-7.76757812,0.607421875,-1.62988281,-6.05175781
36,7,7,-2.15820312,-1.60742188,4.94042969,-1.50683594,-4.81445312,-5.56933594,-11.3671875,10.2285156,-2.05175781,-1.27441406
37,1,1,-4.95996094,9.52734375,-2.53320312,-5.1640625,1.36425781,-4.56347656,-5.56835938,0.895507812,-0.875,-0.268554688
38,2,2,0.336914062,2.21777344,9.11035156,0.450195312,-8.20507812,-4.61230469,-5.09375,1.25878906,-0.353515625,-8.91699219
39,1,1,-1.71972656,9.8359375,-2.86425781,-6.14453125,-0.171875,-5.6640625,-1.78417969,-1.35742188,0.758789062,-2.73242188
40,1,1,-2.359375,5.8671875,-0.358398438,-2.72851562,-0.232421875,-3.22460938,-3.43945312,1.44921875,-0.986328125,-0.723632812
41,7,7,-3.96386719,-0.263671875,5.16699219,1.79101562,-4.48242188,-4.890625,-12.8847656,8.91113281,-2.29589844,-2.60058594
42,4,4,-9.12597656,-1.1484375,-9.20507812,-7.80664062,12.96875,-4.65429688,-7.03222656,-0.421875,-1.859375,4.61230469
43,2,2,-3.11328125,0.0859375,8.17578125,-3.43261719,0.96484375,-4.78417969,-2.66699219,-0.21875,-0.75,-10.6884766
44,3,3,-7.66113281,-3.00097656,-0.895507812,9.02734375,-4.43066406,1.80957031,-10.2861328,-4.66699219,-0.97265625,-0.153320312
45,5,5,-2.88769531,-7.359375,-2.43847656,2.41210938,-7.69238281,8.99707031,0.91015625,-11.2851562,4.22363281,-0.224609375
46,1,1,-9.67675781,7.74316406,0.524414062,0.177734375,0.10546875,-4.10546875,-10.0654297,-0.49609375,-0.364257812,-2.15136719
47,2,2,-2.296875,-1.02636719,9.203125,-1.28710938,-1.35253906,-4.74414062,-2.36816406,-0.677734375,-0.778320312,-7.98242188
48,4,4,-10.7011719,-5.65039062,-8.87207031,-7.87695312,14.2675781,-3.91796875,-11.1875,-4.02734375,1.38378906,7.30175781
49,4,4,-6.90136719,-9.66210938,-3.74121094,-9.07226562,12.7548828,-5.68066406,-6.4296875,-3.58007812,-0.961914062,5.046875
50,6,6,2.125,-5.13476562,-2.8046875,-3.33984375,-1.72363281,0.380859375,10.6816406,-9.99414062,-1.07617188,-5.15527344
51,3,3,-6.00878906,-3.48144531,0.529296875,12.8232422,-8.02441406,-1.21777344,-12.7246094,-3.421875,1.59765625,-3.99609375
52,5,5,-3.86230469,-9.58007812,-5.23828125,0.7734375,-3.84570312,11.8916016,-0.228515625,-9.49316406,1.97265625,1.25292969
53,5,5,-4.7265625,-5.85449219,-4,1.95410156,-4.55175781,9.19726562,-0.336914062,-8.70898438,1.81738281,1.58300781
54,6,6,1.75195312,-7.60546875,-3.40429688,-6.06933594,-0.677734375,-0.0390625,13.125,-10.0576172,0.10546875,-2.30273438
55,0,0,9.80566406,-3.37011719,-0.178710938,-7.078125,-4.47070312,-6.34960938,0.422851562,-2.97363281,1.83203125,-1.68164062
56,4,4,-7.77539062,-6.50878906,-6.45019531,-12.0751953,14.8349609,-3.45410156,-6.54785156,-1.44921875,-0.134765625,3.3828125
57,1,1,-1.72460938,8.64160156,-1.86621094,-5.31835938,0.223632812,-4.86816406,-2.52734375,1.60644531,-0.931640625,-1.67578125
58,9,9,-6.19140625,-12.5615234,-3.10351562,-1.72070312,3.76074219,-2.14550781,-17.1513672,2.18945312,-0.286132812,12.4882812
59,5,5,-1.45703125,-4.43164062,-5.08105469,-0.87109375,-3.02050781,7.07421875,-2.39746094,-1.15722656,0.284179688,1.2890625
60,7,7,-5.8046875,-4.70996094,-3.03125,4.09960938,-5.70898438,1.06542969,-17.0048828,11.4853516,-3.89160156,2.36425781
61,8,8,-3.18359375,-11.1123047,2.50585938,-0.50390625,-4.765625,1.14746094,-5.27050781,-5.9375,7.78222656,3.89355469
62,9,9,-4.37011719,-6.56640625,-2.87792969,-1.51464844,-1.50195312,3.6796875,-4.27441406,-1.82324219,2.48046875,5.7109375
63,3,3,-5.76855469,-7.81640625,4.59863281,10.0849609,-7.34179688,-4.02441406,-19.6308594,0.791015625,3.47949219,3.64746094
64,7,7,-6.93066406,-6.515625,3.43457031,4.45019531,-1.65820312,-9.41503906,-21.9248047,12.203125,1.17480469,-0.890625
65,4,4,-7.42675781,-1.12304688,-4.2578125,-1.36132812,6.42675781,-2.14746094,-8.62988281,-1.76660156,-0.88671875,3.78222656
66,6,6,2.91015625,-6.72363281,-2.80371094,-4.00976562,0.239257812,-1.98144531,7.05957031,-5.44042969,-1.47949219,-0.19921875
67,4,4,-7.43554688,-7.39746094,-3.72167969,-9.4296875,11.9560547,-3.54199219,-5.50292969,-3.18652344,-0.337890625,3.9140625
68,3,3,-6.87304688,-5.92871094,-0.237304688,15.2285156,-10.0537109,-2.19042969,-20.0576172,-3.14453125,3.37597656,2.23046875
69,0,0,9.34570312,-9.53125,-0.666992188,-3.734375,-7.84179688,-0.0390625,2.40234375,-2.98144531,-4.06933594,0.0498046875
70,7,7,-1.46386719,-5.06835938,2.14941406,2.43457031,-8.02246094,-0.911132812,-13.3564453,11.1572266,-2.95605469,-0.8828125
71,0,0,13.6630859,-8.93457031,1.14160156,-8.3046875,-8.328125,-4.70605469,1.36914062,-3.6796875,-1.40625,-1.11230469
72,2,2,2.84082031,-0.701171875,11.3583984,-0.325195312,-9.45703125,-6.76660156,-8.24902344,2.03710938,-1.41992188,-6.15039062
73,9,9,-5.64941406,-2.92578125,-0.4609375,0.110351562,-0.237304688,-6.828125,-14.5908203,2.00488281,4.45996094,6.24121094
74,1,1,-4.04980469,9.42285156,-3.58886719,-6.33789062,2.18164062,-3.83007812,-2.875,-1.36132812,-0.166015625,-0.391601562
75,7,7,-6.31445312,-1.01074219,0.0751953125,2.11230469,0.108398438,-6.03613281,-14.9414062,10.6533203,-2.53027344,-2.42480469
76,3,3,-7.68554688,-3.51464844,-0.993164062,11.9375,-6.84277344,1.59472656,-12.5,-6.74121094,2.1328125,0.587890625
77,2,2,-0.8671875,-1.02539062,8.9375,0.608398438,-8.11816406,-3.62597656,-7.3515625,3.65136719,-0.982421875,-3.13183594
78,9,9,-5.98144531,-3.20898438,-4.79296875,-1.6328125,3.38964844,-3.63671875,-9.83398438,-2.1953125,3.43554688,7.34765625
79,7,7,-4.20117188,-4.34375,2.65820312,2.91015625,-5.41210938,-4.37988281,-15.5898438,10.3544922,0.509765625,0.880859375
80,7,7,-3.10644531,-3.66699219,-3.15625,-2.0390625,0.913085938,-1.05175781,-11.6855469,8.60449219,-3.77441406,4.29492188
81,6,6,1.28222656,-5.61230469,-2.359375,-4.29980469,-1.46191406,0.560546875,10.9560547,-8.82421875,-1.3515625,-2.44238281
82,2,2,-4.23730469,0.563476562,15.5644531,-1.12597656,-4.01855469,-12.5849609,-13.3642578,5.24804688,-0.760742188,-8.40527344
83,7,7,-2.14160156,-3.16503906,-2.42578125,-2.33105469,-0.600585938,-1.69726562,-10.7041016,10.9238281,-3.61425781,2.49707031
84,8,8,-7.09179688,-5.67480469,-4.70996094,-0.500976562,-1.11523438,3.72558594,-1.50878906,-7.85644531,10.1220703,0.0927734375
85,4,4,-9.40917969,-6.81445312,-6.38183594,-7.13964844,12.5263672,-3.06835938,-8.91796875,-2.43847656,1.36523438,3.65527344
86,7,7,-4.80273438,-1.08886719,2.18847656,0.501953125,-5.29394531,-4.90136719,-16.3027344,12.4384766,-0.922851562,0.74609375
87,3,3,-7.55664062,-0.89453125,-0.65234375,8.45214844,-3.72949219,0.166015625,-10.5576172,-1.33105469,-1.00390625,-3.46386719
88,6,6,0.16015625,-5.58789062,-2.06054688,-5.65917969,0.173828125,-0.5625,11.9677734,-8.84570312,-0.98828125,-4.92578125
89,1,1,-2.60058594,9.36328125,-4.02832031,-6.79003906,2.265625,-5.24511719,-0.588867188,0.0576171875,-0.538085938,-3.16699219
90,3,3,-6.76660156,-5.73144531,-2.703125,12.9970703,-7.82324219,2.36523438,-14.5546875,-7.10839844,2.59179688,3.06933594
91,6,6,-0.6171875,-6.15136719,-2.34570312,-2.84570312,-0.90625,0.772460938,11.5283203,-11.9550781,-0.84375,-4.31152344
92,9,9,-4.98242188,-3.20703125,-3.22949219,-2.69042969,3.83691406,-3.26660156,-7.984375,0.118164062,2.05175781,5.6953125
93,3,3,-8.04492188,-3.99902344,-3.60253906,12.2324219,-6.4453125,2.18945312,-17.0371094,-6.47167969,0.116210938,5.02832031
94,1,1,-6.05371094,9.4296875,0.697265625,-4.875,-0.1796875,-5.04785156,-3.44921875,-3.24414062,1.44042969,-3.90722656
95,4,4,-3.06835938,-8.65136719,-3.36816406,-7.82519531,9.42578125,-7.453125,-2.46386719,-5.02148438,1.15234375,1.44238281
96,1,1,-7.45410156,3.70605469,-1.61035156,0.171875,0.19140625,-2.109375,-9.44042969,0.470703125,-0.138671875,1.12207031
97,7,7,-6.93554688,-1.25976562,2.52539062,2.84863281,-0.05078125,-10.7587891,-17.7871094,10.7861328,0.741210938,-4.47363281
98,6,6,1.87890625,-6.10546875,-1.17578125,-5.15722656,-2.33496094,2.40820312,9.50292969,-9.48339844,-0.182617188,-3.33886719
99,9,9,-7.58105469,-11.6474609,-2.37402344,-0.0341796875,2.49609375,-4.11621094,-18.2451172,2.26171875,1.17089844,12.6191406
100,6,6,0.533203125,-4.21679688,-2.37695312,-3.37890625,-0.216796875,0.138671875,8.65917969,-6.5234375,-0.75,-3.22167969
101,0,0,11.1992188,-6.89160156,0.764648438,-7.15332031,-8.22558594,-1.83691406,2.14257812,-3.8359375,-0.668945312,-1.83300781
102,5,5,-7.12695312,-10.2988281,-7.45507812,3.734375,-7.40429688,14.6005859,-3.98144531,-11.140625,3.27539062,3.97558594
103,4,4,-8.05175781,-6.58496094,-2.97558594,-10.1328125,14.8222656,-5.78808594,-8.02636719,-1.73242188,-1.74707031,2.50097656
104,9,9,-5.90625,-11.8505859,-5.05761719,-0.333984375,-1.22753906,6.07519531,-9.703125,-3.02734375,1.60546875,10.0556641
105,9,9,-6.47949219,-10.4189453,-3.12304688,-2.20605469,2.8515625,-1.6015625,-14.0556641,1.48339844,1.31640625,11.5947266
106,2,2,-0.418945312,-2.48535156,12.1279297,-2.125,-5.15429688,-8.69335938,-9.55371094,3.67773438,1.61914062,-6.75
107,1,1,-0.0615234375,9.10449219,-4.10742188,-8.83984375,0.6484375,-3.78808594,2.43066406,-1.39746094,0.508789062,-5.125
108,9,9,-9.08496094,-7.31835938,-5.84277344,-1.60253906,4.47851562,0.763671875,-13.484375,-1.00292969,0.495117188,11.0439453
109,4,4,-4.015625,-4.3984375,-3.52148438,-9.62109375,11.0263672,-6.93945312,-2.74804688,-2.09960938,-2.09082031,1.82128906
110,8,8,-3.80664062,-2.05273438,1.1875,0.84375,-4.4375,-2.7109375,-6.15527344,-8.11132812,11.5244141,-2.79394531
111,7,7,-2.58691406,4.765625,3.56640625,-1.74511719,-4.34765625,-8.40039062,-12.5820312,8.56542969,-0.0703125,-1.49121094
112,3,3,-7.47851562,-0.59375,-1.35253906,9.99511719,-6,0.647460938,-12.5019531,-3.56933594,0.836914062,-0.741210938
113,9,9,-6.42675781,-8.93261719,-2.39746094,-0.30859375,2.87988281,-4.20996094,-14.7587891,0.466796875,1.77246094,10.4306641
114,7,7,-5.95800781,-2.32910156,4.82226562,3.21972656,-4.25097656,-6.37695312,-16.1181641,10.234375,-0.286132812,-1.16699219
115,4,4,-5.29980469,-4.24804688,-3.34179688,-6.53125,7.31738281,-3.92578125,-3.31835938,-3.60546875,0.697265625,5.3046875
116,4,4,-9.10351562,-0.575195312,-7.32324219,-4.41503906,9.80371094,-3.11523438,-8.02636719,-1.76269531,-0.908203125,5.23828125
117,4,4,-9.80566406,-8.39550781,-2.70800781,-10.6708984,14.7304688,-3.63671875,-8.98144531,-2.91113281,1.12304688,2.296875
118,9,9,-3.6328125,-5.79101562,-2.62011719,-4.1171875,3.73144531,-4.41601562,-8.93847656,1.06542969,0.139648438,8.27636719
119,2,2,-0.389648438,-3.24511719,7.43652344,-3.13574219,-5.91503906,-7.41601562,-7.68554688,5.58398438,1.25488281,-0.758789062
120,5,5,-7.44824219,-15.5039062,-7.22265625,5.91308594,-10.6435547,16.5576172,-4.97363281,-15.5,4.71386719,6.57519531
121,4,4,-1.74804688,-5.46875,-3.09277344,-9.83886719,7.65722656,-6.21386719,1.31640625,-4.16601562,1.27050781,1.39941406
122,7,7,-4.61816406,-1.09667969,0.794921875,2.36914062,-4.47167969,-2.2109375,-13.9960938,9.16113281,-2.74804688,1.13476562
123,6,6,0.848632812,-5.45605469,-2.42382812,-3.66894531,-0.330078125,-0.403320312,10.578125,-9.01660156,-1.73339844,-2.86132812
124,7,7,-9.22753906,-2.14453125,-2.76464844,-2.74511719,4.48535156,-3.83300781,-14.953125,10.1738281,-1.48339844,-0.677734375
125,9,9,-6.31835938,-5.21875,-1.14648438,-2.11621094,4.01367188,-3.82519531,-9.43457031,-2.38867188,0.526367188,8.4140625
126,0,0,8.390625,-8.546875,1.63574219,-0.212890625,-9.94335938,-0.340820312,-0.0185546875,-3.95214844,-1.94921875,-0.483398438
127,5,5,-7.85742188,-10.3300781,-9.19726562,2.32519531,-5.47167969,15.9394531,-3.671875,-12.8583984,3.98535156,4.10253906
128,8,8,-5.76464844,-7.81738281,-1.00195312,1.08398438,-4.20605469,-0.654296875,-8.33886719,-5.29882812,13.5869141,1.00488281
129,5,5,-7.57714844,-10.8916016,-8.11621094,2.61621094,-6.73535156,16.7636719,-1.38183594,-14.7685547,2.50097656,4.02929688
130,6,6,0.161132812,-9.66796875,-4.08691406,-3.48242188,-1.00488281,1.44921875,11.9072266,-13.4238281,-0.458007812,-0.541992188
131,6,6,1.83984375,-9.90039062,-2.57910156,-4.17089844,-2.75488281,1.47070312,12.4306641,-12.7773438,1.01269531,-2.98632812
132,5,5,-8.078125,-12.4423828,-6.28417969,4.81738281,-9.48046875,17.1855469,1.65820312,-19.6015625,4.58007812,1.64453125
133,7,7,-5.36328125,-4.3125,4.58691406,4.3203125,-5.21386719,-9.57714844,-22.5390625,14.1259766,-1.21582031,-0.0029296875
134,8,8,-5.46875,-2.95117188,0.787109375,2.13183594,-4.99023438,-2.27246094,-8.14648438,-5.94628906,11.8466797,-1.31640625
135,1,1,-2.37011719,11.2392578,-1.93066406,-6,0.318359375,-6.62597656,-3.49121094,0.25,-0.350585938,-2.74902344
136,0,0,9.18066406,-5.87988281,1.6953125,-5.51855469,-5.75292969,-4.73242188,0.375,-2.421875,0.294921875,-1.63867188
137,1,1,-1.64746094,10.7236328,-3.43359375,-7.82421875,1.68261719,-5.89453125,-0.974609375,-0.950195312,-0.329101562,-3.00488281
138,6,6,1.92773438,-6.64355469,-3.19140625,-4.57519531,0.157226562,-1.01855469,11.7167969,-9.31445312,-1.9375,-4.46777344
139,4,4,-4.28125,-5.64648438,-3.22070312,-9.08496094,9.19726562,-7.86230469,-5.0625,-1.49023438,1.50585938,5.34082031
140,6,6,1.10449219,-1.76953125,-1.79882812,-4.73925781,-0.2734375,-0.282226562,8.52246094,-7.34082031,-0.392578125,-5.10449219
141,7,7,-3.97167969,-1.49414062,-1.71484375,1.03320312,-2.37109375,-2.42871094,-14.3574219,12.2382812,-4.33007812,0.627929688
142,3,3,-5.18652344,-4.65527344,4.67089844,8.76660156,-7.6015625,-3.55566406,-13.0869141,0.724609375,2.62890625,-0.0205078125
143,1,1,-2.18359375,9.8671875,-0.471679688,-6.48242188,0.227539062,-5.82714844,-2.47851562,0.641601562,-0.329101562,-2.44335938
144,7,7,-5.89453125,-6.48242188,4.26171875,3.97949219,-3.46386719,-6.07910156,-18.5673828,9.73828125,0.581054688,0.788085938
145,1,1,-5.21679688,8.22753906,-2.1171875,-3.83398438,0.881835938,-2.25488281,-4.3515625,-0.947265625,-0.720703125,-0.682617188
146,8,8,-3.10253906,-8.73046875,-0.080078125,1.30078125,-4.13183594,-2.81347656,-8.4296875,-5.41308594,11.8144531,4.3046875
147,2,2,-3.89453125,-2.93945312,12.3974609,-3.45996094,0.0771484375,-10.2753906,-8.37597656,-1.04589844,3.06152344,-6.24804688
148,0,0,9.83300781,-6.12988281,0.99609375,-5.21777344,-5.53125,-4.04101562,2.12207031,-4.78515625,-0.28515625,-2.42773438
149,2,2,-4.31152344,-3.17480469,8.46386719,0.64453125,-0.791992188,-3.58984375,-5.91308594,-0.436523438,0.104492188,-4.7421875
150,9,9,-7.40917969,-11.4189453,-4.38671875,-1.42089844,1.4375,-0.524414062,-13.4746094,-1.55566406,3.38964844,13.5986328
151,9,9,-3.04199219,-10.5136719,0.122070312,-0.0849609375,-2.16894531,-1.33886719,-9.47851562,-3.59375,6.42773438,7.51171875
152,5,5,-3.00585938,-7.54003906,-5.05566406,-2.65527344,-3.55078125,11.5039062,-0.904296875,-7.01074219,3.03417969,1.96777344
153,5,5,-5.53320312,-7.89257812,-3.47753906,2.75097656,-7.77148438,11.5761719,-0.774414062,-13.4570312,5.11621094,1.58789062
154,1,1,-4.08300781,7.75097656,-1.32226562,-3.35253906,1.29101562,-4.59863281,-5.95117188,2.56738281,-2.70800781,-0.440429688
155,5,5,-9.03808594,-11.6044922,-8.47363281,2.20898438,-3.6640625,15.4931641,-1.6875,-15.6962891,2.76367188,4.91796875
156,6,6,0.384765625,-5.71679688,-2.97265625,-5.40234375,1.87695312,-0.02734375,9.24121094,-7.21484375,-2.12402344,-2.90136719
157,0,0,8.61132812,-6.87402344,1.31347656,-4.70898438,-6.67675781,-3.19726562,0.27734375,-1.4140625,-0.716796875,-0.938476562
158,3,3,1.19921875,-3.61328125,4.34570312,6.27539062,-12.1650391,1.2421875,-5.87597656,-3.26171875,-2.03710938,-4.70898438
159,4,4,-4.93652344,-0.846679688,-1.13964844,-3.94921875,6.68847656,-3.31835938,-4.54003906,-1.109375,-3.3046875,-0.110351562
160,4,4,-8.74121094,1.75488281,-5.98730469,-7.35351562,9.25,-3.60644531,-2.56152344,-3.31445312,3.08691406,-0.59375
161,6,6,1.72167969,-9.94726562,-1.97070312,-2.95898438,-1.14550781,1.08203125,10.9677734,-12.4736328,-0.919921875,-5.19238281
162,5,5,-7.85742188,-13.4238281,-9.33789062,2.31640625,-10.1777344,21.6220703,-0.02734375,-19.3574219,4.62597656,3.60449219
163,4,4,-8.90820312,-9.08007812,-5.5625,-9.78515625,14.8857422,-5.0390625,-9.13574219,-1.91601562,-0.81640625,4.96679688
164,6,6,0.126953125,-4.21875,-2.2109375,-4.7578125,1.35253906,-1.47460938,8.20996094,-4.79492188,0.0341796875,-4.61523438
165,5,5,-7.03417969,-11.5117188,-5.84863281,3.0390625,-7.61621094,14.9130859,0.060546875,-16.3134766,4.50878906,3.16992188
166,4,4,-4.14550781,-2.85449219,-2.5859375,-7.97851562,9.12011719,-5.40136719,-4.22363281,-1.60058594,-1.53613281,2.2734375
167,5,5,-2.73632812,-6.60253906,-1.32714844,1.77734375,-1.18164062,4.9609375,-2.5703125,-4.06445312,-2.81542969,-0.854492188
168,1,1,-4.34277344,9.59472656,-0.33984375,-4.7734375,-0.252929688,-3.56933594,-2.28613281,-1.64941406,-0.526367188,-3.4609375
169,4,4,-8.39941406,-2.20800781,-5.95214844,-5.84375,10.6787109,-2.5078125,-8.17773438,0.4765625,-1.45898438,2.65332031
170,4,4,-10.1464844,-2.83691406,-7.27539062,-5.375,11.8964844,-2.38476562,-9.74121094,-2.33398438,-1.15234375,5.44921875
171,7,7,-2.27148438,-3.16308594,5.51074219,3.14941406,-8.44042969,-6.1484375,-16.6142578,9.66894531,1.890625,-0.208007812
172,2,2,-0.668945312,2.21875,12.9394531,4.08105469,-14.0058594,-5.90917969,-10.5664062,-0.228515625,4.02929688,-11.5283203
173,3,3,-3.66601562,-0.985351562,-0.4140625,8.80664062,-7.41699219,0.876953125,-10.3398438,-0.403320312,-0.813476562,-2.94335938
174,2,2,-2.55566406,0.624023438,11.1318359,0.0712890625,-5.0234375,-9.26660156,-9.95019531,3.1953125,1.71875,-5.53320312
175,7,7,-2.28222656,1.76171875,1.07324219,0.717773438,-2.83300781,-3.5859375,-8.59863281,5.67382812,-1.16113281,-0.029296875
176,1,1,-2.06933594,7.3125,-1.7421875,-4.18945312,0.479492188,-3.05175781,-2.15234375,0.24609375,-0.900390625,-0.918945312
177,8,8,-4.13085938,-7.13085938,-0.556640625,1.046875,-1.62402344,-1.9140625,-5.14257812,-7.68066406,8.21679688,3.02929688
178,1,1,-3.36328125,10.3759766,-2.33886719,-5.171875,0.9375,-5.36816406,-3.73730469,0.850585938,-1.42480469,-1.52539062
179,8,8,-4.96777344,-1.34277344,4.57519531,0.412109375,-6.4765625,-3.17089844,-7.03417969,-6.09277344,11.0263672,-4.25683594
180,1,1,-3.859375,9.61621094,-1.59277344,-4.23242188,1.12402344,-5.67089844,-5.32714844,1.60742188,-1.88574219,-0.942382812
181,8,8,-5.45410156,-4.0625,1.98144531,0.915039062,-6.88476562,0.776367188,-1.47753906,-9.37695312,10.7607422,-4.48730469
182,5,5,-6.13476562,-4.14355469,-4.92675781,3.28222656,-4.96972656,10.1474609,0.650390625,-11.7998047,2.2109375,-1.52832031
183,0,0,11.7724609,-8.87011719,0.46484375,-6.65722656,-6.41113281,-4.25,2.44628906,-4.36621094,-1.96972656,-1.08496094
184,8,8,-1.82128906,-5.00683594,2.125,5.15722656,-6.19238281,-3.77539062,-6.67089844,-4.36328125,7.82421875,-3.6953125
185,9,9,-4.10644531,-7.82910156,-3.12011719,-4.86816406,4.97851562,-4.54589844,-6.23339844,-2.51660156,0.08203125,9.30859375
186,2,2,1.44042969,0.904296875,14.8222656,2.27050781,-13.96875,-9.30859375,-10.6650391,3.02050781,1.98535156,-11.6767578
187,5,5,-7.17382812,-12.2216797,-4.85058594,7.10351562,-10.328125,14.0869141,-5.03808594,-15.2802734,4.68066406,4.01855469
188,0,0,12.0410156,-5.68066406,0.232421875,-8.78710938,-10.53125,-0.333984375,1.9375,-2.38183594,0.811523438,-4.79589844
189,1,1,-5.97851562,6.23925781,-0.92578125,-1.07910156,0.526367188,-1.40429688,-4.35253906,-1.73828125,-0.893554688,-1.29296875
190,1,1,-1.96386719,8.6875,-3.26660156,-6.53320312,1.83789062,-7.28222656,-2.86328125,1.54589844,-0.365234375,-1.55664062
191,1,1,-8.046875,5.24414062,-1.44726562,-0.338867188,0.3359375,-1.87695312,-8.43652344,-0.213867188,-0.295898438,-0.143554688
192,0,0,9.17285156,-2.88476562,0.0380859375,-7.46875,-2.93164062,-5.22949219,-0.149414062,-1.87695312,-0.83984375,-4.015625
193,9,9,-7.79101562,-7.5390625,-3.29003906,-0.581054688,0.881835938,0.0380859375,-10.6064453,-1.16308594,5.16210938,8.1171875
194,0,0,8.44042969,-6.0546875,3.31445312,-3.88574219,-8.7890625,-3.2890625,-3.33691406,0.982421875,0.328125,-2.70703125
195,3,3,-8.05859375,0.799804688,2.09765625,4.88085938,-1.78027344,-0.572265625,-7.9453125,-1.14160156,-0.145507812,-4.00390625
196,1,1,-1.90917969,9.48535156,-1.84179688,-7.27148438,-0.0546875,-4.8046875,-0.0146484375,-2.50488281,0.80859375,-3.43554688
197,6,6,1.09570312,-6.97558594,-4.38574219,-5.71777344,-1.57128906,2.24023438,14.3505859,-13.1933594,0.491210938,-4.79296875
198,4,4,-9.64257812,-1.59375,-7.80664062,-6.16894531,12.9111328,-4.37402344,-10.6865234,-0.629882812,-1.87695312,5.30957031
199,2,2,-2.13085938,-0.380859375,12.7021484,3.91015625,-9.77636719,-11.1933594,-16.1162109,6.57421875,0.052734375,-5.79003906
200,3,3,-2.5625,-6.70898438,2.3125,11.7958984,-9.08886719,-2.16992188,-12.0537109,-6.46875,3.11816406,-1.80175781
201,6,6,2.47753906,-8.72753906,-3.00976562,-6.11035156,0.2265625,-1.63671875,12.1386719,-9.45117188,-1.91210938,-0.533203125
202,1,1,-2.12792969,10.2978516,-3.25195312,-6.11328125,1.79785156,-5.80859375,-2.04882812,1.47460938,-0.723632812,-3.95898438
203,1,1,-3.63769531,7.46582031,-2.50292969,-3.484375,1.37109375,-2.75488281,-3.20019531,-0.0439453125,-1.93457031,-0.0068359375
204,1,1,-1.70117188,8.41894531,-2.60253906,-5.63183594,1.03125,-4.22753906,-0.693359375,0.586914062,-0.973632812,-2.66503906
205,3,3,-6.63574219,-2.54492188,-0.459960938,9.78417969,-5.00292969,-0.619140625,-12.3144531,-1.9296875,0.51953125,-0.192382812
206,9,9,-8.21386719,-10.5019531,-5.65820312,-2.41601562,0.93359375,4.53027344,-11.6044922,-2.86914062,4.33007812,11.6845703
207,5,5,-2.89355469,-5.08789062,-2.2265625,2.01757812,-5.40722656,7.05761719,-0.380859375,-8.23046875,2.45996094,-1.54003906
208,2,2,-4.18847656,-2.38378906,13.6630859,-0.981445312,-2.34960938,-7.8125,-8.90234375,3.77539062,-0.984375,-9.38769531
209,9,9,-10.8457031,-9.60058594,-6.93066406,2.64746094,4.71386719,2.64160156,-16.28125,-3.15527344,-0.301757812,9.73632812
210,4,4,-5.76757812,-4.96484375,-5.93261719,-9.13964844,10.5498047,-2.97851562,-6.24511719,1.05957031,-1.05957031,5.49902344
211,5,5,-2.29296875,-6.76367188,-5.06738281,1.09667969,-4.02050781,8.78222656,-2.34667969,-6.17578125,1.61523438,2.11230469
212,9,9,-8.65527344,-10.6689453,-6.45507812,2.56640625,0.33984375,3.22363281,-17.3554688,0.584960938,-1.05273438,12.5410156
213,3,3,-5.95800781,-2.71386719,-0.331054688,9.21386719,-7.84765625,-2.36132812,-17.4462891,4.84667969,-0.005859375,1.734375
214,9,9,-7.33886719,-9.890625,-4.34277344,0.918945312,1.65820312,-1.90039062,-15.9140625,-1.52148438,4.74511719,10.6962891
215,0,0,8.22949219,-5.96386719,0.555664062,-8.1640625,-3.63964844,-7.70800781,-1.86132812,0.665039062,0.391601562,1.46777344
216,3,3,-6.88183594,-6.05761719,0.125,15.1220703,-11.1386719,-1.19726562,-19.2695312,-1.10839844,1.76367188,2.9140625
217,6,6,-0.630859375,-4.47851562,-3.68066406,-4.54589844,-5.32128906,6.97265625,10.9082031,-12.4902344,4.07421875,-6.41113281
218,5,5,-3.31933594,-4.91601562,-7.89941406,0.639648438,-4.90820312,10.6376953,-4.77539062,-2.34472656,0.352539062,1.25390625
219,5,5,-2.72460938,-5.09082031,-5.13574219,3.54101562,-6.73828125,9.93847656,-2.24609375,-9.02734375,-0.474609375,0.154296875
220,7,7,-0.412109375,-4.67578125,-0.740234375,-3.0546875,-2.66699219,-1.96972656,-10.1728516,10.7832031,-2.40136719,2.53515625
221,2,2,1.88964844,-7.34960938,9.80664062,1.94140625,-6.88671875,-8.18652344,-9.64160156,1.00585938,3.73144531,-4.75
222,2,2,1.55566406,-6.42382812,11.5742188,0.430664062,-6.97851562,-9.07714844,-8.70898438,2.1796875,2.44628906,-6.01074219
223,7,7,-2.47265625,-3.45800781,4.09667969,1.39355469,-7.12402344,-4.9296875,-16.1083984,12.4765625,-1.53320312,0.744140625
224,1,1,-1.45800781,6.30371094,-1.38574219,-4.12011719,0.942382812,-3.52832031,-0.78125,0.73046875,-0.711914062,-2.5546875
225,2,2,-0.486328125,-2.00585938,10.6992188,2.40917969,-10.8789062,-6.1796875,-10.6552734,2.94824219,2.82226562,-3.18847656
226,8,8,-7.27929688,-0.756835938,-2.25292969,-0.8984375,-1.08789062,-2.046875,-4.66015625,-4.06542969,11.0732422,-3.12792969
227,4,4,-5.03515625,-0.5703125,-2.09667969,-5.19433594,7.61523438,-3.16992188,-4.640625,-1.375,-1.6328125,1.70214844
228,1,1,-1.88085938,10.5302734,-2.234375,-6.80761719,0.823242188,-4.94042969,-1.60058594,0.7265625,-1.19042969,-2.77929688
229,7,7,-3.09570312,-0.403320312,1.41992188,1.35742188,-4.34472656,-3.1171875,-12.7490234,9.35546875,-2.55371094,0.770507812
230,3,3,-6.17480469,-2.67480469,-2.09960938,9.51855469,-5.19921875,3.90332031,-9.18457031,-5.98144531,-3.20214844,0.23828125
231,3,3,-5.50195312,-1.95898438,-1.34277344,9.95996094,-6.83007812,0.025390625,-13.6005859,-3.3046875,1.24316406,1.984375
232,8,8,-4.88378906,-7.80371094,-0.322265625,-3.01757812,-6.70019531,6.35644531,3.53417969,-11.7392578,11.0429688,-2.98730469
233,8,8,-4.8203125,-7.61035156,-0.484375,3.28515625,-6.07617188,-2.87109375,-14.5244141,3.484375,7.46972656,3.40820312
234,7,7,-3.58789062,1.63085938,2.62011719,1.71386719,-4.99511719,-5.52441406,-14.3378906,10.2011719,-2.36328125,-1.00585938
235,9,9,-2.63867188,-8.89160156,-0.943359375,-1.16992188,-0.775390625,-2.1015625,-11.0166016,4.44628906,-0.440429688,7.51855469
236,2,2,-1.59960938,2.3671875,14.0498047,0.51171875,-9.40722656,-8.6171875,-11.1601562,4.97167969,-1.64648438,-7.77539062
237,2,2,-4.46777344,2.171875,10.6425781,-1.83105469,-0.430664062,-7.71777344,-6.32324219,1.84277344,-1.93652344,-9.16699219
238,4,4,-7.59179688,-5.39355469,-5.79199219,-9.53027344,13.3037109,-5.04882812,-6.70214844,-1.46191406,-2.05371094,4.2578125
239,1,1,-4.09765625,9.8359375,-2.19628906,-4.48925781,1.50878906,-4.60644531,-4.71972656,0.698242188,-2.24609375,-0.916015625
240,5,5,-9.75195312,-10.9326172,-6.12890625,5.7734375,-7.46289062,14.3613281,-0.857421875,-19.7285156,5.43066406,3.80273438
241,9,9,-3.5859375,-12.8164062,-2.6328125,1.49414062,-3.46191406,2.7890625,-8.84472656,-7.49316406,6.20703125,8.89550781
242,8,8,1.25195312,-7.24609375,0.0751953125,-7.33789062,-0.670898438,-4.18359375,-1.12890625,-5.20507812,9.33984375,2.50195312
243,7,7,-7.44628906,-2.9921875,2.78222656,3.8125,-1.328125,-5.68945312,-17.3574219,9.94140625,-1.875,-1.68652344
244,2,2,-3.35058594,1.0546875,9.41894531,0.124023438,-4.43652344,-6.63085938,-8.65039062,5.3828125,-0.438476562,-6.80566406
245,3,3,-2.41308594,-2.36328125,1.55664062,5.56054688,-4.41699219,1.296875,-3.81738281,-2.32714844,-3.02539062,-5.72558594
246,0,0,12.9667969,-10.2988281,0.672851562,-6.02929688,-10.1337891,-1.515625,2.46679688,-5.42578125,-2.1328125,0.159179688
247,4,2,-2.53515625,-0.526367188,5.43261719,-6.74902344,3.99707031,-6.0390625,0.421875,-2.45605469,-0.647460938,-9.20214844
248,4,4,-5.18847656,-7.26171875,-5.57714844,-11.3730469,13.0820312,-7.79882812,-4.37207031,-2.38085938,-0.741210938,4.39648438
249,2,2,-1.046875,1.24707031,9.80273438,1.51953125,-7.3046875,-6.953125,-7.02734375,1.62402344,-0.0478515625,-7.59472656
250,4,4,-10.5117188,-4.65039062,-7.36230469,-4.13671875,11.9638672,-4.98046875,-12.5742188,-4.2578125,1.33789062,7.08496094
251,1,1,-3.28222656,7.08984375,-1.50683594,-3.84179688,-0.0205078125,-1.35058594,-1.68359375,-1.8203125,-0.493164062,-1.93359375
252,9,9,-6.5859375,-9.65917969,-4.79492188,-1.51464844,3.59667969,-0.993164062,-13.75,-0.82421875,0.252929688,12.9707031
253,5,5,-6.9765625,-6.98828125,-5.32226562,4.74804688,-5.52734375,11.3164062,-2.92871094,-12.1064453,1.21191406,3.33203125
254,7,7,-3.21679688,-1.61328125,0.857421875,1.76660156,-5.20800781,-2.82421875,-14.3701172,11.0722656,-3.01074219,0.923828125
255,7,7,-3.76171875,1.22753906,2.95898438,1.59667969,-5.86914062,-4.45800781,-13.8417969,9.734375,-2.33984375,-0.192382812
256,2,2,-1.16210938,3.27929688,11.0019531,1.79980469,-9.22460938,-8.70605469,-10.3007812,4.11328125,0.05859375,-9.11035156
257,8,8,-2.29394531,1.13378906,0.5625,-0.594726562,-3.81738281,-3.00976562,-0.575195312,-5.44238281,5.12890625,-5.97949219
258,2,2,-0.85546875,-6.546875,11.2675781,-1.09765625,-3.90625,-10.2744141,-10.8427734,3.41699219,-0.697265625,-2.13867188
259,6,6,7.1953125,-7.44042969,-1.43945312,-3.91894531,-6.44726562,2.05371094,7.41210938,-5.99511719,-1.46875,-5.36914062
260,8,8,-2.68164062,-6.74609375,2.33984375,0.84375,-6.46972656,0.70703125,-5.765625,-4.55761719,9.78027344,-0.256835938
261,5,5,-3.17285156,-2.06152344,-5.71386719,2.47558594,-8.38671875,9.46386719,-4.51171875,-4.328125,-0.00390625,0.078125
262,7,7,-4.62988281,-0.99609375,-1.58984375,1.24804688,-2.56347656,-2.38671875,-14.4648438,11.5800781,-4.20507812,0.995117188
263,7,7,-4.51074219,0.661132812,1.09472656,0.936523438,-3.70019531,-4.64453125,-15.1865234,10.9882812,-3.12402344,0.883789062
264,9,9,-9.10839844,-0.19140625,-2.484375,0.375976562,1.85253906,-2.67773438,-11.6728516,-1.42382812,1.80859375,5.58105469
265,1,1,-4.18457031,11.2060547,-0.155273438,-4.26757812,-0.0693359375,-6.71972656,-5.359375,0.73046875,-0.956054688,-3.16894531
266,8,8,1.11523438,-6.32421875,-1.24316406,-1.23828125,-3.51171875,-0.717773438,2.81933594,-9.28710938,6.19238281,-4.07910156
267,1,1,-4.77148438,10.984375,-2.71972656,-5.31347656,2.51953125,-6.86816406,-5.01953125,0.42578125,-1.89453125,-1.27636719
268,8,8,-2.05957031,-12.4160156,3.11816406,-0.127929688,-5.53027344,2.01855469,-4.6796875,-8.43652344,10.3535156,0.471679688
269,0,0,7.72070312,-8.12597656,0.58203125,-4.03710938,-6.64160156,-1.8203125,0.052734375,0.53515625,-2.51953125,-0.455078125
270,3,3,-9.93652344,-1.84277344,-2.77636719,13.2998047,-7.57519531,3.140625,-13.578125,-7.69140625,1.11914062,-0.642578125
271,0,0,9.90234375,-8.1015625,0.854492188,-5.54199219,-4.76464844,-5.52246094,0.956054688,-2.65234375,-1.49511719,-0.857421875
272,1,1,-4.04882812,10.0419922,-1.89941406,-4.48144531,1.32128906,-4.53710938,-4.43066406,0.623046875,-2.21972656,-1.25976562
273,9,9,-6.49511719,-11.2587891,-1.98144531,1.11035156,-1.34277344,-3.95019531,-17.1005859,2.27148438,4.18945312,12.0283203
274,9,9,-6.81542969,-9.66503906,-3.0234375,2.74121094,-0.987304688,-2.43359375,-16.8662109,3.08691406,0.315429688,11.2412109
275,4,4,-7.79199219,-5.50683594,-6.24707031,-10.0234375,14.0625,-6.03808594,-7.62792969,-2.29882812,-1.19628906,6.17089844
276,1,1,-2.49609375,11.3691406,-1.82324219,-6.76953125,0.704101562,-6.52734375,-3.41894531,0.612304688,-0.41796875,-2.20507812
277,8,8,-4.515625,-5.62597656,0.771484375,0.252929688,-2.30371094,-5.62597656,-8.65527344,-0.610351562,10.4863281,1.46582031
278,2,2,-0.744140625,-3.69824219,10.2236328,-3.59277344,-4.62402344,-10.0556641,-5.50585938,2.48046875,2.58300781,-3.85742188
279,1,1,-3.87109375,8.93457031,-1.15917969,-3.57617188,1.0859375,-4.65917969,-5.15820312,1.63183594,-2.59472656,-1.16113281
280,2,2,0.112304688,2.00878906,12.6240234,1.56347656,-9.69335938,-9.09375,-7.50390625,-1.34277344,2.51953125,-11.9492188
281,9,9,-4.64746094,-9.43554688,-4.60644531,-3.54980469,4.05078125,-4.81542969,-10.9072266,-2.42382812,2.41992188,12.7802734
282,7,7,-4.26367188,1.84765625,2.25878906,2.26367188,-4.00097656,-5.21191406,-13.90625,8.41015625,-2.67382812,-0.176757812
283,5,5,-3.39746094,-6.19628906,-6.99902344,1.32421875,-4.73535156,11.3427734,-2.27539062,-6.05859375,0.3359375,1.44628906
284,9,9,-3.58984375,-10.2197266,-2.67089844,-3.79003906,2.91796875,-1.4765625,-9.44140625,0.323242188,-0.419921875,10.1044922
285,2,2,-2.52246094,0.0205078125,13.0332031,0.236328125,-6.4453125,-6.88867188,-6.33398438,2.37792969,-0.814453125,-9.16699219
286,6,6,-3.50488281,-2.18847656,-1.39941406,-2.85351562,-2.72753906,4.26953125,9.8359375,-11.7490234,1.08984375,-6.17480469
287,4,4,-7.73828125,-8.09570312,-1.14160156,-4.98144531,9.58789062,-1.95214844,-9.6953125,-2.13378906,0.123046875,2.53515625
288,1,1,-1.23242188,9.26757812,-5.25,-8.1328125,1.05957031,-3.19628906,1.46875,-1.6328125,0.127929688,-2.3203125
289,5,5,-8.71679688,-5.96484375,-3.63574219,0.0986328125,-2.51269531,8.47558594,0.478515625,-12.9736328,6.18066406,0.870117188
290,8,8,-9.83789062,-5.70507812,-6.71484375,-3.05175781,4.078125,3.62304688,-3.37988281,-9.03613281,7.78808594,3.22460938
291,2,2,-2.04785156,6.00390625,13.5117188,1.77636719,-11.8095703,-6.44824219,-9.31542969,-1.74316406,1.86425781,-13.7236328
292,9,9,-1.921875,-9.32519531,-1.95214844,-3.48730469,2.47851562,-3.04296875,-8.42675781,0.923828125,-1.75292969,8.46679688
293,2,2,-2.99609375,0.352539062,14.4492188,0.62890625,-5.06054688,-10.3417969,-11.2949219,2.4765625,-0.749023438,-7.64648438
294,0,0,8.89941406,-4.35742188,3.03613281,-4.56054688,-8.79003906,-2.41601562,-1.20019531,-1.60449219,0.737304688,-4.22460938
295,4,4,-10.7480469,-4.56640625,-6.08300781,-5.7890625,12.7128906,-2.21191406,-12.8457031,0.15625,-1.84960938,4.61425781
296,0,0,12.1972656,-6.96289062,2.42382812,-5.00976562,-8.42382812,-4.51367188,0.0087890625,-3.66699219,-2.43554688,-4.15722656
297,0,0,9.76757812,-8.91210938,-0.33984375,-4.41503906,-7.73242188,0.217773438,3.03613281,-3.15429688,-2.91503906,-1.27246094
298,2,2,-1.83105469,-1.96777344,10.5996094,4.00097656,-8.04199219,-4.42773438,-6.78613281,-3.34472656,2.73535156,-9.10058594
299,8,8,-4.08984375,-1.50097656,0.185546875,2.58886719,-6.17578125,-1.81542969,-8.05566406,-4.90917969,10.0488281,-2.02734375
300,4,4,-2.7421875,0.060546875,0.245117188,-4.91699219,5.58886719,-4.66015625,0.342773438,-2.29101562,-3.66015625,-5.1484375
301,7,7,-6.82226562,-2.68457031,6.36328125,3.515625,-3.11230469,-9.18554688,-19.5830078,12.3085938,-0.857421875,-3.60546875
302,1,1,-4.78515625,9.40722656,-1.00195312,-3.68066406,0.610351562,-4.50878906,-3.49511719,-0.811523438,-0.970703125,-1.99414062
303,2,2,-1.63476562,-4.6953125,6.30664062,-0.408203125,-3.96679688,-4.20214844,-4.23339844,2.07128906,0.990234375,-1.50878906
304,4,4,-9.65917969,-2.27441406,-7.37304688,-5.53417969,9.79492188,-3.59472656,-8.08105469,-0.887695312,1.63476562,3.83007812
305,0,0,9.72363281,-5.79296875,1.12597656,-6.32324219,-9.86035156,1.05273438,2.50683594,-4.57617188,-0.348632812,-1.42089844
306,2,2,-0.458007812,2.18066406,12.5996094,1.01171875,-9.17285156,-8.453125,-9.00683594,2.55371094,0.7265625,-8.74316406
307,7,7,-7.45605469,-2.49316406,1.93847656,3.77441406,-1.59179688,-7.68066406,-19.6474609,10.5078125,-1.45410156,1.19042969
308,4,4,-8.13476562,-1.14746094,-7.82910156,-9.70800781,12.5556641,-6.73730469,-5.73828125,-0.6484375,3.12695312,1.23632812
309,3,3,-7.75097656,-1.44824219,-0.69140625,10.0009766,-5.421875,1.58203125,-7.50390625,-7.57714844,0.3515625,-3.01855469
310,3,3,-6.22851562,-4.34375,0.0517578125,11.7324219,-7.87402344,0.276367188,-11.8339844,-5.296875,2.92675781,0.262695312
311,0,0,11.0966797,-10.3486328,1.10351562,-5.72851562,-6.21875,-5.22265625,1.21777344,-2.55175781,-0.883789062,-1.62207031
312,0,0,9.91210938,-7.78417969,-0.456054688,-8.82714844,-3.04101562,-7.32421875,0.93359375,-1.70019531,0.653320312,0.981445312
313,3,3,-9.18554688,-4.00878906,-1.42773438,9.88574219,-4.53710938,4.44140625,-6,-10.6367188,0.725585938,-4.59375
314,1,1,-5.36230469,11.0429688,-2.76660156,-5.234375,1.79199219,-4.52148438,-4.09082031,-0.916015625,-1.35839844,-1.31152344
315,9,9,-3.5078125,-13.5068359,-1.79101562,0.202148438,-3.05761719,-0.954101562,-13.8261719,1.3671875,3.11328125,11.1582031
316,6,6,0.587890625,-5.28125,-5.05371094,-4.26074219,-2.5625,3.61523438,12.1162109,-13.1015625,0.793945312,-3.23144531
317,5,5,-7.43261719,-5.78417969,-5.33398438,1.34082031,-2.91113281,9.78125,-6.40429688,-2.703125,0.327148438,1.20410156
318,2,2,3.9609375,-10.4824219,9.21582031,4.29101562,-10.0507812,-5.01757812,-7.10742188,-4.23828125,4.57519531,-4.74023438
319,5,5,-5.61132812,-10.4980469,-3.58398438,-1.03417969,-5.61328125,12.5410156,4.79394531,-16.4208984,5.08105469,0.502929688
320,9,1,-4.30371094,3.92089844,-0.827148438,-1.6875,-2.83691406,-3.91113281,-10.2275391,3.57617188,1.26660156,1.91503906
321,2,7,-2.10644531,1.45800781,5.73046875,1.14453125,-7.41699219,-7.47070312,-13.5751953,8.43066406,1.01171875,-2.30175781
322,9,9,-8.34863281,-7.1953125,-7.12988281,0.151367188,4.11523438,-0.18359375,-16.2822266,0.890625,-0.676757812,11.3632812
323,3,3,-5.6953125,-3.1328125,-0.787109375,12.8496094,-10.1142578,0.215820312,-15.2783203,-2.96875,2.1875,-0.0595703125
324,0,0,5.04199219,-4.3671875,-1.16015625,-3.91894531,-4.796875,1.00683594,2.40039062,-2.59375,1.00195312,-1.41113281
325,4,4,-3.53613281,-1.54199219,-3.40527344,-7.32226562,7.92382812,-7.08007812,-1.69140625,-2.59765625,0.522460938,1.93847656
326,2,2,-5.625,6.28613281,9.1796875,-4.31835938,-0.154296875,-2.8984375,-0.604492188,-3.9375,-3.2421875,-13.6542969
327,0,0,10.8134766,-6.33691406,-1.06152344,-9.55761719,-2.64453125,-7.44726562,1.734375,-3.11621094,-0.13671875,-0.01953125
328,7,7,-4.6328125,-0.779296875,2.83105469,1.85449219,-3.96875,-5.38867188,-14.3291016,9.57714844,-0.694335938,-0.733398438
329,1,1,-4.04589844,10.6044922,-2.54589844,-4.96875,1.83984375,-6.43261719,-4.38085938,0.826171875,-1.72167969,-1.68164062
330,1,1,-4.33789062,9.8828125,-2.97851562,-5.12695312,2.20703125,-5.09667969,-4.26757812,0.6875,-2.23144531,-0.569335938
331,2,2,-0.315429688,3.55175781,11.1318359,0.05859375,-7.88183594,-9.45507812,-7.94824219,2.07226562,1.91015625,-9.02148438
332,1,1,-3.69921875,10.1162109,-2.70703125,-5.35449219,1.72070312,-5.95996094,-3.97851562,1.17480469,-1.86328125,-1.01367188
333,5,5,-7.17480469,-9.14355469,-6.109375,1.25976562,-6.41015625,13.4492188,-1.55664062,-12.2695312,5.71191406,3.05175781
334,3,3,-6.52148438,-3.85644531,-1.61621094,11.9082031,-6.96582031,0.537109375,-14.3554688,-3.95605469,1.31445312,2.31933594
335,3,3,-5.02539062,-3.70898438,1.95117188,9.71484375,-8.4453125,-1.51171875,-9.5390625,-5.43359375,4.76953125,-0.939453125
336,9,9,-8.89648438,-10.2705078,-2.6484375,-1.9296875,5.75097656,-3.7890625,-16.0214844,-2.05175781,2.00976562,11.7216797
337,7,7,-1.92285156,-4.82910156,1.79785156,2.64746094,-7.05078125,-0.923828125,-12.3779297,8.25488281,-1.84082031,1.75585938
338,8,8,-2.55175781,-5.32910156,4.19433594,0.338867188,-6.36523438,-0.674804688,-4.77539062,-7.76171875,11.5625,-6.64160156
339,6,6,-1.87792969,-6.31152344,-1.29882812,-4.95117188,-1.72851562,3.86816406,10.2890625,-11.9326172,2.00878906,-3.54980469
340,5,3,-8.39257812,-2.93652344,-3.54296875,6.015625,-2.43554688,5.85253906,-2.25976562,-13.2294922,-2.79003906,-1.44628906
341,6,6,-0.325195312,-3.53808594,-1.77246094,-1.69335938,0.05859375,0.0048828125,4.89453125,-4.91601562,-0.153320312,-1.39746094
342,1,1,-3.29882812,10.5761719,-3.02832031,-5.7109375,1.30859375,-5.00195312,-3.61425781,0.165039062,-1.16894531,-1.11523438
343,3,3,-6.15234375,-2.96289062,0.178710938,12.0585938,-8.66210938,1.85546875,-10.0722656,-8.01660156,1.54492188,-3.98828125
344,8,8,-7.77441406,-3.73144531,-3.16796875,0.557617188,-1.31640625,2.62304688,-0.103515625,-10.3222656,9.51757812,-3.45507812
345,1,1,-4.68261719,10.4619141,-3.71191406,-4.76367188,2.19433594,-7.08007812,-7.421875,2.05273438,-1.81347656,0.247070312
346,0,0,9.20019531,-4.34472656,0.336914062,-5.82324219,-6.15722656,-5.36328125,-2.86132812,1.00585938,0.829101562,-0.444335938
347,5,5,-7.26757812,-8.84472656,-7.05273438,2.59765625,-4.96679688,11.9541016,-0.975585938,-15.0419922,6.63769531,2.17480469
348,1,1,-2.07519531,9.33984375,-2.88574219,-7.20898438,0.780273438,-4.453125,0.1484375,-1.10546875,0.111328125,-2.65332031
349,3,3,-5.54394531,-5.31054688,0.244140625,7.89746094,-7.10351562,-2.98339844,-16.765625,4.47558594,1.49707031,4.85253906
350,1,1,-8.20507812,8.77832031,-1.05664062,-1.81054688,2.04589844,-5.15820312,-9.50097656,0.758789062,-2.20214844,-1.35351562
351,5,5,-6.015625,-13.7509766,-6.7109375,1.77539062,-9.71875,17.6914062,0.922851562,-16.9082031,5.04785156,4.00976562
352,5,5,1.79101562,-6.79101562,-4.12890625,1.97167969,-10.1123047,9.64453125,-0.0244140625,-7.50878906,-0.473632812,-2.53808594
353,6,6,2.32226562,-8.95898438,-2.79296875,-5.90917969,1.24707031,-2.61816406,10.6767578,-10.3925781,-0.313476562,-1.99121094
354,1,1,-2.66894531,9.93457031,-2.39746094,-6.12792969,2.66796875,-7.3046875,-3.32128906,2.00976562,-0.025390625,-4.44042969
355,8,8,-0.48046875,-3.89453125,-3.00976562,-3.84570312,-4.2734375,2.01855469,1.43164062,-8.19921875,9.29394531,0.10546875
356,5,5,-7.33691406,-11.3427734,-8.66113281,3.89257812,-7.6328125,17.0751953,-2.06640625,-15.3935547,1.56054688,4.50878906
357,1,1,-2.60449219,6.79394531,-0.899414062,-2.63183594,0.0458984375,-2.64550781,-3.38378906,1.109375,-1.94140625,-1.04296875
358,7,7,-7.2890625,3.41699219,-3.13476562,0.155273438,2.18359375,-3.29101562,-13.1728516,6.53417969,-4.46289062,0.029296875
359,9,9,-8.55175781,-5.79785156,-3.88964844,-3.13867188,6.64160156,-6.03613281,-14.1660156,-0.1875,3.97753906,7.85058594
360,4,4,-9.26855469,-8.26757812,-0.909179688,-6.00976562,10.7626953,-2.15234375,-9.99023438,-2.3828125,1.43847656,1.73242188
361,6,6,0.283203125,-9.09570312,-3.984375,-4.24121094,-0.421875,1.08105469,12.8251953,-12.8427734,0.02734375,-3.6640625
362,2,2,0.961914062,-1.34472656,9.69238281,-0.89453125,-9.0859375,-9.20898438,-11.6132812,6.59082031,0.213867188,-2.22558594
363,2,2,-2.65429688,5.21582031,9.38671875,-0.807617188,-5.63964844,-4.40039062,-3.37304688,0.350585938,-2.45117188,-10.9277344
364,5,5,-6.60839844,-11.7675781,-7.71289062,3.04296875,-7.36035156,15.8740234,-3.48144531,-12.2373047,3.171875,4.05175781
365,0,0,8.61914062,-3.89355469,-0.874023438,-6.64648438,-4.13671875,-4.60546875,0.790039062,-2.07324219,0.614257812,0.4921875
366,6,6,2.29785156,-5.98339844,-1.95996094,-2.87011719,0.30859375,-1.51757812,6.00976562,-5.33789062,-1.88964844,-2.42773438
367,5,5,-6.37011719,-7.265625,-0.564453125,3.60253906,-6.20019531,9.7890625,-1.15039062,-10.7529297,2.31933594,-1.30664062
368,6,6,-1.29785156,-5.11425781,-1.12011719,-2.13476562,-2.88671875,2.49316406,9.87304688,-11.4375,1.72851562,-5.62890625
369,3,3,-5.01269531,-4.54101562,-0.887695312,10.03125,-6.20800781,-0.37109375,-15.6728516,-0.36328125,0.486328125,2.78125
370,7,7,-4.47265625,0.666992188,1.21191406,2.65429688,-4.05761719,-5.18164062,-16.6044922,11.4511719,-3.84179688,0.0947265625
371,2,2,-1.46386719,2.52636719,12.8515625,-0.0234375,-7.40625,-8.62011719,-7.89746094,3.78027344,-2.90527344,-13.0917969
372,0,0,9.04199219,-7.71191406,0.658203125,-3.87597656,-8.1015625,-1.08984375,1.15625,-2.17382812,-1.14550781,-0.961914062
373,8,8,-3.98046875,-4.52636719,2.87011719,1.42480469,-5.30078125,-3.37402344,-6.89160156,-3.5625,9.91699219,-0.627929688
374,8,8,-3.90332031,-7.44140625,2.45996094,0.784179688,-2.52246094,-3.65429688,-6.74707031,-5.24902344,10.3984375,0.817382812
375,5,5,-6.00976562,-10.7539062,-7.20410156,-0.208007812,-6.16210938,16.9267578,2.61523438,-16.0078125,3.95117188,2.12695312
376,4,4,-9.1796875,-3.01171875,-5.53222656,-2.80859375,9.93261719,-3.63867188,-12.6621094,-0.799804688,-2.02636719,5.86621094
377,1,1,-2.93652344,9.109375,-1.8046875,-4.76757812,0.69140625,-4.83496094,-4.12304688,1.37011719,-1.46972656,-0.784179688
378,1,1,-3.67480469,9.52636719,-2.42480469,-4.44238281,1.43457031,-5.234375,-3.70410156,0.458984375,-1.25390625,-1.18457031
379,4,4,-7.28808594,-4.10742188,-5.09375,-10.5039062,14.2128906,-5.57226562,-9.66015625,-1.29101562,-1.13183594,4.85644531
380,0,0,8.51269531,-6.51855469,-0.612304688,-5.47949219,-5.51953125,0.0576171875,3.8671875,-5.94726562,-1.48925781,-0.3203125
381,3,3,-2.93847656,-2.48632812,3.37695312,6.63867188,-7.56542969,-1.19140625,-9.03515625,1.52734375,-0.609375,-2.21582031
382,3,3,-7.84667969,-4.0859375,-0.84765625,14.0234375,-8.18261719,-0.0068359375,-15.3027344,-4.90429688,2.10839844,-0.83984375
383,7,7,-3.18359375,-0.40625,1.03027344,0.979492188,-4.24023438,-3.01953125,-12.3525391,10.2978516,-2.84375,-0.0009765625
384,6,6,0.826171875,-8.49316406,-3.06738281,-3.78125,-1.10546875,0.920898438,12.5820312,-12.2900391,-1.75585938,-2.12597656
385,1,1,-2.30957031,8.71875,-2.03515625,-4.88671875,0.788085938,-4.2734375,-1.76757812,0.104492188,-0.913085938,-1.88378906
386,6,6,1.85253906,-7.01660156,-3.58789062,-2.16796875,-3.16796875,3.875,9.12304688,-10.5722656,-0.401367188,-3.23144531
387,2,2,-4.01171875,1.90332031,9,-0.108398438,-4.13085938,-4.39160156,-6.06640625,1.90234375,-3.21777344,-4.58691406
388,1,1,-1.71191406,10.4589844,-3.21582031,-6.55078125,1.67382812,-5.35644531,-1.88085938,1.80566406,-0.913085938,-4.43554688
389,9,9,-7.92773438,-4.42089844,-6.05859375,-0.760742188,1.65625,-1.43554688,-14.4150391,4.44433594,0.345703125,8.69628906
390,2,2,1.25,-8.484375,10.5302734,0.948242188,-7.53613281,-7.20117188,-10.5341797,3.4609375,-0.52734375,-2.66894531
391,8,8,0.369140625,-7.27246094,3.33105469,-2.81054688,-3.70996094,-3.26464844,-3.62597656,-2.53320312,7.63671875,-1.0546875
392,6,6,-0.607421875,-6.69726562,-3.01660156,-5.24511719,1.90136719,-0.314453125,10.5361328,-11.0205078,-1.14550781,-2.92675781
393,1,1,-3.43652344,9.6875,-1.94628906,-5.171875,1.20800781,-5.55859375,-4.96289062,1.78613281,-2.01855469,-0.6953125
394,9,9,-2.17871094,-5.56347656,-1.91601562,-4.1328125,1.47753906,-4.01269531,-8.89941406,3.6953125,0.0654296875,7.72753906
395,5,5,-6.19140625,-11.9238281,-5.15429688,4.88671875,-10.3095703,15.1455078,-0.720703125,-17.0117188,4.95898438,2.72167969
396,2,2,-1.82910156,-1.39550781,13.1201172,-1.19824219,-2.31933594,-11.4853516,-9.57421875,4.85449219,0.374023438,-10.6757812
397,5,5,-8.07617188,-8.70996094,-4.52441406,4.65234375,-7.06445312,12.6757812,0.091796875,-16.0878906,4.82226562,0.74609375
398,4,4,-7.46191406,-5.58691406,-4.69335938,-10.0644531,12.9980469,-2.15039062,-7.54785156,-1.29492188,-0.302734375,3.50195312
399,4,4,-5.06445312,-6.71777344,-1.36425781,-9.98339844,12.8105469,-7.58300781,-5.75390625,-2.02441406,-3.98535156,1.85058594
400,2,2,0.755859375,-4.77539062,7.27441406,-1.2578125,-2.99414062,-6.29003906,-7.90234375,0.133789062,1.48632812,-1.70214844
401,8,8,-5.21875,-1.41796875,2.79394531,3.45019531,-5.38378906,-4.27832031,-9.52636719,-2.65820312,9.05566406,-3.28808594
402,3,3,-7.77734375,-4.73242188,1.95898438,12.3242188,-5.83886719,0.45703125,-14.4072266,-6.47363281,1.26367188,-1.25
403,8,8,-3.63964844,-6.61816406,-0.755859375,-1.17578125,-1.53125,0.1640625,-6.33300781,-0.487304688,5.36035156,3.4609375
404,2,2,-1.15234375,0.342773438,7.88574219,0.701171875,-6.42089844,-6.28320312,-8.41015625,4.31445312,0.0166015625,-4.59472656
405,4,4,-9.55957031,-10.6738281,-3.48144531,-4.2421875,10.1474609,0.0927734375,-10.015625,-6.94628906,-0.306640625,6.86816406
406,5,5,0.459960938,-11.5,-4.77832031,-2.14453125,-5.60839844,8.28710938,5.04980469,-12.3466797,3.91210938,1.5859375
407,0,0,11.5800781,-7.78710938,2.02246094,-4.02441406,-8.72363281,-3.9140625,-0.0244140625,-3.43359375,-0.467773438,-3.53710938
408,3,3,-4.08300781,-4.74316406,1.51074219,9.12792969,-9.01757812,1.79101562,-4.16894531,-9.77441406,1.8359375,-4.00390625
409,1,1,-4.70410156,8.83886719,-4.09863281,-4.77441406,0.828125,-2.72265625,-2.54296875,-1.296875,-0.4921875,-0.112304688
410,7,7,-4.76953125,-1.90625,-2.26074219,0.849609375,-1.81738281,-2.00878906,-14.2119141,11.5683594,-4.18652344,1.74023438
411,7,7,-3.39746094,2.40234375,1.44335938,-0.563476562,-3.64550781,-5.34472656,-12.3789062,8.59472656,-0.938476562,0.4765625
412,5,5,-7.66894531,-8.43066406,-9.20996094,9.07714844,-7.17480469,9.90136719,-12.2197266,-8.60742188,2.48632812,5.34570312
413,7,7,-2.4609375,-5.58105469,0.0732421875,1.04980469,-5.94824219,-1.52929688,-15.2402344,13.1064453,-2.51269531,1.83398438
414,9,9,-6.28710938,-4.62695312,-2.71386719,-0.712890625,2.82226562,-2.75390625,-10.9453125,-0.166015625,0.013671875,8.41015625
415,7,7,-3.04003906,-3.03222656,-1.02734375,-2.30859375,-0.66796875,-1.34472656,-10.4882812,10.3251953,-3.79980469,1.83398438
416,1,1,-2.73144531,10.7197266,-1.76367188,-6.84375,0.756835938,-5.83007812,-1.26171875,-0.810546875,-0.420898438,-2.98535156
417,9,9,-7.04492188,-5.36816406,-5.43847656,-0.844726562,2.97558594,-2.515625,-15.0107422,4.41601562,0.309570312,8.14941406
418,2,2,-2.00390625,-2.81347656,13.0097656,0.029296875,-3.89648438,-10.1523438,-9.98730469,4.85644531,1.03222656,-9.19042969
419,1,1,-3.84082031,8.9296875,-1.34277344,-3.57519531,1.11816406,-4.18164062,-4.5390625,0.989257812,-2.33300781,-1.29101562
420,4,4,-3.34960938,-2.94824219,0.0732421875,-5.83984375,4.99511719,-4.71777344,-4.48828125,1.61914062,1.13378906,2.15234375
421,2,2,1.56347656,-1.72265625,5.25683594,0.860351562,-8.14648438,-0.669921875,-4.77832031,-1.32714844,-1.34375,-2.28710938
422,9,9,-9.03710938,-8.2734375,-4.99316406,0.013671875,3.24121094,-2.50195312,-17.1181641,1.78417969,2.61914062,11.3720703
423,2,2,-1.92480469,1.34472656,13.7070312,0.630859375,-7.87695312,-8.73339844,-11.5292969,5.3203125,-3.46679688,-7.76464844
424,0,0,10.0800781,-6.54101562,0.455078125,-6.60742188,-5.87890625,-3.171875,1.55664062,-3.046875,-0.913085938,-1.11035156
425,4,4,-4.64453125,-5.91992188,-2.63574219,-9.91796875,9.62988281,-4.77539062,1.41210938,-2.95214844,0.657226562,-2.81347656
426,9,9,-6.76171875,-5.12597656,-5.58300781,-0.85546875,3.36328125,-1.86328125,-12.4931641,0.19921875,0.567382812,10.3300781
427,1,1,-3.85644531,8.92578125,-2.04101562,-4.03417969,1.14648438,-3.85058594,-4.33105469,0.375,-1.890625,-0.595703125
428,4,4,-5.89746094,-2.83203125,-1.43945312,-7.15429688,10.5791016,-7.484375,-4.02050781,-2.52050781,-0.556640625,-1.96875
429,8,8,-6.23144531,-4.08007812,0.056640625,-0.854492188,-2.17675781,-2.41992188,-4.56152344,-3.9609375,11.2998047,-0.293945312
430,1,1,-1.58691406,9.50097656,-1.85351562,-7.20214844,0.215820312,-4.58398438,0.290039062,-0.915039062,-0.182617188,-3.38769531
431,8,8,-3.86230469,-5.48144531,3.8125,0.533203125,-3.88671875,-2.51757812,-5.58984375,-3.02539062,8.01855469,-0.360351562
432,4,4,-8.26171875,-3.3984375,-2.515625,-2.19726562,5.86816406,1.01367188,-2.59667969,-5.63085938,-1.76660156,-2.95996094
433,5,5,-6.14550781,-6.71777344,-6.81738281,2.13085938,-2.98925781,10.7509766,-3.46875,-7.6015625,3.41992188,0.159179688
434,9,9,-5.41210938,-7.61816406,-1.76074219,0.700195312,1.62597656,-3.72460938,-14.3193359,1.16894531,0.71484375,9.18847656
435,8,8,-5.109375,-2.26171875,0.713867188,-0.43359375,-3.76953125,-4.703125,-10.6757812,1.84765625,7.31054688,3.41796875
436,8,8,-1.45214844,-1.66601562,0.85546875,-3.33886719,-0.486328125,-6.10839844,-5.54101562,-1.90039062,7.29589844,1.33886719
437,3,3,-9.67578125,-4.67578125,-2.18652344,15.7607422,-10.3369141,2.9453125,-15.1943359,-8.88867188,4.85546875,-2.84570312
438,7,7,-0.505859375,-4.58007812,1.46386719,-0.909179688,-5.76953125,-2.11230469,-11.1982422,10.3681641,-1.71972656,1.78710938
439,6,6,-0.203125,-5.98828125,-4.28320312,-2.71679688,-2.91113281,4.35351562,9.98339844,-12.2382812,1.48046875,-2.31835938
440,0,0,12.8056641,-10.2177734,1.70117188,-5.3046875,-9.96386719,-4.11132812,0.58984375,-1.90332031,-1.21777344,-3.41113281
441,0,0,9.21289062,-5.4921875,-1.34960938,-8.00976562,-1.59765625,-6.02636719,4.10351562,-4.95996094,-0.840820312,-2.50097656
442,3,3,-7.94726562,-4.04199219,-1.953125,13.5527344,-7.41894531,1.14746094,-14.84375,-4.12792969,0.068359375,-0.287109375
443,0,0,4.77441406,-1.17773438,0.168945312,-3.78613281,-3.4140625,-2.7265625,-0.834960938,-0.0888671875,0.163085938,-0.294921875
444,2,2,-3.28808594,-3.09667969,9.421875,4.58496094,-10.4472656,-6.23730469,-13.6435547,3.71191406,5.01757812,-2.99609375
445,6,6,4.8359375,-9.90332031,-1.82421875,-2.61425781,-2.19824219,1.27832031,5.27148438,-5.77832031,-2.50097656,-0.66796875
446,6,6,0.678710938,-10.5566406,-1.66796875,-0.736328125,-6.25878906,3.94140625,10.6357422,-16.0498047,3.12402344,-3.82324219
447,4,4,-2.6015625,-3.89746094,-3.54785156,-4.32910156,5.88476562,-4.64257812,-5.54882812,-2.0390625,-0.265625,1.42089844
448,9,9,-3.93164062,-10.46875,-3.70019531,3.78515625,-2.5,0.352539062,-12.3916016,-7.78417969,5.46289062,9.85351562
449,3,5,-7.66796875,-9.55859375,-4.56542969,10.2617188,-9.08203125,11.3046875,-6.71582031,-13.4501953,2.79101562,-0.771484375
450,3,3,-10.1933594,-4.79882812,-5.39648438,10.4052734,-4.92480469,6.41308594,-10.8076172,-12.7851562,1.4765625,3.76660156
451,3,3,-6.50097656,-7.47851562,1.88085938,15.1289062,-11.4589844,-3.83789062,-23.0351562,0.756835938,3.79882812,2.60449219
452,2,2,-3.07617188,5.13378906,11.0761719,0.0986328125,-7.64550781,-5.50976562,-5.57714844,-0.209960938,-0.560546875,-9.05175781
453,3,3,-4.14746094,-5.85839844,-0.178710938,11.0429688,-8.19726562,1.74707031,-7.55761719,-9.47558594,1.42089844,-1.39648438
454,9,9,-5.28515625,-11.7685547,-2.4609375,-3.01367188,3.296875,-2.08105469,-13.3134766,1.70410156,0.916015625,10.9052734
455,1,1,-2.67480469,9.75585938,-2.33300781,-6.48730469,1.81054688,-6.93554688,-2.27929688,1.31933594,-1.14355469,-2.30175781
456,2,2,-1.546875,4.24511719,7.76855469,-0.76171875,-6.33007812,-4.74707031,-5.81738281,0.713867188,0.866210938,-4.61328125
457,6,6,-0.536132812,-7.85351562,-4.45507812,-2.1796875,-4.67578125,6.03222656,10.2919922,-14.9912109,3.04199219,-3.25
458,8,8,-3.53320312,-7.43945312,0.356445312,2.51464844,-4.90820312,-2.40136719,-8.0546875,-4.25195312,10.8603516,2.125
459,0,0,10.3671875,-8.04980469,0.313476562,-5.16503906,-5.93554688,-2.98339844,1.46484375,-4.50097656,-0.819335938,-0.309570312
460,5,5,-6.54980469,-7.1875,-9.16015625,0.890625,-1.7578125,10.3222656,-8.68164062,-3.390625,0.98046875,5.47851562
461,6,6,-0.869140625,-6.2890625,-2.83496094,-7.08789062,1.83496094,-0.677734375,12.0058594,-9.26464844,0.755859375,-5.73535156
462,6,6,0.658203125,-11.9316406,-1.50195312,-3.43261719,-4.52832031,3.55273438,11.2177734,-13.2333984,2.81933594,-2.12695312
463,6,6,1.20605469,-9.40625,-3.7578125,-4.98632812,-0.82421875,0.426757812,13.7539062,-13.0761719,-0.907226562,-1.59667969
464,3,3,-5.67675781,-6.72753906,-1.78417969,9.97265625,-9.25683594,-0.154296875,-18.5380859,3.9140625,1.23144531,4.27441406
465,8,8,-5.48828125,-6.63867188,1.0546875,3.0859375,-5.73339844,-3.07617188,-11.8417969,-3.1484375,12.0732422,1.26367188
466,8,8,-2.48730469,-5.56445312,1.06542969,-0.760742188,-2.77050781,-4.78222656,-8.79101562,-5.14453125,11.6035156,2.8671875
467,2,2,-0.791015625,1.82714844,12.6523438,0.673828125,-10.5888672,-6.45996094,-9.37597656,3.65820312,-0.833007812,-6.75390625
468,7,7,-6.41113281,-4.40039062,2.22558594,3.37207031,-2.85351562,-8.33300781,-21.3417969,11.7421875,1.01074219,1.97851562
469,5,5,-9.79589844,-12.7929688,-6.65039062,4.875,-7.63574219,15.8291016,-4.49316406,-15.5976562,6.98339844,3.65917969
470,8,8,-3.52539062,-3.83007812,3.02734375,3.89941406,-6.95898438,-2.35058594,-6.09570312,-6.03320312,9.89550781,-4.74902344
471,9,9,-3.71679688,-4.43847656,-2.83496094,-0.663085938,0.954101562,-1.67285156,-10.2988281,3.62597656,-1.76269531,7.19042969
472,6,6,1.1328125,-6.01464844,-3.34863281,-6.49414062,1.64355469,-1.93847656,10.1943359,-6.60839844,-1.27929688,-1.71191406
473,1,1,-3.33691406,6.72070312,-2.00488281,-2.76855469,0.0849609375,-1.53710938,-3.21191406,-0.118164062,-1.06054688,-0.46875
474,8,8,-2.93945312,-8.88671875,0.25,2.08300781,-2.85546875,-3.86425781,-9.33398438,-8.17089844,12.9375,1.84570312
475,4,4,-8.34667969,-11.0927734,-4.84277344,-7.53710938,11.9042969,-1.91015625,-8.8515625,-5.19921875,0.485351562,7.61132812
476,1,1,-2.80566406,10.2695312,-0.984375,-5.27539062,-0.091796875,-6.06738281,-4.23632812,0.5625,-0.33203125,-1.88183594
477,2,2,-3.77246094,4.35839844,11.9833984,1.76757812,-7.10742188,-6.84960938,-9.49804688,0.592773438,-0.400390625,-9.57324219
478,5,5,-5.55664062,-6.96386719,-0.033203125,4.32617188,-5.56835938,7.81542969,0.57421875,-10.9091797,2.546875,-4.46777344
479,9,9,-5.06835938,-8.13964844,-4.13085938,1.51464844,-1.13671875,2.69726562,-7.83496094,-6.046875,4.41308594,7.53027344
480,1,1,-1.68261719,8.29003906,-3.35449219,-6.5859375,1.42089844,-3.84277344,0.99609375,-0.627929688,-0.0771484375,-3.88964844
481,9,9,-7.66699219,-9.32617188,-5.41992188,-0.767578125,2.12597656,0.103515625,-15.1943359,0.604492188,1.67773438,12.3417969
482,7,7,-2.27929688,-3.8125,-0.340820312,2.04394531,-6.41796875,-0.272460938,-14.1386719,12.0654297,-3.81640625,0.565429688
483,5,5,0.266601562,-4.85742188,-3.18359375,-1.4296875,-3.67871094,6.45996094,-0.935546875,-1.34472656,0.307617188,-0.200195312
484,4,4,-9.67578125,-4.6171875,-6.0546875,-7.58984375,11.8681641,-2.01757812,-8.33789062,-1.21289062,0.235351562,4.61523438
485,0,0,8.30859375,-5.97851562,0.733398438,-5.2890625,-4.45703125,-4.13378906,1.15039062,-2.55175781,-0.766601562,-0.619140625
486,8,8,-8.01269531,-4.50195312,2.39941406,-0.6484375,1.00390625,-6.75195312,-10.21875,0.541015625,9.95410156,-0.19921875
487,9,9,-4.46484375,-9.85253906,-5.50585938,-1.30078125,3.28125,1.37207031,-12.6259766,-0.331054688,-1.44921875,10.4296875
488,9,9,-7.08007812,-5.7890625,-3.7734375,-1.21484375,2.69921875,-4.20996094,-14.5292969,4.33886719,1.90527344,8.70117188
489,1,1,-2.265625,8.42578125,-2.52832031,-5.34082031,1.13085938,-4.15234375,-1.31347656,0.466796875,-1.03125,-1.70996094
490,0,0,4.85449219,-7.3203125,-0.303710938,-5.29296875,0.981445312,-2.94042969,1.64648438,-2.24902344,-3.73144531,-2.1640625
491,5,5,-4.65527344,-11.0976562,-5.29980469,1.19726562,-5.39941406,11.4433594,0.326171875,-11.7900391,1.59179688,4.91992188
492,2,2,-1.89550781,-3.31347656,9.31054688,4.3984375,-11.0087891,-0.23046875,-6.66796875,-1.99511719,3.71289062,-7.23339844
493,3,3,-7.27929688,-5.32714844,1.07519531,16.5947266,-11.5693359,-1.14257812,-15.0136719,-8.19628906,4.421875,-1.93261719
494,7,7,-2.4375,-3.65429688,2.73828125,1.17773438,-6.70507812,-4.578125,-16.2734375,14.1171875,-2.13183594,-0.588867188
495,8,0,6.23632812,-10.6220703,1.78222656,-3.15625,-2.67089844,-5.47363281,2.19726562,-9.9296875,4.24804688,-2.20019531
496,9,9,-6.87597656,-7.39648438,-3.99511719,-1.48828125,3.09179688,-1.88183594,-12.0371094,-0.381835938,0.948242188,11.1767578
497,4,4,-8.1953125,2.41015625,-7.16894531,-4.88085938,7.10351562,-3.75195312,-6.83007812,-1.28808594,1.31347656,3.81152344
498,0,0,7.28710938,-4.0546875,-0.958007812,-8.44628906,-2.16113281,-6.9453125,0.502929688,-1.10351562,1.34277344,1.35351562
499,6,6,-0.413085938,-3.00878906,-1.57714844,-4.03027344,-0.786132812,1.0078125,7.12207031,-6.81738281,2.125,-3.36132812
500,3,3,-7.71386719,-4.45605469,-2.08007812,15.9619141,-9.0234375,0.750976562,-16.2441406,-6.51074219,0.61328125,1.3515625
501,9,9,-4.39355469,-12.6650391,-2.15527344,-0.0693359375,-0.793945312,-3.50683594,-16.5322266,2.27539062,0.0888671875,13.7890625
502,5,5,-8.0703125,-4.578125,-5.57714844,5.84082031,-4.66601562,10.0634766,-5.15527344,-10.0292969,-1.6640625,2.35253906
503,2,2,0.358398438,-2.04394531,16.9492188,-1.36230469,-7.12597656,-14.3115234,-12.4462891,3.88867188,1.50390625,-8.95996094
504,1,1,-3.55273438,8.00976562,-1.84960938,-3.95703125,1.37011719,-4.19628906,-4.609375,1.97167969,-2.62304688,-0.397460938
505,3,3,-4.98730469,-6.9453125,3.83105469,14.7617188,-12.7460938,-4.55566406,-18.7363281,-2.40429688,5.76269531,1.69726562
506,1,1,-0.865234375,8.8984375,-3.18945312,-6.95019531,0.596679688,-3.50390625,0.431640625,0.115234375,-0.3046875,-3.59570312
507,3,3,-9.171875,-4.65136719,-0.836914062,9.52246094,-5.12402344,3.02929688,-12.1953125,-7.78613281,4.38769531,-0.391601562
508,6,6,0.522460938,-7.04101562,-1.07617188,-2.85253906,-6.10253906,5.60449219,10.3515625,-12.7617188,3.83007812,-7.1484375
509,5,5,-6.84082031,-7.8203125,-4.53515625,4.90234375,-7.94238281,11.5429688,-4.59667969,-11.4619141,2.69335938,4.09765625
510,7,7,-4.91308594,-4.50683594,3.36523438,3.25390625,-4.36230469,-8.04492188,-18.5117188,12.1992188,1.39550781,-0.44921875
511,4,4,-6.03027344,4.76953125,-6.55273438,-5.89550781,5.6484375,-4.70605469,-6.34570312,1.40136719,1.27929688,1.90429688
512,2,2,-0.274414062,1.71679688,12.9316406,1.29199219,-9.58691406,-8.25488281,-9.10351562,2.23730469,0.634765625,-7.79003906
513,2,2,-2.12304688,-1.25,15.9248047,1.30664062,-5.46777344,-12.203125,-11.5068359,2.13476562,-0.674804688,-9.38671875
514,6,6,3.17285156,-6.359375,-3.05761719,-5.96972656,0.309570312,-2.47851562,10.46875,-7.10546875,-0.521484375,-3.19238281
515,3,3,-5.53808594,-3.0234375,2.74121094,8.16210938,-5.57421875,-3.97753906,-14.2421875,2.30859375,1.31640625,-0.0556640625
516,2,2,-5.23828125,-4.87207031,12.7783203,-3.45117188,2.78808594,-6.75976562,-7.29492188,-0.104492188,0.4765625,-10.2480469
517,6,6,1.04296875,-5.86328125,-2.875,-6.02148438,1.32226562,-2.08007812,11.3359375,-9.5859375,-0.549804688,-3.54980469
518,5,5,-7.21289062,-9.35742188,-5.93652344,2.7421875,-6.9375,15.1679688,-0.221679688,-15.2314453,5.14355469,0.7578125
519,4,4,-9.28710938,2.31445312,-8.83496094,-5.48828125,9.94042969,-4.12207031,-8.4140625,0.75390625,-1.28320312,3.26953125
520,8,8,-2.52441406,0.333007812,-1.7265625,-4.0859375,-0.90234375,-2.52734375,-0.8671875,-5.48730469,8.59570312,-0.41015625
521,9,9,-7.82910156,-3.23144531,-4.94042969,1.47460938,3.88671875,-2.31738281,-12.9414062,-1.48632812,-0.784179688,8.0390625
522,7,7,-6.66796875,-5.25683594,1.49804688,4.98828125,-1.89355469,-6.18847656,-21.0742188,11.1933594,-2.44238281,1.33105469
523,1,1,-4.7890625,8.66894531,-2.20996094,-6.56542969,3.2734375,-5.20898438,-4.08789062,1.05566406,2.71679688,-3.93164062
524,3,3,-6.88476562,-0.638671875,1.88183594,7.81542969,-4.41796875,-0.471679688,-7.15136719,-5.2109375,0.736328125,-6.3359375
525,0,0,10.7871094,-7.64355469,0.751953125,-6.61132812,-6.37011719,-3.5703125,1.68261719,-3.46289062,-1.07519531,-0.981445312
526,3,3,-7.75390625,-1.23925781,-1.60449219,11.7158203,-9.55957031,3.05175781,-12.9697266,-7.73828125,1.12109375,0.192382812
527,8,8,1.72070312,-8.32324219,3.60351562,-0.977539062,-6.46191406,-0.973632812,-2.87011719,-7.78515625,10.3828125,-3.68261719
528,3,3,-5.9921875,-0.2109375,4.86328125,5.87207031,-4.63183594,-3.45996094,-9.38867188,2.10058594,0.799804688,-8.28222656
529,1,1,-3.875,10.8037109,-2.55078125,-5.60449219,1.35742188,-5.19335938,-3.70507812,-0.125,-1.08007812,-1.55175781
530,9,9,-6.35449219,-5.49121094,-2.42675781,-1.84765625,4.23242188,-3.54394531,-9.63183594,-3.22851562,1.2890625,8.89355469
531,3,3,-3.36914062,-4.609375,1.36132812,8.42480469,-6.3359375,0.25390625,-3.87988281,-7.96582031,-0.19921875,-3.48339844
532,4,4,-1.68457031,-3.80175781,-3.07421875,-5.93945312,7.12695312,-6.03417969,-3.22167969,-1.953125,-3.31054688,3.48046875
533,4,4,-4.69335938,-6.18164062,-2.65820312,-11.0439453,12.0898438,-6.12402344,-1.39355469,-2.859375,-2.11035156,-0.583984375
534,6,6,-0.551757812,-5.05566406,-1.46484375,-3.54101562,-1.49902344,0.751953125,12.5517578,-12.4980469,-0.029296875,-7.5703125
535,4,4,-4.70605469,-7.11816406,-3.20214844,-10.2636719,10.6875,-4.48144531,-4.15332031,-1.99121094,0.241210938,3.40722656
536,2,2,-2.54199219,5.13574219,11.7753906,0.182617188,-8.64941406,-7.2734375,-9.54296875,4.07617188,-0.772460938,-8.59179688
537,1,1,-1.40820312,9.79492188,-1.85839844,-7.51855469,0.333007812,-5.14160156,-0.078125,-0.53125,-0.138671875,-2.81835938
538,8,8,-0.961914062,-1.16210938,-0.673828125,-2.18847656,-3.08398438,-0.407226562,-0.315429688,-5.51855469,7.38574219,-2.00683594
539,2,2,-0.248046875,-4.859375,13.6611328,-0.979492188,-1.78613281,-11.9873047,-10.4023438,2.25390625,1.64746094,-9.60839844
540,5,5,-7.32519531,-11.7919922,-6.15332031,4.26660156,-9.80371094,14.3212891,-3.85253906,-14.2324219,5.58203125,6.12304688
541,4,4,-7.60839844,-6.84277344,-6.21972656,-10.3349609,14.3886719,-6.57519531,-7.75878906,-1.62988281,-1.45214844,5.26953125
542,8,8,-6.35058594,-1.73242188,1.05566406,0.147460938,-0.0048828125,0.130859375,-2.45703125,-4.33691406,3.43066406,-1.65527344
543,8,3,-6.84472656,1.09960938,2.13769531,2.36523438,-1.04003906,-3.68457031,-8.34472656,1.52539062,2.10644531,-2.79394531
544,4,4,-7.98925781,-4.42285156,-3.79882812,-8.62695312,12.4863281,-4.984375,-8.23730469,0.545898438,1.66210938,0.955078125
545,0,0,7.03125,-3.90917969,-0.116210938,-7.37304688,-3.04003906,-5.79882812,-2.32714844,1.18359375,0.58984375,1.00488281
546,0,0,11.3339844,-8.23242188,0.120117188,-5.67871094,-6.45019531,-3.15234375,2.21386719,-4.47753906,-1.87109375,-1.17089844
547,2,2,-1.83398438,-0.189453125,10.5712891,3.41992188,-11.5605469,-4.88378906,-9.43554688,-1.15722656,6.765625,-8.80664062
548,3,3,-7.4296875,-6.42285156,-0.75390625,10.3271484,-4.37304688,1.8515625,-14.9414062,-3.68945312,-0.802734375,1.66796875
549,2,2,1.56054688,-5.375,10.2871094,-1.42675781,-7.22265625,-7.35351562,-8.40820312,3.30566406,-0.708984375,-2.99804688
550,7,7,-6.26367188,-3.13574219,-0.629882812,2.82519531,-1.03222656,-5.03125,-15.4121094,8.11035156,-0.61328125,3.13085938
551,7,7,-6.82128906,1.23144531,1.31542969,2.76367188,-2.64648438,-7.22167969,-14.6914062,7.37304688,0.626953125,0.240234375
552,0,0,6.77636719,-8.17871094,-0.8046875,-3.63378906,-3.62207031,-2.08789062,2.47851562,-4.65136719,0.604492188,-0.884765625
553,8,8,-7.19921875,-6.58691406,-0.052734375,-4.55957031,0.431640625,1.06835938,2.3515625,-10.7880859,11.3154297,-3.68847656
554,7,7,-5.35742188,0.565429688,2.41894531,-1.46386719,0.364257812,-5.98535156,-10.7119141,10.1494141,-1.9765625,-4.73925781
555,4,4,-4.171875,-1.73144531,-4.94921875,-8.46582031,10.1113281,-5.97558594,-4.20898438,-0.106445312,-1.46875,2.47851562
556,4,4,-8.05566406,-9.85449219,-2.16210938,-9.671875,12.6396484,-5.11328125,-5.7265625,-5.34960938,0.822265625,3.79980469
557,7,7,-4.40527344,0.485351562,4.37988281,1.57324219,-6.48535156,-5.08300781,-14.7705078,9.35449219,-1.03515625,-0.235351562
558,9,9,-7.734375,-6.94140625,-6.81152344,-1.23632812,3.74121094,-1.46777344,-15.2617188,1.19335938,1.03320312,12.0419922
559,6,6,0.249023438,-10.9882812,-4.39453125,-10.7753906,5.7734375,-3.0625,9.81835938,-8.52832031,-0.4375,0.795898438
560,9,9,-5.69433594,-5.25390625,-3.83886719,-2.68457031,4.640625,-5.13769531,-11.8554688,1.7265625,0.467773438,9.29980469
561,0,0,8.42089844,-9.2890625,-0.095703125,-2.37207031,-7.5390625,-0.235351562,1.390625,-2.078125,-2.98339844,-0.033203125
562,9,9,-3.34179688,-7.61523438,-1.25878906,-1.82910156,0.358398438,-3.05078125,-8.16113281,0.805664062,1.10839844,8.68164062
563,8,8,-4.3046875,-4.33105469,1.83105469,0.922851562,-1.78222656,-4.51074219,-7.53515625,-4.30273438,9.08007812,1.125
564,0,0,9.10253906,-6.65332031,1.72949219,-4.52539062,-7.03710938,-3.20800781,0.408203125,-2.16015625,-0.288085938,-1.55664062
565,4,4,-10.0927734,-1.60742188,-6.75488281,-4.57128906,9.46289062,-4.27929688,-10.9804688,1.66894531,-0.42578125,4.73535156
566,6,6,-0.767578125,-1.77539062,-2.18652344,-4.08398438,1.50683594,0.153320312,7.15820312,-5.78320312,-1.74902344,-3.65039062
567,0,0,7.06738281,-5.01953125,3.34863281,-2.74902344,-8.32421875,-2.29394531,-1.97363281,-0.770507812,0.263671875,-1.96582031
568,6,6,-2.05664062,-5.14257812,-1.73632812,-2.87792969,-2.74316406,1.91015625,11.1582031,-13.0292969,2.61816406,-5.68457031
569,3,3,-12.3271484,-1.26660156,2.32128906,6.27148438,0.743164062,-1.34082031,-12.6386719,-3.40527344,1.0703125,-5.6875
570,5,5,-3.32519531,-6.20898438,-4.0234375,2.16503906,-10.3935547,12.0878906,-3.59179688,-10.734375,3.82128906,1.40820312
571,4,4,-5.68457031,-7.88867188,-2.68261719,-3.86132812,7.58007812,-2.16796875,-11.8769531,-0.1171875,-1.80957031,6.82128906
572,8,8,-5.52148438,-7.01171875,-0.706054688,2.18554688,-1.75878906,-3.35839844,-11.2509766,-3.18945312,7.80371094,5.4296875
573,3,3,-6.5234375,-2.28125,-0.25,12.7617188,-8.01464844,0.190429688,-11.4951172,-6.38671875,-0.3828125,-2.68945312
574,3,3,-3.47363281,-3.78222656,0.323242188,10.8222656,-9.19238281,-0.515625,-13.3681641,-4.0703125,2.55566406,0.241210938
575,9,9,-8.08300781,-8.08300781,-7.22167969,-1.12792969,4.68652344,-0.137695312,-14.9521484,-1.14648438,1.17089844,12.1591797
576,3,3,-7.34472656,-4.04589844,-0.599609375,15.3955078,-12.2285156,1.875,-16.2607422,-4.34667969,2.82910156,-3.19824219
577,3,3,-6.37890625,-4.25683594,-1.37597656,11.4511719,-7.06347656,-0.6875,-15.4130859,0.217773438,0.765625,1.41992188
578,3,3,-4.86523438,-4.78417969,3.71289062,7.41210938,-8.18066406,-4.32714844,-14.9228516,5.04589844,3.05664062,-0.0419921875
579,7,7,-0.205078125,-1.0625,-1.29589844,-2.90332031,-2.70117188,-2.77929688,-9.77734375,11.0332031,-2.05078125,0.51171875
580,8,8,-3.50097656,-4.02636719,-0.50390625,0.234375,-4.97949219,-3.64453125,-10.0644531,-2.38085938,11.4033203,1.99707031
581,0,0,11.5205078,-8.91601562,0.920898438,-5.17480469,-10.0273438,-0.91796875,3.51953125,-3.74316406,-2.77929688,-3.15625
582,8,2,-2.19726562,-0.481445312,7.56152344,2.58886719,-5.14941406,-6.91503906,-6.90429688,-1.67675781,5.35449219,-6.99707031
583,2,7,-4.74804688,-1.91894531,6.515625,3.83105469,-5.30175781,-10.4541016,-16.0195312,8.03125,2.9296875,-1.92578125
584,1,1,-6.56738281,8.62207031,-2.20605469,-3.63671875,1.80566406,-4.82421875,-7.53808594,1.265625,-1.53027344,-0.0927734375
585,7,7,-3.90039062,-1.58886719,0.220703125,1.90820312,-5.15234375,-2.41308594,-15.8222656,12.4589844,-4.16601562,0.7734375
586,0,0,8.69921875,-5.05859375,1.546875,-4.171875,-6.41308594,-2.17675781,1.21679688,-3.7578125,-0.916015625,-3.22167969
587,6,6,1.38964844,-9.90722656,-2.484375,-0.803710938,-2.71484375,2.16796875,11.9140625,-12.8740234,-1.98144531,-6.25878906
588,5,5,-2.98632812,-9.85253906,-4.85546875,2.43652344,-6.37109375,10.5537109,-1.7109375,-8.95117188,2.32226562,2.43359375
589,4,4,-9.14453125,-2.19628906,-5.84667969,-5.84863281,10.0634766,-2.46972656,-7.29101562,-1.77734375,0.741210938,3.86230469
590,3,3,-8.70214844,-3.51855469,-0.080078125,16.7158203,-9.97949219,-0.330078125,-17.4267578,-8.70996094,3.44726562,-0.794921875
591,8,8,-0.33203125,1.265625,4.4453125,0.120117188,-6.08203125,-5.19335938,-3.12402344,-3.95898438,4.45703125,-8.96679688
592,0,0,11.9414062,-8.265625,1.2890625,-6.66796875,-6.65429688,-4.53710938,1.59082031,-4.50488281,-0.749023438,-1.609375
593,9,9,-8.04492188,-3.77441406,-6.97363281,-1.01367188,2.99707031,-2.03320312,-13.703125,1.75488281,2.26074219,8.29980469
594,6,6,-1.61328125,-6.8671875,-1.953125,-3.29101562,-2.10449219,1.85742188,12.7148438,-15.9609375,2.27734375,-6.93652344
595,3,3,-8.60253906,-3.47851562,2.62890625,10.09375,-4.73242188,0.170898438,-10.9052734,-5.8828125,2.875,-5.16601562
596,8,8,-4.95898438,-10.0019531,1.17480469,-1.87792969,-3.56347656,-1.03710938,-6.50488281,-3.35253906,11.0419922,4.24609375
597,0,0,5.91601562,-13.9130859,-1.17285156,-3.22167969,-3.31738281,0.366210938,2.15917969,-4.15234375,-3.58007812,1.77539062
598,9,9,-8.77929688,-6.77539062,-4.95996094,-0.991210938,3.04101562,-2.80078125,-16.0927734,1.7734375,2.54882812,11.3408203
599,9,9,-8.59570312,-10.5722656,-4.15332031,-0.329101562,1.44921875,-0.6328125,-16.3886719,0.555664062,2.28613281,13.2109375
600,6,6,-1.03808594,-6.96582031,-2.30078125,-4.70703125,0.586914062,0.641601562,10.8808594,-11.5634766,-0.506835938,-3.06738281
601,8,8,-0.236328125,-3.70703125,1.80957031,-0.875,-4.0546875,-6.6796875,-7.3828125,-0.373046875,8.08789062,2.08300781
602,6,6,1.88574219,-10.6591797,-4.29980469,-6.54785156,0.836914062,-0.918945312,12.9697266,-11.0166016,-0.75,-0.407226562
603,8,8,-6.11816406,-8.24609375,-1.37402344,-0.102539062,-3.25683594,2.07910156,-4.51757812,-5.90625,9.02539062,4.20703125
604,5,5,-7.66503906,-10.5302734,-8.33496094,3.05078125,-5.88476562,16.1035156,-3.64550781,-12.5214844,3.6796875,3.00488281
605,7,7,-6.30566406,-1.71972656,-1.09960938,0.700195312,0.380859375,-6.65039062,-17.2373047,9.68164062,-0.671875,3.140625
606,8,8,-4.28222656,-3.87890625,1.6015625,3.60742188,-5.80761719,-0.638671875,-5.93359375,-9.25585938,9.87890625,-3.55175781
607,6,6,0.309570312,-6.58007812,-3.08691406,-3.95996094,0.502929688,-0.442382812,11.3886719,-9.76171875,-1.14648438,-5.24023438
608,0,0,10.2128906,-7.12597656,0.686523438,-4.5546875,-7.33984375,-2.45214844,1.11132812,-4.09277344,-1.30078125,-0.102539062
609,2,2,-0.290039062,0.66015625,11.2177734,0.669921875,-9.15332031,-8.10546875,-9.27539062,2.72851562,2.20507812,-5.06054688
610,4,4,-1.98632812,-0.974609375,1.60546875,-8.2734375,6.66699219,-8.42285156,-1.70996094,-2.81347656,0.31640625,-2.77929688
611,0,0,8.83789062,-8.2421875,-0.87890625,-9.04296875,-2.09375,-5.47363281,1.28808594,-1.13769531,0.80859375,-0.208984375
612,2,2,-4.54492188,-1.01855469,13.3056641,0.2109375,-2.78222656,-8.83398438,-8.75976562,1.25292969,-1.58789062,-7.49023438
613,2,2,0.161132812,0.662109375,6.24121094,-0.025390625,-6.00976562,-7.40136719,-8.11328125,2.56640625,3.78808594,-3.02246094
614,3,3,-5.47949219,-0.881835938,-0.384765625,8.18261719,-5.6484375,-2.16015625,-14.1552734,1.44335938,-0.430664062,1.58886719
615,1,1,-0.84765625,10.2617188,-1.08007812,-9.0078125,1.29980469,-6.54296875,-0.01171875,-0.836914062,0.672851562,-6.99121094
616,9,9,-8.41894531,-8.640625,-5.93457031,2.17675781,1.63476562,2.06933594,-15.9824219,-0.311523438,-0.958007812,10.7607422
617,7,7,-6.30175781,-2.69433594,4.97949219,3.37304688,-3.27050781,-9.25585938,-17.8417969,11.4501953,0.09765625,-2.47753906
618,5,5,-4.5546875,-12.0019531,-5.78125,2.88574219,-7.79785156,12.9169922,-1.23535156,-11.2900391,0.844726562,4.6171875
619,1,1,-7.078125,4.70507812,1.171875,-1.85546875,-1.55859375,-3.91699219,-6.54394531,-0.366210938,3.70800781,-3.64941406
620,0,0,8.015625,-3.27246094,4.43847656,-3.86816406,-6.57910156,-4.84277344,-1.81933594,-1.74316406,0.193359375,-6.98925781
621,8,8,-3.02050781,-3.51855469,0.404296875,-0.102539062,-3.57324219,-1.3828125,-3.98144531,-5.51757812,8.46972656,0.52734375
622,4,4,-4.23339844,-4.24804688,-4.88769531,-10.6113281,12.4619141,-7.91894531,-3.77441406,-2.89160156,-2.16113281,3.19238281
623,6,6,-0.874023438,-5.54785156,-2.30371094,-6.12695312,3.03027344,-0.161132812,11.7695312,-10.9423828,-3.72460938,-7.33203125
624,2,2,0.560546875,3.19335938,9.51660156,-0.14453125,-9.13671875,-8.06445312,-7.93359375,0.734375,4.03320312,-7.19042969
625,6,6,-1.73535156,-7.91992188,-2.49023438,-9.02832031,6.53125,-1.99707031,7.83691406,-9.41894531,-3.74511719,-1.25683594
626,7,7,-3.87402344,-0.803710938,2.93945312,1.07617188,-5.03222656,-7.64746094,-18.0488281,14.3193359,-1.79101562,-0.951171875
627,9,9,-3.39941406,-5.46484375,-1.64550781,-3.12207031,2.28710938,-4.7421875,-7.91894531,0.943359375,0.317382812,7.47460938
628,3,3,-10.6289062,-3.49023438,0.19140625,7.40917969,-1.98535156,-2.19140625,-18.9238281,2.52050781,0.323242188,2.46289062
629,2,2,-1.38378906,-6.40820312,6.84960938,-0.235351562,0.91796875,-3.66015625,-5.81152344,-0.546875,-1.03808594,-4.09375
630,9,9,-6.49804688,-9.13183594,-4.81835938,-3.640625,1.15917969,3.45019531,-7.0390625,-2.01757812,2.79394531,9.52636719
631,8,8,-4.30859375,-6.89160156,2.69433594,2.7265625,-4.48535156,-5.19921875,-10.1396484,-0.516601562,11.140625,-1.54296875
632,2,2,2.11425781,-7.03222656,11.8671875,0.965820312,-8.9140625,-9.12695312,-8.57324219,2.61132812,1.94042969,-5.40429688
633,2,2,-3.71289062,2.67578125,13.8330078,-0.357421875,-5.22558594,-8.43164062,-7.90234375,1.30957031,1.08691406,-11.0351562
634,9,9,-8.41992188,-12.265625,-3.7890625,0.725585938,2.484375,-2.69042969,-21.6552734,4.14746094,-0.85546875,14.125
635,2,2,-2.2109375,1.03515625,8.640625,0.352539062,-4.0390625,-5.93847656,-3.765625,0.889648438,-1.68457031,-10.7490234
636,7,7,-2.16503906,-2.71777344,-1.80761719,-0.161132812,-3.00585938,-0.446289062,-10.4824219,10.5566406,-3.33203125,0.879882812
637,3,3,-4.77148438,-1.89453125,2.63671875,9.14355469,-6.66796875,-3.03417969,-9.55859375,-3.08007812,2.02636719,-4.97167969
638,5,5,1.34667969,-6.46972656,-3.86621094,-0.938476562,-6.37109375,7.64257812,-2.24902344,-0.623046875,0.3125,-0.192382812
639,9,9,-4.27539062,-6.31347656,-3.75976562,-3.81835938,4.37597656,-5.11132812,-10.8886719,-0.424804688,1.79980469,9.80761719
640,1,1,-7.56640625,9.69140625,-0.42578125,-2.1953125,1.11621094,-5.38964844,-7.51171875,0.247070312,-1.3046875,-2.92382812
641,8,8,-1.87988281,-9.77636719,0.41796875,0.918945312,-4.08984375,-0.250976562,-1.54199219,-11.40625,9.984375,-0.76953125
642,0,0,6.54003906,-9.18359375,0.0517578125,-3.86035156,-2.77636719,-1.34375,1.24609375,-1.03125,-3.26464844,-2.26074219
643,2,2,-2.31542969,4.29492188,14.1806641,0.75390625,-9.2109375,-9.05859375,-11.1884766,4.05371094,-1.51660156,-9.20996094
644,0,0,9.42773438,-7.91894531,2.05273438,-6.11035156,-5.88378906,-5.43457031,-0.41796875,-1.10253906,-0.0009765625,-0.700195312
645,5,5,-8.25585938,-8.79492188,-5.18457031,3.63867188,-3.85644531,10.1152344,-0.385742188,-15.3476562,2.71972656,3.20507812
646,2,6,-1.29882812,1.21972656,2.91992188,-4.55273438,1.59863281,-3.16894531,3.10253906,-2.53125,-2.48925781,-8.98535156
647,1,1,-5.53125,9.39941406,-0.8203125,-2.79199219,0.846679688,-5.72070312,-8.05664062,2.30078125,-2.34765625,-1.16699219
648,3,3,-9.64257812,-5.44824219,-0.830078125,14.8828125,-7.48339844,-0.453125,-18.2490234,-6.32421875,4.03222656,0.5390625
649,7,7,-3.02246094,-0.646484375,0.487304688,1.08203125,-3.75,-2.6015625,-11.3789062,8.70214844,-2.33886719,1.171875
650,6,6,2.25097656,-5.20898438,-3.61425781,-2.875,-2.35058594,2.04199219,9.86425781,-9.2890625,-1.83886719,-1.85839844
651,7,7,-4.90234375,-2.71484375,-0.640625,2.421875,-4.37304688,-2.91601562,-16.3886719,11.3496094,-2.20507812,2.14453125
652,1,1,-3.70996094,11.3554688,-2.3671875,-5.42578125,0.954101562,-5.66992188,-4.921875,0.774414062,-1.703125,-1.30566406
653,2,2,-2.23242188,3.45703125,12.3554688,0.971679688,-9.06347656,-7.44628906,-10.4658203,4.17871094,-0.909179688,-7.32226562
654,5,5,-2.00976562,-4.80859375,-0.958007812,-0.887695312,-6.62109375,7.48632812,-2.47851562,-5.39746094,3.51855469,-0.775390625
655,8,8,-3.61914062,-2.24707031,6.81933594,5.66894531,-9.23925781,-6.20800781,-12.1455078,-2.11230469,10.2109375,-8.15625
656,0,0,10.7773438,-5.58007812,2.00292969,-7.12402344,-9.00683594,-2.16015625,0.467773438,-1.74804688,-0.491210938,-3.71679688
657,3,3,-6.80957031,-3.25878906,1.32714844,13.9541016,-10.4697266,-1.96289062,-15.6708984,-4.09667969,4.29785156,-2.12304688
658,7,7,0.15625,-3.06738281,-2.984375,-6.79003906,2.50683594,-1.85546875,-8.73046875,8.88378906,-4.27734375,1.25585938
659,2,2,-4.76660156,4.55761719,5.41210938,0.331054688,-3.68945312,-7.953125,-12.5830078,4.53027344,0.583984375,-1.74707031
660,4,4,-5.48535156,-1.93261719,0.0673828125,-8.89160156,10.6914062,-6.34082031,-4.15917969,-1.44335938,-1.34667969,-2.92382812
661,0,0,6.25,-2.03808594,-0.873046875,-4.32714844,-2.31640625,-4.59179688,1.50585938,-2.29980469,-2.23925781,-2.28027344
662,9,9,-8.68945312,-9.00683594,-4.69921875,0.737304688,3.10546875,-1.21777344,-17.3466797,0.568359375,0.352539062,12.7158203
663,1,1,-3.84179688,10.8164062,-3.53222656,-5.31933594,1.66113281,-4.96972656,-4.04199219,-0.0146484375,-1.49511719,-0.96484375
664,8,8,-1.67675781,-3.37988281,3.85644531,-2.1015625,-6.62890625,0.30859375,-2.89453125,-4.48925781,8.76660156,-2.47363281
665,6,6,2.16796875,-9.14648438,-3.73242188,-6.56347656,0.717773438,-0.936523438,13.1972656,-10.0576172,-1.58691406,-2.32714844
666,7,7,-3.16601562,0.4296875,-1.41796875,-1.18164062,-1.2421875,-4.52246094,-11.4257812,9.54882812,-1.87890625,1.93847656
667,7,7,-1.8125,1.57128906,2.80761719,0.642578125,-4.89550781,-3.83398438,-8.63867188,5.89257812,-0.107421875,-1.29394531
668,4,4,-7.37402344,-3.06347656,-2.04199219,-3.78808594,7.94824219,-3.41503906,-5.16015625,-2.40820312,-1.51660156,-0.805664062
669,3,3,-6.6875,-2.46289062,1.56054688,11.3896484,-8.42773438,-2.33496094,-14.9082031,-0.124023438,2.02929688,-1.28808594
670,4,4,-8.68359375,1.61523438,-6.50976562,-7.64746094,11.3076172,-5.58789062,-8.6640625,1.53417969,0.138671875,2.203125
671,9,9,-2.72363281,-10.7529297,-0.4765625,-2.65332031,1.04296875,-3.24121094,-9.0625,0.645507812,-0.327148438,9.61230469
672,1,1,-1.85644531,9.65820312,-2.08398438,-6.11328125,0.284179688,-5.00683594,-1.20800781,0.185546875,-0.577148438,-2.70117188
673,9,9,-3.39355469,-11.4521484,-3.37304688,-3.48828125,2.78613281,-1.61621094,-9.6171875,-1.61523438,3.92578125,9.3046875
674,5,5,-8.85449219,-5.43457031,-4.03125,7.8203125,-4.42675781,8.8046875,-4.08691406,-12.6152344,-0.920898438,0.57421875
675,1,1,-3.13867188,10.1992188,-2.86132812,-5.3359375,1.24023438,-4.85351562,-2.96777344,0.130859375,-1.43164062,-1.52929688
676,7,7,-1.16796875,-4.08886719,6.47851562,1.53222656,-9.02929688,-5.55371094,-15.1337891,12.296875,-0.0166015625,-3.39746094
677,3,3,-3.99609375,-4.37988281,3.43847656,11.1679688,-10.1884766,-1.56933594,-7.62792969,-7.76464844,1.81152344,-6.93066406
678,9,9,-4.46386719,-10.0927734,-3.01367188,-3.62695312,3.46972656,-2.16894531,-9.54296875,-0.0546875,-0.541992188,10.6630859
679,7,7,-3.98828125,0.841796875,3.30175781,1.28027344,-6.3046875,-4.73535156,-14.7089844,11.1855469,-2.41992188,-0.607421875
680,6,6,-0.954101562,-9.36230469,-2.6015625,-9.88867188,3.95996094,-0.317382812,12.0546875,-11.2929688,-0.26953125,-3.5078125
681,9,9,-8.23632812,-12.9404297,-3.71875,1.84472656,0.705078125,0.0390625,-20.9765625,3.49902344,-0.274414062,13.0830078
682,1,1,-4.35742188,9.10839844,-1.61816406,-4.1484375,1.84375,-5.17871094,-5.04589844,1.64648438,-2.77441406,-0.969726562
683,3,3,-7.24121094,-2.71875,-2.97070312,9.64648438,-4.8125,3.04882812,-9.77734375,-7.88867188,0.0966796875,1.76660156
684,7,7,-10.0419922,1.64648438,4.37597656,5.29492188,-3.12695312,-6.76171875,-19.078125,6.6015625,-1.88769531,-1.44433594
685,8,8,-3.48535156,-4.11523438,2.79296875,0.206054688,-4.32226562,-3.79882812,-7.90136719,-0.80078125,7.93554688,1.74804688
686,3,3,-6.31738281,-3.734375,1.49023438,13.8955078,-9.43164062,-3.59277344,-17.90625,-1.5859375,2.21582031,0.657226562
687,3,3,-7.98144531,-3.05859375,1.14355469,12.2226562,-8.02148438,-1.875,-15.6962891,-2.70019531,3.41992188,0.572265625
688,6,6,0.182617188,-5.51171875,-2.95898438,-5.18261719,-1.66015625,2.875,11.1191406,-11.4736328,1.63671875,-4.56738281
689,7,7,-2.06933594,0.134765625,-3.83691406,-1.671875,1.59960938,-1.33203125,-7.77441406,5.23535156,-3.87890625,2.56640625
690,2,2,-2.50097656,0.637695312,11.9140625,2.60742188,-8.49511719,-8.94335938,-12.1875,1.78808594,2.50683594,-5.50976562
691,8,8,-10.6171875,-4.26855469,-1.68652344,-3.828125,3.86914062,-2.55566406,-7.76757812,-1.37597656,6.83886719,2.85449219
692,5,5,-3.01953125,-3.70019531,-6.234375,1.21191406,-6.64746094,8.44824219,-6.31347656,-1.04394531,0.90234375,1.89257812
693,8,8,-5.47363281,-1.890625,-2.63671875,-2.9921875,0.372070312,-3.06835938,-4.35742188,-4.36621094,10.078125,0.666015625
694,5,5,-6.54882812,-1.74609375,-8.61523438,-0.462890625,-3.65527344,10.7617188,-2.42871094,-8.05859375,4.28515625,0.048828125
695,1,1,-2.55664062,9.11230469,-2.67675781,-5.72460938,1.25390625,-5.04394531,-2.01660156,1.12792969,-1.25292969,-1.59960938
696,1,1,-3.29101562,6.36230469,0.911132812,-1.05175781,-3.78125,-2.27929688,-6.38769531,1.88867188,-0.950195312,-1.47753906
697,4,4,-8.31445312,-5.06445312,-2.82128906,-8.82128906,13.796875,-5.37597656,-8.953125,-3.82714844,-0.0712890625,2.16113281
698,4,4,-9.04589844,-6.71484375,-3.90429688,-6.16308594,9.33398438,-2.15039062,-9.97753906,-0.447265625,1.42675781,5.90625
699,3,3,-8.75390625,-4.78710938,-3.01757812,7.11230469,-2.76367188,1.25488281,-16.4130859,0.87109375,0.267578125,3.24902344
700,1,1,-7.39746094,9.12792969,-0.762695312,-2.70019531,0.0205078125,-3.40039062,-7.08984375,-0.788085938,-0.056640625,-1.96386719
701,0,0,10.5546875,-7.09570312,1.57226562,-3.52441406,-5.25488281,-5.35351562,-0.395507812,-4.36328125,-1.85058594,-2.75683594
702,7,7,-2.953125,-0.86328125,3.95703125,1.00683594,-6.34277344,-5.98535156,-14.6728516,10.7529297,-0.375976562,0.399414062
703,7,7,-6.69921875,-1.53320312,4.05664062,5.02734375,-3.98046875,-6.31054688,-18.3945312,10.8994141,-2.42089844,-2.15136719
704,0,0,8.47558594,-4.078125,1.64257812,-4.57714844,-4.61425781,-4.36914062,-1.65136719,-1.35058594,-1.33203125,-3.29101562
705,7,7,-3.78125,-1.72949219,0.25390625,1.515625,-3.37207031,-3.82617188,-14.6152344,10.7744141,-2.82714844,1.64453125
706,9,9,-7.53613281,-6.29492188,-6.1484375,-0.076171875,2.02246094,0.950195312,-13.6191406,1.56640625,-0.915039062,10.1953125
707,4,9,-7.6796875,-3.33398438,-4.33300781,-3.79101562,6.28027344,-5.01660156,-9.70898438,-1.22167969,2.73828125,6.57324219
708,4,4,-9.18554688,-2.78710938,-6.98730469,-7.24414062,10.6962891,-2.33496094,-6.62695312,-1.65625,0.952148438,4.50976562
709,8,8,-2.8046875,-3.86035156,3.31640625,4.08007812,-7.62988281,-5.01464844,-9.9765625,-4.38476562,11.2363281,-2.51074219
710,5,5,-5.04394531,-11.1845703,-8.06738281,4.87402344,-9.66503906,16.1933594,-7.06640625,-10.3378906,3.60058594,0.653320312
711,5,5,-8.3671875,-9.24511719,-5.25390625,7.20703125,-9.91503906,13.9638672,-5.72851562,-14.7783203,3.98925781,2.35253906
712,4,4,-5.88183594,-5.70410156,-2.58691406,-4.90820312,10.1845703,-4.328125,-9.55273438,-3.61621094,-3.15429688,4.58789062
713,0,0,8.21679688,-5.15332031,1.68164062,-4.99023438,-7.99902344,-1.6640625,-1.31445312,-1.02441406,-0.38671875,0.0234375
714,8,8,-3.01464844,-5.37304688,1.25585938,1.05664062,-4.52441406,0.260742188,-3.84375,-6.57617188,8.72949219,-1.63769531
715,2,2,0.228515625,-2.21582031,14.4951172,3.2890625,-11.8349609,-9.78417969,-12.4003906,3.94140625,1.97851562,-8.26855469
716,1,1,-1.25683594,7.71289062,0.44921875,-3.82617188,-2.78027344,-5.45800781,-6.74609375,4.15039062,-0.01171875,-2.43652344
717,0,0,3.76464844,-10.8476562,-0.540039062,-0.830078125,-3.49023438,1.390625,3.48339844,-4.67285156,-3.58886719,-1.42382812
718,8,8,-2.49902344,-3.98046875,2.88183594,0.358398438,-5.07421875,-4.47363281,-6.54589844,-3.44140625,9.32324219,0.361328125
719,4,4,-10.4394531,-10.2402344,-5.84863281,-8.38378906,13.0595703,-1.10253906,-9.22167969,-4.49902344,2.50195312,5.38085938
720,5,8,-6.69433594,-5.60058594,-0.48046875,0.0390625,-4.30859375,4.58984375,2.40917969,-11.2050781,8.75390625,-4.90625
721,0,0,9.23144531,-6.52246094,0.94921875,-2.32324219,-8.58496094,-0.579101562,-0.400390625,-3.89746094,-2.62207031,-0.205078125
722,4,4,-7.859375,-8.04980469,-4.84082031,-9.9609375,14.0117188,-5.76074219,-9.38183594,-1.18554688,-1.62402344,6.12988281
723,0,0,5.5625,-5.4375,-1.18164062,-5.63183594,1.05371094,-4.80371094,1.13964844,-2.79003906,-2.55175781,-1.49609375
724,6,6,-0.357421875,-3.82617188,-1.49804688,-1.88671875,-1.45117188,1.05566406,9.26464844,-8.3046875,-1.34863281,-3.98828125
725,1,1,-2.015625,8.67578125,-2.27148438,-5.56347656,0.612304688,-3.97363281,-0.872070312,-0.123046875,-0.95703125,-1.95898438
726,7,9,-6.61035156,-2.66308594,-2.75488281,-0.119140625,-1.13085938,2.61132812,-8.3828125,1.95410156,-0.90625,2.94921875
727,3,3,-5.92480469,-1.61621094,2.98632812,11.5732422,-11.1630859,-1.24414062,-12.1074219,-3.91503906,3.03710938,-3.01757812
728,2,2,-0.283203125,-2.23730469,11.7734375,2.82128906,-11.2695312,-10.2490234,-13.7822266,4.45703125,4.49902344,-4.17675781
729,6,6,-0.543945312,-8.48730469,-3.09863281,-2.2421875,-4.54980469,4.59765625,12.9121094,-16.4882812,2.26757812,-6.40625
730,7,7,3.38378906,-4.67480469,-2.15234375,-4.41992188,-3.62011719,-0.0185546875,-4.93652344,7.25976562,-2.16015625,0.516601562
731,2,2,0.318359375,-4.46386719,12.3388672,-0.4921875,-5.1953125,-8.91503906,-7.69042969,1.97851562,-0.262695312,-6.47363281
732,6,6,1.77929688,-8.40332031,-3.70996094,-7.27929688,0.958007812,-1.8359375,12.5742188,-9.58691406,-0.725585938,-0.370117188
733,9,9,-11.0410156,-9.06445312,-5.90527344,0.665039062,3.00683594,-0.0087890625,-16.9033203,-0.876953125,2.44628906,12.9052734
734,3,3,-8.66992188,-2.09375,-2.30859375,10.6044922,-5.88183594,2.02929688,-14.2773438,-5.609375,0.4453125,2.45507812
735,1,1,-4.78808594,9.69628906,-0.18359375,-3.92578125,0.231445312,-3.99804688,-3.49121094,-0.478515625,-1.59179688,-2.92578125
736,4,4,-4.72460938,-9.65234375,-3.30957031,-9.50683594,10.9570312,-6.30175781,-2.25488281,-6.84277344,0.795898438,3.09667969
737,6,6,3.72851562,-10.5878906,-2.98242188,-5.79882812,0.740234375,-1.45800781,10.2607422,-8.93652344,-3.10839844,-0.264648438
738,2,2,1.36425781,-2.32519531,10.6357422,2.71289062,-11.5332031,-7.04199219,-8.73535156,-0.033203125,5.27636719,-6.04296875
739,5,5,-5.30664062,-8.92480469,-4.77734375,4.77734375,-5.91503906,11.59375,-0.362304688,-13.6816406,-0.588867188,2.36621094
740,4,9,-8.94824219,-3.14746094,-4.02539062,-0.499023438,6.046875,-3.04785156,-15.0908203,1.79394531,-2.65136719,6.80273438
741,2,2,0.251953125,-0.66796875,11.8789062,1.65039062,-10.1582031,-9.97363281,-11.8027344,4.63671875,2.640625,-5.56738281
742,0,0,12.0927734,-8.22949219,2.8203125,-8.0078125,-8.92382812,-4.28613281,0.356445312,-1.38964844,-0.780273438,-3.63476562
743,6,6,-0.5390625,-3.86230469,-2.64648438,-2.18945312,-0.834960938,1.24609375,10.1503906,-10.3583984,-1.80761719,-4.38476562
744,2,2,-1.65429688,-0.631835938,11.5683594,0.95703125,-5.34277344,-6.94238281,-10.9785156,2.66113281,-0.706054688,-6.18164062
745,1,1,-2.57324219,11.3828125,-3.81640625,-7.46972656,2.34277344,-6.36914062,-2.3203125,1.74609375,-1.47949219,-3.20117188
746,7,7,-4.13671875,-1.49023438,1.19140625,0.83203125,-4.13671875,-3.58886719,-14.0976562,9.84667969,-1.93554688,2.71777344
747,3,3,-6.28222656,-4.05761719,-0.73046875,12.3769531,-9.53417969,1.07421875,-13.1328125,-3.75878906,2.4765625,0.37109375
748,4,4,-7.08398438,-5.4296875,-2.24316406,-5.42089844,11.1279297,-4.98828125,-11.25,-2.20703125,-3.16796875,5.22070312
749,1,1,-2.01269531,8.38769531,-1.70214844,-5.13378906,0.499023438,-3.875,-2.08300781,0.463867188,-0.75390625,-1.40136719
750,0,0,9.64941406,-6.25097656,0.342773438,-6.91308594,-4.18554688,-4.1640625,2.37109375,-4.140625,0.154296875,-1.8203125
751,5,5,-5.77734375,-13.2529297,-6.55175781,3.82910156,-9.41308594,16.5263672,-1.58105469,-15.6259766,3.54101562,3.57617188
752,4,4,-5.35546875,-1.69726562,-5.81640625,-8.55273438,13.3828125,-8.96582031,-8.18359375,-0.426757812,-2.75195312,2.51074219
753,3,3,-7.11328125,-6.69921875,3.22363281,14.6396484,-8.50878906,-3.15429688,-19.6660156,-2.76171875,3.11132812,0.541015625
754,1,1,-2.27636719,9.04199219,-2.0703125,-5.65039062,0.649414062,-4.69824219,-1.828125,0.766601562,-1.00585938,-1.69042969
755,1,1,-4.43457031,8.41210938,-1.92773438,-4.20410156,1.06054688,-3.29980469,-4.28125,0.283203125,-1.25878906,-0.477539062
756,7,7,-3.47851562,-0.6640625,4.3984375,1.29492188,-6.3203125,-6.67773438,-16.3603516,12.8847656,-2.03027344,-1.04882812
757,4,4,-9.33691406,-2.39355469,-7.45214844,-6.82324219,12.8847656,-4.984375,-10.7255859,-0.9921875,-0.748046875,5.95996094
758,9,9,-5.90429688,-8.45605469,-3.39550781,-2.1875,2.86621094,-3.7890625,-13.4931641,2.08300781,2.04394531,10.9208984
759,9,9,-6.55175781,-8.21484375,-3.45898438,2.65625,-1.95996094,0.708007812,-13.2412109,-0.47265625,2.12988281,9.94726562
760,4,4,-5.05859375,-1.23925781,-4.96875,-3.4296875,7.52734375,-5.34667969,-8.140625,0.43359375,-2.46582031,4.58496094
761,8,8,2.90917969,-3.05664062,2.21875,-3.39550781,-5.75878906,-2.14453125,1.33886719,-6.60742188,5.48046875,-5.01953125
762,4,4,-5.65625,-10.7666016,-5.22070312,-11.0126953,13.1416016,-4.81445312,-1.55371094,-7.59863281,-0.416992188,4.97265625
763,0,0,10.1259766,-10.0185547,1.73632812,-0.296875,-12.8710938,0.317382812,-0.989257812,-2.12402344,-3.52832031,-1.11816406
764,2,2,-0.197265625,-7.48144531,9.86621094,0.467773438,-6.43652344,-10.3759766,-12.6455078,6.02441406,1.9609375,-1.00878906
765,4,4,-6.93652344,-2.06640625,-7.00292969,-9.57324219,12.7089844,-5.53710938,-5.28222656,-0.82421875,-0.71484375,3.32617188
766,5,5,-6.91894531,-14.8828125,-7.50976562,2.796875,-10.8408203,18.5283203,1.53320312,-18.4863281,7.29199219,2.87597656
767,1,1,-2.06738281,8.95996094,-1.30859375,-5.80664062,1.09667969,-5.91894531,-2.06054688,1.62988281,-1.12792969,-2.79492188
768,1,1,-3.00976562,10.6757812,-2.62597656,-6.77636719,1.31445312,-5.02539062,-1.38378906,-1.15722656,-0.916015625,-2.40625
769,6,6,1.30175781,-6.08300781,-3.953125,-5.03515625,-2.61621094,2.2421875,12.5214844,-13.0283203,1.58300781,-3.265625
770,4,4,-3.37695312,-3.91015625,-3.03613281,-13.4580078,12.4619141,-9.1953125,-5.49121094,-1.31933594,1.03417969,1.81152344
771,7,7,-1.390625,-4.94238281,-1.58203125,-2.74121094,-1.91601562,-2.31835938,-11.3232422,11.0185547,-2.10839844,3.87988281
772,1,1,-4.515625,8.9609375,-1.60058594,-3.90039062,1.02832031,-5.28417969,-6.81054688,2.39453125,-2.18652344,-0.21484375
773,9,9,-7.19921875,-7.23339844,-4.125,0.15625,2.77539062,-2.72460938,-14.9658203,1.73242188,0.426757812,10.7851562
774,4,4,-8.46875,-2.64355469,-4.92871094,-2.12207031,7.37402344,-1.84472656,-9.359375,-1.52832031,-1.02832031,5.25292969
775,2,2,-0.0751953125,-0.96875,13.3232422,2.0390625,-10.5957031,-10.2089844,-12.3544922,5.8515625,0.309570312,-7.94335938
776,4,4,-10.1210938,-7.5546875,-2.20605469,-5.59277344,10.2578125,-0.127929688,-5.09375,-7.32128906,0.166015625,0.202148438
777,1,1,-5.06542969,9.05175781,-1.77734375,-3.90722656,0.267578125,-4.97753906,-6.26660156,-0.0625,0.362304688,-1.4296875
778,5,5,-7.00976562,-12.1855469,-5.703125,-1.16992188,-4.92773438,14.1552734,3.640625,-16.1894531,5.59375,2.65527344
779,5,5,-1.85253906,-5.59863281,-4.95703125,1.04101562,-7.80566406,10.9677734,-0.412109375,-7.65332031,1.84667969,-0.216796875
780,3,3,-3.38574219,-1.31152344,-1.99414062,9.50878906,-8.75390625,3.65429688,-10.0986328,-2.09472656,-3.46875,-3.34082031
781,8,8,-4.84667969,-2.93164062,-0.266601562,1.92675781,-3.12109375,0.091796875,-3.08496094,-5.87207031,7.15429688,-2.15722656
782,3,3,-8.21191406,0.5859375,3.85351562,11.4140625,-7.31152344,-3.8515625,-13.5,-3.37695312,2.11328125,-6.55859375
783,1,1,-3.15527344,9.04589844,-2.08984375,-4.55371094,1.13964844,-4.30175781,-3.15234375,0.169921875,-1.44726562,-1.09375
784,4,4,-10.6181641,-5.6640625,-6.18554688,-5.49316406,12.1474609,-2.76660156,-9.65234375,-3.22558594,0.647460938,4.15234375
785,5,5,-5.60546875,-6.77246094,-4.984375,5.04394531,-7.68652344,11.2705078,-3.34960938,-10.4628906,1.89941406,0.974609375
786,6,6,0.81640625,-5.78808594,-0.822265625,-0.421875,-4.48925781,3.29785156,7.52734375,-9.96777344,0.251953125,-5.45214844
787,8,8,-6.09570312,-9.07421875,1.50878906,4.40820312,-5.29980469,-4.09765625,-11.1699219,-4.05957031,11.6533203,3.9765625
788,9,9,-7.15527344,-9.38085938,-5.09375,-0.33203125,2.73828125,-0.606445312,-14.6259766,-0.9765625,1.45996094,12.3642578
789,4,4,-4.11621094,-2.6171875,-5.26367188,-6.8671875,8.54785156,-3.84277344,-2.10253906,-1.95898438,-2.2734375,3.0703125
790,1,1,-1.58789062,9.36914062,-3.11523438,-5.7734375,-1.12207031,-3.85449219,-1.60253906,-1.07714844,0.420898438,-2.46582031
791,5,5,-7.40722656,-10.1298828,-5.40917969,0.573242188,-2.29101562,9.99804688,-7.01464844,-4.61621094,1.56347656,5.03613281
792,3,3,-6.765625,-3.88476562,2.40527344,16.8095703,-12.7490234,-2.08496094,-19.2451172,-2.66992188,3.30078125,-1.79492188
793,8,8,-3.54296875,-6.89355469,1.50097656,0.708007812,-4.42089844,-3.6328125,-5.63378906,-4.98828125,11.8623047,-0.659179688
794,0,0,10.8417969,-6.80078125,-0.0322265625,-7.23925781,-4.73242188,-5.37597656,1.22753906,-3.00195312,-0.485351562,-0.899414062
795,3,3,-5.74121094,0.706054688,1.4453125,7.06152344,-4.98925781,-0.271484375,-8.22167969,-4.59082031,-1.59179688,-2.1796875
796,2,2,-1.58203125,-6.46191406,16.5810547,-0.307617188,-4.12695312,-9.97265625,-9.75878906,1.25878906,1.48339844,-10.9707031
797,5,5,-1.19824219,-0.926757812,-1.66601562,-1.87890625,-8.64550781,6.85058594,-1.44921875,-3.07910156,2.87988281,-0.731445312
798,1,1,-6.89941406,8.09863281,-1.16796875,-2.57519531,0.571289062,-4.38476562,-7.07519531,0.091796875,0.109375,-1.52734375
799,2,2,-4.44140625,1.78027344,15.5605469,0.41796875,-5.18261719,-10.4072266,-12.65625,5.82226562,-3.82519531,-10.5429688
800,8,8,-0.706054688,-8.01171875,0.600585938,0.859375,-4.16699219,-0.137695312,-1.6640625,-10.6484375,8.11425781,-1.63085938
801,3,3,-8.68359375,-4.04003906,-0.322265625,12.1083984,-3.68261719,-0.64453125,-11.4726562,-7.20996094,0.494140625,-3.85449219
802,4,4,-3.56738281,-3.72070312,-3.35644531,-11.3349609,10.6884766,-4.7890625,-3.85839844,0.7890625,-0.2109375,0.24609375
803,4,4,-4.98339844,-6.265625,-3.578125,-12.34375,13.2373047,-5.20117188,-2.50585938,-4.49902344,0.0361328125,-0.23046875
804,0,0,8.41699219,-12.1630859,0.2265625,-2.0078125,-8.53320312,-0.307617188,1.43652344,-2.93261719,-2.43261719,1.20703125
805,8,8,-1.328125,-4.24023438,0.859375,1.64453125,-8.26464844,-0.979492188,-7.85742188,-3.57226562,10.1855469,-0.919921875
806,8,8,-6.30566406,-5.55371094,0.658203125,2.19433594,-3.78710938,-1.83496094,-5.40527344,-6.84179688,12.4228516,-2.55566406
807,3,3,-9.84960938,-5.71582031,-1.87207031,15.5371094,-8.89550781,2.82910156,-13.8583984,-10.9384766,3.87207031,0.196289062
808,3,3,-5.54394531,-3.80859375,-2.4453125,11.4101562,-7.62890625,4.20605469,-9.62011719,-7.5,-2.16015625,0.635742188
809,1,1,-2.05273438,7.5234375,-2.01269531,-4.09765625,0.072265625,-2.69824219,-2.33203125,0.286132812,-0.830078125,-0.96875
810,7,7,-1.15039062,-3.16015625,8.29003906,-0.577148438,-6.27050781,-7.54492188,-12.3369141,8.61914062,-2.50390625,-3.07910156
811,3,3,-4.44628906,-3.30175781,0.508789062,13.1464844,-11.3398438,-0.6640625,-15.6318359,-1.68066406,1.23144531,0.323242188
812,5,5,-7.84082031,-14.7451172,-5.5703125,3.83203125,-9.08984375,17.6943359,1.25,-19.40625,5.17871094,2.90332031
813,9,9,-4.53027344,-11.2568359,-1.70019531,-4.0546875,1.171875,-4.27832031,-11.03125,0.814453125,7.05371094,9.91503906
814,6,6,-1.22949219,-5.27050781,-1.44140625,-4.42773438,0.891601562,0.33984375,11.4658203,-11.1318359,-1.66113281,-7.03222656
815,3,3,-4.13476562,-2.81542969,-0.01171875,11.2373047,-8.59667969,0.076171875,-12.2802734,-4.34863281,0.291992188,0.61328125
816,2,2,-0.572265625,3.78222656,14.7734375,2.80078125,-13.0839844,-10.9638672,-14.0214844,3.57128906,1.59375,-8.5546875
817,6,6,4.11035156,-7.96777344,-2.38867188,-8,2.05859375,-2.94140625,9.12011719,-6.49609375,-2.68945312,-1.80175781
818,1,1,-3.20410156,9.3671875,0.986328125,-5.97949219,-1.67871094,-3.94042969,0.288085938,-4.05761719,0.1640625,-6.65039062
819,3,3,-7.09277344,-3.36816406,-1.62695312,14.9951172,-8.40234375,1.66699219,-13.9863281,-7.05273438,-0.35546875,-0.994140625
820,6,6,1.63378906,-9.81640625,-2.90234375,-4.11328125,-2.48144531,1.43652344,13.6708984,-14.3798828,0.614257812,-4.81640625
821,0,0,9.28125,-6.61425781,-0.124023438,-6.07617188,-6.0859375,-1.86230469,2.06835938,-3.77441406,-1.03222656,0.506835938
822,7,7,-0.682617188,-5.88378906,-0.6640625,1.33691406,-7.72558594,1.265625,-12.1308594,11.6328125,-3.66503906,0.548828125
823,2,2,-0.1640625,-5.66699219,8.0625,-1.99609375,-4.87792969,-6.39160156,-5.1484375,0.286132812,1.375,-1.61132812
824,1,1,-1.58496094,9.39257812,-2.01855469,-6.65136719,0.431640625,-4.16894531,-0.58984375,-0.290039062,-0.510742188,-2.40429688
825,7,7,-3.26660156,-3.30957031,-0.216796875,0.385742188,-3.52539062,-3.71777344,-14.375,12.1191406,-2.27832031,2.24902344
826,1,1,-3.0859375,10.1884766,-2.95117188,-5.76171875,1.24316406,-4.65136719,-2.07324219,-0.708984375,-0.793945312,-1.83789062
827,4,4,-7.70214844,-1.42871094,-3.81445312,-6.53320312,7.65722656,-3.60546875,-6.27050781,-0.250976562,3.34667969,3.28027344
828,2,2,-0.759765625,-0.596679688,11.3886719,2.77050781,-9.79101562,-5.88964844,-7.29785156,-0.0791015625,3.74316406,-8.01269531
829,4,4,-5.61621094,-1.57617188,0.288085938,-7.26855469,7.53515625,-6.34667969,-7.078125,-0.8359375,3.33398438,0.02734375
830,2,2,-3.21679688,0.999023438,9.2265625,-1.59082031,0.2109375,-8.37011719,-8.67382812,2.66503906,0.598632812,-7.15332031
831,1,1,-3.03320312,9.37890625,-2.56738281,-4.7265625,0.708984375,-6.61621094,-6.51953125,3.3046875,-1.828125,-0.211914062
832,7,7,-6.34277344,-1.65625,0.567382812,3.12988281,-0.58984375,-5.91113281,-16.7050781,9.93457031,-2.75292969,-0.138671875
833,9,9,-6.71777344,-4.97558594,-7.08105469,-1.97558594,5.0625,-0.329101562,-14.0917969,3.07128906,-2.87109375,9.18359375
834,6,6,-3.52734375,1.84277344,1.07128906,-2.99707031,-1.35742188,-0.883789062,7.78027344,-9.68457031,-0.612304688,-10.3144531
835,1,1,-2.01171875,8.25195312,-1.74316406,-5.52148438,0.682617188,-4.53222656,-1.47363281,1.03222656,-1.01464844,-1.87597656
836,1,1,-1.53222656,9.73046875,-1.19042969,-6.23144531,0.11328125,-5.7109375,-1.74316406,0.932617188,-0.229492188,-3.43066406
837,2,2,-0.739257812,3.18945312,9.06933594,-0.534179688,-8.45898438,-4.87402344,-5.70996094,-0.216796875,2.53125,-5.94238281
838,4,4,-8.68652344,-6.09570312,-4.00292969,-8.60058594,12.6113281,-2.171875,-6.44433594,-2.20703125,-1.68652344,2.65820312
839,8,8,-1.3828125,-5.54785156,-0.87890625,2.11816406,-5.06054688,0.150390625,-1.33496094,-13.4169922,6.9453125,-3.49804688
840,1,1,-1.15332031,10.1025391,-2.37109375,-7.28515625,0.157226562,-6.81738281,-3.2265625,2.00097656,0.0419921875,-1.99609375
841,7,7,-2.14453125,-5.08203125,1.39746094,-1.70703125,-0.7890625,-3.50195312,-9.97265625,9.12792969,-2.27539062,0.607421875
842,7,7,-3.10253906,0.543945312,2.15332031,1.578125,-4.06738281,-4.70019531,-12.1269531,8.44921875,-1.59570312,0.0146484375
843,4,4,-8.51953125,-7.04882812,-5.57421875,-10.0458984,14.4794922,-3.0546875,-6.7265625,-3.76074219,-1.10058594,3.89941406
844,8,8,-5.3125,-2.44433594,1.86132812,0.249023438,-2.63769531,-1.55664062,-4.64160156,0.80078125,4.39160156,-1.53613281
845,0,0,9.91113281,-5.45019531,1.27636719,-4.27539062,-6.83789062,-3.76464844,-2.40234375,-0.784179688,-0.166992188,-2.61132812
846,7,7,2.84960938,-6.65527344,0.892578125,-3.97558594,-4.24121094,-4.79394531,-7.94824219,7.08984375,-0.200195312,3.78222656
847,3,3,-8.18554688,-2.77734375,1.44628906,13.1425781,-10.3652344,-1.29296875,-15.4873047,-3.41601562,5.23828125,-2.73339844
848,1,1,-1.46582031,10.3203125,-4.66210938,-7.75097656,1.40820312,-3.75585938,0.475585938,0.247070312,-0.635742188,-4.18457031
849,3,3,-5.60449219,-5.91308594,1.59277344,14.0371094,-11.4755859,0.778320312,-9.95703125,-8.99121094,2.66015625,-1.82421875
850,1,1,-2.27148438,10.6650391,-0.228515625,-5.98730469,-0.426757812,-7.15234375,-4.96582031,1.53125,-0.147460938,-2.03515625
851,0,0,10.5048828,-4.91503906,-0.959960938,-6.69628906,-5.06152344,-4.578125,2.52929688,-4.69140625,-0.1015625,-1.2578125
852,7,7,-2.36425781,-1.85449219,-0.294921875,0.108398438,-2.37597656,-2.75,-11.1035156,9.60449219,-2.79199219,1.13378906
853,7,7,-3.76367188,0.598632812,1.38183594,0.581054688,-4.61621094,-6.90820312,-16.1191406,11.9423828,0.361328125,-0.234375
854,0,0,9.66894531,-6.71484375,0.14453125,-7.171875,-3.9609375,-5.07128906,0.616210938,-2.29589844,0.418945312,-0.46875
855,3,3,-7.94042969,-4.96191406,0.166015625,14.1425781,-8.8515625,-1.80761719,-17.5273438,-2.56640625,3.35351562,0.384765625
856,5,5,-1.49609375,-5.12402344,-4.96679688,3.46582031,-7.90234375,9.33203125,-5.16015625,-4.23242188,0.01171875,-0.259765625
857,5,5,-7.14550781,-4.20605469,-6.3125,5.109375,-7.37011719,11.3349609,-3.50878906,-12.5322266,0.965820312,2.41894531
858,2,2,-1.33398438,-2.35546875,10.6103516,-2.22558594,-1.83886719,-10.4482422,-8.48925781,2.76757812,2.74902344,-6.11035156
859,7,7,-2.69628906,-1.15820312,-0.916992188,-1.46777344,-1.33398438,-2.48535156,-10.5322266,9.25292969,-2.66113281,2.02734375
860,6,6,0.037109375,-8.015625,-2.39550781,-4.5625,-1.39257812,0.916015625,13.515625,-12.8085938,-0.421875,-4.07421875
861,6,6,0.643554688,-6.2734375,-2.04980469,-3.46777344,-0.3828125,0.779296875,9.29101562,-9.80175781,-0.821289062,-3.24414062
862,9,9,-7.20898438,-9.89746094,-5.2890625,-1.83984375,3.13476562,0.379882812,-13.8105469,-0.326171875,2.36035156,11.5771484
863,2,2,-2.33203125,-3.28808594,10.5791016,-2.18457031,-1.16015625,-6.86328125,-6.39160156,0.625,3.27734375,-7.59960938
864,8,8,-4.38476562,-10.6425781,0.913085938,1.77734375,-5.71386719,0.673828125,-7.30566406,-9.97363281,15.2763672,-0.419921875
865,3,3,-5.34765625,-3.76660156,0.0947265625,10.8076172,-7.4375,0.772460938,-12.6660156,-4.31933594,0.106445312,1.23339844
866,5,5,-3.8046875,-10.6738281,-4.05273438,-3.35839844,-4.53515625,10.4033203,3.74316406,-11.9130859,6.75,1.6953125
867,2,2,0.42578125,1.84082031,11.6689453,0.01171875,-9.73046875,-7.12109375,-7.81835938,1.97949219,1.12402344,-6.70507812
868,2,2,-0.803710938,-4.13769531,7.76269531,-0.875,-2.03613281,-8.15820312,-8.06933594,2.0546875,0.991210938,-1.95996094
869,5,5,-8.53808594,-9.50976562,-9.46875,5.0390625,-9.64941406,16.4121094,-6.91210938,-12.4638672,5.41113281,3.52929688
870,6,6,-0.428710938,-3.41308594,-1.2890625,-3.58789062,-3.72949219,3.77148438,9.34082031,-10.3798828,2.74902344,-7.49316406
871,0,0,11.4677734,-7.43457031,0.6015625,-7.75585938,-5.04785156,-5.64257812,1.03613281,-2.9609375,-1.01757812,-2.49511719
872,8,8,-6.17578125,-7.17773438,-0.541992188,0.842773438,-2.97363281,-3.9921875,-11.1445312,-0.890625,9.71582031,5.86132812
873,2,2,-1.94042969,0.163085938,11.9121094,0.263671875,-6.85546875,-9.50976562,-12.8496094,5.85546875,-2.87695312,-4.68164062
874,9,9,-4.99121094,-3.19140625,-4.16210938,-1.9296875,4.46679688,-6.57519531,-11.6435547,0.407226562,1.02441406,7.63476562
875,2,2,0.7734375,-4.75390625,10.5869141,-0.0048828125,-7.05664062,-8.56933594,-8.9453125,2.21386719,4.34277344,-5.13964844
876,8,8,-7.75390625,-8.44726562,4.64355469,3.35449219,-5.67480469,-1.17773438,-6.95214844,-9.00878906,14.6708984,-6.17480469
877,8,8,-2.14453125,-5.21777344,0.758789062,-5.63671875,-1.58300781,-0.771484375,3.68066406,-9.38183594,8.58300781,-3.03320312
878,8,8,-0.995117188,-10.859375,1.90234375,1.40429688,-6.95507812,-1.54296875,-6.8515625,-5.56054688,9.94824219,2.45605469
879,8,8,-5.73730469,-4.24511719,2.203125,3.01855469,-4.90625,0.98828125,-2.93261719,-8.875,9.5859375,-7.09667969
880,7,7,-2.61132812,-2.171875,5.43066406,1.06054688,-6.87695312,-5.03125,-14.7011719,11.7783203,-1.49902344,-1.36523438
881,4,4,-12.9423828,-3.89453125,-7.48632812,-2.73632812,10.0253906,-2.09960938,-13.390625,-3.09375,0.60546875,7.07910156
882,9,7,-3.62109375,-0.19140625,-3.70507812,-4.19042969,3.89257812,-5.61328125,-7.51074219,4.91308594,-1.265625,4.47363281
883,3,3,-4.97070312,-1.06835938,-0.716796875,6.09863281,-5.97460938,3.62304688,-6.5078125,-3.79394531,-0.9140625,-0.251953125
884,0,0,8.82714844,-6.45019531,1.24023438,-4.52246094,-4.93652344,-5.046875,0.16015625,-2.20410156,-0.0458984375,-1.07324219
885,6,6,-2.34570312,-1.9609375,-0.680664062,-5.15136719,1.64160156,0.510742188,8.85644531,-7.32324219,-2.26269531,-6.74902344
886,6,6,1.79199219,-6.8203125,-2.05371094,-4.8125,-1.07128906,-0.874023438,11.1308594,-9.51074219,-1.07226562,-2.02148438
887,3,3,-7.83007812,-4.40820312,-1.26367188,12.1572266,-7.9140625,2.49804688,-12.0195312,-10.1757812,3.06835938,1.16992188
888,2,2,-2.62695312,-1.59667969,11.8164062,-1.67773438,-2.10058594,-12.5449219,-12.2705078,5.65332031,-0.587890625,-5.96191406
889,1,1,-3.80761719,9.73632812,-2.23632812,-4.94726562,1.2578125,-4.85351562,-3.43554688,0.415039062,-1.44824219,-1.08105469
890,3,3,-8.07519531,-4.88085938,-2.75488281,10.5322266,-7.17285156,6.18652344,-7.8515625,-11.3193359,1.78027344,0.125976562
891,2,2,0.194335938,2.96972656,13.5400391,0.571289062,-10.6943359,-8.18066406,-8.25097656,0.641601562,2.60253906,-11.1191406
892,2,2,-2.79589844,-1.43457031,12.109375,-1.33691406,-6.25976562,-8.17480469,-8.06054688,4.1953125,0.23046875,-5.77734375
893,9,9,-3.76171875,-9.16699219,-1.39550781,-0.721679688,-0.787109375,-3.64941406,-14.6015625,6.203125,-0.591796875,9.27734375
894,3,3,-1.48828125,-6.03613281,3.46191406,6.95117188,-7.89453125,-2.5625,-2.37207031,-8.19335938,3.53320312,-8.24609375
895,0,0,8.52734375,-4.23925781,0.771484375,-6.70996094,-5.0625,-3.48144531,3.58398438,-6.02050781,1.03222656,-4.4921875
896,0,0,4.37402344,-6.53710938,-0.766601562,-6.66503906,1.66308594,-3.95703125,2.1015625,-3.4453125,-3.35546875,-0.900390625
897,5,5,-3.20898438,-10.8339844,-4.87695312,-1.95800781,-7.08886719,14.4013672,4.42480469,-14.2470703,3.91210938,1.80566406
898,7,7,-6.42382812,0.307617188,4.640625,3.55957031,-3.82324219,-9.39941406,-16.1806641,9.67578125,0.810546875,-4.08691406
899,8,8,-5.12792969,-7.64257812,0.444335938,2.2421875,-6.04003906,0.849609375,-4.70800781,-9.26855469,13.9384766,-4.79199219
900,1,1,-6.43652344,4.46972656,-2.02734375,2.18945312,-0.580078125,-0.841796875,-4.85546875,-4.62988281,-1.49511719,-1.2109375
901,4,4,-10.2705078,-7.23730469,-5.35449219,-5.86523438,12.9277344,-2.98828125,-13.3232422,-0.607421875,-0.392578125,5.26953125
902,4,4,-10.1728516,-1.5,-8.11328125,-3.74121094,8.84765625,-2.015625,-11.4306641,1.80664062,-0.987304688,5.03515625
903,6,6,-0.197265625,-10.2578125,-3.20800781,-3.86523438,-0.444335938,1.38769531,11.3242188,-13.8867188,0.149414062,-0.875
904,0,0,9.97851562,-9.15625,-0.692382812,-7.40429688,-8.17382812,-0.684570312,0.774414062,-1.07519531,0.6796875,0.708007812
905,2,2,-1.38378906,-2.57617188,13.328125,0.091796875,-9.00683594,-7.7421875,-11.1025391,6.13476562,-2.05566406,-5.75
906,9,9,-5.73925781,-10.5205078,-4.57421875,-0.915039062,3.05566406,0.8046875,-15.4091797,2.91601562,-1.66113281,10.3105469
907,1,1,-2.39550781,8.97070312,-1.72460938,-5.6640625,1.42871094,-5.17871094,-2.12402344,1.72753906,-2.0234375,-2.53125
908,4,4,-6.95507812,0.068359375,-3.77441406,-9.89453125,12.6162109,-7.28320312,-8.61328125,1.84765625,-1.703125,1.42773438
909,7,7,-4.74804688,-1.77929688,-1.99804688,2.03417969,-2.234375,0.0791015625,-11.0820312,7.30566406,-3.10742188,1.65722656
910,4,4,-7.96777344,-3.77441406,-5.8984375,-10.7255859,14.2597656,-4.12695312,-9.04492188,0.2890625,-1.2265625,4.04394531
911,7,7,-4.10058594,0.13671875,2.86230469,1.0625,-4.82617188,-8.3203125,-17.3232422,13.6865234,-1.70703125,-1.36328125
912,3,3,-8.22265625,-6.40527344,-4.04394531,17.2285156,-11.4912109,4.15625,-17.2119141,-9.60253906,2.19921875,3.04296875
913,9,9,-5.94726562,-9.86425781,-3.18164062,-3.37597656,3.03808594,-0.408203125,-9.49511719,-1.22460938,0.666992188,10.8984375
914,8,8,-3.734375,-2.56933594,-0.0986328125,0.349609375,-5.16894531,0.0078125,-2.66992188,-8.35253906,10.2050781,-2.35351562
915,8,8,-4.44140625,-0.234375,0.775390625,0.3046875,-4.27832031,-0.840820312,-3.29882812,-6.83398438,7.56933594,-3.21289062
916,4,4,-2.14355469,-13.8496094,2.95703125,-8.31738281,8.49023438,-4.61132812,-4.68847656,-2.77441406,1.12890625,-1.54394531
917,7,7,-3.21972656,-2.87402344,0.30859375,1.16699219,-4.671875,-2.02832031,-13.3837891,11.0146484,-2.67773438,1.50878906
918,1,1,-3.29882812,7.59960938,-2.01464844,-3.48632812,1.12695312,-3.37304688,-3.39746094,0.650390625,-1.99511719,-0.404296875
919,2,2,-2.56933594,2.03613281,9.48144531,0.889648438,-5.98730469,-5.27734375,-7.50585938,4.05175781,-2.89257812,-9.06835938
920,1,1,-2.87402344,7.80273438,-2.31738281,-4.62011719,1.25,-4.29589844,-2.8671875,1.63378906,-1.7890625,-0.639648438
921,2,2,-1.33203125,-4.05175781,14.0986328,-0.791015625,-3.51855469,-11.1289062,-10.3417969,5.40527344,-0.74609375,-9.80078125
922,2,2,-0.01171875,0.430664062,11.2001953,1.37304688,-9.52636719,-7.14257812,-9.44726562,3.07910156,1.35449219,-5.74902344
923,3,3,-6.83105469,-6.20800781,-0.21484375,17.8378906,-13.1416016,-0.635742188,-20.8320312,-2.68652344,2.37402344,1.66894531
924,2,2,-2.57324219,-2.09765625,8.27246094,2.19335938,-8.07519531,-7.18359375,-13.2617188,7.88574219,1.29785156,-3.06835938
925,3,3,-7.49414062,-2.71777344,0.111328125,12.8027344,-7.22363281,-1.32226562,-16.2587891,-1.89355469,2.02148438,-1.73535156
926,2,2,2.92773438,-6.84960938,4.81445312,-3.43164062,-2.65234375,-5.39941406,-0.456054688,-4.09277344,4.19726562,-2.56445312
927,3,3,-4.8828125,-5.0546875,-0.139648438,12.5693359,-9.64550781,1.15332031,-10.265625,-7.95214844,1.98242188,-0.868164062
928,9,9,-6.44433594,-10.5009766,-2.36621094,-0.331054688,0.849609375,-0.61328125,-14.6767578,1.83789062,1.25585938,10.515625
929,1,1,-2.81445312,8.30957031,-1.4765625,-4.2109375,0.619140625,-4.79785156,-3.56738281,1.24414062,-1.00097656,-0.939453125
930,7,7,-7.01269531,-0.560546875,4.80859375,1.85546875,-1.56835938,-8.54785156,-13.9082031,8.10839844,1.23925781,-2.44335938
931,4,4,-9.02050781,-2.87988281,-6.06347656,-4.30078125,8.93261719,-1.00195312,-8.12988281,-1.43261719,-0.696289062,4.95117188
932,0,0,9.56738281,-8.99707031,-0.392578125,-3.9765625,-7.1796875,-1.92871094,0.228515625,-2.16699219,-1.25195312,1.22363281
933,3,3,-6.39550781,-3.05859375,0.0361328125,12.0429688,-7.94433594,0.6171875,-11.8720703,-5.21191406,2.22851562,-2.00976562
934,5,5,-6.17578125,-13.1240234,-8.52636719,-2.74316406,-5.51757812,15.3457031,1.75195312,-12.3125,4.87011719,5.8515625
935,5,5,-6.35546875,-7.63867188,-7.75683594,4.83300781,-6.04882812,11.0576172,-7.72070312,-5.41699219,1.66015625,2.62011719
936,8,8,-4.56054688,-7.95898438,-1.8984375,0.543945312,-4.890625,4.62011719,1.10449219,-11.7392578,9.49609375,-2.13085938
937,6,6,0.602539062,-9.75195312,-4.06347656,-7.79101562,1.84863281,-0.196289062,13.078125,-11.2353516,-0.255859375,-1.74609375
938,3,5,-9.64160156,-6.26855469,-5.03320312,7.44824219,-6.42578125,9.40429688,-8.4140625,-12.2919922,5.07617188,2.07714844
939,2,2,3.16601562,-5.84375,5.81347656,-3.21386719,-8.54101562,-4.59375,-6.265625,5.01269531,1.57617188,-1.17578125
940,6,6,-0.452148438,-9.87792969,-2.20214844,-4.08496094,-3.9453125,4.47265625,11.2333984,-13.9658203,3.49609375,-2.65722656
941,7,7,-2.64941406,-4.18164062,2.26074219,1.10742188,-7.01269531,-2.73242188,-15.7294922,13.2490234,-2.68066406,0.8125
942,6,6,-0.633789062,-7.89257812,-2.86621094,-1.50976562,-1.7890625,2.26953125,12.1445312,-14.2373047,-1.62988281,-4.51953125
943,6,6,0.122070312,-3.46484375,-4.8203125,-5.73730469,-0.30859375,2.08496094,9.90332031,-10.1367188,1.51074219,-2.9140625
944,3,3,-7.56152344,3.72949219,2.70800781,6.38476562,-6.84765625,-1.12890625,-11.0849609,-0.482421875,0.932617188,-5.21582031
945,2,2,-0.651367188,5.68164062,17.3789062,2.12695312,-14.1367188,-9.21972656,-10.7617188,-0.15625,0.860351562,-15.0537109
946,7,7,-3.54492188,0.640625,1.55078125,1.29492188,-4.26464844,-4.28125,-13.2431641,9.50390625,-2.34960938,0.6171875
947,8,9,-3.8515625,-8.796875,-0.942382812,-1.24804688,1.28710938,-4.75390625,-10.7636719,-3.74316406,5.55664062,8.2265625
948,1,1,-4.18261719,9.1875,-1.43066406,-3.671875,1.30175781,-4.14941406,-4.65917969,0.629882812,-2.36328125,-1.15234375
949,1,1,-5.34375,8.58789062,-2.14746094,-3.73144531,1.046875,-2.46777344,-1.6484375,-2.87792969,-1.11230469,-2.75585938
950,7,7,-4.86621094,-2.44238281,4.61328125,2.20800781,-2.96777344,-12.4951172,-18.8300781,10.7304688,1.5703125,0.578125
951,5,5,-8.36816406,-6.265625,-7.93554688,-2.1640625,2.73046875,6.05957031,-8.390625,-0.0673828125,1.59375,4.41601562
952,6,6,0.944335938,-6.75,-3.140625,-4.3671875,1.36523438,-0.432617188,7.29785156,-5.98730469,-1.67871094,-0.217773438
953,4,4,-8.61425781,0.432617188,-7.63476562,-8.1015625,13.1777344,-5.88574219,-9.69042969,1.4453125,-2.58984375,3.77636719
954,9,9,-9.23242188,-6.546875,-5.24511719,2.54394531,2.55273438,-1.17382812,-17.3720703,0.25,-0.743164062,10.7353516
955,5,5,-7.63964844,-12.5576172,-6.50195312,3.67480469,-5.26074219,12.9824219,3.19726562,-20.1835938,2.99023438,3.13964844
956,1,2,-6.70410156,3.72753906,3.8125,0.696289062,-1.63867188,-0.227539062,-0.82421875,-5.60546875,-3.95898438,-7.47949219
957,3,3,-6.32519531,-4.16992188,-3.11621094,11.3896484,-6.37304688,3.10742188,-10.7373047,-8.08398438,1.10449219,0.796875
958,3,3,0.200195312,-2.35644531,0.993164062,5.90332031,-7.85449219,0.4140625,-5.56054688,-2.21777344,-2.40039062,-3.62304688
959,4,4,-8.97363281,-0.75,-3.15625,0.056640625,4.96484375,-1.48535156,-8.67578125,-3.01660156,0.0810546875,2.96972656
960,7,7,-7.13378906,-3.34570312,-3.98925781,1.0234375,0.733398438,-2.19726562,-15.0205078,6.65917969,0.263671875,3.88964844
961,8,8,-3.45019531,-2.96289062,1.82519531,0.6640625,-4.17382812,-3.86035156,-6.71679688,-5.03710938,11.3818359,-1.98144531
962,9,9,-6.86816406,-5.109375,-3.5703125,-0.456054688,2.55078125,-3.97167969,-14.3525391,4.51269531,1.11230469,7.34179688
963,1,1,-2.74023438,7.36132812,-2.25683594,-4.52539062,1.24414062,-3.49023438,-2.04882812,0.8828125,-1.49414062,-0.745117188
964,1,1,-1.88085938,7.12792969,-1.54394531,-4.36328125,0.97265625,-4.00976562,-1.81152344,1.50390625,-1.60253906,-1.921875
965,6,6,4.453125,-4.1640625,-1.703125,-2.53710938,-4.35546875,1.30566406,6.02734375,-6.45898438,-1.51660156,-6.14355469
966,9,9,-6.90136719,-6.7734375,-5.65136719,-1.58789062,2.51855469,-2.64355469,-13.7304688,1.62304688,3.83789062,10.0576172
967,1,1,-2.42382812,10.4863281,-1.62597656,-6.44824219,0.751953125,-5.49511719,-2.53710938,0.350585938,-0.80859375,-2.14355469
968,4,4,-10.4550781,-0.060546875,-6.97460938,-5.50683594,11.5664062,-3.6484375,-8.76855469,-1.99121094,-0.731445312,3.68652344
969,4,4,-4.00878906,-5.671875,-2.53613281,-5.10449219,4.53125,-0.71875,-4.20703125,0.00390625,1.88476562,4.05957031
970,5,5,-7.6484375,-10.5644531,-5.9453125,0.719726562,-4.86621094,13.8134766,-0.1171875,-13.7900391,4.09277344,4.13964844
971,4,4,-10.2041016,-6.74707031,-4.60058594,-8.11621094,13.984375,-5.41992188,-9.89941406,-2.71484375,1.95117188,3.34570312
972,0,0,13.0166016,-7.94628906,1.66503906,-7.80078125,-9.21777344,-3.32617188,1.24707031,-3.7734375,-0.95703125,-2.08007812
973,6,6,1.85742188,-6.58398438,-3.12011719,-4.99902344,-0.451171875,-0.306640625,11.9726562,-8.41992188,-1.45996094,-3.60644531
974,2,2,0.256835938,1.47363281,15.3974609,1.20507812,-12.8457031,-8.10742188,-10.2294922,2.140625,0.546875,-8.11132812
975,2,2,2.52246094,-7.13085938,8.91992188,2.77539062,-8.09765625,-7.78320312,-8.75292969,1.8984375,1.8828125,-4.125
976,3,3,-6.47460938,-2.45898438,1.98242188,10.7597656,-8.66601562,-1.70605469,-12.7412109,-3.4921875,4.07714844,-0.353515625
977,1,1,-2.05664062,9.71679688,-2.45410156,-7.02832031,2.05664062,-6.93359375,-1.18945312,-0.518554688,-1.34277344,-2.625
978,5,5,-8.375,-13.5166016,-7.35253906,3.90527344,-9.34082031,16.5703125,-4.11328125,-16.3886719,6.39355469,6.71679688
979,1,1,-4.83984375,9.59667969,1.359375,-2.9453125,-1.12402344,-5.74414062,-6.28515625,1.21386719,-0.642578125,-3.65429688
980,2,2,-2.45605469,0.21484375,11.6279297,-0.462890625,-3.47558594,-7.5234375,-6.95410156,2.42675781,-0.711914062,-8.11230469
981,0,0,10.1435547,-6.69042969,0.916992188,-6.85839844,-4.78222656,-4.33984375,2.31738281,-4.51171875,-0.6640625,-2.41601562
982,3,3,-2.79296875,-0.7265625,8.15332031,9.94140625,-13.5302734,-6.57226562,-15.8691406,2.83300781,2.44042969,-5.05273438
983,8,8,-3.17578125,-3.61523438,-0.0869140625,-0.619140625,-2.11816406,-3.20605469,-4.24316406,-6.74804688,10.5302734,0.346679688
984,1,1,-3.60644531,8.68261719,-2.3359375,-4.20605469,1.54589844,-4.1015625,-3.53808594,0.509765625,-1.92871094,-0.62109375
985,2,2,-0.745117188,1.13574219,13.0009766,1.37890625,-10.9970703,-6.68359375,-7.75585938,-1.7578125,4.3515625,-8.44042969
986,6,6,0.48828125,-8.60449219,-3.37597656,-3.890625,-2.79882812,2.49707031,13.0849609,-14.2041016,1.5,-3.17773438
987,7,7,-4.35253906,-1.56445312,-1.27050781,0.587890625,-1.921875,-2.31445312,-11.6660156,10.34375,-2.80078125,0.317382812
988,1,1,-4.38183594,5.72949219,-1.33984375,-2.12597656,-0.495117188,-1.86523438,-4.92578125,0.654296875,-0.451171875,-0.208007812
989,6,6,2.72460938,-6.85742188,-0.52734375,-3.58691406,-2.27441406,-0.408203125,8.38867188,-7.0546875,-0.204101562,-2.58886719
990,2,2,-3.79492188,-0.1484375,9.10449219,1.30957031,-1.65429688,-9.15722656,-11.3300781,5.68066406,-0.924804688,-7.16113281
991,3,3,-7.1875,-4.51464844,-0.607421875,15.0966797,-13.8808594,2.51367188,-17.0507812,-0.768554688,1.88378906,-2.45703125
992,9,9,-6.43945312,-8.6015625,-3.27441406,-2.59082031,1.62304688,-1.91992188,-12.6835938,2.07421875,4.76074219,9.54882812
993,0,0,9.19726562,-5.91015625,-1.234375,-5.57714844,-5.09375,-3.4765625,-0.8671875,-0.75,-0.5078125,0.786132812
994,1,1,-8.91894531,9.15625,0.694335938,-1.80761719,-0.837890625,-3.47265625,-8.21289062,-0.502929688,0.362304688,-3.49121094
995,2,2,3.171875,-8.96679688,8.015625,-1.54101562,-3.35351562,-7.82324219,-9.78222656,1.37597656,-2.87890625,-0.748046875
996,2,2,-2.81640625,3.11035156,14.6542969,0.684570312,-7.44238281,-8.453125,-7.77246094,0.616210938,0.233398438,-13.8623047
997,0,0,11.84375,-6.52050781,1.59179688,-5.23046875,-6.97265625,-4.71484375,0.0712890625,-3.59570312,-0.95703125,-5.04785156
998,8,8,-3.21191406,-8.90820312,2.68359375,3.39355469,-4.62207031,-3.99511719,-11.1894531,0.029296875,8.40917969,0.818359375
999,9,9,-4.73828125,-7.55175781,-2.05175781,-1.98046875,1.8984375,-2.03808594,-11.2578125,3.57617188,-0.202148438,8.14453125
