index,expected,prediction,logit_0,logit_1,logit_2,logit_3,logit_4,logit_5,logit_6,logit_7,logit_8,logit_9
0,7,7,-2.5,-4.25,0.5,0.25,-7.5,-10.25,-16.25,11,-3,0
1,2,2,-1.5,-0.5,9.75,-4.75,-7.75,-12.75,-4.75,-5.75,-1,-15.75
2,1,1,-3.5,6.5,-3.25,-6.25,-1,-5.75,-2.25,-1.25,-2.25,-3.75
3,0,0,10,-8.75,0.25,-6.75,-6.75,-9.25,-0.25,-3.25,-5,-4
4,4,4,-6,-3.75,-7.5,-9.75,8.25,-8.75,-7.5,-0.75,-7.25,-0.25
5,1,1,-5.25,8.75,-6.25,-9,-0.75,-7,-4.25,0.25,-3.5,-4.25
6,4,4,-12,-5.5,-10.75,-11,6.5,-6.25,-8.75,-3.75,-1.25,-3.25
7,9,9,-9.25,-8.75,-6,-3,-1,-4.25,-9.75,-6.5,-2.25,2.75
8,5,5,-4.5,-17,-8,-8.75,-10.25,7.25,4.75,-14.25,-0.25,-2
9,9,9,-7.5,-14.25,-5.5,-4.25,-0.25,-8.5,-17.5,1.5,0.25,6.75
10,0,0,10.75,-8.5,-2,-7.75,-9.75,-4,-1,-5.75,-3.75,-5
11,6,6,1.5,-8.75,-5.75,-7,-3.75,-0.5,6.5,-10,0.5,-8.5
12,9,9,-5,-10.5,-6.5,-5,0.5,-8.25,-14,-0.25,-2.25,7.5
13,0,0,10.75,-11,-2,-8.25,-7.75,-6.75,-1,-3.25,-1.5,-3.25
14,1,1,-6,8,-4.5,-5.75,-2.5,-7,-5.5,-1.5,-3.25,-4.5
15,5,5,-4,-9,-6.75,-0.5,-7.25,7.75,-2.25,-13,-3.25,-5
16,9,9,-4,-9.5,-5.25,-6.5,1,-10,-14,4,-5,8.25
17,7,7,-1.5,-7.25,0.75,0.5,-9,-10.5,-18.25,13.25,-5.25,0.75
18,3,3,-5,-12.5,0,0.75,-6.25,-4,-6.75,-12.25,-0.75,-4.75
19,4,4,-8.5,-5.25,-7,-6,7.75,-8.75,-13,-1,-5.75,-2.25
20,9,9,-9,-10.25,-9.5,-2.5,-2.75,-2.75,-16.25,0.25,-2.5,5
21,6,6,-4.5,-11,-6.25,-7.5,-2.25,0.5,8,-15.5,-0.5,-6.25
22,6,6,-1.75,-7.25,-6.25,-7.5,-1.25,-1.25,6.25,-7.25,-2.25,-2.5
23,5,5,-7,-12.75,-8,-1,-7.75,8.75,-1.75,-13.25,-1.75,-2.75
24,4,4,-6.5,-4.25,-6.25,-6.5,5.25,-4.5,-6.5,0,-5,-0.5
25,0,0,10.5,-15,-2.5,-10.75,-6.5,-7.5,3.5,-4.75,-4.5,-4
26,7,7,-4,-4.5,-1.5,-0.5,-4.75,-6.25,-15.5,11,-5.25,2.5
27,4,4,-8.5,-7.75,-9.25,-10.5,10.5,-10.25,-11.5,-2.5,-6,0.5
28,0,0,9.25,-10.75,3,-2.5,-11,-11,-8.25,-2.75,-1.75,-3.75
29,1,1,-6.25,5.25,-5,-5.75,-2.25,-4.25,-4.25,-2.75,-2,-2.25
30,3,3,-5.75,-9.5,-3.75,7.75,-8.25,-2.25,-17.75,-5.5,-5.25,0
31,1,1,-5.75,4.75,-3,-3.75,-1.25,-5,-5.5,-0.25,-3,-2.75
32,3,3,-7.75,-12.75,-2.25,6.75,-6,-5.75,-18.25,-8.25,-2,-4.75
33,4,6,1.75,-5.75,-1.25,-10.5,2.5,-6.25,4.5,-6.75,-6,-9.25
34,7,7,-6.5,-1,2.25,-1,-7.25,-15,-21.75,12.5,-2.5,-0.5
35,2,2,-3.5,0,8.5,-3.25,-9.5,-9.5,-10,-2.5,-5.5,-10
36,7,7,-3.5,-4.25,3.75,-1.5,-5.5,-12.25,-15.5,9.5,-3,-0.5
37,1,1,-6.5,7.5,-5.5,-6.75,-1.5,-6,-5.25,-0.25,-3,-2.75
38,2,2,-0.5,-0.75,5.5,-0.5,-8,-8.5,-6.75,-0.75,-1.75,-7
39,1,1,-5,6.25,-6.5,-7.75,-3.5,-6,-3,-3.25,-2,-3
40,1,1,-3.5,4.5,-2,-3.25,-1.5,-4.25,-3.75,1.25,-2,-1.75
41,7,7,-4.75,-2.25,3.75,0.5,-5,-11.25,-13.75,6.75,-3.5,-3
42,4,4,-11.75,-2.25,-12.5,-10.75,8,-8,-9.75,-3,-4.5,-0.75
43,2,2,-5,-2.25,4,-4.25,0.5,-10.5,-2.5,-5.25,-3.5,-11
44,3,3,-6.75,-6.5,-2.5,3.75,-4.5,-2.25,-10.75,-8,-4.5,-2.5
45,5,5,-4.25,-10.75,-7,-0.5,-8,4.5,-5,-11.5,-1.25,-2.5
46,1,1,-8.75,2.75,-3.25,-4,-1.75,-6.5,-7.5,-2,-3,-5.5
47,2,2,-4.5,-3.5,7.25,-1.5,-1,-12,-5.75,-2.75,-3,-9.75
48,4,4,-11.75,-11,-11.75,-9.25,9.25,-7.25,-12.5,-6.5,-3.25,-1.25
49,4,4,-8.25,-8.75,-7.25,-8.75,9.75,-9.25,-10.25,-3.75,-5.5,-0.25
50,6,6,2,-3.5,-2.75,-6.25,-2.25,-3,8.25,-11,-3.5,-7.25
51,3,3,-4.75,-14,0,9.75,-9.5,-5.75,-18.25,-8.5,-4,-3
52,5,5,-5.5,-16.5,-10,-2.75,-6.75,7.75,-3,-11,-0.75,-1
53,5,5,-4.75,-11.5,-6.75,0.5,-5.75,5.75,-3.5,-12,-1.75,-1.5
54,6,6,0,-9,-4.5,-8.75,-2.5,-1.75,10.75,-14.25,-2,-7
55,0,0,7.75,-4,-3.75,-9.25,-5.25,-8.75,-1,-4.25,-0.25,-2
56,4,4,-9.75,-8.75,-11.5,-14,10.25,-8,-6.75,-4,-5.75,-2.5
57,1,1,-4,7.25,-4.5,-6.5,-1.25,-6.25,-3.5,0.5,-2.75,-3
58,9,9,-4.5,-13.75,-5.75,-4,0.75,-9.25,-18.75,2,-4.25,8.5
59,5,5,-4.25,-6.25,-7.5,-5.75,-5.5,4.75,-3.5,-2,-1.75,-1.25
60,7,7,-8.5,-7.5,-4.25,0.5,-7.5,-5.25,-19.75,11.5,-6.75,2.75
61,8,8,-5.75,-13,1.25,-4.5,-7.5,-5.25,-5.75,-7.5,3.5,-2.5
62,9,9,-5.5,-8.25,-5.5,-3.25,-4.25,0.25,-4,-3.25,-0.25,3.25
63,3,3,-8.5,-12.25,2.25,6.75,-8.25,-8.5,-23.5,-3,-2,-0.5
64,7,7,-6.75,-13,2.75,3,-5.75,-16.5,-23,9.5,-0.25,-1.25
65,4,4,-8.5,-4.25,-6.25,-2.75,2.75,-3.75,-9.75,-5.25,-4,-0.75
66,6,6,2,-5.5,-4.25,-6.75,-1.75,-3.25,3.75,-4.75,-3.25,-3
67,4,4,-7.75,-5.5,-7.75,-10,8.5,-6.75,-8.25,-4.5,-7.5,-1.75
68,3,3,-7,-15.75,-2,11,-11.25,-7,-25,-7,-1,-0.5
69,0,0,7.75,-9.5,-3.25,-7,-10.25,0.25,1,-5.25,-7.25,-3.25
70,7,7,-1.75,-6.75,-0.25,1,-9.25,-8,-16.75,11.5,-5.75,0.75
71,0,0,13.5,-12.5,-2.5,-10.25,-11,-5.75,0.5,-6,-5.25,-4.5
72,2,2,1.75,-0.75,7,-3,-9.25,-10.75,-10.25,0,-5,-7.5
73,9,7,-9.25,-3.5,-2.5,-4.25,-2,-10.25,-16.5,2.5,-0.75,1.75
74,1,1,-5.75,6.75,-6,-7.5,-1.5,-5.75,-3.5,-1.5,-2.5,-3
75,7,7,-10,-3.25,-5.25,-2.5,-1,-9,-14.75,7.75,-4,-2.75
76,3,3,-7,-10.25,-2.75,8.25,-7.25,-2.75,-18.25,-8.25,-3,-1.5
77,2,2,-2.5,-2.25,6.75,-2.5,-6,-10.75,-7.75,2,-2.75,-3.25
78,9,9,-8.25,-5.75,-7,-5,-0.75,-5,-10.75,-4.25,0.5,1.75
79,7,7,-7,-6.75,0,-1,-6.75,-11,-20,11.25,-2,-0.75
80,7,7,-4.75,-4,-6.75,-6,-2.25,-6.25,-12.5,7.25,-6,4.25
81,6,6,-0.5,-6,-3,-8.25,-2.25,-2.5,8,-10.75,-3.75,-3.75
82,2,2,-5.75,-2,12,-1.75,-5,-20.5,-14,-1.25,-4.25,-10.75
83,7,7,-4.5,-4.25,-4.5,-4.25,-2.25,-6.5,-13.75,10.25,-5.75,3.25
84,8,8,-8,-14.5,-10.25,-5.25,-3,2,-3,-12,4.75,-4
85,4,4,-11,-11.25,-11,-8.5,9,-6.75,-11,-7.25,-4.5,-3.5
86,7,7,-7.75,-3,0.25,-2,-7,-11.5,-19.75,11.25,-2,0
87,3,3,-4.5,-9.5,-2.5,3.25,-4,-4.5,-9.75,-4.5,-5,-4.75
88,6,6,-2,-5.5,-4.25,-8.25,-0.5,-2.25,9.75,-11,-3.5,-6
89,1,1,-5,6.5,-5.25,-8,-0.75,-7,-3,-2,-3.5,-5.5
90,3,3,-5.5,-11,-4.5,8,-9.75,-1,-20.25,-8,-4,-0.25
91,6,6,-2.75,-6.75,-4.5,-6.5,-1.5,-0.75,9.5,-14,-3.5,-5.5
92,9,9,-6.5,-4.5,-4.25,-4,0.75,-6,-9.25,-0.25,-0.75,1.25
93,3,3,-8.25,-11.25,-6.75,8.25,-8.25,-0.5,-22.25,-9.25,-4.75,1.75
94,1,1,-8,7.25,-4.25,-7.75,-3,-7.25,-2,-5.75,-2.5,-7.5
95,4,4,-4.5,-9.25,-6.25,-9,6.5,-10.75,-5,-6.75,-3,-2.75
96,1,1,-6.75,0.75,-3,-2.5,-1.75,-4.5,-7.5,0.25,-3,-2
97,7,7,-8.25,-5,-1.75,-0.75,-3,-14,-14.5,6,-1,-4.5
98,6,6,0.75,-6.25,-2.5,-8.25,-4.25,0.75,8.5,-12.5,-2.5,-9
99,9,9,-8.75,-14,-5,-3.5,-1,-10.25,-20.25,3,-3.25,9
100,6,6,-0.75,-4,-4.25,-5,-2,0,6.25,-8.25,-1.5,-5.5
101,0,0,10.75,-10,-3.25,-10,-9.25,-2.5,1.75,-6.75,-2.5,-5.75
102,5,5,-9.5,-17.5,-13.5,0.5,-10.5,11.5,-9.5,-12.75,-1.5,0
103,4,4,-7,-8.5,-7.25,-10.25,11,-10,-10.25,-3,-7.25,-2
104,9,9,-5.25,-16.75,-7.25,-3.5,-4.5,1.25,-8.75,-3,-2,6
105,9,9,-6.5,-12.25,-5.25,-4.25,0,-6.75,-15.25,1.5,-2.5,8.25
106,2,2,0.25,-5,8.25,-4.5,-6.5,-13.75,-9.75,0,-2.5,-10.25
107,1,1,-3,7.25,-7.25,-10.75,-1.75,-5.25,0.25,-5.75,-2,-6.75
108,9,9,-11.75,-11.5,-10,-3.75,0.25,-2.5,-14.25,-2.75,-3.75,5.5
109,4,4,-5.75,-4,-5.5,-8.75,7.25,-10,-5.5,-1.75,-5.25,-1.75
110,8,8,-5.75,-5.25,-3.5,-2,-6.25,-4.25,-8.5,-9.75,5,-9
111,7,7,-5.5,4,0.5,-3.25,-6.25,-11,-14,7.5,-2,-1
112,3,3,-6.5,-7,-3.25,4.25,-6.5,-3,-13.25,-6,-2.5,-2.75
113,9,9,-8.25,-10.25,-5.75,-2.25,-0.75,-8,-16.5,0.25,-2.75,6.5
114,7,7,-6.25,-5.25,3,1.25,-6,-12,-15,8.5,-3,-1.5
115,4,4,-7,-5,-7.75,-8.25,3,-5.25,-2.25,-6.75,-2.5,2
116,4,4,-10.75,-3.75,-9,-5.25,4.75,-4.5,-10.5,-4.75,-4.5,0.75
117,4,4,-9.75,-11.5,-8,-10.75,11,-9.25,-11.25,-5,-6.25,-3.25
118,9,9,-4.5,-6.25,-4.5,-4.5,-0.25,-6.5,-9.5,0,-2.25,6
119,2,2,-3,-8.25,4.25,-4,-5.75,-11,-9.5,3,-1.25,-1.25
120,5,5,-9.5,-26.5,-11,1,-12.25,10.25,-10,-19,-0.75,0.25
121,4,4,-3.25,-4.75,-4.75,-9.75,4.75,-9.5,0,-5.5,-3,-1.75
122,7,7,-6,-1.75,-0.75,0.5,-5.25,-6.25,-14.75,8.5,-4.25,2
123,6,6,-0.75,-5,-3.5,-6.25,-1.25,-2.5,8.25,-11.75,-3.25,-6.25
124,7,7,-13.5,-5.75,-7.75,-4.75,2.5,-8.5,-15.5,5.5,-4.25,-4.75
125,9,9,-7,-6,-3.75,-2.75,0,-6.5,-10.75,-3.25,-2.5,4.5
126,0,0,7.25,-10.75,-0.75,-2,-9.25,-0.75,-4.25,-8.75,-6,-2.25
127,5,5,-9,-17.75,-13.25,-3.25,-9.5,12.25,-5.25,-15.25,0,-1.25
128,8,8,-8.75,-13.75,-4.5,-4.5,-6.5,-5,-10.5,-5.5,6.75,-2.75
129,5,5,-8.75,-17.5,-12.25,-1.5,-9.75,12.5,-4.75,-16.75,-1.75,-1.25
130,6,6,-1.75,-11.25,-5.75,-8.25,-2.5,-2.25,8.25,-12.75,-3,-1
131,6,6,0.75,-11.5,-4.75,-9,-3.75,-3.25,10.25,-13.75,-1.5,-3.25
132,5,5,-10.25,-22.25,-9,-1,-10.25,11.5,-3.25,-23,-0.5,-3.75
133,7,7,-6,-7.5,6,3,-8.25,-17,-23.75,11,-4.25,-0.25
134,8,8,-6.75,-6.25,-3.25,-2,-7.25,-4.5,-8.5,-8,5.75,-6
135,1,1,-5,7.5,-4.75,-7,-3,-7.5,-4.5,-1.5,-2.25,-3.25
136,0,0,7.75,-7,0,-6.5,-6.25,-9.25,-1.75,-2.5,-1.25,-3
137,1,1,-5,6.75,-5.5,-8.75,-1.25,-7.25,-2.75,-4.5,-2.5,-5.5
138,6,6,1.25,-7.25,-4.25,-7.75,-0.75,-3.25,9.25,-11.5,-2.75,-5.75
139,4,4,-6,-3.5,-6.75,-10.25,6.25,-12,-7.75,-3.25,-3.75,1
140,6,6,-0.5,-2.75,-2.75,-6.5,-1.25,-2.75,6.5,-8.75,-1.5,-5.75
141,7,7,-5.5,-2.25,-2.25,-1,-5,-7.5,-17.5,12.5,-5.5,1.75
142,3,3,-4.75,-10.25,1.5,6.5,-10.25,-8,-19,-1.5,-0.5,-0.25
143,1,1,-4.75,7.75,-3.25,-6.75,-1.25,-7,-3.25,-0.5,-2.25,-4.5
144,7,7,-6,-10.25,2,0.5,-4.5,-12.75,-16.75,6.25,-0.75,-0.75
145,1,1,-5.75,6.5,-4.5,-6.25,-1.75,-4.25,-2.75,-2.25,-2,-3.75
146,8,8,-5,-13,-3.25,-2.25,-6.25,-6.5,-9,-7.5,4.75,0.5
147,2,2,-5.5,-5.5,9.25,-4.5,-2,-17.5,-9.25,-5.5,-1.75,-11.5
148,0,0,8.75,-7.25,0.25,-6.75,-7,-7.75,0.75,-4.75,-1.25,-4.5
149,2,2,-6,-6.5,3.75,-1.75,-0.5,-8,-6,-5.5,-2,-6.5
150,9,9,-7.5,-15.25,-6.25,-4.25,-1.25,-5.5,-14.5,-1.25,-1.5,7.75
151,9,9,-3.25,-14.5,-1.25,-3.5,-4.25,-6.75,-11.25,-6.5,1.25,4.5
152,5,5,-5.25,-11.5,-8.5,-7.25,-7,7.25,-2.25,-8.25,1.25,-2
153,5,5,-7.5,-12.5,-8.25,-2.5,-8,8,-4.5,-14.5,0.25,-2.25
154,1,1,-5.25,6,-3.5,-4,-0.75,-5.75,-5.75,1,-3.75,-2.25
155,5,5,-13.25,-21.5,-12.5,-2.75,-6.5,12,-6,-19,-2.75,-0.5
156,6,6,-2,-6.75,-2.75,-6.75,2.5,-3.25,6.25,-7.25,-4,-6.25
157,0,0,8,-8,-1,-6.75,-7.25,-6.5,0,-2.5,-1.5,-1.75
158,3,3,-1,-7.75,2,5,-11.75,-3.25,-11,-7.25,-3.75,-4
159,4,4,-5.5,-3.75,-4,-5,3.25,-5.75,-3.25,-4.5,-5.5,-3.25
160,4,4,-11.25,-2,-9,-9.25,4.75,-6.75,-6,-5,-2,-5.25
161,6,6,2.75,-7.75,-1.5,-7.25,-1,-3.5,10,-12,-5.25,-8
162,5,5,-11.75,-23.75,-17,-2,-13.5,17.25,-8,-23,-1,-0.75
163,4,4,-9.75,-9.5,-9.5,-10,10.5,-9,-11.75,-3.25,-7,0
164,6,6,-2.5,-5.75,-5.25,-6.25,1,-3.5,5.75,-5.75,-2,-5.25
165,5,5,-7,-21.25,-10.25,-1.5,-9.5,10.25,-3.25,-21,-1.5,-2.25
166,4,4,-6.25,-2.75,-4,-7,3.5,-7.5,-7.5,-3.25,-4.75,-2
167,5,5,-6,-10.75,-3.75,-0.5,-2.5,1.5,-4.75,-8,-5.5,-4.25
168,1,1,-5,7.5,-2.75,-5.5,-3.5,-5.25,-2.25,-4,-2,-5.75
169,4,4,-9.5,-7.75,-9,-5.75,6.25,-5.25,-11.25,-3.5,-4.5,-2
170,4,4,-10.5,-6,-8.75,-6.5,7.75,-6.5,-12.5,-2.5,-4.75,0
171,7,7,-6,-5.5,4.25,1.25,-9,-13.25,-20.25,7.75,-1.25,-1.25
172,2,2,-4.5,-4.25,8.25,1.75,-14.5,-11.5,-15.25,-2.75,3.25,-12.75
173,3,3,-1.25,-9.25,-2.5,5.75,-8.5,-1,-12.5,-4.25,-3.75,-3
174,2,2,-3.75,-2.25,9.5,0.25,-7,-15,-13.75,0.75,-0.5,-5.75
175,7,7,-2.75,1.25,0.25,-0.75,-4.25,-5.5,-9,3.75,-1.5,0
176,1,1,-3.75,6.25,-4,-5.5,-1,-4.25,-2.25,-0.75,-2,-2.5
177,8,8,-6,-10,-5.5,-3.75,-2,-6,-7.75,-8,2,0.5
178,1,1,-5,7.5,-5.25,-6.25,-1.75,-5.75,-4.25,-1.25,-3.25,-3.25
179,8,8,-7.25,-7.75,0.5,-4,-6.25,-6.25,-8,-8,5.25,-8.5
180,1,1,-5.75,8,-4.5,-5.5,-1.5,-7,-6.5,0.25,-3.5,-2.75
181,8,8,-8.25,-9.5,-4.75,-2.75,-8.25,1,-1,-14.25,5,-7.5
182,5,5,-6,-7,-7.75,-3.5,-6.75,5.25,0,-12.25,0.25,-5.25
183,0,0,12.25,-9.5,-2.25,-9.75,-8.5,-6.25,1.25,-7,-6.5,-5
184,8,8,-2.25,-7,-1.25,1.25,-6.25,-7.5,-9.5,-6.25,2,-6
185,9,9,-4.5,-7.75,-4.5,-5.25,0.75,-8.5,-8.5,-3,-3.5,6.5
186,2,2,-0.75,-5.25,10,1,-13.75,-15.5,-13.25,0.75,-0.5,-9
187,5,5,-8,-22.5,-10,2.25,-12.5,10.5,-11.25,-18.5,-0.25,0.25
188,0,0,12.75,-10.75,-3.5,-10.25,-11.25,-4.5,-1,-5,-3,-8.75
189,1,1,-5.5,3.5,-2.75,-2.75,-1.25,-3.25,-3.25,-2.75,-2.5,-4.25
190,1,1,-5.25,6,-5.25,-7.75,-0.75,-8,-6,-1,-3.25,-4.25
191,1,1,-7.25,1.25,-3.75,-3.75,-1.75,-3.75,-6,-1.5,-2,-2.75
192,0,0,8.75,-3.5,-2,-10.25,-4.5,-9,0,-4,-5.5,-8.25
193,9,9,-9.5,-13.5,-4.5,-2.25,-0.75,-3.75,-12.5,-3.5,0.25,2.25
194,0,0,8.25,-10,-0.75,-4.5,-9.25,-7,-6.75,0.75,-2.25,-1.75
195,3,3,-6.25,-4.25,-0.75,0.75,-2.5,-4,-6.25,-4.5,-1.5,-3.75
196,1,1,-5,7.25,-5.25,-8,-3,-6.75,-1.75,-3.75,-1.75,-4.75
197,6,6,-1.25,-8,-5.5,-9.25,-3,-1.5,11.25,-14.5,-2.5,-7
198,4,4,-9,-4,-9.25,-6.75,6.5,-7.25,-11.25,-2.25,-5.5,0.5
199,2,2,-4.5,-3.5,9.75,2.5,-11.25,-17.25,-18.5,3,-2.5,-5
200,3,3,-4.5,-14.5,-1.25,7,-9.25,-4.75,-18,-9.75,-1.5,-2.25
201,6,6,2,-7.75,-2.75,-10,-2,-3,10,-11.5,-4.5,-4.75
202,1,1,-4.75,7.25,-4.75,-6.75,-1,-6.75,-6,-1,-2.25,-4.75
203,1,1,-4.75,6.25,-3.5,-4.75,-0.75,-4.75,-3.5,-1.25,-3,-2.25
204,1,1,-3,6.5,-3.5,-6,-1.25,-6,-2.5,-0.75,-2.5,-4
205,3,3,-5.5,-9,-2,6,-6,-3.75,-14.25,-5,-3,-0.75
206,9,9,-12.5,-14.25,-9.75,-5.5,-3.5,-0.25,-12,-4.75,0,5
207,5,5,-2.25,-12.5,-5.5,-2.25,-6.25,4,-2.75,-11.75,0,-3.25
208,2,2,-5.75,-4.5,11,-2.25,-3.5,-15.75,-8.75,-1.75,-4,-12.75
209,9,9,-11,-14.25,-11.75,-2.5,0.5,-1.25,-15.25,-5.5,-4.75,4
210,4,4,-6.25,-6.25,-8.75,-10.75,7.5,-7.5,-6.25,-1,-5.25,1.75
211,5,5,-4,-10,-8.5,-2.25,-7.5,6,-5.5,-7.25,-1.5,-1.25
212,9,9,-10.25,-14,-10.5,-3,-2,-1.5,-16,-1.5,-5.75,8.5
213,3,3,-6.75,-7,-1,5.25,-9,-7,-18.5,3.25,-2.75,0.25
214,9,9,-8.75,-13.5,-7.25,-2,-1.25,-5.75,-15.75,-4,-0.75,5.5
215,0,0,6.5,-5.75,-1.25,-8.5,-4,-13.75,-5,1.75,-2.5,-1.25
216,3,3,-6.75,-13,0.25,11.25,-11.25,-7.5,-25.25,-4.75,-3.5,-0.25
217,6,6,-4.25,-6.5,-8.5,-10.5,-7,3.75,6.25,-15,2,-8.5
218,5,5,-4.75,-8.5,-10,-3.75,-7.75,5,-7.5,-1.5,-2.25,-1
219,5,5,-4.5,-9.25,-8.75,0.75,-8.75,6.5,-9,-10.75,-3.75,-2.5
220,7,7,-2.5,-7,-3.25,-4.5,-4.5,-8.25,-13.25,10.75,-5,3.75
221,2,2,2.25,-12.25,7.75,0.25,-7.5,-14.25,-11.5,-1.5,0,-5.25
222,2,2,1,-11,9.25,-2.25,-6.5,-17.25,-11.75,-0.75,-1,-6
223,7,7,-4.25,-6.25,2.75,1,-8.25,-12.25,-19.5,11.5,-2.5,1.75
224,1,1,-3,5.25,-2,-4.75,-0.75,-4.75,-3,-1,-2,-4
225,2,2,-2.5,-5.5,7.25,0.25,-11,-9.25,-12.25,-1.25,1,-5
226,8,8,-9.25,-7.25,-7.75,-6.5,-2.75,-4,-5,-7.5,4.5,-8.25
227,4,4,-6.5,-2,-4,-5.75,4,-5.75,-5,-4.25,-4,-2.25
228,1,1,-4.25,7,-3.5,-6.75,-1.75,-6.5,-3,-1.5,-2.5,-5
229,7,7,-4.5,-1.25,0.5,0.5,-5.5,-7.75,-14,8.25,-2.25,0.75
230,3,3,-5.75,-5.75,-4,5.25,-7,0,-13.75,-7.25,-6.5,-1.25
231,3,3,-5.75,-6.25,-3,6.25,-7.5,-2,-17,-5.25,-2,-0.5
232,8,8,-7.25,-14,-5.5,-7.5,-7.75,3.25,3,-16.5,4.5,-6.75
233,8,8,-6.75,-13.25,-2.25,-1,-6.5,-8.25,-17.25,1,4.75,2
234,7,7,-4.5,0.5,1.75,1,-6.5,-10.75,-16.75,8.5,-2.5,-0.75
235,9,9,-2.5,-10.25,-2,-2.75,-2.5,-6.75,-12.5,4.75,-3.75,6
236,2,2,-3.25,-0.75,10.5,0,-9,-15.25,-13,1.75,-4.75,-6.25
237,2,2,-6.5,0,7.75,-2.25,-0.5,-14.75,-9,-1.5,-5.25,-10
238,4,4,-8.75,-7.25,-8.5,-8.5,9,-10.5,-12.75,-2,-6.25,-0.25
239,1,1,-5.75,8.25,-4.75,-6.25,-1.25,-6,-4.5,-1.25,-3.5,-3.75
240,5,5,-11,-18.25,-9.75,-0.75,-9.75,9.5,-5.25,-21.25,0.25,-1.5
241,9,9,-5.75,-18.5,-5.5,-2,-4.75,-2.5,-13.75,-8,2.25,4.75
242,8,8,-1.75,-11.25,-3.5,-7.5,-4,-10,-7.5,-4.75,4.5,1.25
243,7,7,-8.75,-6.75,2,2.5,-3.75,-11.5,-16.75,5.75,-3,-2.25
244,2,2,-3.75,-1.75,7,-0.25,-4.5,-11.75,-8.5,2.75,-3,-7.25
245,3,3,-2.5,-7.25,-0.5,3,-5,-0.75,-5.5,-6.75,-5.5,-5.75
246,0,0,12.25,-13.25,-1,-8.5,-11.5,-2.5,-0.25,-8.5,-7,-4.25
247,4,4,-5.75,-2.25,1.75,-7,2.25,-12,-1.75,-6.25,-3,-12.25
248,4,4,-6.25,-6.75,-8.75,-12,9.75,-11.25,-7.75,-3.75,-7,0.25
249,2,2,-3.5,-1.75,5.25,0.75,-7.75,-9.75,-7.75,-1.5,-2,-5.25
250,4,4,-10.5,-10.5,-10.75,-5.25,5.25,-6.25,-12.5,-6.25,-2.75,0.75
251,1,1,-4.75,5.75,-3.25,-5.5,-2.5,-3.5,-1.25,-3,-1.5,-3.75
252,9,9,-8.75,-11,-10.75,-4.75,-1,-3.5,-11.5,-4.25,-4,8.75
253,5,5,-8,-10.5,-8.25,0.75,-7.75,8,-7.25,-13,-2.75,-1.25
254,7,7,-5.25,-3,0.5,2,-7,-8.75,-18.5,10.5,-4,1.5
255,7,7,-5.25,-0.5,1.5,1,-7.25,-9.5,-16.75,8,-2.75,0.25
256,2,2,-2.5,-1.75,7.25,1.25,-9.5,-14.25,-12.5,1,-1.5,-6.25
257,8,8,-4.25,-1,-2.5,-3.25,-4.25,-6,-2.5,-7,0.5,-7.25
258,2,2,-1.25,-8.75,10.25,-0.5,-6.75,-16.75,-12.25,-1.5,-5,-6
259,6,0,7.5,-10.25,-5,-9,-8.25,-0.5,3.25,-8.75,-3.5,-8.75
260,8,8,-4.5,-10.75,-1.5,-4.25,-8.75,-2.5,-7,-5.5,6,-4
261,5,5,-6.75,-4,-9,-1.25,-10.25,5.75,-9.25,-4.25,-3.5,-2.25
262,7,7,-7.25,-1.5,-2.25,-0.25,-4.5,-7.75,-18,11,-5.25,1.5
263,7,7,-6.5,0,0,-1,-4.75,-10.25,-16.25,9,-2.25,0.25
264,9,9,-9.25,-4,-6.5,-2.5,-1.75,-3,-11,-4,-1.5,1.75
265,1,1,-5.75,7.25,-3,-5.25,-3.5,-8.25,-6,-0.75,-2.75,-4.5
266,8,8,0,-10.5,-7.75,-4.5,-5.5,-2.5,-1.75,-11.75,1.25,-4.5
267,1,1,-7,7.5,-5,-6.25,-1,-7.5,-6,-1.5,-4.5,-4.25
268,8,8,-3,-20,-1.5,-2.25,-7,-3.5,-8.5,-10.5,5,-3.5
269,0,0,8.5,-9,-2,-5.75,-8,-2.25,-1.25,-1.75,-6.75,-1.5
270,3,3,-7.5,-11.75,-5.5,7,-10.25,0.5,-17.5,-11.25,-2.25,-2
271,0,0,8.5,-7.75,-1.25,-6.75,-4.5,-10.75,-1,-3.75,-3.75,-2
272,1,1,-5.25,7.75,-4,-5.5,-1.75,-5.75,-4,-1.25,-3.25,-3.5
273,9,9,-7.75,-13,-3.75,-2.75,-3.25,-9.75,-19.25,2.75,-0.25,7.75
274,9,9,-7.75,-12.5,-5.5,-1.25,-3.5,-7.25,-18.5,2.5,-3.75,8.5
275,4,4,-9.75,-5.5,-11.25,-10.75,8.75,-9.5,-9.5,-2.5,-6,0.75
276,1,1,-5.25,8.5,-4.75,-8,-2.25,-7.75,-5,0.25,-2.25,-3.75
277,8,8,-8,-11.75,-4.75,-3.5,-3.75,-6.75,-9.5,-3.75,4.5,-1.5
278,2,2,-3,-7,8.25,-4.5,-5.5,-14.25,-7,-2.75,-1.25,-6
279,1,1,-5.25,7,-3.25,-4.75,-0.75,-6,-5.25,0.5,-3.75,-3
280,2,2,-2.5,-2.5,8.75,0,-9,-14.75,-9.5,-4,0.25,-11
281,9,9,-5.75,-10.75,-7,-5,0.25,-9.75,-14.25,-2,-2,9
282,7,7,-6.25,0.25,1.5,0,-6,-10,-14.5,4.75,-3.75,-1
283,5,5,-5.75,-9.25,-9.5,-2.25,-8.25,8.5,-5,-6.75,-2,-1.25
284,9,9,-3.75,-12,-5,-5.75,-0.75,-5.5,-10.5,0.75,-4,7.5
285,2,2,-2.75,-4.5,9.5,-0.5,-6.75,-13.5,-7.5,-1.75,-3.25,-8.25
286,6,6,-5,-3,-3.25,-7.5,-3.75,-0.75,7,-12.75,-1.5,-8.25
287,4,4,-8.75,-13.75,-6.5,-5,5.75,-5.75,-11.75,-5.75,-6.5,-1
288,1,1,-4.75,6.75,-7.75,-10.25,-2,-4.25,0.5,-4,-2.25,-4.25
289,5,5,-9,-13.25,-6.75,-3.5,-4,5.5,-0.25,-17.5,0.25,-4
290,8,8,-9.5,-14.75,-11.5,-6.75,-0.5,1.75,-4,-11.5,2,-2.25
291,2,2,-5.5,0.5,10.5,-0.5,-11,-14,-14.25,-4.25,0.25,-16.5
292,9,9,-5.75,-9.75,-5.75,-5.25,-0.25,-7.5,-10.5,-1.25,-4.5,5.25
293,2,2,-4.5,-4.75,10.25,0,-6.75,-16.5,-10.75,-3,-3.5,-8.5
294,0,0,9,-8.75,-0.25,-6.5,-8.75,-5.5,-1.75,-3,-0.75,-4
295,4,4,-12.5,-10.25,-10.5,-7,7.5,-6.25,-15,-3.25,-5.75,-0.75
296,0,0,10.25,-8.75,-2.5,-7.25,-9.75,-3,-2,-8.25,-7.5,-6.25
297,0,0,8.5,-9,-3.75,-7.5,-9.75,0.5,1,-7.25,-6.5,-5
298,2,2,-4.5,-6,6.75,0.5,-9.75,-10.75,-10,-6.25,0.5,-10
299,8,8,-4.5,-4.75,-3.75,-2.75,-8.75,-2.75,-9.5,-6.25,4,-5.5
300,4,4,-3.5,-2.5,-2.5,-5.5,2.5,-7.75,0,-4.25,-5,-4.5
301,7,7,-7.25,-7.75,2.25,1.25,-5.5,-13,-16.5,7,-5,-3.25
302,1,1,-5.75,7,-3.25,-4.75,-2,-6,-4,-2.5,-3.25,-4.25
303,2,2,-2.5,-6.75,5,-2,-4.5,-8.25,-5.25,-1,-0.75,-3.25
304,4,4,-11,-8.25,-10.5,-7,5,-5.75,-9.5,-5.75,-0.75,-1.25
305,0,0,9.75,-10.5,-2.5,-9.25,-11.25,0.25,1,-7.5,-4,-5.5
306,2,2,-3,-2.25,9,1,-8.5,-13.5,-10.25,-0.75,-0.5,-7.5
307,7,7,-8.25,-4.5,0,1.25,-4.75,-11.25,-18,7.5,-3,0.5
308,4,4,-10.75,-3.75,-12,-12,8.25,-9.25,-9,-4.75,-1.25,-3.25
309,3,3,-5.25,-7.5,-2.75,5.75,-6.25,-0.5,-11.25,-8.5,-2.5,-2.75
310,3,3,-5.5,-11.25,-1,9,-8.75,-4.25,-17.75,-8,-1.75,-1.75
311,0,0,11.25,-15.25,-0.75,-8,-7.75,-8.5,-0.75,-3.25,-4.5,-3
312,0,0,9.5,-7,-2.75,-11,-3.5,-13.5,0.25,-1.5,-3.5,-1.5
313,3,3,-6.75,-13.5,-5.5,5.25,-4.75,3.25,-9,-15.5,-4,-3.75
314,1,1,-7,7.5,-5.5,-6.75,-1.5,-5.75,-4.25,-3,-4,-4.25
315,9,9,-4.25,-16,-3,-1.75,-5.75,-7.25,-15.75,1.25,-0.75,7.5
316,6,6,-3,-3.5,-7.5,-10.25,-3.5,0.25,8,-15.75,-2.25,-5.75
317,5,5,-11.5,-11.25,-9.25,-2.5,-6,5.5,-8.5,-5.25,-5.25,-4
318,2,2,2.75,-16,6.75,2.5,-9.25,-11.75,-11.75,-7,0.75,-6.75
319,5,5,-6.5,-19,-8.25,-3.5,-7,8.5,1,-21.25,-2,-3.5
320,9,1,-6.5,2.5,-4.5,-4.75,-4.75,-5.5,-10.25,1.5,-1.25,-0.25
321,2,7,-5.75,-1.25,4,0.25,-8.5,-11,-17.5,7,0,-1.75
322,9,9,-10.5,-9.75,-10.5,-3.75,-0.25,-2.5,-15.5,-1,-4.5,6.25
323,3,3,-5.75,-9.25,-2.75,7.75,-10.25,-3.5,-18.25,-2.75,-2.25,-1
324,0,0,3.5,-4.25,-5.5,-7.75,-3.5,-2.5,1.25,-3.5,-1.75,-2.5
325,4,4,-5.25,-2.25,-5.25,-7.5,3.5,-10.75,-4.75,-3,-2.25,0
326,2,2,-6.5,3.75,6.5,-7.25,-0.75,-12.5,-2.5,-6,-4.25,-15.75
327,0,0,10.75,-6.75,-2.75,-11,-4,-11.5,1,-4.25,-4.75,-4.75
328,7,7,-8,-3,-1.75,-2.75,-4.75,-8.5,-14.75,7.25,-2.5,-0.5
329,1,1,-6.25,7.5,-5.5,-6,-1.25,-7.5,-6.25,-0.5,-4,-3.25
330,1,1,-5.75,7.5,-5.25,-6.5,-0.75,-7,-5,0,-3.75,-3.25
331,2,2,-3.25,-1.25,7.5,0.5,-7.5,-12.75,-10,-2.25,1,-8.75
332,1,1,-5.5,7.5,-5.5,-6.75,-1,-7,-5,-0.25,-3.75,-3
333,5,5,-7,-15.75,-10.25,-3,-9.25,9,-4.25,-14.5,0.5,-0.75
334,3,3,-4.75,-8.75,-2.5,7.75,-8.75,-2.5,-18.25,-6,-3.5,-0.75
335,3,3,-5.5,-6.75,1,5.75,-8.25,-5.5,-13,-6.75,0.5,-3.75
336,9,9,-8.5,-14,-6,-5.25,2,-8.5,-16.75,-2.25,-3.75,6
337,7,7,-3.5,-5,0,1.5,-6.75,-7.75,-16,9.5,-4.5,2
338,8,8,0,-12,-1,-3.75,-8.75,-4.5,-6.75,-10,3.25,-10
339,6,6,-3.75,-7.75,-3.5,-9.75,-2.5,1,9.5,-15.75,-2,-7.75
340,5,3,-7.75,-1.75,-4.5,0,-3,0,-5.5,-12.75,-7.75,-7
341,6,6,-3,-3.5,-4.5,-3.5,0,-1,1.75,-5.25,-1.5,-2.75
342,1,1,-5.5,7.5,-5.5,-6.5,-2,-5.75,-4.5,-0.75,-3,-2.5
343,3,3,-4.5,-10.25,-4,7.5,-10.5,0.25,-16,-11.75,-3.25,-4.75
344,8,8,-7,-9.25,-6,-5.75,-1.75,-1.25,-0.25,-11.75,3.25,-8.25
345,1,1,-6.75,6.75,-5.75,-5.5,-2,-7.5,-8,-0.5,-4,-2.25
346,0,0,7,-4.5,-1.25,-6.75,-6.75,-11.25,-5.5,0.5,-2.25,0.25
347,5,5,-9.25,-18.25,-12.5,-3.75,-8.5,10.25,-3,-18.25,1.75,-2.25
348,1,1,-4.75,7.5,-5,-8.25,-2,-6,-0.75,-3.5,-2.5,-5.5
349,3,3,-5.75,-7.75,0.75,4.75,-8,-8.75,-19.25,3.5,-1.25,1.75
350,1,1,-8,5.25,-3.75,-4.5,-1.5,-7.25,-7.5,-1.5,-3.75,-5
351,5,5,-9,-24,-11.5,-2,-11.75,12,-5.25,-20.5,0.25,-0.5
352,5,5,0.75,-13.5,-10,-1.25,-11.5,7.75,-7.25,-12.25,-5.75,-5.5
353,6,6,0.5,-11.25,-4.75,-9,-1,-4.75,10,-13.5,-1.75,-4.5
354,1,1,-6,7.5,-5,-8.5,1,-8.75,-8.25,-0.75,-3.25,-7
355,8,8,-1.5,-6.75,-6,-6.5,-7.25,-2,-1.25,-9.5,3.75,-3.25
356,5,5,-9.5,-18.5,-15,-1,-11.5,12.25,-9.25,-17.25,-3.25,0
357,1,1,-3.5,5.25,-2.5,-3.25,-1.75,-4.25,-3.5,0.25,-2,-2.5
358,7,7,-9,1.75,-5.5,-2.75,0,-5.25,-13.25,4.5,-5.75,-2
359,9,4,-9.25,-11,-6,-5.25,4.25,-10.25,-16.5,-2.75,-0.5,1.5
360,4,4,-9,-15.25,-4.5,-5,7,-5.75,-10.5,-7.25,-3.25,-2.75
361,6,6,-3,-11.5,-6.25,-7.5,-0.75,-1.5,10,-14.5,-2,-5.5
362,2,2,-1,-4.25,8,0.5,-9.25,-14.75,-16.25,5,-0.75,-2.5
363,2,2,-3,3,5.75,-2.5,-5,-9.25,-3,-2.25,-3.5,-9
364,5,5,-7.25,-19.25,-12.25,-2.25,-10.25,10.75,-5.25,-14.5,0,-0.5
365,0,0,8,-4.5,-3,-8.25,-5.5,-7.25,-0.25,-3.25,-2,-1.5
366,6,6,2.75,-8,-2,-4.5,-2.25,-3.75,4,-5.75,-2.25,-3.25
367,5,5,-5.25,-16.25,-5,-0.5,-7.75,5.75,-3,-15.5,-2.25,-1.5
368,6,6,-3.75,-8,-4,-5.5,-2.25,0.5,7.25,-12.75,-1.75,-7
369,3,3,-3.25,-7.75,-2.25,5.75,-7.5,-4.75,-18.75,-1,-4.25,-0.5
370,7,7,-5.75,-1.25,0.75,2.25,-6.75,-10,-19,9.75,-4,0.75
371,2,2,-1,-2.75,7.75,-0.5,-7,-14,-5.75,-1,-5.25,-9.75
372,0,0,9.5,-11.5,-2,-3.75,-8.5,-1.5,-1,-5.75,-3,-1.5
373,8,8,-4.75,-11.5,-2.25,-4.75,-6.25,-5.25,-5.25,-8.25,4.5,-4.25
374,8,8,-7,-11,-1.5,-4,-3.25,-7.75,-8.5,-6.25,4.75,-1.25
375,5,5,-7,-17.5,-11.25,-5.25,-9.75,11.75,-1.25,-17.25,0.25,-2.75
376,4,4,-9.25,-7,-7.25,-3.75,3.75,-5.25,-11.5,-4,-4.5,0.25
377,1,1,-4.5,7.25,-3.75,-5.25,-1.25,-6.25,-5.25,0.75,-2.75,-2.5
378,1,1,-5,6.5,-4.25,-4.75,-1.5,-5.75,-4.25,-0.75,-3.5,-3
379,4,4,-7.75,-5,-9.75,-11,9.25,-10.5,-11.25,-1.75,-5,-1
380,0,0,8.25,-8,-1.5,-10,-7.5,-1,3,-8.25,-5.25,-6
381,3,3,-3.25,-5.75,1.5,4.75,-8.5,-6.25,-13,0.25,-2.75,-2
382,3,3,-5.5,-13.75,-4,8.25,-8.5,-4,-17,-9.5,-2.25,-2.5
383,7,7,-4,-2.75,0.5,0.75,-7,-6.75,-14.75,9.25,-2,0.75
384,6,6,-2.5,-9.25,-3.75,-7.75,-2.25,0,11.25,-14.75,-4,-4.25
385,1,1,-3.75,6.75,-3.75,-5.75,-1.25,-5.5,-2.25,-0.75,-2.25,-3.25
386,6,6,-0.75,-4.5,-7.25,-7,-4.75,0.75,4.75,-12,-3.5,-5.5
387,2,2,-4.75,1.25,8.25,-2.25,-5,-12.5,-8.75,0,-4.5,-6.25
388,1,1,-4.75,5.75,-5,-7.25,-0.75,-6,-5.25,-0.75,-3,-6
389,9,9,-11.5,-7,-10.5,-5,-2.25,-3.25,-13.75,-0.25,-2.25,4.25
390,2,2,0.75,-11.75,9.25,-1.5,-8,-15.5,-11.5,0.75,-3.25,-5.5
391,8,8,0,-11.25,-0.5,-7.75,-4.5,-6.75,-0.75,-4.25,2.25,-4.25
392,6,6,-2.5,-7.25,-3.75,-7.75,0.5,-2.75,8.75,-11.75,-3.5,-5.5
393,1,1,-5.5,7.5,-4.5,-5.75,-0.75,-7,-6.5,2,-3.5,-2.5
394,9,9,-2.75,-7,-4,-5.5,-1.25,-6,-10,2.25,-1.75,5.5
395,5,5,-7.75,-18.75,-9.75,-2,-11,8.75,-6.25,-17.5,0.25,-2
396,2,2,-4,-6.75,9.5,0.75,-3.5,-18.25,-13.25,1,-3.25,-9.25
397,5,5,-9,-15.5,-9.25,-0.5,-8,9.5,-3.25,-19,0,-2.5
398,4,4,-9.75,-8.75,-9.5,-11.5,9.25,-7.5,-8.5,-3.5,-3.75,-2
399,4,4,-4,-5,-2.75,-8.25,8.75,-13,-11.5,-4,-9.5,-2.75
400,2,2,0,-5.75,6.75,-1,-6,-10.75,-11.25,-2.25,-2.75,-5.25
401,8,8,-7,-6,-2.25,-1.5,-6,-5,-10,-4,3.75,-5
402,3,3,-6,-14,1.5,7.5,-7,-4,-17.5,-9,-4.5,-3.25
403,8,8,-5,-10.25,-3.5,-5,-3,-3.5,-8,-2.25,2.25,0
404,2,2,-2.25,-3.5,5.25,-0.5,-7.5,-9.75,-9,1.5,-1.75,-4.5
405,4,4,-8.25,-16.75,-6,-5.75,6.25,-7,-11.75,-8.5,-3.75,0.5
406,5,5,-1.75,-20.25,-9.75,-4,-8.5,5.25,-0.5,-16.75,-1.75,-1.5
407,0,0,10.5,-11.5,-1,-5.5,-8.75,-7.25,-5.5,-5,-1.75,-4.25
408,3,3,-2.75,-9.25,-0.5,5,-10.25,-0.5,-10.5,-13.25,-2,-5
409,1,1,-6.75,5,-6.5,-7.25,-3,-3.25,-1.5,-4,-3.5,-3
410,7,7,-8,-3.75,-3.5,-1.25,-4.5,-7.25,-19,12.75,-5.5,1.25
411,7,7,-5.25,0.75,-0.25,-2,-5.5,-8.75,-14.5,6.5,-1,0.25
412,5,5,-9,-17,-14.25,3,-9.5,7.5,-17.5,-13,-2.5,0.25
413,7,7,-3.75,-9.5,-1.5,-1,-8,-9,-20,13.5,-3,1.75
414,9,9,-7.25,-6.75,-5.5,-2.25,-1,-4.75,-10.75,-2,-2.75,3.75
415,7,7,-6.25,-2.25,-5,-5.25,-2.5,-6.75,-13.75,10.5,-6.25,2
416,1,1,-5.5,7.75,-5.25,-8.25,-1.5,-6.5,-2,-2.75,-2.75,-4.5
417,9,9,-8.75,-6.75,-7.25,-3.75,-0.5,-6.5,-14.5,2.5,-2.5,4.5
418,2,2,-3.25,-7.5,10.25,1.25,-6,-17.25,-13,1.5,-1.25,-8.75
419,1,1,-5.25,7.25,-3.25,-4.5,-0.75,-6,-5.25,0,-3.75,-3.25
420,4,4,-3.5,-3.75,-3.25,-7.25,3.25,-8.75,-5.25,0.5,-2.25,1.75
421,2,2,-0.25,-2.5,2,-2.25,-8.5,-2.25,-7.5,-4.5,-4.75,-5.75
422,9,9,-11.5,-12.5,-5.75,-1.5,0.25,-6.5,-20.5,1,-2,5.5
423,2,2,-3.25,-1.5,11,0.5,-9,-16.5,-13.25,1.25,-6.25,-6.5
424,0,0,10,-10.25,-2.25,-7.75,-6.75,-4,1.5,-6.25,-4,-4
425,4,4,-8.25,-6.75,-5.75,-8.5,6.75,-9.75,-4.25,-3.75,-2.75,-6.25
426,9,9,-9.5,-7,-9.75,-4.75,0.25,-3.75,-12.75,-2.25,-1.25,4.75
427,1,1,-5,7,-3.25,-4.75,-1.75,-5.75,-4.75,-0.5,-3.25,-2.75
428,4,4,-6.25,-4.75,-2.25,-7.75,6.75,-12.25,-7.25,-3.75,-3,-5
429,8,8,-8.5,-12,-3.75,-5.5,-4,-4.5,-5.75,-7.5,5,-3.75
430,1,1,-4.25,7.5,-5,-8.25,-2,-6,-0.75,-3.25,-1.5,-4.75
431,8,8,-4.5,-10.75,1.25,-2.75,-5.25,-5.75,-6,-5.5,3.75,-1.75
432,4,4,-8.5,-7.5,-6.25,-5,3.75,-2.25,-2.25,-7.25,-4.5,-5.75
433,5,5,-9,-14.25,-11.25,-1,-6.5,8,-8,-9.5,-1.75,-2.25
434,9,9,-6,-8.25,-4,-1,-1.75,-7.25,-15.25,-0.25,-2.75,5.5
435,8,8,-8.25,-4.75,-2.75,-3.5,-5,-6.75,-11,-0.5,1.75,-1.75
436,8,8,-4.5,-6.25,-2.75,-5.75,-2.25,-7.75,-5.75,-3.25,3.5,-1
437,3,3,-8.5,-18.5,-6.75,9.25,-11,-1.5,-21,-12,0,-5.25
438,7,7,-2.75,-6.75,-0.25,-0.75,-7.25,-7.75,-14.5,10.25,-2.75,2.25
439,6,6,-1.25,-5.5,-5.5,-6.5,-3.5,0,6.5,-12.5,-2.25,-4.75
440,0,0,12.5,-13,-1.75,-7,-10.75,-6.75,-4,-3,-5,-4
441,0,0,9.25,-2.75,-2.75,-11.25,-2.5,-10.25,3.5,-5.75,-3,-6
442,3,3,-6.25,-13.5,-4,9,-8.5,-3.75,-20,-7.25,-5,-0.5
443,0,0,3,-1,-0.5,-4.75,-4.75,-5.25,-1.75,0,-1,-1
444,2,2,-5.25,-4.75,7.5,1,-12.25,-11,-16.5,1.75,3.5,-5.5
445,6,0,3,-7.25,-4.5,-6.5,-3.75,-0.75,0.5,-4,-6.5,-3.75
446,6,6,-1.25,-13.5,-5.5,-5.5,-7.75,0.75,7,-18,0.75,-5
447,4,4,-5.75,-7.75,-5,-6.25,2.75,-8.75,-8.75,-3.5,-1.5,-3.25
448,9,9,-8.25,-15,-6,1.75,-4.25,-3.25,-19,-9.75,0.25,4.5
449,3,5,-8.25,-22.25,-10.25,4.75,-10,11,-10.75,-20,-2.5,-2
450,3,3,-9.5,-12.75,-10,5.5,-7.25,4,-16.5,-15.5,-3,-1
451,3,3,-5.75,-16.75,0.5,12,-13,-9.25,-28,-4,-1.75,-0.25
452,2,2,-5,1.75,8.25,-1.5,-6.5,-10.5,-6.75,-3.25,-2.25,-10
453,3,3,-5,-10.25,-0.25,7,-9.5,-1.5,-15.75,-12.25,-2.75,-4.25
454,9,9,-4.75,-14,-4.25,-5,0.25,-8,-15,2.25,-3.5,7.75
455,1,1,-5,7.25,-4.5,-7.5,-1,-8.5,-4.75,-0.25,-3,-4.5
456,2,2,-3.5,1,6,-1.5,-5.75,-9,-8.75,-0.25,-0.25,-5.75
457,6,6,-4.25,-10,-7.75,-6,-4.25,2.25,4.25,-16.75,-0.5,-5
458,8,8,-6.5,-10.25,-2.75,-2,-6.75,-5.5,-8.75,-4.75,4.5,-0.75
459,0,0,9,-11.25,-1,-5.5,-6.75,-4.25,-0.75,-5.75,-3.25,-3
460,5,5,-8,-12.5,-11.25,-3.25,-6.5,6.25,-9,-5.75,-1.25,1.25
461,6,6,-3.5,-10.25,-6.75,-9.5,1.25,-2.75,8.75,-12,-2,-7.75
462,6,6,-0.75,-21,-4.5,-7,-5.25,-1.25,7,-16.25,-2.25,0
463,6,6,-1.75,-10.5,-4.25,-9,-1.75,-2,11,-14.25,-4,-3
464,3,3,-8.25,-10.5,-3,6,-10.75,-4.5,-22.25,3,-2,1.25
465,8,8,-8.5,-11,-5,-4,-6,-5.75,-13.5,-4.5,6,-1.5
466,8,8,-4.5,-7.75,-0.75,-5,-5.5,-10,-12.25,-5,3.5,-3.25
467,2,2,-3.25,-2,9.25,-0.5,-10,-13,-11.75,2,-2,-6.25
468,7,7,-7.25,-8.5,1.75,0.5,-6,-14.25,-22.25,9,0,-0.25
469,5,5,-10.75,-22.25,-11,-1,-9,9.25,-8.25,-17.25,0.75,-1.25
470,8,8,-4.25,-7.75,-1.75,-1.5,-8.75,-4.25,-6.25,-8.25,5.5,-6.5
471,9,9,-5,-6,-4.75,-1.25,-1.25,-4.75,-12.25,2.25,-3.25,4.75
472,6,6,-0.75,-5.75,-4.25,-9.25,1.25,-5,7.75,-7.25,-2.75,-5.75
473,1,1,-3.75,5.25,-3.5,-4.5,-1.75,-3.25,-3,-0.75,-2,-2
474,8,8,-4.25,-14.5,-6.5,-3.75,-2.75,-6.75,-12.25,-10.5,5.5,-0.75
475,4,4,-10.75,-14.75,-9.75,-9.25,8.25,-6,-10.75,-7.75,-3.75,-0.25
476,1,1,-4.75,7.25,-3.75,-6,-2.75,-6.5,-4.25,-1.75,-2.5,-3.5
477,2,2,-7.5,4.25,8,-2.25,-7.5,-11.75,-11.5,-3,-3.25,-11.5
478,5,5,-5.25,-11,-3.25,-0.75,-5,1.25,-2,-10.5,-1.75,-5.75
479,9,9,-5.5,-14,-6.25,-1.25,-3.25,-1,-11.5,-9.25,1.5,2.5
480,1,1,-3.75,7,-5.25,-8,-1,-4.75,-0.75,-3.75,-1.5,-5.75
481,9,9,-9.5,-11.5,-8.75,-3.75,-0.75,-4.25,-15.5,-0.75,-3.5,7.25
482,7,7,-2.5,-6.75,-1.25,1,-8,-8,-17.5,12.5,-5.25,2
483,5,5,-1.75,-5.5,-6.5,-4.5,-5,3.25,-3,-2.25,-2.25,-1.5
484,4,4,-10.5,-8.75,-8.25,-7.5,7,-5.75,-10.5,-2.5,-3.25,-0.5
485,0,0,7.25,-6.25,-1,-6.25,-4.75,-8,-1.5,-3.25,-2.5,-2.75
486,8,8,-9.5,-10.75,-0.75,-4,-0.25,-10.75,-12.75,-1.25,3.25,-3
487,9,9,-5.75,-11,-8.25,-4,0.25,-4.75,-13.75,0.25,-5.25,6.25
488,9,9,-9.25,-8.25,-6,-3.5,0,-8.25,-16,2.5,-1,5.25
489,1,1,-4.25,7.25,-4,-6.5,-1,-6.25,-3,-0.5,-2.25,-3.75
490,0,0,5.75,-7,-1,-7.75,-1.25,-5.75,3.75,-3,-7,-5.5
491,5,5,-7.5,-18.25,-8,-1.5,-7.75,7.5,-4.25,-13.5,-2.25,1.25
492,2,2,-4,-4.75,5,-1,-12.75,-5.5,-8.5,-5,0.75,-9.75
493,3,3,-7.5,-14.75,0,12.75,-12.25,-6.5,-25,-11.75,-1.5,-4.25
494,7,7,-3.5,-5.75,1.75,0.25,-8,-12.25,-19,12.25,-2.75,0.5
495,8,0,4.75,-11,0,-7.75,-3.25,-12.75,-2.25,-9,-1.25,-5.75
496,9,9,-7.75,-8.75,-7.25,-4.5,0,-5.5,-12.5,-1.25,-3,7.5
497,4,4,-10.5,0.25,-9.75,-7.75,0.75,-5.25,-7.25,-3.75,-1.25,-1
498,0,0,6,-3.75,-2.5,-9,-3.75,-11.5,-1,-1,-1.25,0.25
499,6,6,-3,-2.75,-3.25,-6.5,-0.25,-2.75,4.75,-8.25,-0.75,-5.5
500,3,3,-6.75,-12,-3,11.25,-10.5,-4.25,-24.5,-8,-5.75,0.5
501,9,9,-4.25,-13.75,-3.25,-3.75,-2.75,-10.25,-20,3.25,-4.5,10.5
502,5,5,-9.25,-5.5,-7.75,-2.5,-6.75,5,-7.5,-10,-6.5,-3.5
503,2,2,-1.25,-6.5,13,-1.5,-7.25,-23,-14.5,-0.25,-2.5,-9.5
504,1,1,-5.25,6.25,-3.75,-5.25,-0.5,-5.5,-5,1.25,-3.5,-2
505,3,3,-7.25,-11.75,2,9.5,-11.75,-10.75,-24.25,-5.75,1,-2
506,1,1,-3.75,6.5,-5.25,-8.5,-1.5,-4,0,-3.25,-1.75,-5
507,3,3,-7.75,-13.25,-3.25,3.25,-6,-1.5,-12.75,-9.5,0.25,-4.25
508,6,6,0,-7.5,-4.75,-8.5,-6,1,8.5,-13.5,1.25,-8.5
509,5,5,-8.25,-12.25,-9.75,-0.5,-9,8,-9,-12.5,-1.5,0.25
510,7,7,-5.5,-8.5,2,0.75,-6,-14.5,-19.75,10.25,-1,-1
511,4,1,-9.5,3.5,-8.75,-8.5,1.75,-6,-8.25,1,-2.5,-2
512,2,2,-3,-2.75,9,1.25,-9,-13,-11,-0.25,-0.25,-6.5
513,2,2,-3,-10.75,12,0.75,-6,-19.25,-12,-3.25,-3.25,-10.25
514,6,6,1.75,-8,-5.75,-10.5,-1,-4.75,8.25,-9.75,-1.75,-6
515,3,3,-5.25,-6.5,0.75,4.5,-6.75,-6.5,-13.25,-2.5,-1.5,-2
516,2,2,-7,-9.25,8.25,-3.25,2.25,-15.5,-9.5,-3.25,-5.75,-12.75
517,6,6,-1.5,-5.75,-4.25,-8,0.25,-4,8.5,-11.25,-2,-4.75
518,5,5,-9,-17,-10.75,-1.5,-9.25,12.5,-5.5,-16.75,1,-3
519,4,4,-10.5,-1.75,-10.75,-7,4.25,-5,-10.75,-3.75,-3.75,-0.75
520,8,8,-4.5,-1.25,-2.75,-4.25,-4.75,-5,-1.75,-7.25,2.5,-4.75
521,9,9,-8.25,-6.25,-6,-0.75,-0.75,-4,-13,-3,-3.25,3.25
522,7,7,-8.75,-8.5,-0.25,2.25,-4.5,-12.25,-22.75,9.25,-5,1.5
523,1,1,-7.25,6,-4.5,-9.25,0.75,-9,-8.75,-1,-1.25,-10.25
524,3,3,-3.75,-9.75,0.25,3.75,-4.5,-4,-10.25,-8.75,-3,-3.75
525,0,0,10.25,-10,-1.5,-8.75,-8,-4.75,1.5,-6,-3.5,-4.75
526,3,3,-6,-10.25,-5.5,7.25,-11,1,-20,-10.75,-3,-1.75
527,8,8,1.5,-19.5,-3.75,-3.25,-9.25,-3.25,-5.5,-12.75,5,-6.5
528,3,3,-5.75,-7.5,1.75,2.75,-5.25,-8.25,-8.5,-2.5,-1.25,-7.25
529,1,1,-6,7.75,-5.75,-6.75,-2.25,-6.25,-4.75,-1.5,-3.25,-3
530,9,9,-7.5,-7.5,-5.5,-3.75,0.25,-5,-9.25,-5.75,-1.75,4
531,3,3,-3,-5.75,1.25,3,-5.5,-4.5,-5.75,-8.75,-3,-4.5
532,4,4,-3.25,-2,-3,-4.5,2,-9.25,-6.75,-1.25,-5.25,0.75
533,4,4,-7.5,-4.75,-7,-11.25,9.5,-10.25,-5.5,-3.75,-4.75,-5.25
534,6,6,-2.75,-7.25,-3.5,-7.5,-1.25,-2.25,9.75,-13.5,-2.25,-8.25
535,4,4,-6.25,-9.5,-7.5,-10.5,9,-8.5,-8.25,-4.25,-5.5,0.25
536,2,2,-3.5,2.25,7,-1.25,-7.25,-12.5,-9.25,2.5,-2.75,-6.75
537,1,1,-4.25,7.5,-4.5,-8,-1.75,-6.25,-1,-2.75,-2,-5
538,8,8,-2.5,-1.5,-3.25,-3,-5,-4,-4.5,-6.75,3,-4.25
539,2,2,-2,-10.5,10.25,0.25,-3,-21.25,-15,-2,-3,-10.5
540,5,5,-10.5,-19.25,-10.75,-1,-11.25,10.75,-8.75,-16.5,0.25,0.5
541,4,4,-7.75,-6,-9,-10.75,10.25,-10.5,-12,-1.5,-7.75,0.5
542,8,8,-6.25,-5.75,-1.75,-2.5,-1.5,-2,-1.75,-6.5,1,-4
543,8,8,-7.25,-4.25,-1.25,-0.75,-2,-7,-9,-1.25,-0.5,-3.75
544,4,4,-10.25,-9.75,-8.75,-10,9.5,-7.75,-8.75,-3.5,-4.25,-4.5
545,0,0,7.25,-4.75,-2.25,-8,-4.5,-8.75,-3.75,1.75,-3.25,-2.5
546,0,0,10.5,-9.25,-1.75,-8.25,-7.25,-4.5,0.75,-6.25,-4.5,-4.75
547,2,2,-6.25,-3,6,-0.5,-12,-9.75,-12.75,-3.75,3.25,-12
548,3,3,-7,-14.75,-3.5,6,-6.25,-1.75,-15.75,-9.25,-4.25,0
549,2,2,1.5,-9,8,-2.25,-9.75,-11.25,-9.75,-0.75,-5,-5.75
550,7,7,-7.5,-5.5,-2,1.25,-3.5,-9,-16.5,6.75,-2,2
551,7,7,-7.75,-2,-2.25,-0.5,-5,-8.5,-13,1,-2.25,-0.75
552,0,0,4,-8.25,-4.75,-8.25,-4,-6.25,0,-6.25,-2,-2
553,8,8,-7,-12.75,-2.5,-6.75,-2.5,-4.5,2.25,-15,3.25,-9.5
554,7,7,-9.5,-1,-1.75,-4.75,-1,-11,-14,8.75,-4,-5.5
555,4,4,-5,-0.5,-7.25,-9,6,-8,-6.75,-2.75,-5.25,-0.75
556,4,4,-6.75,-10.5,-6.25,-9.75,9.25,-10.5,-9,-7.75,-5.75,-2
557,7,7,-6.75,-1,1.5,-1.5,-7,-11.25,-16.5,7.5,-2.5,-1
558,9,9,-10,-10,-9.75,-4.25,-0.5,-4.5,-15.75,-1.75,-1.75,6.75
559,6,6,-0.5,-12.25,-3.75,-11.75,3.5,-6.75,7.5,-11.75,-4.5,-3.5
560,9,9,-7.5,-6.25,-5.75,-4,1.5,-8.5,-14.25,1.5,-2.25,6.25
561,0,0,7.5,-9.5,-1.75,-5,-8.5,-1.25,-1,-3.75,-6.5,-1.75
562,9,9,-5.25,-8.25,-1.5,-1.75,-1.5,-6.75,-11.5,1.5,-2,5.5
563,8,8,-6,-6.75,-0.75,-2.75,-2.75,-8.25,-9.5,-3.75,2.5,-1
564,0,0,8.75,-8.5,-0.25,-5.25,-7.5,-6.25,-0.75,-4,-1.5,-2.25
565,4,4,-12.25,-6.5,-11,-6.75,4,-5.25,-12.25,-2.75,-3,0.75
566,6,6,-2.5,-2.25,-1.75,-5.5,-0.5,-3.5,5,-6.75,-3.5,-6
567,0,0,6.75,-8.5,0.25,-3.25,-8,-4.75,-3.5,-1.75,-0.75,-1.25
568,6,6,-5.25,-8,-6.5,-5.75,-3.75,0.5,9,-15.75,-0.25,-6.75
569,3,3,-9.75,-15,-2.75,1.5,-0.5,-4.25,-10.25,-8.75,-1.75,-7
570,5,5,-7.25,-12.75,-10.75,-3,-11.75,10.25,-9.25,-13.25,0,-3
571,4,4,-6.5,-10,-5.75,-5.5,3,-7.25,-11.25,-1,-5.25,2.25
572,8,8,-8,-11,-2.5,-2.5,-2.75,-6.75,-12.75,-4,2.25,-0.25
573,3,3,-4.5,-11.25,-1.25,9.25,-9.75,-2.25,-18.25,-10.25,-5.25,-1.75
574,3,3,-3,-6.5,-1.5,6.25,-9,-4.5,-17.5,-5.75,-2.5,-2.5
575,9,9,-10.75,-12.25,-11.25,-4,0.25,-2.5,-14,-5,-2.25,5.5
576,3,3,-6,-14.5,-3.25,10.75,-13,-4.25,-21.25,-7,-2.5,-4.75
577,3,3,-6.75,-9,-2.5,7,-7.75,-5,-17.5,-2.25,-2.75,-1
578,3,7,-5.25,-7,0.75,2.5,-9.5,-7.5,-16.75,4,0.75,-1
579,7,7,-3,-3.25,-3.25,-3.75,-4,-10,-13.5,8.5,-2.75,2.5
580,8,8,-6.25,-8.75,-4.75,-4.75,-7.25,-4.75,-9.75,-5.25,5.25,-2.75
581,0,0,11,-10.75,-1.75,-7.25,-10.5,-2.5,0.5,-6.5,-6,-5.75
582,8,2,-5.25,-5.5,4.5,1.5,-5,-11,-11.5,-4,1.25,-8.5
583,2,7,-6,-5.25,5.5,3.25,-8.25,-15,-20.5,5.75,1.25,-3.75
584,1,1,-7.75,6,-4.5,-5.25,-1,-7,-7.25,-0.5,-4,-4
585,7,7,-5.5,-3.5,0,1.25,-6.75,-9,-19.25,12.5,-4.75,1.75
586,0,0,7.75,-6,-2,-7,-7.25,-2,0.75,-6.75,-2.75,-6.5
587,6,6,-0.75,-9.75,-5.25,-5,-3.5,0.75,9,-16,-5,-8.5
588,5,5,-2.5,-18,-9,-1.5,-8,5,-3.25,-10.75,-1.5,-1
589,4,4,-10.5,-5.25,-8.25,-6,6.25,-4.25,-10.25,-3.25,-3.5,-0.25
590,3,3,-7.5,-13.75,-2.5,12.5,-11,-4.25,-27,-12.25,-3.75,-2.5
591,8,8,-0.25,-2,-0.5,-2,-6.5,-7.5,-6,-7.5,0.5,-6.5
592,0,0,10.75,-10.5,-1,-9,-8.5,-6.75,-0.5,-6,-2,-5.5
593,9,9,-10.75,-6,-9.75,-5.75,-1,-4.25,-12.5,-0.75,-0.5,2.25
594,6,6,-3.5,-8.25,-4.75,-7.75,-2,-2,9.25,-16.75,-1.75,-9
595,3,3,-5.25,-15.75,-1.25,6,-5.25,-3.25,-12.75,-11.25,-0.75,-6.75
596,8,8,-6,-17.25,-1,-5.25,-5.5,-6.5,-7.75,-4,4.5,1.25
597,0,0,4,-14.5,-1.75,-4,-5.25,-2,0.25,-5.5,-8.75,-0.75
598,9,9,-11.5,-11,-8.25,-3.75,-0.75,-4.5,-17.5,-1.75,-1,6.25
599,9,9,-9,-13,-6.75,-5.25,-0.75,-6,-16.5,1,-3,8.25
600,6,6,-3,-7.75,-3.75,-7,-0.25,-0.75,9.5,-13.25,-3,-5.75
601,8,8,-3.75,-4.25,-0.75,-3,-5.25,-9.5,-9.75,-1,2,1.25
602,6,6,0.25,-11,-4.75,-9.75,-2.5,-1.5,12.25,-14.75,-3.75,-4.5
603,8,8,-8.75,-12.75,-5.25,-4.25,-5,-0.75,-5,-7,3,0
604,5,5,-7.5,-16.75,-12,-3,-10,10.75,-3.75,-14.25,0.25,-2
605,7,7,-8,-4.25,-1.25,-2.25,-2.5,-11,-17.75,5.75,-1.25,0
606,8,8,-6.5,-7.75,-2.25,1.5,-6.5,-3.25,-10.25,-10,3.75,-8.5
607,6,6,-2.25,-7.75,-5.75,-5.5,-1,-1.25,8.25,-12,-3,-6.5
608,0,0,9,-9.25,-1.75,-5.25,-8.5,-1.25,-1.75,-7.75,-5.25,-2.25
609,2,2,-3.5,-2.75,8,0.75,-9.5,-12.25,-12.5,-0.25,1.5,-5.75
610,4,4,-4.25,-2,-0.5,-8,2.5,-13.5,-3.75,-6,-1.5,-8.5
611,0,0,10,-12,-2.75,-10.5,-3.5,-9.5,2.25,-3.25,-3.5,-4
612,2,2,-4,-8.5,9.5,-0.75,-4.75,-15.5,-7.75,-4.25,-3.5,-9
613,2,2,-3,-0.75,3.25,-0.5,-7.75,-9,-11.75,0.25,1.75,-3.25
614,3,3,-6,-3,-2.25,3.5,-5.75,-5.25,-14.25,-1,-2.5,-0.75
615,1,1,-3.75,7.75,-5,-10.75,-0.75,-8.25,-3.5,-5.75,-3,-10.25
616,9,9,-10.25,-11.75,-10,-1.25,-2.5,-0.75,-16.5,-1.75,-5,6.25
617,7,7,-6.25,-5.5,4,2.5,-6,-16,-18.5,10.25,-2.25,-2.75
618,5,5,-7.75,-19.5,-9.25,-0.75,-9,9,-4.75,-13.75,-3,2
619,1,8,-8.75,-1,-5,-6.25,-2.75,-6.25,-5.25,-3,-0.75,-5
620,0,0,8.5,-7.5,1,-5.5,-6.75,-7.5,-1.5,-4.5,-2.5,-6.75
621,8,8,-6,-6.5,-3.25,-5.75,-4.25,-4,-3.75,-7,3.25,-2.25
622,4,4,-5.5,-3.5,-6.25,-8.75,7.75,-11.75,-10,-3.75,-5.25,-0.5
623,6,6,-1,-6,-1,-8.25,1,-5.25,10,-12.25,-6.75,-11.25
624,2,2,-2.75,-0.75,5.75,-0.5,-9.25,-10.75,-10,-2.75,2.75,-7.75
625,6,6,-3.5,-8.25,-2.5,-10.75,4.25,-6.75,6.5,-12,-5.75,-6.75
626,7,7,-6.5,-3.5,2,0.75,-7.25,-14,-21.75,12.75,-2,-0.25
627,9,9,-5.5,-5,-3,-3.5,-0.5,-8,-11,0.25,-3,4.25
628,3,3,-11.25,-9.75,-2.5,2.5,-4.5,-6,-18.25,-0.5,-2,-1.25
629,2,2,-1.75,-10.25,3.5,-0.25,0.75,-8.5,-8.5,-4.25,-5.75,-6.25
630,9,9,-7.75,-11.75,-7.75,-6.25,-1.75,-0.75,-6.5,-2.75,-1.5,5.75
631,8,8,-7,-12.75,-0.5,-2,-5,-8.5,-12.5,-2.5,6,-3
632,2,2,1.25,-10.75,9.75,-0.25,-8.75,-16.25,-10.25,0,-1.75,-6
633,2,2,-4.75,-4,9.5,-1,-5.75,-14.75,-8.5,-2.75,-1.25,-11.25
634,9,9,-7.75,-14.75,-5.25,-2.5,-1.75,-8.75,-23.25,4,-5,10.5
635,2,2,-3.25,-1.5,5.75,-0.5,-4,-11.5,-5.25,-2.25,-4,-9.75
636,7,7,-4,-4.5,-3.25,-1.75,-5,-6,-14.5,12,-4.5,0.75
637,3,3,-3,-8.75,3.25,4.75,-7.75,-8,-11.5,-5.5,-2,-5.5
638,5,5,-0.5,-9.5,-7.25,-4.75,-8.25,4.25,-4.5,-2.75,-2.25,-1.25
639,9,9,-6.75,-7.25,-8,-6.25,0.5,-7.25,-11.25,-2.25,-2,6.5
640,1,1,-7.25,6,-3.5,-4.75,-2,-8.25,-5.75,-1.75,-3.75,-5.75
641,8,8,-3.25,-14,-3.5,-2.25,-6,-6,-6.25,-12.25,4.75,-3.25
642,0,0,7,-9.75,-1.75,-6,-4.75,-5.25,-1.5,-0.5,-9.25,-3.5
643,2,2,-4.25,-0.75,10.25,0.75,-9.25,-15.25,-13.25,1,-3.5,-8
644,0,0,9,-9.5,0.25,-6.25,-7.25,-9,-3,-1.25,-2.25,-2.25
645,5,5,-9.25,-14.75,-7.5,-3,-5.75,5,-1.75,-17.25,-2,-2.25
646,2,6,-1.75,-0.5,1.75,-5,0.5,-7.75,2.75,-5.25,-4.75,-9
647,1,1,-6.5,6.75,-3.25,-4,-1.75,-7.25,-7.75,0.75,-3.75,-3.5
648,3,3,-7,-17,-4,10.25,-9,-5.25,-23,-9,-1.25,-3.25
649,7,7,-3.75,-3,0.25,1.25,-6,-6.25,-14.5,8,-2.25,1.25
650,6,6,0.25,-3.25,-3.75,-7.25,-4,-0.5,7.75,-9.75,-2.75,-3.75
651,7,7,-8.75,-4.75,-2.5,-0.75,-6,-9.5,-21.25,11,-3.75,1.5
652,1,1,-6,8.75,-4.75,-6.75,-2.25,-6.75,-4.75,-1.25,-3.25,-3.5
653,2,2,-3.75,1.25,8.5,-0.25,-8,-13.5,-10.25,1,-3.75,-6.25
654,5,5,-1.25,-10.25,-7.75,-3.5,-8.75,5.5,-7.25,-7.75,-2.75,-4.5
655,8,8,-5,-7.25,2.25,1.5,-10.75,-11.5,-16.5,-3.75,5.25,-8.75
656,0,0,12.25,-10,-4.5,-9.25,-10.5,-3,-1.5,-4.75,-4.25,-5.25
657,3,3,-5,-14,-1,10.75,-11.75,-6.25,-21.25,-8.25,-1.25,-2.75
658,7,7,1,-7,-6.25,-7.75,-2,-7.75,-8.5,7.75,-6.25,-0.75
659,2,7,-8.25,0,0.5,-4.75,-3.25,-11.5,-13.25,1.75,-1.75,-4
660,4,4,-5.5,-2.25,-1.5,-8.5,7,-11.5,-5.75,-3.25,-4.5,-8.5
661,0,0,5,-0.5,-1.5,-6.25,-3.75,-8.5,0.25,-3,-3.25,-2.5
662,9,9,-9.5,-11,-8.25,-4,0,-5.25,-17.25,-0.75,-3.5,8.25
663,1,1,-6,7.75,-6.25,-7,-1.25,-6,-5,-1.75,-3.75,-3
664,8,8,-3.5,-5.25,2.25,-5.25,-8.25,-5,-5.25,-4,4.5,-7
665,6,6,0.5,-10.5,-4.25,-9.25,-0.75,-1.75,11.25,-13.25,-4.5,-7.25
666,7,7,-6.25,-1.25,-2.5,-2.5,-2.75,-8.75,-15.75,7.75,-2,0.75
667,7,7,-2.5,1,1.5,-0.75,-5.25,-6.5,-9,4.75,-0.75,-1
668,4,4,-9,-7,-5.25,-4,4,-5.75,-5.75,-6.25,-2.75,-3.75
669,3,3,-5,-8,0.75,6,-9,-7,-15,-2.75,-1.5,-3.75
670,4,4,-11.5,-0.75,-10,-10.25,6.5,-8.5,-12.5,-1.5,-4.5,-1.25
671,9,9,-2.25,-12.75,-0.5,-4,-1.25,-8.25,-11.25,-1.5,-4.25,6.25
672,1,1,-4,7.5,-4.5,-7,-2.25,-6.25,-2.25,-1.5,-2.25,-4.25
673,9,9,-4.25,-16.25,-4.25,-5,-0.5,-7.25,-12,-1.5,0.75,5.75
674,5,5,-9.25,-9.5,-6.5,3.75,-6,5,-8.25,-15,-5.75,-3
675,1,1,-4.75,7.25,-5.25,-6.75,-1.5,-5.25,-2.75,-2,-3.5,-3
676,7,7,-2.25,-6.5,4.5,0.5,-11,-13.75,-18.25,11.25,-1.75,-1.75
677,3,3,-1.5,-11.25,3.25,6.75,-13.25,-4,-12.25,-11.75,-3.5,-7.25
678,9,9,-6.5,-11,-6.5,-6.75,0.25,-6.75,-9.75,-0.5,-5,6.75
679,7,7,-5,-1.25,1.75,0.25,-8,-10,-16.25,9.75,-2,0.25
680,6,6,-3.25,-11,-3.25,-11.25,2.5,-4.5,10.5,-13.5,-4.25,-8
681,9,9,-7.75,-16.5,-4.75,-0.75,-3.25,-7.25,-22.25,3.25,-4.25,9
682,1,1,-6,6.75,-4.25,-5,-0.25,-6.5,-5.5,0.25,-4.5,-2.75
683,3,3,-6.25,-6.25,-4.25,5.25,-5.75,0.25,-12.25,-10.25,-3.75,-2
684,7,2,-9.25,-2.75,2.5,1,-5.5,-12,-15.5,2.5,-5.5,-5.25
685,8,2,-5,-6.25,1.25,-2.75,-5,-7.75,-9,-2,1.25,-1.25
686,3,3,-6,-11,1,9.75,-10.5,-7.75,-20.5,-5.25,-1.75,-1.5
687,3,3,-6.5,-9,0.25,8,-9.75,-6.25,-18,-5.25,-0.5,-2.25
688,6,6,-1.75,-8,-3.5,-7,-1.5,-2,7,-11.75,-1.5,-8.5
689,7,7,-3.75,-2.25,-5,-2.75,-1,-3.75,-9.25,3,-3.75,2
690,2,2,-6.75,-0.25,8.75,0.5,-9.75,-13.75,-15.75,-3.75,0.25,-8.25
691,8,4,-11.25,-14,-6.25,-6.25,1.25,-5.25,-8.25,-6.25,0.25,-1.25
692,5,5,-5.25,-7.25,-10,-3.75,-9.5,5.5,-7.75,-4.5,-0.5,-1.25
693,8,8,-8.25,-7,-7.25,-7.25,-2.75,-3.5,-2.75,-7.25,3,-4.5
694,5,5,-9.75,-5.75,-13.25,-6.25,-7.75,7.75,-6.25,-9.5,-0.75,-3.5
695,1,1,-4.5,7.75,-4.75,-6.75,-1,-6.75,-3.75,-0.25,-2.75,-3.5
696,1,1,-4.75,5.5,-2,-3.75,-5.5,-5,-6,0.5,-2.75,-2.5
697,4,4,-9,-7.5,-7.75,-9.25,9.25,-11,-11.75,-4.25,-4.5,-3
698,4,4,-8,-10,-7.75,-7.5,6.25,-7,-12,-3,-5.75,2
699,3,3,-7.25,-9.25,-4.5,2.75,-6,-3.25,-14.75,-3.25,-3,-1.25
700,1,1,-7.75,6.5,-4.5,-6.75,-2.5,-5.75,-4.75,-2.75,-2.5,-4.5
701,0,0,10.25,-9.25,-2,-5.25,-7,-8.25,-5,-5,-7.75,-4.75
702,7,7,-4.5,-1.5,2,0.5,-7.75,-11.5,-16.5,8.75,-2.5,1.25
703,7,7,-7,-4.75,2,3.75,-7,-11.25,-18.25,8.75,-4.5,-1.5
704,0,0,7.75,-6,-1.5,-6,-6.5,-5.25,-2.5,-3.25,-4,-5.5
705,7,7,-5.75,-3,-0.5,0.5,-5.75,-8.5,-18.25,10,-3.5,1.75
706,9,9,-9.5,-9.75,-8.75,-2.5,-1,-1.5,-13.75,-0.75,-4.25,5.25
707,4,4,-9,-7.25,-9.25,-6,1.5,-6,-8.5,-5.75,-1.25,1.5
708,4,4,-9.25,-6.75,-9,-9,6.75,-5.5,-8.75,-4.25,-3.25,-1.5
709,8,8,-4.25,-6.25,0,-0.75,-9,-8.75,-10.75,-5.75,5.25,-5
710,5,5,-7,-19.25,-12.75,1.25,-12,9.5,-12.5,-12.5,-2.25,-3.5
711,5,5,-10,-17,-10.25,1,-12,11,-13.5,-17.25,-1,-3.25
712,4,4,-7.25,-7.25,-6,-7.25,4,-7,-8.5,-5.5,-6.5,-0.5
713,0,0,8.75,-8,-3,-6.25,-9,-2,-3.25,-3.25,-3.5,-1
714,8,8,-1.75,-11.25,-2.75,-2.75,-5.25,-3.25,-5.25,-8.5,3.75,-4.5
715,2,2,-2.25,-6,12,1.5,-12.5,-17.75,-16,2,1,-8.5
716,1,1,-4.5,6.25,-3.25,-5.75,-4.5,-6.75,-6,2.25,-1.25,-3
717,0,0,1.5,-13.25,-2.25,-2.75,-4.75,1,1,-9,-8.5,-2.25
718,8,8,-5.75,-7.25,-1.25,-3.75,-6.5,-7.5,-6.75,-5.75,2.75,-2
719,4,4,-11.75,-15.75,-11,-10.5,9.5,-6.25,-10.25,-8.75,-4,-1.5
720,5,5,-6.75,-13.25,-6.75,-2.5,-5.75,4.5,0.75,-16.75,2.25,-7
721,0,0,7.25,-9,-1.25,-4.25,-9.75,0.25,-2.75,-6.5,-6.5,-3.25
722,4,4,-8.75,-9.25,-8.5,-9.75,10.25,-10.25,-13,-2,-6.75,0.5
723,0,0,5.75,-3.75,-1.75,-7.25,-1,-8.5,-0.5,-3.5,-3.5,-4.5
724,6,6,-1,-4,-2.5,-4.75,-1.25,-0.25,7.75,-9.75,-3,-5.5
725,1,1,-4,7,-3.75,-6.25,-1.75,-5.25,-1.25,-1.75,-2.25,-4
726,7,7,-8.25,-3.75,-5.25,-3.75,-2,-2,-7.25,-0.5,-4.75,-2.75
727,3,3,-6,-7.5,0.75,7,-11.25,-5.75,-17,-5.75,-1,-4.5
728,2,2,-4.25,-5.25,8.75,1.75,-12.25,-15.5,-18.5,2.5,3.25,-5.25
729,6,6,-2,-11.5,-5,-6,-4,-0.25,7.25,-18.5,-2,-8.75
730,7,7,3.5,-7.25,-5.75,-7.25,-5.75,-4.5,-5.75,6.75,-4.25,0.5
731,2,2,-2.5,-9.25,10.75,-0.25,-5.75,-16,-10.25,-2.5,-4,-9.5
732,6,6,0,-10,-3.75,-11.25,-0.25,-4,10.5,-12,-4,-3.5
733,9,9,-11.5,-13.5,-7.25,-2.25,-0.5,-5,-18.75,-2,-2.75,7.25
734,3,3,-7.5,-9.25,-3.5,5.25,-7.25,-1.25,-16,-7.75,-2.25,-1.25
735,1,1,-5.75,7.75,-2.75,-5,-2.75,-6.25,-4.25,-2.25,-3,-5.25
736,4,4,-6,-10.5,-6.25,-10.25,8.5,-11.25,-6.5,-7,-3,-4.25
737,6,6,4,-8.5,-2.5,-11.25,-1,-4.75,8.25,-8.5,-6.75,-3.5
738,2,2,-1.5,-7,6.75,0.25,-11.5,-11,-11,-2.5,4,-8
739,5,5,-7.25,-9.25,-9,-0.5,-7.5,6.75,-4.5,-14.25,-6,-2.25
740,4,9,-10.75,-6.25,-7,-2.25,1.25,-5.25,-16.25,0.75,-6,3.5
741,2,2,-3.75,-3.25,8.25,2.25,-11.75,-13.5,-15.5,1,1.5,-4.5
742,0,0,13.25,-9,-3.5,-11.25,-11,-5.25,0,-4.25,-5.75,-6
743,6,6,-1.75,-4.25,-3.5,-5.25,-2,-1.75,6.25,-11,-4.25,-5.25
744,2,2,-2.5,-3.75,9.25,-1.5,-7.25,-12.75,-13.75,-0.5,-4,-9.5
745,1,1,-6,8.75,-6,-8.75,-0.5,-7.75,-6,0.25,-3.75,-5.5
746,7,7,-7.25,-2.25,-2,-1.75,-5.25,-7.75,-16,8,-3,3
747,3,3,-6.25,-10,-2.25,7.5,-10.5,-4.25,-19.75,-2.75,-1.25,-1
748,4,4,-7.25,-7.25,-6,-6.5,5.25,-8.25,-10.75,-2.75,-7,0.5
749,1,1,-4,6.25,-3.75,-6,-1.25,-5.25,-2.5,-0.5,-2.25,-2.75
750,0,0,9.5,-8.25,-2.25,-9,-6,-5.25,2,-5.5,-2.25,-5
751,5,5,-6.5,-24.75,-13,0.5,-12.25,11.75,-9.5,-19.25,-1.5,-0.25
752,4,4,-7.25,-2,-7.5,-9.25,8,-12.25,-10.25,-1.25,-7,-2
753,3,3,-6.75,-15.5,0.75,10.75,-9.25,-8.25,-23.5,-7.75,-2.25,-2
754,1,1,-4,7.25,-4,-6,-1.5,-6.25,-3.5,0,-2.75,-3.25
755,1,1,-5.75,6.75,-4,-5.75,-1.5,-5,-4,-1,-2.5,-3
756,7,7,-3.75,-2.75,3.5,1.75,-7.5,-13.75,-19,10.5,-3.25,0
757,4,4,-8.75,-5.25,-7.75,-6.75,7,-8.25,-11.75,-2.75,-4,0.25
758,9,9,-7,-9.75,-6,-4.75,1.25,-9.25,-14,0.25,-1.25,6.5
759,9,9,-9.5,-9.75,-7,-1.5,-3,-3.25,-14.5,-2.25,-1.25,5.25
760,4,4,-6.75,-1.75,-5.75,-4.75,3.25,-8.25,-9.75,-1.25,-3.75,1
761,8,8,0.25,-6,-1.5,-6.5,-6.25,-7.25,-0.25,-9.25,3.75,-7.5
762,4,4,-6.75,-10.5,-9.25,-13.5,9.25,-9,-2.75,-7.75,-5,-2.25
763,0,0,6.25,-10.75,-0.5,-2.25,-13.25,-0.75,-6,-4.75,-7.5,-3
764,2,2,-2.25,-11.75,9.75,1.25,-8,-16,-16.5,1.75,0.75,-3.5
765,4,4,-9.75,-2,-10.75,-10.5,7.25,-8.25,-7.75,-2.25,-4,-0.5
766,5,5,-10.5,-26,-13.75,-2.25,-13.75,14,-5.25,-23.5,1.5,-2.75
767,1,1,-4.75,7,-3,-6.25,-0.75,-7.25,-4.25,-0.5,-3,-4.75
768,1,1,-5.25,7.75,-5.25,-7.75,-1.75,-5.75,-2.25,-3,-3.25,-4
769,6,6,-1.25,-4.5,-6.25,-9.75,-3.25,-1.75,9.25,-14,-2.25,-6.25
770,4,4,-3.25,-4,-8.25,-15.25,9.5,-14.5,-5.5,-4.25,-2.75,-5.25
771,7,7,-4,-8,-4.25,-4.25,-3.5,-8,-13.75,9.5,-4.25,4
772,1,1,-5.75,7,-4,-4.75,-1.5,-6.75,-6.75,0.75,-3.75,-2.5
773,9,9,-8.5,-9.75,-6.5,-1.75,-0.5,-5.25,-16,-0.25,-2.75,7
774,4,4,-9.25,-5.5,-6.75,-3.5,3.75,-4.25,-10.75,-3.25,-4.25,1.25
775,2,2,-2,-5,9.75,1.75,-11,-15.5,-13.25,2.25,-2.5,-4.75
776,4,4,-12.5,-13,-8.5,-9,7.75,-3.75,-4.75,-11.75,-2.75,-5
777,1,1,-6.75,6,-5.5,-6.5,-3,-6.75,-5.5,-2,-2.25,-3.75
778,5,5,-7.75,-22.75,-9,-4,-7.5,6.75,-1.25,-20.25,0.5,-2
779,5,5,-3.5,-6.5,-8,-4.5,-8.5,6.25,-2.25,-7.25,-0.25,-3.25
780,3,3,-3,-9.75,-4.25,6.75,-9.75,1.25,-15,-7.25,-6,-2
781,8,8,-4.75,-8,-5,-3.75,-3.5,-1,-1.75,-8.5,3,-5.5
782,3,3,-5,-12.5,0.75,8.5,-8.25,-6.25,-16.5,-10.25,-2.25,-6.5
783,1,1,-4.75,7,-4,-5.5,-1.25,-5.25,-3.75,-1.25,-3.25,-2.75
784,4,4,-13,-9.25,-11.5,-9,9,-6.25,-10.25,-6.5,-4.25,-1.75
785,5,5,-4,-15.75,-8.75,1,-9,7.25,-8.25,-12.75,-1.25,-0.75
786,6,6,-0.75,-4,-4.75,-6.25,-4.25,1,7,-12.5,-3,-7.75
787,8,8,-6,-15.75,0.25,0.5,-7.5,-9.25,-13.75,-6.5,5.75,-0.25
788,9,9,-7.75,-10,-7.25,-2.5,-0.5,-5.75,-14.75,-1.5,-3.25,6.75
789,4,4,-8,-2.75,-8.25,-8,5.25,-5.75,-7,-2.25,-3.75,-0.25
790,1,1,-4.5,6.75,-6,-7.5,-4,-4.75,-1.75,-4,-1.75,-4
791,5,5,-9,-16.25,-11,-3.75,-7,8,-6.25,-6.5,-2.5,1.5
792,3,3,-6.75,-13,0.5,13,-14.5,-7.75,-27.5,-4.25,-2.5,-2
793,8,8,-5.75,-15,-2.75,-3.5,-5.5,-7.75,-8,-7,6.5,-3
794,0,0,10.75,-8,-1.75,-9.25,-6.5,-8.75,0.75,-3.5,-4,-5
795,3,3,-5,-1.25,0.25,1.5,-4.75,-3.75,-8.75,-5.5,-5,-4.75
796,2,2,-1.75,-13.5,13,-0.75,-4.75,-20.75,-12.25,-3.25,-4.25,-13.25
797,5,5,-3.75,-3.75,-6.25,-6.25,-9,4,-0.5,-4.75,1,-3.25
798,1,1,-7.5,5,-5,-6,-2,-6,-5.25,-2,-2.75,-3.5
799,2,2,-6,-2.5,13.25,-0.75,-5.5,-20.5,-14.25,1.75,-6.25,-12
800,8,8,-0.75,-12.75,-5,-2.75,-5.75,-4,-4.5,-12.75,3,-4.75
801,3,3,-5.75,-15.25,-3.75,6,-4,-4,-14.25,-12.25,-4.75,-3.5
802,4,4,-5.5,-5.25,-9.75,-14.25,9.25,-10.5,-5.25,-1.5,-6,-4.75
803,4,4,-5,-5.75,-8,-14.5,9.75,-10.5,-3,-4.5,-5.25,-7
804,0,0,7,-15.25,-1.25,-2.5,-9.5,-1.25,-2.25,-6.25,-6.25,0
805,8,8,-4.5,-7,-5,-4,-9.25,-4.5,-10,-4.75,5,-4
806,8,8,-7.75,-12.75,-2,-2.25,-5.5,-5.75,-6,-8.75,5.75,-7.5
807,3,3,-10,-15.75,-5.5,9.75,-9.75,0,-21,-14.75,-2,-2.75
808,3,3,-4.5,-11.25,-3.75,7,-9,1.25,-15.5,-13,-4.5,-2.5
809,1,1,-3.75,6,-3.75,-5,-1.75,-4.25,-3,-0.75,-1.75,-2.25
810,7,2,-1.25,-6,8.25,-1.5,-6.25,-16.5,-14.25,5,-4.5,-4
811,3,3,-4.75,-10.5,-0.75,10.5,-11.75,-5.75,-21.75,-4.25,-2.75,-0.5
812,5,5,-11.75,-25,-10,-1,-10.5,11.25,-5,-23,0.5,-2.5
813,9,9,-6.25,-14,-5.25,-7,-0.5,-10.75,-13.75,0.5,2.5,7.5
814,6,6,-3,-6,-2.25,-8,0.5,-3.75,9.25,-12.25,-4.25,-10
815,3,3,-3.5,-9.5,-0.75,7.5,-9.5,-3,-17.25,-7.5,-2.75,-1.25
816,2,2,-4.75,-0.75,11.5,2,-11.75,-17,-18,-0.25,0,-9.25
817,6,6,4.25,-4.5,-3.25,-12.5,0.25,-6.5,8.75,-7,-6,-7.75
818,1,1,-5.75,8.25,-2.75,-7.5,-3.5,-5.5,-0.25,-6.75,-2.75,-7.75
819,3,3,-5.75,-11.5,-3.75,11.25,-9.75,0.25,-19,-12.5,-5.75,-2.75
820,6,6,1,-10,-4.5,-9,-2.5,-2.5,12.25,-15.5,-2.5,-6.75
821,0,0,8.75,-9.75,-1.75,-7.25,-7.75,-2.5,0.75,-6,-3.25,-2.5
822,7,7,-1.75,-9,-3,-0.25,-9.75,-6.5,-18.25,13.75,-5.75,1.5
823,2,2,-1.25,-7.5,6.5,-5.25,-7,-12,-7.75,-1.75,-2.25,-5.5
824,1,1,-4.5,7,-4.25,-7.25,-1.5,-5.5,-1.5,-1.75,-2.25,-3.75
825,7,7,-6,-4.5,-1,0,-5,-10.5,-18.25,10.75,-4,1.75
826,1,1,-5.25,6.5,-5.5,-7,-1.75,-5,-2.75,-2.5,-3,-3
827,4,4,-10.25,-4,-7.25,-7.5,5,-6,-9.5,-2,-1,0
828,2,2,-4,-3.5,6.75,0.75,-10,-9,-8.75,-4,2,-9.25
829,4,4,-7.25,-4.75,-4,-9.75,3.25,-12.75,-9.25,-1.75,-1.75,-2.75
830,2,2,-3.5,-2,5.75,-1.75,0,-14,-9.5,0,-2.5,-9.5
831,1,1,-5.25,7,-5,-5.75,-2.5,-7.75,-6.75,1.75,-3.25,-2.5
832,7,7,-8.75,-4,-1,1.25,-3,-9.75,-17,6.75,-2.5,0.25
833,9,9,-9,-9,-10.25,-4.75,1,-3.25,-13.75,0,-4.5,4.25
834,6,6,-4.75,1.25,-2.5,-6.75,-2.5,-5.75,5,-11.5,-3.25,-10.25
835,1,1,-4,7,-3.25,-6.25,-1.25,-6.5,-3.25,0,-2.25,-3.75
836,1,1,-3.75,6.25,-2.75,-6,-2.25,-7,-4,-1.5,-1.5,-4.5
837,2,2,-2.25,-2.5,7.75,-2,-7.5,-10,-7.75,-1.75,1.5,-8.25
838,4,4,-10,-10.25,-8,-8.25,9,-7,-10.75,-3.25,-6,-1
839,8,8,-3.25,-9,-7,-1.25,-6,-3.5,-9.25,-16.25,1.25,-7
840,1,1,-5.25,5.75,-5.75,-7.75,-2.5,-7.25,-6,-0.5,-2,-3
841,7,7,-2.5,-7.5,-1.25,-2.5,-1.75,-9.25,-11.25,8,-5,1
842,7,7,-3.5,-1.25,2,1.5,-6.25,-8.25,-14.25,7,-1.75,0.5
843,4,4,-10.5,-8.75,-11,-11.25,10.5,-7.75,-9.75,-4.5,-6,-1.5
844,8,8,-6.25,-5.5,-2,-2.25,-2.75,-4.25,-5.5,-3,1.5,-4.25
845,0,0,9,-8.75,-3.5,-5,-9.25,-4.25,-5.5,-3.25,-3.75,-3.5
846,7,7,1.25,-9.25,-1.5,-3.25,-5.5,-7.5,-10.75,7,-3,4.5
847,3,3,-7.5,-12.75,-1,8.5,-11.25,-5.5,-19,-7,1,-5
848,1,1,-4.25,7.5,-6,-9,-1,-5,-1.75,-2.75,-2.5,-6
849,3,3,-6,-11.75,1,10.75,-12,-5.5,-21.25,-10.5,-1.75,-2.5
850,1,1,-5,7.75,-3.5,-6.75,-3,-7.75,-5.25,0.25,-2,-3.75
851,0,0,10,-5.75,-3,-8.5,-5.5,-9,-0.25,-5.25,-3.25,-3.5
852,7,7,-2.75,-3.25,0,0,-5,-6,-13.75,8.75,-2.75,1.25
853,7,7,-7.25,-1.25,0.75,-1.25,-6.75,-12.5,-19.5,11,-1.25,-1.75
854,0,0,9.75,-9.75,-2,-7.75,-6.25,-6.5,-0.5,-4,-1.75,-3.25
855,3,3,-7,-13.75,-2,8.75,-9,-6.5,-20.75,-5.75,-1.25,-2.25
856,5,5,-5,-10,-8.75,0.25,-9.75,5.75,-11.5,-5,-2.5,-2.5
857,5,5,-8.75,-6,-10.25,-0.25,-9.25,6,-9.25,-11.75,-3.75,-1.5
858,2,2,-1.5,-5,9.25,-1.25,-5.25,-15.75,-11.25,-1.25,-1.5,-7
859,7,7,-6,-2.75,-3.25,-4.25,-2.5,-6.75,-12.5,6.25,-2.5,2.25
860,6,6,-2,-9,-4.5,-8.25,-2.25,-1,12.25,-15.5,-2.75,-5.75
861,6,6,0.75,-5.75,-2.75,-6.5,-0.75,-1.75,7.75,-10.25,-2.25,-6
862,9,9,-8,-11.5,-8,-4,0.25,-5,-13.75,0.25,-3,6.25
863,2,2,-4.5,-6.25,5.75,-3,-2,-11.5,-7.75,-4,-2.75,-10.75
864,8,8,-5.25,-21.25,-6,-6,-7.75,-3.25,-9,-11.25,8.25,-4.25
865,3,3,-4.25,-10.5,-0.5,7,-8.25,-2.75,-15.75,-7,-3.25,-1.5
866,5,5,-6.5,-18,-9,-6,-5,3,-1.5,-12.5,0.75,-1.5
867,2,2,-1.75,-3.25,8.75,-0.5,-9.25,-11.5,-9.25,-0.75,0.25,-7.25
868,2,2,-1.5,-4,7.5,-0.5,-4.75,-12.5,-9.75,-0.5,-2,-4.25
869,5,5,-10.5,-18.5,-16.25,-1,-12.75,14.25,-13,-16.25,-0.75,-1.25
870,6,6,-0.75,-4,-3.75,-8.75,-4,-0.75,8.25,-11.75,-0.25,-9.5
871,0,0,11,-8.25,-2.5,-10.5,-6,-9,1.75,-5,-4.75,-8
872,8,8,-8,-13.25,-2.5,-2.5,-4.75,-8.25,-13.5,-2.5,3.25,1.25
873,2,2,-4,-1.5,10,0.5,-8.5,-16,-16.25,3.25,-5.5,-5
874,9,9,-7,-4.25,-5,-4.5,1.25,-9.5,-12.75,-0.5,-1.25,2.25
875,2,2,-0.25,-9,7.5,-1,-7.75,-13.75,-11.75,-0.5,0.5,-7
876,8,8,-10.25,-18,0.75,-1.25,-7.5,-7.5,-9.5,-12.75,7,-12.5
877,8,8,-2.5,-13.25,-1,-7.5,-3.75,-6,0.25,-12.5,3.25,-7.5
878,8,8,-3.5,-20.5,-1.5,-2.5,-7.25,-8,-10.75,-7.25,6,-1
879,8,8,-5.5,-9.5,-5.75,-4,-5.75,-1,-2.25,-12.5,5.25,-9.75
880,7,7,-5,-3.5,3.5,0.75,-8,-12,-18,10.25,-3,0.75
881,4,4,-13.5,-9.75,-12,-6.25,4.75,-3,-10,-7.5,-3.75,1.25
882,9,7,-6,-0.5,-6.25,-5.75,1.25,-7.75,-10.75,2.75,-2.5,2
883,3,3,-4.5,-3.75,-3.5,3.25,-6.25,1.25,-8.75,-6.75,-4.25,-1.5
884,0,0,7.75,-9,0.25,-5,-5.25,-7.75,-2.25,-3,-1.25,-2
885,6,6,-3,-2.75,-2,-9.25,1.5,-4,8,-8.5,-4.25,-10.5
886,6,6,-0.25,-7.25,-2.75,-8.75,-1.75,-2.5,9,-12,-4.75,-4.5
887,3,3,-7.75,-7.75,-2.75,7,-8.5,-1.5,-19,-10.75,-2.25,-3
888,2,2,-4.5,-2.25,11.5,-1.5,-3.5,-20,-15.5,1.25,-4,-9
889,1,1,-5,7.25,-4.25,-5.75,-1.25,-6,-3.75,-0.75,-3.25,-3.25
890,3,3,-8.25,-13.25,-6,6,-9,4.5,-13.25,-14.25,-1.5,-2.75
891,2,2,-3,-2.25,9.25,-0.25,-10.25,-13,-9.75,-3,1.25,-10
892,2,2,-4.25,-5.5,9.75,-2.75,-7.25,-14.25,-10,1,-3,-6.75
893,9,7,-4.5,-10,-2.5,-2,-3.5,-9.25,-18.25,7.75,-5.25,7
894,3,3,-2.25,-12.25,-2.25,1.75,-8,-4,-7,-12.75,-2,-4.75
895,0,0,7.5,-6,0,-8.25,-5.25,-9,1.25,-6.5,-0.5,-6.75
896,0,0,4.75,-3.5,-0.5,-10.25,-1.25,-7.25,2.75,-6.5,-7.25,-8
897,5,5,-5.75,-20.25,-10.75,-5,-9.25,10.25,0,-18.5,0.75,-2.25
898,7,7,-6.75,-4,2.5,1.25,-6.75,-13.25,-14.75,6.25,-1.5,-5
899,8,8,-5.75,-17.5,-7.75,-3.5,-8.5,-0.75,-6.75,-12.5,7.25,-7.25
900,1,1,-6.5,2,-4,0,-3,-3,-6.75,-7.5,-3.25,-3.75
901,4,4,-11.5,-11.25,-8.75,-7.25,8.25,-6.5,-16,-3.25,-5.5,-1.75
902,4,4,-12,-5.5,-9.75,-5.75,4.5,-3.25,-11.75,-1.75,-3.75,-0.25
903,6,6,-3.75,-14,-6,-8,-1.75,-1,8.5,-16.25,-3.25,-3.25
904,0,0,10.75,-14.75,-3.25,-7.5,-11,-1.5,-2.25,-4.25,-2.75,-1.5
905,2,2,-1.5,-6.25,11,0.25,-10.75,-16,-13.5,2,-4.75,-5.25
906,9,9,-7,-13.25,-9.25,-4.75,-0.25,-5,-16,2.25,-5,8.25
907,1,1,-5,7.25,-3,-6.75,-0.25,-7.25,-5.5,0.75,-3.75,-4.25
908,4,4,-8,-3.75,-7.75,-9.75,8.75,-10.75,-10.5,-2.25,-4.5,-3.25
909,7,7,-7,-3.75,-3.5,-0.5,-3.25,-3.25,-13.75,7.5,-5.25,2.25
910,4,4,-8,-7.5,-10.25,-10.5,9.25,-9.25,-11.25,-2.25,-6,-0.25
911,7,7,-6,-3.5,2,1,-7.75,-13.75,-21,12,-1.75,-0.5
912,3,3,-6.75,-14.25,-5.75,11.25,-12.75,0,-24.5,-11.25,-4.75,-0.75
913,9,9,-5.25,-12.5,-4.75,-6,-0.5,-4.75,-10.5,-1,-3.75,7.25
914,8,8,-6,-3.75,-4.25,-2.5,-7.5,-2.25,-5.75,-9.25,4.5,-6.5
915,8,8,-4.25,-2,-3,-4,-4.75,-2.5,-1.25,-8,1.5,-6.25
916,4,4,-4,-16.5,0.5,-6.5,5.75,-10.25,-5.75,-4.5,-3.5,-5.75
917,7,7,-4.5,-3.25,-0.25,0.5,-6.25,-7.25,-16.25,10,-3.5,2
918,1,1,-4.75,6,-4,-5,-0.75,-5,-3.75,-0.5,-3.25,-1.75
919,2,2,-2,-0.75,6,-1,-5.5,-10,-5.25,0,-5,-7
920,1,1,-4.25,6.5,-4,-5.25,-0.75,-5.75,-4.5,0.75,-3,-2.25
921,2,2,-2.5,-9,11.75,0.75,-5.25,-18.75,-13,1.25,-3.75,-9.75
922,2,2,-2,-2.5,7.75,-0.5,-10.25,-11.5,-11.25,1,-0.5,-6.5
923,3,3,-7.25,-16,-0.75,14.5,-15,-7.75,-31,-4.5,-4,-0.25
924,2,2,-3.25,-4.25,6.75,0.25,-9.25,-12.25,-15.25,5.75,-0.75,-3.25
925,3,3,-4.75,-13,-1.75,9.25,-9.5,-5.5,-19.5,-6,-2.75,-3.5
926,2,2,1.25,-8.75,2,-5.5,-3.5,-9,-1.5,-6,0.75,-4.5
927,3,3,-3.5,-10,-1.25,7.75,-9.75,-2.75,-17,-10.25,-2.5,-2.25
928,9,9,-6,-13.25,-3,-3,-2,-6,-15.25,2.5,-3,6.5
929,1,1,-4,6.75,-3,-5,-2,-6.25,-4.25,0.75,-2.25,-2.75
930,7,7,-8,-2,0.75,-1.25,-2.5,-12.5,-12.75,5.5,-2,-3.25
931,4,4,-9.5,-5.25,-8.25,-5.75,5.25,-3.75,-9.25,-2.5,-4,0.75
932,0,0,9.25,-11,-2.25,-3.5,-9,-2,-3.75,-5,-5,-0.25
933,3,3,-4.25,-12.75,-2.25,10,-9.5,-1,-15.75,-10.25,-4.75,-3
934,5,5,-9,-22,-12.5,-5.75,-8.75,8.5,-3.25,-13.75,0.25,1.25
935,5,5,-9.75,-14.75,-11.75,2.5,-9.75,7.75,-13.75,-7.5,-3.25,-2
936,8,8,-7,-16,-7.75,-5,-6,1.75,-0.25,-14.5,3.75,-4.25
937,6,6,-1.5,-11.5,-4.5,-10.5,1.5,-3.5,11,-13.25,-4.5,-5.25
938,3,5,-9.5,-16,-11.5,1.75,-8.25,9,-12.5,-17.25,-0.25,-2.25
939,2,2,3,-11,3.5,-4.75,-8.25,-8.25,-6.75,2.5,-1.25,-2.75
940,6,6,-2.5,-10.75,-6,-8.75,-4,0,9,-15,0.75,-5.75
941,7,7,-4.5,-5.75,1,0.5,-8.25,-10.5,-19.25,13,-4.25,1.75
942,6,6,-0.75,-7,-3.25,-6.75,-0.75,-1,10.25,-14,-4.25,-7
943,6,6,-3,-5.25,-6.75,-9.75,-2.25,0,6,-13,-1,-5.75
944,3,3,-7,0,0,0.5,-7.25,-6.25,-10,-3.25,-0.5,-7.5
945,2,2,-4,-0.25,13.25,-0.75,-12,-17.5,-13.25,-3.25,-1.75,-16.25
946,7,7,-5.5,-0.75,1.5,0.25,-6,-9.25,-16.75,8.75,-3,0.75
947,8,9,-6,-11.5,-5.5,-4.5,-1.5,-8.5,-10.5,-6,0,2.5
948,1,1,-5.5,7.5,-3.25,-5,-1,-6,-5,-0.25,-3.5,-3.25
949,1,1,-6,7.25,-3.5,-5.25,-2.75,-4.75,-2.75,-4.5,-2.75,-5.25
950,7,7,-6.25,-6.25,3.75,0.5,-4.25,-18.25,-21,7.5,-1.75,-1
951,5,5,-10.25,-13.5,-11.5,-4.5,-1.75,2.25,-8,-3.5,-2,0.5
952,6,6,-0.25,-5.5,-3.5,-5.75,-0.25,-0.75,5.75,-7.25,-4,-4.25
953,4,4,-9.25,-3.25,-10,-8.75,8,-8.5,-13,-0.75,-5.25,-0.5
954,9,9,-10.5,-7.5,-8.5,-2.5,-1.25,-4.5,-15.25,-1.5,-5,6
955,5,5,-9.25,-19.5,-9.5,-4,-6.25,7,1,-21.75,-1.75,-1.5
956,1,1,-6.75,2,1.25,-4,-1.25,-6,-1.5,-8.75,-6,-10.75
957,3,3,-5.75,-10.75,-6.5,7,-7.75,2.25,-17,-12,-4.5,-1.75
958,3,3,1.25,-6,-0.25,2.25,-8,-3.25,-8,-5.25,-3.25,-2.75
959,4,4,-9.5,-4.75,-5.5,-2.5,2.25,-2.75,-7,-6.5,-2.5,-2
960,7,7,-8,-5,-6,-3,-3.25,-4.25,-12.25,3,-0.75,1
961,8,8,-5.25,-7.25,-2.5,-4,-6,-5.5,-7.25,-7,5.5,-5.5
962,9,9,-8.25,-6.75,-5,-1.75,-0.5,-7,-16.25,2.75,-2.25,4
963,1,1,-4.5,5.75,-3.75,-5.25,-0.75,-5,-3.5,0.5,-2.5,-2.75
964,1,1,-4,6.25,-2.25,-5.5,-0.75,-5.5,-3.25,1,-3,-3.75
965,6,0,4.5,-5.25,-5,-6,-5.5,-1.25,2.75,-9.25,-4.25,-9.25
966,9,9,-10.25,-8.25,-8.75,-5.25,0.25,-6.75,-16.25,0.25,-0.5,5
967,1,1,-4.75,8,-4,-6.75,-1.5,-6.75,-3.5,0,-3,-3.75
968,4,4,-11.25,-4,-9.75,-6,5,-5,-9.25,-4,-5,-2.25
969,4,4,-3.75,-6.75,-5.25,-6.25,2.75,-4.5,-5.25,-0.5,-4.75,1
970,5,5,-7.75,-18.25,-9,-3,-7.25,8,-2.5,-15.25,-0.5,-0.25
971,4,4,-11.5,-11,-8.5,-8.5,9.5,-8,-11,-6,-3.25,-2.75
972,0,0,12.75,-10.25,-4.25,-10.5,-11.75,-3,0,-6.75,-5.25,-5.75
973,6,6,1.5,-6.5,-4.75,-9,-1.75,-1.75,9.5,-10.5,-2.5,-8.75
974,2,2,-3.75,-3.5,12.25,0,-12,-15.5,-12.25,-0.75,-0.75,-9
975,2,2,0.75,-11.5,6,2.75,-8.25,-12.5,-13.25,0,-0.5,-3.75
976,3,3,-6.5,-7,-0.5,4.75,-8.25,-5.75,-14.5,-4.75,1,-3
977,1,1,-4.75,6,-4.5,-8,-0.75,-8.25,-2.25,-4.5,-3.5,-5.25
978,5,5,-10.5,-22,-12.5,-1.25,-12,12.25,-9.25,-18.5,0,1.25
979,1,1,-6,6.75,-2.5,-4.75,-3.5,-6.75,-4.75,-2.25,-2.5,-5
980,2,2,-4.25,-2.75,8.75,-0.25,-3.5,-14.25,-9.25,-0.25,-2.75,-8.75
981,0,0,9,-8.5,-1.75,-8.75,-6.5,-5.5,1.75,-7.25,-3.25,-6.5
982,3,2,-5,-4.75,5.25,4.25,-14.25,-11.75,-16.75,-0.5,0.25,-5.5
983,8,8,-5.5,-5.5,-3.75,-3.5,-6,-5.25,-6,-9,4.5,-4
984,1,1,-4.75,6.5,-4,-5.25,-0.75,-5.75,-3.75,-0.5,-3.75,-2.75
985,2,2,-4.75,-2.5,9.5,-1.25,-11,-13.5,-12.25,-4.5,1.75,-12.75
986,6,6,-2.75,-9.75,-6.5,-8.75,-3.75,0.25,10.75,-16.25,-0.5,-5.5
987,7,7,-8.5,-3,-4.75,-2,-3.75,-6.25,-13.25,7.25,-4,0
988,1,1,-4.75,4.5,-3.75,-4,-2.25,-3.25,-4.25,-0.25,-2,-1.5
989,6,6,1.75,-7.5,-1.5,-6.25,-2.5,-3.75,4.75,-8.25,-2,-3
990,2,2,-5,-7,5.75,2.25,-2.5,-14.5,-15.25,2,-2.5,-7.5
991,3,3,-8.5,-11,-3.5,8,-15,-2.75,-18,-3.75,-2,-4.5
992,9,9,-8.25,-12.5,-6.5,-4.5,-1,-6.25,-13.75,1.25,0,5.5
993,0,0,8.75,-6.75,-3.25,-6.75,-7.25,-6,-4.5,-0.5,-4,-0.75
994,1,1,-8.5,5,-3.25,-6.5,-3,-7,-6,-1.75,-2,-6
995,2,2,3.75,-9.25,8.5,-2.25,-7.25,-15.25,-11.25,-1,-7.5,-4.75
996,2,2,-4.25,0,10,-2.25,-6.5,-17,-7.75,-2.5,-2.75,-13.75
997,0,0,11.75,-9.75,-3,-7.75,-9.5,-6.25,-2.25,-6.5,-4.75,-7.75
998,8,8,-4.25,-16.75,0.25,-1.5,-4.5,-9.5,-11.5,-4,2.75,-0.75
999,9,9,-4.5,-9.25,-4.25,-3.5,-0.5,-6.25,-11.75,2.75,-4,5.5
1000,9,9,-8,-5.25,-7,-0.75,-1,-4.5,-14.25,-2,-5,3
1001,0,0,8,-6,-0.5,-6.25,-5.5,-7.5,1,-6.25,-2.75,-3.5
1002,2,2,-4.25,-3,7.25,2,-10.25,-14.5,-15.25,-1,0.75,-6.75
1003,5,5,-11,-22.75,-11.75,4.75,-11.75,9.25,-16.5,-22.5,0.5,-2.5
1004,1,1,-7,5.75,-4.75,-6,-2.5,-5,-4.25,-2.75,-2.25,-3.75
1005,9,9,-8.5,-8.25,-6,-1.5,-0.5,-6.25,-15.5,-1.75,-2,6
1006,7,7,-6.75,-5.5,-2.25,-0.5,-6.25,-6,-17.75,7.5,-4,4
1007,8,8,-7.25,-6,-4,-4.25,-2.75,-5.75,-7,-5.25,2.5,-1.75
1008,1,1,-5.25,7.25,-4.5,-6.5,-2.5,-5,-1.5,-4.25,-2.75,-4
1009,0,0,10,-8.5,-1.5,-7,-8,-2.5,-1,-7.25,-4.75,-4.75
1010,4,4,-10.5,-12.5,-10,-13,9.25,-8.75,-7.75,-5.5,-1.75,-3
1011,1,1,-5.75,8.75,-4.75,-8,-2.25,-7,-1.75,-3.5,-2.5,-5.5
1012,7,7,-7.5,-8,0,0.5,-3,-8,-13.5,2.75,-2.5,-0.75
1013,9,9,-8,-7.5,-7.75,-2.5,-0.25,-3.75,-11.75,-3.75,-4.25,4.25
1014,6,5,0.25,-9,-2.25,-3,-5.25,2.5,0.25,-4,-3.25,-2
1015,4,4,-11,-1.25,-11.25,-7.5,5.5,-6,-12.5,-1,-4.25,-0.5
1016,2,2,-4.25,0,7.5,-1.5,-3,-12.75,-10.75,-1.75,-3.5,-8.75
1017,6,6,-1,-9.75,-1.5,-8.5,1.75,-4,6.5,-9.25,-4,-7
1018,8,8,-8.25,-16.75,-3.25,-3.25,-4,-6.75,-10.5,-8.5,5.5,-2.25
1019,1,1,-6.25,8.5,-6.5,-9.25,0,-5.75,-6,0.25,-3.5,-5.25
1020,3,3,-5.75,-10,1,7.5,-8.5,-7.5,-16.75,-4.25,-1.25,-3
1021,7,7,-7.25,-4.75,1,-0.25,-6.5,-9.25,-14.5,8,-0.75,-1.75
1022,5,5,-9.25,-19.75,-14.5,-3.25,-6.5,6.5,-9.5,-11,-0.5,2.5
1023,4,4,-4.5,-7.75,-5.5,-9,6.25,-7,-1,-4.25,-5.5,-5
1024,4,4,-10.5,1,-10.5,-10.75,6.25,-8.75,-8.75,-4.25,-1.75,-3
1025,1,1,-4,7.75,-4.5,-8,-1.75,-6,-1.5,-2.25,-2.5,-5
1026,8,9,-7.25,-12.25,-7.5,-3.75,-4.25,1,-3.25,-10.75,1,1.75
1027,1,1,-6,8,-5.25,-8,-0.5,-8.25,-5.75,1.75,-3.25,-3
1028,3,3,-5.75,-11.75,0.25,8,-8.25,-4.25,-17.75,-10.75,-6.5,-6.5
1029,8,8,-5.25,-2.75,-5.75,-4,-6.75,-3.5,-9,-2.25,2.75,-3.75
1030,1,1,-5.25,8.25,-4.5,-7.5,-1.5,-6.25,-3.75,1.25,-3,-3.25
1031,2,2,-6.5,-6.75,10.25,-0.5,-4.25,-17.5,-13,1.25,-3.75,-10.25
1032,5,5,-4.75,-12.25,-6.25,-8.25,-9,5.25,3.25,-12,0.75,-2.25
1033,8,1,-4.75,2.5,-2.5,-8.25,-2.25,-11.75,-8.75,-5.75,2,-10
1034,0,0,9.75,-3.5,-3.75,-10.25,-5.75,-9.5,-4.75,-0.25,-4.25,-3.5
1035,6,6,-1.75,-7.5,-3.5,-10,3.25,-5.25,6.25,-9.5,-5.75,-4
1036,2,2,-2.75,-3.25,11.5,2,-12.75,-16.75,-16.25,1,0.5,-7.75
1037,1,1,-4.5,7.75,-3.5,-6.25,-2.25,-6.5,-4,-0.5,-2,-3.5
1038,1,1,-4,6,-3.75,-5.25,-2,-3.75,-1.75,-2,-1.5,-2.5
1039,7,1,-5.75,1.75,-0.5,-2.75,-2,-4.75,-5,-0.5,-3.25,-3
1040,1,1,-4,6.75,-3.75,-6.25,-1.25,-4.75,-1.5,-1.5,-2.25,-3.25
1041,5,5,-9.25,-18.5,-12.5,-1.5,-9.75,13.5,-5.25,-18,-1.25,-1.5
1042,3,3,-8.25,-10.5,-5.5,7.5,-8.25,-1,-16.75,-12,-3,-2
1043,4,4,-11.5,-7.25,-10.25,-7.5,7.5,-5,-11.75,-3,-4.75,0
1044,6,6,-3.25,-3.25,-3,-7.75,-1.5,-5.25,5,-10.25,0.5,-7.5
1045,9,9,-10,-2.75,-7.5,-3,-2.25,-5,-13.25,-3.25,-2.5,1.5
1046,5,5,-8.75,-11.5,-10,-2,-7.25,8,-4.5,-13,-1.25,0
1047,0,0,6.75,-8.5,-1,-5,-8.25,-1.25,-0.75,-4.75,-9,-6
1048,9,9,-3,-11.5,-4.75,-5.75,-0.5,-5.5,-12,0.5,-4.25,8.5
1049,2,2,0,-13,10.25,-1.25,-4.75,-15.75,-6.75,-2.25,-4.75,-9.75
1050,2,2,-0.25,-6.5,1.75,1.25,-1.5,-5,-8,-2.5,-5.75,-4
1051,4,4,-7.25,-10,-9.75,-10,7,-7,-9.5,-2,-5.5,3.25
1052,8,8,-5,-19.25,-8.25,-2,-5.75,-1.75,-9.25,-10,5,-1.5
1053,2,2,0.25,-11.75,11.5,-1.5,-5.25,-20.25,-11.5,-2.25,-2.25,-10.5
1054,1,1,-4.5,6.25,-4.75,-7.5,-1.5,-6.5,-2,-2,-2.75,-3.25
1055,7,7,-3.5,-2,-5,-8,2,-9.75,-10.25,6.25,-4,2
1056,2,2,-3.75,-3.75,8.5,2.75,-9.5,-14.25,-14.5,0.75,0.5,-5.5
1057,4,4,-6.75,-3.25,-9,-10.75,7.5,-10.75,-8,-4.75,-3.75,-0.25
1058,9,9,-9.25,-8.5,-7,-3.75,0.25,-6,-14.75,-0.5,-1,6
1059,4,4,-4.25,-5.5,-8.25,-13.5,9,-10.75,-4.5,-3.75,-7.75,-1.25
1060,4,4,-6.75,-13,-8.5,-10.25,8.75,-9.75,-9,-7.75,-5,-2.75
1061,0,0,10,-11.25,-3.75,-8,-10.5,-0.75,0.25,-8.5,-2.25,-9
1062,3,7,-7.25,-7.5,-0.75,3,-6.25,-7.75,-18.5,3.5,-2,2.75
1063,9,9,-7.75,-10.5,-7,-3,0.25,-5.25,-17,-0.5,-2.75,6.25
1064,2,2,-4.25,-1.5,10.25,-1,-6.75,-14.75,-10.25,0.25,-4.25,-8.75
1065,2,2,-4.25,-2.25,13.25,0.25,-12.5,-18.5,-15.25,-0.5,-0.5,-12.25
1066,3,3,-5.75,-4.5,-0.25,5,-7.5,-7.75,-15.25,-0.75,-2,-2
1067,3,3,-5.5,-10,-4,6.25,-9.25,-1.75,-15,-5.5,-1.25,-3.25
1068,8,4,-6.25,-1.25,-5.5,-6.5,1,-6.25,-6.75,-3,0,-3
1069,3,3,-7.25,-17.5,-6.25,6.75,-8.75,0,-18.25,-15,-0.75,-1.5
1070,5,5,-10,-23.5,-9,1,-12,13,-7.25,-22,-2.25,-1.25
1071,7,7,-5.75,-5.25,-2.5,-1.25,-5.25,-7.75,-17.5,10.75,-4.25,2.25
1072,3,5,-7.75,-8.5,-9,1.25,-8.5,3.5,-14,-4.25,-3,0.5
1073,5,5,-9,-17.25,-12.5,4.5,-11.25,8,-15.5,-10.5,-3.25,-1.5
1074,8,8,-7.5,-12.5,-1.25,-3.25,-4.5,-7.5,-11.75,-5.25,6,-3.5
1075,1,1,-3.75,5.75,-2.5,-3.75,-1.5,-4.25,-3.25,-0.75,-2.25,-2.5
1076,2,2,-3,-4,9.5,1.75,-11.25,-13,-14,1,-0.5,-7
1077,4,4,-10.75,-6.5,-9.25,-5,4.5,-2.25,-10,-3.5,-4.25,0.75
1078,4,4,-4,-2.25,-2.25,-5,5.25,-9,-5.25,-3,-6,-5.5
1079,6,6,2.5,-4.75,-2,-7.5,-0.25,-7.25,5.5,-10.75,-3.5,-7.5
1080,4,4,-7.5,-4.75,-6.75,-5.25,5.5,-4.75,-9,-2.5,-4.5,0
1081,9,9,-9,-8.25,-4.5,-1.75,-1.75,-4.75,-12.25,-0.75,-2.5,4.25
1082,5,5,-6.75,-4,-8.25,-1,-7.75,5.25,-4.75,-13.75,-3.25,-4.75
1083,1,1,-5,6.5,-2,-4,-1.75,-5.25,-4.25,-1.25,-2.25,-3.5
1084,0,0,10.5,-10.25,-3.25,-5.5,-13,-1.75,-3.75,-7.25,-6,-6.75
1085,6,6,-1,-3,-2,-5.25,-1.5,-0.75,7.25,-9.5,-2.5,-5.5
1086,9,9,-8,-12.5,-4.25,-4.25,0.25,-7.25,-14.5,-0.25,-2.5,6.5
1087,5,5,-7.5,-12,-11.5,-4,-11,10.5,-5.5,-11.75,0.75,-2.5
1088,9,9,-7.25,-10.75,-6.75,-4.25,0,-5.75,-15.75,1.5,-2.75,7.5
1089,5,5,-3.75,-11.75,-7,-1.75,-8.75,5.5,-3,-15,-2.75,-3.5
1090,9,9,-5.5,-8.5,-3.75,-4.75,-0.25,-8.5,-10.5,0.75,-3.5,4.5
1091,7,7,-7.5,-3,3,1,-4.75,-13.5,-16.5,7.5,-4.5,-3.5
1092,3,3,-8.5,-9.5,-2,4.25,-4.75,-3.5,-15.5,-6,-4.25,-1.75
1093,8,8,-3,-5.25,1,-1.75,-7,-9.5,-6.75,-5.25,2.75,-5.5
1094,0,0,9.25,-8.5,-1,-7.5,-7.25,-8.25,0.75,-4,-1.75,-3
1095,3,3,-6.75,-8.75,-3.75,7.75,-7.5,-1.25,-17.5,-9.75,-5,0
1096,7,7,1.5,-10.25,-7.5,-10,-2.5,-7,-8,7.75,-4,3.75
1097,1,1,-3.75,6.5,-5.25,-6.5,-1.75,-4,-0.75,-2.25,-2.25,-2.75
1098,3,3,-5.75,-7,-3,7,-6,-2,-17,-5.25,-4.5,0.25
1099,6,6,-1.25,-3,-3.5,-6.25,0,-2.25,5,-11.75,-4.75,-7.75
1100,7,7,-9.25,-3.75,-5.25,-3,-5.25,-7.75,-18.25,9.25,-1.75,0
1101,8,8,-5.5,-15.25,-2,-4,-4.25,-5.75,-4,-9.5,0.25,-3.25
1102,5,5,-5.5,-24.5,-13.25,-5.25,-11,9.75,-1,-18.75,-1.25,0
1103,9,9,-10.25,-11.75,-7.5,-3,-3,-1.75,-12.5,-2.5,-1.75,5.75
1104,7,7,-5.25,-0.75,0.5,0.25,-5.5,-11.25,-17.75,10,-2.25,0.25
1105,9,9,-5.75,-13,-4.5,-3.25,-0.25,-10.25,-17.75,2,-2.25,7.25
1106,6,6,-1.5,-8.75,-5.5,-7.5,-0.5,-1.75,9.5,-11.5,-2,-6.25
1107,9,9,-3.25,-16.75,-8,1.25,-5,1.5,-11.75,-14.25,-1,1.75
1108,6,6,-2.25,-9.25,-5.5,-6.25,-3.75,0.75,7.75,-15.25,-0.75,-6
1109,3,3,-5,-11.5,2,6.75,-7.25,-6,-18,-8.5,-3.25,-5.5
1110,7,7,-1.5,-5.75,0.25,0,-6.5,-8.75,-15.75,11,-4.5,2.25
1111,4,4,-9,-3.5,-10.25,-10.75,8.25,-11,-10.25,-2.5,-4.25,2
1112,4,6,2.25,-6.25,-1,-7.25,2.25,-10.75,3.25,-8.5,-6.5,-5
1113,5,5,-12,-22.25,-14,-1.75,-9.5,13.75,-8,-19.5,-1.75,-0.75
1114,3,8,-4,-10.25,1,2.5,-8.75,-10,-14,-2.75,3,-3.25
1115,5,5,-7.5,-16.25,-10.5,-2.5,-7.25,8,-5.5,-11,-0.75,1.5
1116,4,4,-9.5,-8.5,-6,-4.75,4,-6,-11.75,-3,-2.5,1.5
1117,7,7,-7,-0.75,1.75,0.25,-8,-12.25,-20.75,10.75,-2,0
1118,8,8,-7.75,-12,2.25,-1.5,-5.75,-10.5,-10.25,-5.75,4.75,-6.25
1119,7,7,-6,-8,5.75,-0.75,-8,-16.5,-18.75,8.25,-1.5,-8.25
1120,8,8,-3,-2.25,-2.5,-4.5,-5.25,-4.25,-3,-6.75,3.75,-6.75
1121,0,0,8.5,-5.25,-0.5,-7,-5.25,-9,3,-5.75,-5.75,-4.5
1122,7,7,-4,-0.5,0.75,0,-4.75,-5.5,-9.25,5.25,-2.75,0
1123,6,6,1,-10,-6,-7,-3.75,-0.75,9.75,-14,-3.5,-7.5
1124,8,8,-5.25,-3.5,0,-3.25,-6.75,-3.75,-5.75,-0.75,1.5,-2.75
1125,8,4,-10.5,-9.25,-6.25,-5,2,-7.25,-12.5,-2.25,0.5,-1.25
1126,7,7,0.5,-7.75,0,-4.5,-5,-11.25,-11,10,-3.5,0.75
1127,3,3,-7,-9.25,-1,7.5,-12,-7,-20.25,-1.75,0,-1
1128,3,3,-2.5,-15.75,0.5,7,-10.25,-7.25,-18.25,-2.5,-1.75,1
1129,1,1,-4.5,6.5,-4.25,-8,-2,-7.5,-3.75,-3,-2.5,-5.75
1130,9,9,-6.75,-13.25,-6.5,-6.5,3,-10.25,-17,-0.25,-6,8.5
1131,5,5,-6.5,-15.75,-10,-6.5,-5.5,5.75,2.5,-15,1.5,-4
1132,2,2,-1.5,-5.75,10,-1,-6.75,-17.25,-13.5,3,-1.75,-6.5
1133,7,7,-6.5,-2.75,-1,-2,-4.25,-9.75,-17.75,7.75,-2,2.25
1134,3,3,-6.75,-15.25,-4.75,11.5,-11.5,-2,-24.25,-9,-3.75,-1.25
1135,5,5,-5.25,-4,-9.5,-3,-8.25,5.75,-5.25,-6,-3,-2.25
1136,1,1,-4,6.5,-7.5,-9.25,-2.75,-4,0.25,-4.25,-1.75,-4.75
1137,1,1,-4,6.75,-2.25,-4.5,-1.25,-5.25,-2.5,-1,-2.75,-4.25
1138,2,2,-4.25,2,4.25,-0.5,-1.75,-7.5,-7,-1.75,-4.75,-5.75
1139,1,1,-5.25,6,-5,-7.5,-2.5,-8,-4.5,-1.5,-2.5,-4
1140,4,4,-9,-6.75,-8,-7.5,8,-6.5,-12.25,-2,-5.75,-0.5
1141,7,7,-6,0.25,1.25,1,-7,-12.25,-19.25,10.75,-3.25,0
1142,4,4,-4.5,-1,-6.25,-10.75,5.25,-11.75,-5.75,-2.75,-4.25,-1.75
1143,7,7,-7.25,-8.75,4,3.25,-6.75,-17.75,-21.75,10,-0.75,-4.25
1144,5,5,-5,-17,-10,1.5,-9.5,8.5,-7.75,-15.5,-2,-0.25
1145,4,4,-7.25,-8.75,-3.5,-4.25,6.5,-10.75,-16,-1.5,-5.5,-1.5
1146,5,5,-7.5,-12,-8.75,-2,-6.75,6.75,-3.75,-12.5,-0.75,0
1147,4,4,-7.75,-8.75,-8.75,-8,5,-3.25,-6.75,-2.5,-3.5,0.25
1148,0,0,11,-7.75,-0.5,-9.25,-6.25,-10.5,1.75,-5.25,-3,-5.5
1149,8,8,-8.25,-12.25,-2.25,-5,-4.25,-9.75,-12.75,-2.25,4.25,-1
1150,3,3,-4.5,-12.5,-5,7.75,-8.5,1,-15.75,-12.75,-4.25,-2.25
1151,6,6,-5,-3.25,-3.5,-4.5,-0.25,-2.5,3,-11.25,-3,-6.75
1152,9,9,-9.25,-10.75,-10.5,-2.75,-1.75,-1,-15.5,1.75,-4.75,5.75
1153,6,6,1,-8.5,-5.25,-9.75,-7,1,8.5,-14,2,-9
1154,0,0,8.25,-10,-0.25,-8,-5.5,-13.25,-5.25,2,-1.5,-2.5
1155,2,2,-2.5,-0.75,6.5,-0.25,-4.75,-11.25,-10.75,2,-2.75,-3.25
1156,7,7,-6,-3.5,-2.75,-3,-5.25,-4.25,-8.25,1.25,-2,-4.5
1157,4,4,-7.25,-6.75,-6.5,-6.25,4.25,-8.5,-5.75,-4,-3,-1.5
1158,4,4,-5.25,-7.25,-6.5,-12.75,10.25,-11.5,-5.25,-3.25,-7,-1.5
1159,4,4,-4,-4.75,-3.5,-6.5,3,-11,-4.75,-3.75,-3,-3
1160,4,4,-8,-6.25,-7,-9,7.25,-6,-5.75,-6.75,-6.25,-0.75
1161,6,6,-1,-9.75,-5,-5.75,-3.5,-0.5,7,-14.5,-5,-4.5
1162,6,6,-0.5,-12,-5,-9,-1.5,-3.25,10.5,-13.75,-2.75,-3
1163,4,4,-10.5,-4,-9.75,-9.75,8.75,-9.25,-10.5,-0.25,-4.25,-4
1164,7,7,-3.75,-9.75,-6.5,-6.5,-1.75,-8.25,-13.5,9.5,-3.75,4.5
1165,9,9,-8.75,-11.25,-7.75,-3.25,-0.25,-4.25,-16.25,0,-3.25,6.75
1166,3,3,-3,-4.5,-0.25,0.75,-7.75,-1.75,-11.25,-6.75,-1,-4
1167,4,4,-10.5,-5.75,-9.5,-10.75,9.75,-10.75,-10.25,-2.5,-3.75,-4.5
1168,5,5,-5.75,-12.75,-8.75,-0.5,-8.25,7,-9.5,-6.5,-1.75,-0.75
1169,5,5,-3.25,-12.75,-8.75,-2.75,-10.75,5,-5.25,-8.75,-0.5,-3.5
1170,8,8,-7.5,-14.5,-7,-4,-6.5,-0.75,-4.25,-10.25,5.5,-6
1171,7,7,-8,0,-2.5,-1.75,-4.5,-8,-17,9.75,-3.5,0.25
1172,3,3,-6.5,-14.75,-2.75,10.25,-8.5,-3.5,-20.5,-9.25,-3.75,-3.75
1173,7,7,-3.5,-1.5,-4.25,-6,-3.25,-10.5,-12.25,5,-1,2.75
1174,2,2,-1.5,-3.75,11.5,-1,-10.5,-17.5,-9.5,-2.75,-1.25,-13.25
1175,7,7,-6.25,-5.25,-1.75,-2.25,-5.5,-8.25,-16.75,9.25,-1.5,2
1176,0,0,4.25,-0.5,-4,-9.25,-4,-10.25,-9.75,1.5,-3.5,-3
1177,2,2,-3,-1.25,11.5,0.5,-11.5,-15.75,-13,0.75,-1.25,-9.75
1178,4,0,3.25,-7.5,-1.25,-6.75,-0.25,-9.75,-0.75,-5,-3.25,-2
1179,1,1,-5.25,6.5,-4.25,-5.75,-1.5,-4.5,-3,-1.25,-2.5,-2.5
1180,1,1,-6.5,7,-3.75,-5.25,-2.25,-7.5,-5.75,-1.75,-3.5,-4.75
1181,6,1,-4,4.5,-4.75,-8.5,-0.25,-5.5,1.75,-6.5,-4.25,-10
1182,6,6,-7,-14.5,-7.25,-7.5,-5,2.75,4,-15.25,-0.25,-3.75
1183,9,9,-5.5,-11.75,-5.5,-5,-1,-10,-14.25,-0.25,0.25,7.75
1184,2,2,-4.75,0,6,-2,-3.25,-12,-8,-1,-3.75,-8.25
1185,8,8,-5.5,-12,-4.75,-5.75,-2.5,-7,-7.75,-4.5,4,1.5
1186,7,7,-7.5,-4.5,-9.25,-5,-3.75,-3,-16.5,12,-7.25,-0.25
1187,2,2,-5.5,-1.25,8,-1.75,-7.5,-8.75,-8.25,-5.25,-0.5,-12
1188,0,0,9.75,-7,-1.5,-8,-6.75,-7.75,-0.25,-3,-1.75,-3.5
1189,1,1,-4,6.5,-3.75,-5.75,-2.25,-4.25,-2,-1.75,-1.75,-3
1190,5,5,-7.75,-13.75,-10.5,-2,-10.5,10.25,-6.25,-16.25,-0.5,-3.5
1191,0,0,1.75,-12.5,-3,-3,-5,1,-0.5,-4.25,-9.25,-1.75
1192,9,9,-8.25,-5.25,-5.5,-5,0.25,-2.25,-6.5,-0.5,-1.5,0.5
1193,1,1,-6,7,-5,-6.5,0,-7.25,-4.75,0.5,-4,-3.25
1194,7,7,-7,-9.25,0.5,-1.25,-3,-13.5,-20.25,6,0.25,1.75
1195,0,0,10.25,-5.5,-3.75,-9,-6.5,-7.5,-2,-3.5,-3,-4
1196,6,6,-2.75,-3.75,-3.25,-7.5,-2,-4,9.25,-14.75,-4,-11.25
1197,0,0,7.75,-5,0.25,-5.75,-5,-10.25,-0.25,-3,-4.5,-1.5
1198,8,8,-12.25,-11,-5.25,-6.5,0.25,-3.5,-5,-8.5,0.5,-5.75
1199,6,6,-1.25,-10.5,-5.75,-6.5,-4.25,1,9.5,-16.25,-3.75,-6
1200,8,8,-1,-2.5,-2,-4.5,-5.5,-2.75,-4.25,-6.75,2.25,-6.5
1201,1,1,-6.25,6.25,-5,-6.25,-1,-8,-6.5,0.5,-3,-3
1202,8,8,-4.5,-13.25,-3,-5.25,-7.75,1.5,0.5,-14.25,4.25,-8.5
1203,0,0,11.5,-12,-1,-6.75,-8.75,-6.75,-2.25,-5.75,-4.5,-5.5
1204,3,7,-7.75,-3.25,3.5,3,-9.75,-11.25,-17.5,4.75,-1.5,-5
1205,3,3,-5.75,-11.5,-3,10.75,-10.25,-3.5,-22,-6,-4.25,0.75
1206,7,7,-5.25,-3.25,4.5,1,-8.75,-16,-21.25,7.25,-0.5,-1
1207,2,2,-4.5,-4.5,8.25,-3,-2,-13.75,-6.25,-4,-3.25,-11
1208,3,3,-5.5,-7.5,-5,0.75,-5.5,-2.75,-9,-4.75,-0.25,-2.5
1209,6,6,-2.75,-3,-4.75,-5.5,-2.75,0.25,5.5,-13,-1.25,-8.25
1210,2,2,-5.25,-0.5,10.25,1,-6,-17,-14.75,0.75,-6.25,-7.75
1211,1,1,-7,8.5,-5.75,-8.5,1.75,-10.5,-10,1.25,-4.25,-6.25
1212,6,6,-1.5,-4.5,-3.5,-5.5,-2.75,-3.75,3.25,-7.75,-0.5,-4
1213,1,1,-5.75,7.5,-5.75,-6.5,-1.25,-8,-7,0.25,-4,-2.25
1214,1,1,-4.5,6.75,-6.5,-9.25,-2.25,-6.5,-1.25,-3.25,-1.75,-4.5
1215,3,3,-5.75,-8.75,0.25,5.25,-8.5,-6.25,-13.75,-5.75,0,-5.5
1216,7,7,-5,-1.25,-2,-2.75,-1.5,-4.5,-8.5,4,-2.25,1.75
1217,9,9,-9,-1.5,-9.5,-5,-2.25,-3.75,-12.75,0.25,-2.75,1.75
1218,0,0,9.5,-6.25,-0.75,-6.75,-8,-4.75,-2.25,-6.5,-3.25,-6.75
1219,8,8,-4.25,-9.5,-3.25,-2.25,-6.5,-1,-3.5,-8.5,2.25,-5.25
1220,0,0,9.5,-9.5,-1.75,-6.25,-8,-3,-2,-3,-3,-1
1221,5,5,-10,-22.75,-12.5,-2,-7.25,9.25,-8.5,-14.75,0.75,-0.75
1222,4,4,-6.75,-6,-7.25,-8.25,8.75,-9.5,-10.75,-0.5,-5.5,-0.75
1223,0,0,9.5,-15,-3,-11.25,-10.5,0.25,5.25,-11.5,-7,-4.5
1224,2,2,-1,-3.5,2.75,-3.25,0,-5.25,0.75,-4.75,-4.75,-7.75
1225,8,8,-7,-7.5,-4.25,-3.75,-5.25,-3.25,-3.5,-8,4.5,-4.75
1226,7,2,-4.5,0,6,-0.25,-4.25,-11.5,-8,0.25,-7,-8.5
1227,2,2,-5.5,0.5,8.5,-2.25,-5.25,-12.5,-10.5,1.5,-4.5,-8.5
1228,9,9,-9.25,-13.75,-8,1.75,-3.5,-2,-17.75,-6,-1.75,5.75
1229,8,8,-6.25,-7.25,0.5,0.5,-5.25,-8.25,-11.25,-2.25,3.75,-5
1230,4,4,-10,-7.5,-8.75,-9.25,10,-9.25,-14,-3.5,-6.25,-0.25
1231,0,0,8.25,-8.25,-0.5,-5.25,-7.5,-7,-5.5,-2.5,-4.5,-2.75
1232,9,9,-5,-1.25,-4,-5.5,-0.75,-6.75,-3,-4,-3,-0.25
1233,5,5,-11.25,-17.25,-7.5,-4,-6.5,8.25,1,-22.5,-1.25,-4.25
1234,8,8,-5.75,-9.5,-5,-6,-5.25,-0.25,-3.75,-13.25,4,-11.25
1235,5,5,-6.75,-18,-7.75,-4,-6.75,6.25,0.25,-17.5,1.25,-2.25
1236,1,1,-5.25,6.25,-3,-4,-1.5,-5.25,-5,-1.75,-3.25,-4
1237,2,2,-3.25,0,9.75,-1.75,-8.25,-12.25,-8,-3.25,0.25,-12.5
1238,1,1,-5.5,7.25,-5.25,-6.25,-0.75,-7,-5,0,-4.25,-2.75
1239,3,3,-6.25,-8.25,-6.5,4.75,-10.25,3,-12.75,-10.5,-2.5,-3
1240,1,1,-5.75,4.75,-9,-10.5,-1.5,-5,-1,-4,-2,-4.5
1241,7,7,-10.5,-0.25,-2.75,-4.5,-2.75,-8.75,-13.5,8,-2.25,-3.75
1242,4,4,-5.25,-2.25,-4.75,-4.5,0.25,-4,-3.25,-2.5,-3.75,0
1243,5,5,-8.5,-11,-6.75,-5,-2.5,2.75,1.5,-14,-2,-6.25
1244,7,7,-6.5,-1.5,0.25,-0.75,-7.25,-10,-17,8.75,-1.75,0.25
1245,2,2,-3,-7.5,10.75,-0.5,-4.25,-17.75,-11.25,-2,-2.5,-10
1246,0,0,7.5,-9.25,-0.75,-4,-8.25,-5.25,-5.25,-2.25,-1,-3.5
1247,9,0,0.75,-12,-2,0.5,-9.25,0.5,-10.25,-9,-1.5,-2.5
1248,8,8,-3.25,-8.25,-0.25,-2.5,-5.5,-2.75,-2.75,-11.25,0.75,-8.75
1249,8,8,-4.5,-6.75,-4.25,-1.75,-7.5,-3.75,-8.5,-4,4,-4.25
1250,6,6,-4,-1,-5.25,-6.5,-1,-3.25,3,-10.5,-4,-4.75
1251,2,2,-0.5,-2.5,5.5,-2.75,-4.25,-9,-3.25,-4.5,-6.25,-9.5
1252,5,5,-3.75,-12.5,-5.5,-1.5,-6,4.75,0.5,-14,-0.5,-4
1253,4,4,-3.25,-7,-3.75,-9.75,5.25,-7,2.25,-7,-4.75,-4.25
1254,1,1,-4.5,7.5,-4.5,-5.5,-2,-5.25,-4,-1,-2.75,-3.5
1255,9,9,-9.5,-9.5,-7.75,-3,-0.25,-2,-11.75,-3.75,-2.25,5
1256,2,2,1,-3.75,3.5,-1,-7.5,-9.25,-13.5,3,-4.5,-0.75
1257,1,1,-4.25,7.75,-4.5,-8.25,-0.75,-4.75,-1.5,-1.75,-2.75,-5.75
1258,5,5,-7,-10.5,-9.75,-2.75,-11.25,9.5,-6.5,-13,-0.25,-2
1259,8,8,-6.5,-13.75,-3,-7.5,-5,-1.25,-2.5,-8.25,3.5,-4
1260,7,7,-5,4,0.25,-2.25,-4,-8.25,-9.25,5,-2.25,-2
1261,0,0,11,-10.75,0,-7,-9.25,-8.5,-1,-2.75,-3.25,-3.25
1262,2,2,-4,0.25,6.75,-0.75,-5.5,-11.25,-7,-2.5,-3.5,-6.75
1263,4,4,-8,-7,-6,-8.75,4.25,-6.25,-3,-10.75,-5.25,-3.25
1264,4,4,-11.75,-6.75,-10.25,-7.75,5.75,-3.75,-7.75,-6.25,-4.25,0.5
1265,3,3,-6,-9.5,2.5,6,-8,-7.5,-14.25,-4,-1,-5
1266,6,6,-1.25,-5.75,-4.5,-9,2.5,-5.5,5.5,-7,-4,-5.25
1267,8,8,-10,-15.5,-4.75,-3.75,-3.5,-6.25,-12.5,-5.5,5.5,-0.5
1268,8,8,-5.75,-8.5,0.25,-3.5,-6,-9.25,-11.25,-1.75,4.75,-0.75
1269,2,2,-2,-7,6.25,-1.5,-1,-11.75,-7,-3,-3,-5.25
1270,4,4,-10.5,-6.25,-8.25,-4.75,3.25,-7.25,-13,0.5,-4,2.75
1271,0,0,10.5,-9.25,-0.75,-9,-8,-3,1.75,-9.5,-6.5,-5.75
1272,5,5,-6.5,-18.5,-8.5,-1.75,-5.5,5.5,-5.75,-10.25,-0.25,-1.75
1273,0,0,7.5,-9.25,-4.25,-7,-6,-5.25,3,-7,-4,-2.5
1274,4,4,-3.5,0.75,-4.5,-5.5,2,-5,-2,-1.25,-3.25,-0.75
1275,4,4,-9.75,-8.5,-5.75,-4,5.5,-6.25,-11.75,-4.5,-4,-1.75
1276,7,7,-8.5,-8,-0.5,0.5,-4.5,-11.5,-16,7.5,-4,-3.25
1277,9,9,-4.75,-15,-4.75,-3.25,-2.25,-3.5,-11.5,-0.25,-0.75,6.25
1278,3,3,-8,-13,-2.25,11.5,-10.75,-4.5,-23.25,-9.25,-2.75,-2.75
1279,4,4,-4.25,-5.75,-4.5,-9.5,4.25,-9.5,-6.25,-0.25,-3.5,3
1280,1,1,-4.25,7,-3.5,-5.75,-1.5,-6,-3.25,0.5,-2.5,-3.25
1281,5,5,-0.75,-8.75,-9,-5.5,-7.75,3.5,-5,-7.25,-3,-1.25
1282,9,9,-7.25,-11.25,-2.75,-4.25,-0.25,-11.25,-16.25,-1,-1.25,5
1283,7,2,-5,-5.5,5,0.5,-4,-11.5,-11.75,3.75,-3.25,-4.75
1284,3,3,-4.75,-12.25,-2.5,9.75,-9.25,-2.5,-18.25,-8.25,-3.25,-1.5
1285,5,5,-7.25,-10.5,-12.25,-3.5,-7.75,9.25,-5,-12,-2.5,-2.5
1286,8,8,-7.75,-3.75,-4.5,-5.25,-2.75,-4.5,-2,-6.75,2,-5.5
1287,8,8,-6,-12.25,-4.25,-1.5,-2.75,-4.75,-9.25,-10,2.75,-2.5
1288,0,0,4.75,-1.75,-2.25,-8,-0.75,-13.75,-3.75,-3.25,-3.25,-1.5
1289,5,5,-7.25,-10.75,-9.75,-4,-2.25,1,-5.75,-6.25,-1.75,-0.25
1290,3,3,-5.75,-4.25,-5.5,2.25,-7,1.5,-8.25,-11.5,-3.5,-3.5
1291,3,3,-4,-13,-1.25,4.75,-6.25,-2,-11,-11.5,-1.5,-5.25
1292,6,6,0,-9,-3.5,-8,-4.75,-1.5,6.25,-9,-0.75,-4.5
1293,6,6,-2.5,-10.25,-3.5,-5.75,0.25,-1,7.5,-12,-2,-7.75
1294,0,0,10.75,-9.25,-1.5,-9,-7,-9.5,0.25,-2.5,-2.25,-2.75
1295,1,1,-4.25,7.75,-4,-7.25,-0.75,-7,-3,-0.5,-2.75,-4.75
1296,6,6,-6.5,-5.25,-3.25,-6.5,-0.25,-2.5,4.5,-9.5,0,-8.75
1297,0,0,11.75,-10.75,-2.5,-8.75,-11.25,-4.25,-1.5,-3.75,-2.5,-2.5
1298,3,3,-7.75,-8.75,0.5,4.25,-3.5,-7.5,-13.25,-2.75,-2.25,-5.5
1299,5,7,-1.75,-8.75,-4,0,-7.75,-3.75,-17.25,8.75,-5.5,2
1300,4,4,-4.5,-4,-3.25,-5.75,6.25,-9.75,-7.25,0,-6.25,-2.75
1301,4,4,-10.5,-6.5,-10.25,-8.5,5.25,-3.75,-5.25,-6.75,-3.5,-0.25
1302,1,1,-7.5,6.25,-3.75,-4.75,-1.75,-8.25,-8,0.5,-4.25,-3.75
1303,2,2,1.25,-10.25,8.25,0,-6.25,-17.75,-15,0,0.25,-7.25
1304,9,9,-9.75,-11.75,-8,-3.75,0.5,-7,-18,-0.25,-3.25,8.25
1305,1,1,-3.75,7.75,-6,-10,-1,-6.75,-0.5,-4,-2.25,-7
1306,4,4,-10.25,-5.25,-8.5,-9,8.25,-6,-8.25,-4.25,-3.5,-1.5
1307,6,6,-0.25,-6.75,-4.5,-9.75,1.75,-3.75,8.25,-8.5,-3.25,-6.5
1308,9,9,-3.75,-12.75,-2.75,-3.25,-2.25,-6,-14,-0.75,-4,7.25
1309,9,9,-6.25,-10,-5.5,-4.5,1.25,-9.25,-15.5,2,-3.5,6.75
1310,3,3,-5,-2.5,-2.5,3,-7,-4.25,-15.5,1.5,-4.25,0
1311,9,9,-9,-9.25,-8,-3,1.5,-3.75,-13.75,-1.25,-3.5,4
1312,8,8,-0.75,-10.25,-3.75,-6.75,0,-10.25,-5.5,-4.5,2.5,-1.25
1313,4,4,-9.25,-8.25,-7.75,-8.5,9,-7.75,-11.25,-2.25,-3.75,-2.75
1314,4,4,-5,-6.75,-1.25,-10,7.5,-9.5,-1.75,-7,-6,-10
1315,3,3,-7.5,-15.25,-3.75,3.75,-5.25,0.5,-10.75,-12.5,-1.25,-4
1316,1,1,-5,7.75,-4.25,-7,-1.5,-7.25,-3.75,-0.25,-2.5,-4
1317,3,3,-6.25,-11.5,-4,5.75,-8.25,-1.75,-15.25,-5.75,-0.5,-1
1318,1,1,-6.25,7.5,-6.5,-8.5,-1.5,-7.5,-6.5,0.5,-2.75,-3.75
1319,8,0,2.75,-11,-1,-0.5,-10.75,-2,-3.5,-8.25,-1.5,-6.5
1320,8,8,-3.25,-1.5,-2,-0.5,-4.75,-4.5,-6.25,-5.5,2.25,-3.25
1321,7,7,-6.5,-1.75,-1.25,-0.25,-5.75,-7.75,-17.25,8.25,-3.5,2
1322,9,9,-7,-10.75,-4.5,-3.5,-0.75,-7.5,-14.5,1.25,-0.25,6.5
1323,4,4,-9.5,-4.75,-9.5,-9.25,8.75,-7.75,-10.25,-2,-5,-1.75
1324,8,8,-2.75,-3,0.25,-3,-6,-10.25,-9.5,-1.75,3.25,-1
1325,8,6,-2.75,-10.25,-2.75,-8.5,-2.5,-3.75,3.5,-14.5,2.25,-8.5
1326,7,7,-4.75,-0.25,1.25,-1.75,-4,-10.75,-12.75,2.25,-1.25,-1.75
1327,9,9,-7.25,-6.5,-6.5,-4,1.25,-4.5,-11.75,-1.25,-5.25,5.75
1328,7,7,-3.75,-5.5,-2.75,-2.25,-2,-7.5,-10.25,6,-1.25,2.25
1329,1,1,-4.5,7.25,-4,-6.75,-2,-5.75,-2,-1.5,-2,-3.5
1330,4,4,-14.5,-7.5,-14.75,-9,6.75,-4.25,-11.5,-4.75,-3.5,-1.75
1331,5,5,-8.75,-19.25,-9.25,0,-7.5,6.75,-8.5,-16.25,0.25,-1.25
1332,6,6,1,-10.25,-5.5,-8.25,-3.5,-0.25,9.5,-11.25,-3,-5.25
1333,0,0,12.75,-12.5,-2,-7.25,-10,-5,-0.25,-6.5,-4.5,-3.5
1334,5,5,-6.5,-18,-8.25,-3,-7,4.25,-4,-14.25,0.5,0
1335,2,2,-4,0,9.25,-1.25,-6.5,-14.5,-8.5,-0.5,-4.25,-9.5
1336,2,2,-3.25,-0.25,8,0,-6.5,-14.25,-10,1,-3.5,-7.25
1337,2,2,2.5,-3,3.75,-4.75,-3.25,-8.25,3.25,-6.5,-6.75,-10.75
1338,1,1,-6,7.5,-4.25,-4.75,-2.25,-6.5,-7,0.75,-3.5,-2.5
1339,5,5,-5.25,-16.25,-7.25,1.25,-8.25,7.5,-3.25,-16,-2.75,-1.5
1340,5,5,-7.75,-15.25,-8.25,-4.75,-9,9.25,0.75,-18,1.5,-4.25
1341,2,2,-7,-0.75,11.75,0.5,-6.75,-18.5,-18,0,-6.25,-9.5
1342,4,4,-9.25,-7,-9.75,-8,7.75,-5.75,-10.25,-2.5,-5.75,0.5
1343,9,9,-9.25,-9.75,-6,-2.75,0.5,-5,-15.75,-1,-1.75,5.5
1344,6,6,-1.75,1,-6.75,-10,-3.5,-1.5,7.25,-12.25,-2.5,-6.75
1345,2,2,-8.25,-6,6.5,-2,-1.5,-12.5,-9.25,-0.25,-3.75,-10.75
1346,7,7,-7.75,1.75,-4.25,-3.75,-3.25,-7.75,-15,9,-2.75,-1.25
1347,7,7,-1.75,-5,-3.5,-6,-1.25,-10.25,-13.25,9.5,-5.75,3.5
1348,2,2,4,-13.5,7.25,-5.25,-4.25,-12,-2,-7,-7.25,-9.25
1349,2,2,-3.75,-1.5,4.5,0,-6.5,-9.25,-8.25,-1,-2.5,-5.75
1350,1,1,-5.25,7.25,-5.25,-6.25,-2,-6,-4.5,-0.5,-3.25,-2.5
1351,1,1,-4.5,6.5,-6.25,-8.75,-2.25,-6.5,-1.5,-3.5,-2,-5.5
1352,2,2,6.25,-17,7.75,-4,-11.25,-14,-7.75,0.25,-3.5,-8.25
1353,8,8,-7.25,-5.75,-3.75,-2,-6.25,-4.75,-10,-2.25,2.75,-1.5
1354,3,3,-8.75,-7,-1,4.75,-8,-5,-14.5,-6.25,-1.25,-5.75
1355,7,7,-5.5,0.5,-5,-4,-2.25,-4,-6.5,1.25,-2,0.25
1356,2,2,-4.5,-0.5,3.5,-1.25,-3.25,-10.25,-10.5,0,-1.25,-3.25
1357,4,4,-3,-2,-3,-5.5,2.25,-6.25,-5.5,0.5,-3.75,-1.75
1358,1,1,-3.75,5,-3.25,-4,-2.5,-5.25,-4.25,-0.75,-2.25,-2.25
1359,7,7,-4.5,-1.25,1,0.5,-6.25,-10,-16.25,10.25,-2.75,0.25
1360,1,1,-5.5,6.25,-3.75,-4,-1.25,-5.5,-5.75,0,-3.25,-2.5
1361,7,7,-6.75,0.75,-1,-1.75,-6.25,-9.75,-16.5,11.25,-2.75,-0.25
1362,6,6,-1,-8.75,-4.5,-6.75,-0.25,-2.25,8,-10,-4.75,-5.75
1363,7,7,-5,-3.25,-0.75,-3,-2.25,-6.5,-7.25,3.75,-3.75,-2
1364,8,2,-4,-8.25,3,-0.5,-2.25,-7.5,-8.5,-2.25,1.25,-2.75
1365,2,2,-7.75,0,10.25,-0.5,-8.25,-15.25,-14.75,1.25,-7.25,-9
1366,7,7,-8.25,0.25,-4,-4.25,-3,-6.75,-13,7.5,-2.5,-0.75
1367,3,3,-8.5,-19,-1.5,13.5,-12,-6.75,-31.5,-8.75,-2.75,-0.75
1368,1,1,-3.5,4.75,-3,-4,-2,-3,-2,-1.75,-1.5,-2
1369,7,7,-3,-5.5,1,1,-8,-11.5,-18.75,12.75,-4.75,0.75
1370,5,5,-7.25,-17.25,-11,-7,-10.5,9.75,0.75,-16.75,1.5,-3
1371,8,8,-5.25,-12.5,-0.25,-3,-5.75,-9.25,-9.5,-5,5.5,-3.25
1372,2,2,-1.75,-4,6.25,0.75,-6.75,-11.75,-10.5,1.5,-3.25,-4.25
1373,6,6,-1.75,-5.25,-4.25,-7.75,-0.25,-1.5,9,-11.75,-4.75,-4.5
1374,2,2,-2,-6.25,6.25,-0.75,-2.5,-11.25,-7.75,-4.5,-2.5,-11
1375,2,2,-2.75,-3.5,8,-1.5,-9,-10,-9.75,-2.25,2.25,-9.25
1376,5,5,-10.5,-23,-14,-1.75,-11.25,13,-6.75,-19.75,2,-2
1377,6,6,-3.5,-16.25,-6.25,-7.25,-4.5,2,10.5,-22.25,-3.25,-8.5
1378,5,5,-6.25,-5.25,-5.5,-2.5,-4.25,3.25,2.25,-13.5,-0.25,-6.5
1379,0,0,10.75,-11.75,-6,-8.25,-10.75,-1.5,-2.5,-6,-3.75,-4.5
1380,9,9,-4,-7.75,-4.75,-3,0.25,-4.75,-11.5,-1.5,-4.75,6
1381,2,2,-4.25,-5.75,13.25,2.25,-14.75,-18.5,-19.25,-1.25,1,-11
1382,4,4,-5.25,-6.75,-6.75,-11.5,10.5,-10.5,-6.25,-3,-7.5,-2.25
1383,3,3,-3.25,-8.25,-0.25,3.25,-8.25,-1.75,-9,-10.25,-2,-5.5
1384,3,3,-4.75,-3.5,0.25,4,-8,-5.25,-12,0.5,-1,-2
1385,9,9,-8.75,-8.5,-5,-0.5,-1.5,-6,-16.75,-0.25,-2.5,5
1386,7,7,-3.25,-9,0.5,-1.75,-7.75,-11.25,-18,12.75,-2,1.25
1387,6,6,-1,-3.25,-0.75,-6,1.5,-5.25,6.5,-8.5,-5.5,-6.75
1388,6,6,1.5,-12,-3.25,-8.25,-6,-1.25,7.5,-10.75,-3.5,-2
1389,8,8,-6,-10.75,-5.25,-3.75,-5.5,-4.25,-4,-10.5,5.75,-6.5
1390,0,0,11,-9.75,-2,-11.25,-6,-9.5,0.5,-5,-4.5,-5.5
1391,4,4,-13,-11.75,-9.75,-5.75,5,-3.5,-8.75,-11.75,-2.25,-3.75
1392,1,1,-4,6.25,-2.5,-3.25,-1,-4.75,-4.5,0.5,-2.75,-2.5
1393,5,3,-3.5,-8.5,-2.5,4,-6.5,2.25,-7.25,-8,-3.5,-3
1394,8,8,-3.25,-12,-1,-2.25,-5.25,-6.5,-7.25,-4,2.5,-0.25
1395,2,2,-2.75,-6.75,8.5,2.5,-6.5,-17,-16.5,1,-0.75,-6.5
1396,9,9,-7.25,-6.5,-8,-5.5,0.25,-7,-12.25,1,-2.25,6
1397,1,1,-7.25,5.5,-5.25,-5.25,-0.75,-5.75,-5.25,-4.25,-4.5,-3.5
1398,8,8,-5.75,-9.5,-3,-1.5,-6,-4.25,-9.25,-7.25,4.75,-5.75
1399,0,0,7.75,-9.5,-1,-4,-8.5,-2.75,-4.75,-4.75,-2.25,-2.25
1400,6,6,-4.25,-6,-5.25,-7.75,-0.75,-2.5,7,-10.5,-3.75,-5.5
1401,7,7,-2.5,-2.75,-2,-5,-3,-8.75,-10.25,7.25,-2.75,1.75
1402,2,2,-2.5,-1.75,7,0,-6.75,-12.75,-11.5,4,-4,-5.25
1403,1,1,-3.75,6.25,-6,-8.75,-2.25,-5.5,-1.75,-6,-0.5,-8.75
1404,0,0,4.25,0.75,-4,-8.75,-1.75,-12.25,-5.5,-0.75,-3.25,-0.5
1405,5,5,-8.25,-14,-9.5,-3.5,-8.25,9.75,-1.5,-16.25,1,-5.25
1406,5,5,-3,-5.5,-6,-3,-11.25,5,-5.5,-6.5,0.75,-5
1407,2,2,-3.75,-8,13.25,-0.5,-6.5,-21,-13.75,-0.25,-3.75,-9.75
1408,0,0,7.75,-10.5,0,-6.25,-6.75,-7.25,-4.25,1,-9.25,-3.25
1409,2,2,-3.75,1.25,5.75,0.25,-6,-11,-10.25,1.75,-0.75,-4
1410,2,2,-4,-9.25,6.25,-0.25,-1.75,-10.75,-6,-4.5,-3.5,-10.5
1411,0,0,7.5,-7.75,-3.75,-7.75,-5.75,-5.75,-2.5,-3.75,0.5,-2
1412,2,2,-4.5,1.75,6.5,-0.5,-6.5,-10.5,-8,-0.25,-2.25,-7
1413,4,4,-8.25,-3,-8.5,-7,4,-6.25,-7.75,-5.75,-2.5,-2.75
1414,9,9,-4.5,-6.25,-5,-2.25,-2,-3.25,-8,0.75,-5.25,2.5
1415,8,8,-6.5,-11,-3.75,-7.5,-3.5,-1.75,2.5,-12.5,3.75,-9.5
1416,0,0,9.75,-6.25,-0.75,-7,-6,-11.75,-1.25,-3.5,-3.5,-2
1417,9,9,-10.25,-14.25,-8.25,-3.5,-1.5,-4.75,-16.25,-0.25,-3,7.75
1418,9,9,-6.75,-9.5,-5.25,-4,-0.25,-8.5,-17.25,2.5,-4.5,8.25
1419,4,4,-11,-17,-9,-10.25,10.5,-7.25,-10.75,-8.5,-4.25,-1.75
1420,6,6,0.5,-6.5,-4.5,-6.25,-2.5,-1.25,9,-12.75,-3.75,-5
1421,5,5,-3.5,-15.5,-6.75,-0.25,-5.5,3.75,-4.5,-9.25,0.25,-2.25
1422,4,4,-2.75,-10,-4.25,-10.25,7.5,-10.25,-11,-0.25,-7.5,2.5
1423,9,9,-6,-16,-6,-2,-1.25,-6.75,-18,2.5,-1.25,7
1424,1,1,-5,7.5,-5.75,-8,-2.75,-5.5,-1.75,-2.5,-2,-3.5
1425,8,4,-1,-8.75,-4.25,-8.25,0.75,-9,-1.25,-7.25,0,-2.5
1426,3,3,-7.75,-11.25,-2,8.25,-9.75,-4.25,-20.5,-5.75,-2,-3.25
1427,4,4,-5.25,-10.75,-4.5,-10,5.5,-7.25,-5.5,-4.25,-4.75,-1
1428,9,9,-11.5,-12.75,-10.25,-4.5,0.5,-4.75,-16.75,-3.75,-3,5.5
1429,9,9,-7,-4.75,-5.5,-6.5,3,-7.75,-8.75,-2.75,-3.75,3.25
1430,1,1,-6,7,-4,-5.5,-2.5,-5.25,-3.75,-3,-2.75,-4.25
1431,2,2,-3.25,-1.5,9.75,1.5,-12.5,-15.5,-16.25,4,0,-5
1432,2,2,0,-4.75,11,-1,-11.75,-16.5,-10,-1.75,1,-11.75
1433,8,8,-6,-3,-3.75,-2.75,-5.5,-5.75,-6.75,-3.25,0.75,-5
1434,1,1,-5.25,7.75,-5.25,-7,-2.75,-6,-3.25,-2.5,-2.75,-3.5
1435,9,9,-9.5,-12.5,-7.75,-4.25,0,-4.25,-13,-3,-2.25,5
1436,6,6,-2.25,-3,-5.5,-9.5,-5.25,-0.25,8,-13,0.5,-9.25
1437,4,4,-11,-7.75,-6.25,-3.5,4,-2.75,-9,-4.25,-2.5,-1.5
1438,0,0,5.75,-5.25,-2,-8.75,-2,-8,2.5,-6,-3.5,-6
1439,9,9,-9.25,-2.5,-8.75,-4,-0.5,-4.5,-13,-2.75,-2.75,3.25
1440,4,4,-2.75,-4.75,-2.75,-5,1.5,-5,-3,-4,-2.75,1
1441,8,2,-6.75,-8,1.75,-2.75,-3.75,-11,-12.5,-1,1.5,-1.25
1442,3,3,-6.25,-13.5,0,10,-9.25,-6.5,-21.75,-7,-2.5,-2.5
1443,8,8,-5.5,-9,-4,-2.5,-7,-4.5,-7.5,-8,5.25,-4.25
1444,6,6,3,-7.25,-5,-8.25,0.75,-5.5,3.25,-7.5,-5.25,-3
1445,0,0,10,-10,-0.25,-6.75,-7,-8.75,-2.25,-3,-2.25,-4.25
1446,2,2,0.5,-4,8.25,0.5,-11.25,-14.25,-11,-1.75,-1.25,-9.25
1447,5,6,-5,-9.75,-7.75,-6,-5,3.75,4,-13.75,-1.25,-2.75
1448,1,1,-5,7.5,-4.75,-6.75,-0.75,-8.25,-6,2,-3.5,-2.75
1449,9,9,-8.75,-10.75,-9,-4,-0.5,-1.75,-14.25,0.5,-4.25,6.5
1450,6,6,1.25,-8,-4.25,-9.25,-1.5,-2.25,9.25,-11.25,-4.25,-5
1451,2,2,-1.25,-9,8.75,0.75,-5.75,-14,-8.5,-1.75,-1,-6.75
1452,9,9,-7.25,-9.75,-8,-2.5,0.25,-4,-13.75,-1.75,-3.5,6.5
1453,4,4,-9.5,-8.5,-8.25,-5.5,3.75,-6.25,-12.5,-5,-5,2.25
1454,0,0,7,-4.25,-4.5,-9.75,-4.5,-6.25,-1,-2,-2,-3.75
1455,9,9,-5.5,-6.5,-5.75,-3.5,0.5,-5.5,-11,0,-3.25,5.5
1456,6,6,1.25,-2.5,-4,-8,0.75,-5.75,6.5,-6.75,-3.75,-5.25
1457,0,0,13.25,-12.5,-4.75,-8.5,-12.25,-2.25,-0.75,-8.5,-5.25,-6.5
1458,6,6,2.75,-11.25,-1.5,-7.25,-7.25,-2.25,4.25,-7.75,-5.25,-0.5
1459,2,2,-6,-5.25,10.5,0.5,-8.25,-16.75,-16,2,-4.25,-7.25
1460,5,5,-9.25,-15.75,-9,-0.5,-8.25,10.5,-5.5,-16.5,-0.25,-1.75
1461,4,4,-7.5,-10.75,-5.75,-8.75,7.5,-9.5,-6.25,-1.75,-5.5,-2
1462,2,2,0.5,-6,3.75,-1.5,-4.75,-8.75,-10,0.25,-3,-4
1463,3,3,-2.75,-12,-3.25,6.75,-12.75,-2.75,-20.5,-2.25,-3,-0.75
1464,8,8,-7.25,-9.25,-3.25,0.25,-7,-2.75,-9.75,-6.5,3.75,-4.5
1465,4,4,-4.5,-3.25,-2.5,-4.25,1.75,-5.25,-2,-3.75,-4,-4.25
1466,5,5,0.25,-10.25,-6.75,0.75,-9.25,4.5,-9,-8.25,-4,-3
1467,5,5,-4.75,-13.75,-9.75,-3.25,-4.5,2,-5.5,-9.5,0.25,-1.75
1468,0,0,6,-9.75,-1,-5,-6,-1.5,1.5,-4.5,-6.5,-1.25
1469,3,3,-4,-2.5,-2,1.25,-4.75,0,-7,-7.25,-6,-3.25
1470,8,8,-6,-6.25,-5,-1.75,-8,-1.75,-11.25,-5.5,4,-7
1471,5,5,-8,-11.75,-10.75,-3.25,-8.5,8.75,-6.25,-13.5,-0.75,-1.5
1472,3,3,-3.25,-5.25,-1.75,3.5,-6.75,0.5,-9,-6.25,-1,-2.25
1473,5,5,-3.75,-9.75,-10,-5.75,-10,7.75,-3,-7.75,-0.25,-2.5
1474,8,8,-3.75,-0.75,-2,-4,-5.5,-8,-8.25,-3.25,3,-3.75
1475,6,6,-1.5,0.5,-5,-7.25,-2.5,-3.25,5.5,-11,-4,-5.75
1476,5,5,-3.75,-10,-6.25,2,-9.75,6.5,-6.25,-14.5,-4.75,-4.5
1477,7,7,-6.5,-3.75,-1.25,-3.75,-3,-9.5,-10.5,5.5,-4,-1.75
1478,6,6,-3.25,0.25,-2.75,-6.75,-2.5,-4,5.75,-9.75,-2.75,-7.25
1479,3,3,-7.5,-13.75,-2.75,11.75,-12.5,-4.75,-26.5,-6,-3.75,0
1480,3,3,-7.25,-12.75,-2.5,9,-9.25,-6.75,-20.75,-5.5,-2.75,-2.5
1481,9,9,-7.75,-10,-5.5,-2.25,-0.25,-4.5,-14.5,0.25,-4,7.25
1482,6,6,-1.25,-6.25,-2.75,-6.5,-2.5,0.5,7.75,-12.5,-1.75,-7.5
1483,1,1,-5.5,6.25,-4.75,-6,-2.5,-4.75,-3.75,-1.75,-2,-2.75
1484,1,1,-3.5,6.25,-4.5,-6.25,-1.25,-4.25,-1,-2,-2.25,-3.25
1485,2,2,-0.75,-7.5,9.5,-0.25,-9,-14,-11.75,2,-3.25,-5.25
1486,9,9,-6.25,-7.25,-4.75,-1.5,-1.25,-5.75,-14,-0.5,-1.75,5.5
1487,0,0,9.25,-10.25,-3.25,-7.25,-13,1.25,-0.75,-9.25,-5,-5.75
1488,4,4,-3.75,-8,-6,-12.75,8,-8.75,-3.25,-5.25,-7,-0.75
1489,3,3,-3.75,-17.25,-2,11.5,-12.5,-3.75,-20.75,-9.75,-3.5,-3
1490,3,3,-6,-13.5,1,7.25,-10.75,-5.75,-15.5,-12.75,0.75,-6.5
1491,6,6,-2.75,-9.75,-5,-11,1,-4,10,-12.75,-3.25,-5.5
1492,9,9,-11.25,-14.5,-8.5,-2,-1.25,-2,-17,-0.75,-3.75,5.75
1493,5,5,-7.75,-15,-11.75,-3.25,-9.75,11,-5.5,-12.5,0,-1
1494,7,7,1,-1.5,-3.25,-7,-3.75,-8.75,-7.25,7.75,-3.5,1
1495,3,3,-4.5,-5.75,0,6.5,-6.25,-3.75,-13.5,-5.25,-4.25,-1.25
1496,7,7,-5.5,-3.5,-2.5,-3,-4,-5.25,-11.75,6,-4.25,3.25
1497,7,7,-3.5,-6.5,-1,-1.25,-6,-9.25,-16,13,-5.5,0.5
1498,7,7,-5.75,-4.75,-5.5,-5.75,-5,-7.75,-13.25,11.25,-3.25,-0.75
1499,8,8,-7,-11,0,-0.75,-7.25,-7.75,-8,-5,5.5,-10.75
1500,7,7,-5,0.75,-2.75,-2,-2.75,-7.25,-10.5,1.25,-2,-0.25
1501,9,9,-4.5,-10.75,-2.75,-5,-0.5,-8.75,-14.25,-0.25,-4.5,8.5
1502,8,8,-6,-7.5,-5,-3.5,-4.25,-1.25,-0.25,-11.25,2.5,-7.5
1503,3,3,-4.5,-7.75,-2.5,7.25,-7.5,-2,-16.5,-4.75,-3.5,0.5
1504,0,0,8.5,-10,0.5,-4.75,-8.5,-7.75,-4.5,-0.25,-1.5,-2.25
1505,7,7,-4,0.75,1.5,0,-6.5,-10,-14.5,8,-1.75,-0.25
1506,2,2,-5,-2.5,10,-1,-6.5,-18,-14,0.25,-1,-9
1507,7,7,-5.75,0.25,0.5,-0.25,-4.75,-10.5,-16.25,9.25,-2.25,0.5
1508,9,9,-9,-14.25,-6.5,-3.75,-1.5,-6.25,-13.25,-1.5,0.25,5.5
1509,4,4,-5.25,-10.75,-5.25,-6.75,6.25,-10,-12.25,-1.25,-4.75,0.25
1510,5,5,-6.75,-19.25,-9,-2,-8,5.75,-5.75,-16,-0.75,1
1511,4,4,-8,-6.75,-9,-12.75,8.75,-10,-5.25,-6.75,-2,-2.5
1512,9,9,-8,-8.5,-8.25,-6.25,0.75,-5,-9.5,-5,-2.75,4.75
1513,3,3,-4.75,-8,-2.75,6.75,-7.5,-0.25,-14,-7.75,-3.25,-1.25
1514,2,2,-2.25,-5,9.5,0.75,-11.75,-15,-14.75,0,3.5,-7.75
1515,1,1,-5,7.5,-5.75,-8,-3,-7.75,-3.5,-3,-2,-4.25
1516,4,4,-9.25,-2,-9.5,-7,6,-6.75,-9.25,-1.25,-5.5,1.5
1517,0,0,10.75,-11,-1.5,-8.25,-7.25,-7.75,0,-4.75,-2.25,-3.75
1518,2,2,-4.75,-1.75,8.5,-2.25,-5,-16,-10.25,0,-3,-9.5
1519,3,3,-3.75,-9.75,-2.5,8.5,-8.5,-2.5,-18.5,-7.5,-4.75,0
1520,7,7,-10.25,-6.75,-0.5,-0.75,-7.5,-6.75,-15.5,7,-1.75,-1.75
1521,5,5,-9.5,-18.75,-10.5,-1.5,-9.25,10.5,-5.5,-18,0,-1.25
1522,7,9,-6.25,-1.5,-4.25,-2.25,-3.25,-3.5,-9.25,0.75,-1.75,1.25
1523,8,6,-8.25,-12,-6.75,-7.25,-3.25,0.5,3.25,-14.5,2.5,-5
1524,8,8,-6.5,-10.5,-3.75,-3.25,-6.25,-4.25,-9.75,-5.5,5.25,-4.25
1525,5,5,2,-7.75,-6,-3.75,-9.5,4.25,-4.25,-10,-3.5,-7.5
1526,0,0,6.5,-12.5,-5.5,-6.25,-10.5,2,-5.25,-8.5,-1,-4.75
1527,1,1,-8,1,-1.25,-4.75,-0.5,-3.25,-2.25,-9.25,-6,-8.75
1528,1,1,-4.25,7.75,-4.25,-7.25,-2.25,-5.75,-1,-3,-2.5,-4.5
1529,4,4,-5.75,-13.75,-8.25,-13.75,8.75,-7.5,-1.75,-9.5,-4.5,-1.75
1530,8,7,-8.25,-8.5,-3,-1.5,-8.5,-8,-16.75,4.5,2,-1
1531,3,3,-6.75,-8.5,-6.25,5.75,-9.25,3.25,-13.5,-12.75,-3.5,-1.75
1532,9,9,-7.5,-9.75,-6.25,-5.25,0.25,-8.75,-16,2.5,0,6.75
1533,0,0,6.5,-3.25,-3,-7.75,-2.25,-10.75,-2.25,-4.5,-6,-4
1534,0,0,7,-1,-2.5,-9.5,-0.75,-13.5,-1.75,-2.75,-5.25,-3.25
1535,0,0,9,-10.25,-0.5,-7.25,-8,-9.75,-3.25,-1,-1.25,-1.25
1536,6,6,-1.25,-12.5,-3.25,-8,-1.75,-2,10.5,-15.25,-3,-5
1537,6,6,3,-3.5,-2.25,-8.5,-1.75,-4.75,9,-11.25,-2.5,-10.25
1538,2,2,-5.25,-4.5,7,1,-2.75,-12.5,-10.5,-1.5,-1.75,-8
1539,3,3,-6.5,-11.25,-1.75,8.25,-8.25,-2.75,-18.5,-8.5,-4,-0.75
1540,7,7,-2.5,-5.25,-3,-1.75,-4.75,-4.75,-13.25,11.25,-5.5,1.75
1541,8,8,-3.5,-7,-3.75,-2.75,-6.25,-3.75,-2.5,-10.75,3,-4.25
1542,4,4,-11,-8.5,-9,-8.5,8.5,-6.75,-10.25,-3.25,-4,-1.25
1543,7,7,-4.25,-13,-1.5,0.75,-6,-10.5,-18,6,-1,1.75
1544,7,7,-6,-2,0.25,1,-5.75,-9,-17.75,11.25,-4,0.25
1545,9,9,-8,-13.5,-7.5,-2.25,-3.25,-3,-14.5,-1.25,-5,7.25
1546,2,2,-2,-7,8.25,2.25,-8.25,-15.5,-11.75,-1.25,-1,-6.5
1547,4,4,-10.25,-2.75,-12.5,-8,4.5,-4.25,-8.5,-4.75,-3.75,-0.25
1548,1,1,-5.5,6.25,-3.75,-5,-2,-6,-5.75,1,-2.5,-2.25
1549,4,4,-5.75,-2.25,0.25,-7.75,3.25,-13.25,-2.5,-6.25,-2.25,-10.75
1550,5,5,-5.5,-11,-10.5,-3.5,-9.5,9,-6.5,-7,-0.75,-1.25
1551,2,2,-3.25,-4,3.5,-1,-6.25,-10.25,-7.5,-2.25,0,-3.25
1552,4,4,-7.75,-4,-5.75,-5.75,6,-7.75,-9.5,-1.5,-4.75,0.25
1553,9,3,-9.25,-12.5,-6.5,2.5,-4.75,-0.5,-16.25,-13,-1.5,1
1554,9,9,-10.5,-3.5,-7.5,-6.25,-2,-6.25,-13,0.5,-1.5,1.5
1555,1,1,-4.5,7.5,-4,-7.5,-1,-6.5,-2.75,-1,-2.25,-4.25
1556,8,8,-3.5,-14,-0.75,-6.5,-5.25,-11.75,-11.25,-0.25,5.5,0
1557,4,4,-4.75,-3.75,-5,-7.75,5.25,-9.75,-6.5,-5.25,-5.25,-0.5
1558,0,0,7.75,-11,-2.25,-7.75,-5,-9,-0.5,-4.25,0.75,-2.5
1559,9,9,-4.75,-3.5,-4.5,0.75,-5,-1.25,-10.5,-1.5,-3.5,1.5
1560,8,8,-2.5,-8.5,-1.75,-5,-6,-7.5,-3.5,-9.25,4.5,-4.25
1561,4,4,-5.5,-4.75,-3,-4.5,6.25,-8,-10.5,-2.75,-6,-1.25
1562,8,8,0,-12,-4,-5,-6,-2.75,-2.5,-8.25,3.75,-3.75
1563,7,7,-9,1,-4.75,-4.75,-3.5,-10,-16.5,10,-3,-1.25
1564,7,7,-6,-3.75,-2,-2.5,-5.25,-7.75,-16,9.5,-1.75,2
1565,0,0,8.5,-7.75,-0.75,-9,-5,-10.75,0.75,-1,-3.75,-2.75
1566,7,7,-6,-1.5,-4.25,-3,-5.25,-3.25,-11.25,4.5,-3.5,2.5
1567,8,8,-7.75,-14.5,-4.75,-4.25,-6,-5,-9.75,-5.25,6,-4.75
1568,8,8,-7.75,-12.5,-7,-3.75,-6.75,0.25,-6,-11,4.75,-5
1569,6,6,0,-6.75,-0.75,-5.5,0.25,-1.5,4.25,-7.75,-5.5,-5.5
1570,0,6,5,-1.75,-2.25,-11.25,-0.75,-6.5,5.25,-7.5,-8,-9.5
1571,4,4,-9.75,-9.75,-8.25,-5.25,4,-4.25,-10.25,-5.5,-4.5,1.25
1572,8,8,-5.5,-10.75,-3.5,-3.25,-6,-5.5,-8.25,-4.75,3.75,-0.25
1573,8,8,-4,-8.75,-2,-3.25,-4.75,-6,-4.5,-6.75,3.25,-1.25
1574,2,2,-4.5,-0.75,8.25,-3.75,-8,-9.75,-7.5,-6,-4.75,-11.75
1575,4,4,-3.25,-6.25,-5.25,-9.75,6.5,-12.75,-9.75,-3.25,-6.25,-0.5
1576,7,7,-3.75,-3,1.5,0.5,-8,-9.25,-16.5,9.75,-2.75,1.25
1577,6,6,-2,-5.25,-2.75,-8.25,2,-5,8,-9.25,-2.5,-6.75
1578,6,6,-3,-7.5,-1.75,-5,-0.5,-3,6.75,-12,-2.25,-5.75
1579,6,6,-2,-4.5,-8,-9,-3.5,-0.75,7,-12.5,-1.5,-5
1580,4,4,-10,-3.25,-8.25,-8.25,7.25,-7.5,-11,-1.75,-4,-2.25
1581,7,7,-7,-9,2.5,-0.25,-4.75,-11.75,-17.75,5,-1.5,0.5
1582,1,1,-4.25,7,-6.25,-8.5,-2,-5,-0.25,-3.75,-2,-4.75
1583,8,8,-4,-4.75,-4.5,-2,-5.25,-1,-5.5,-3.75,2,-2.75
1584,8,8,-3.25,-6.75,-3,-3.75,-1.75,-7,-9.25,-5.5,1.25,0.25
1585,2,2,-1.75,-4.75,10.5,-0.25,-7.25,-16.5,-14.25,0.25,-4.75,-5.5
1586,3,3,-4.5,-7,-1.25,6.75,-7.25,-5.75,-19.25,-0.5,-4.75,1.75
1587,6,6,-2.5,-10.5,-6.5,-6,-4.75,0.75,3.75,-17.5,-1,-8
1588,3,3,-5.75,-12.5,-1.5,10.75,-9.75,-2,-18,-10.75,-4.5,-2.25
1589,0,0,11.75,-11.75,-2.25,-10,-11.5,-1.75,4,-9.25,-8.25,-4.75
1590,0,0,10.25,-5.75,-4.25,-10,-4.75,-10.25,0.25,-2.5,-3.25,-3.25
1591,3,3,-5.25,-5.75,0,6.5,-10.75,-7,-16,-4.75,1,-4.75
1592,7,7,-6.75,1.25,-1.25,-2,-5.5,-12.5,-17.25,11,-2.5,-1.5
1593,6,6,-0.5,-0.5,-0.5,-3.25,-0.5,-2.5,4.25,-5.5,-3.75,-6
1594,9,9,-7.25,-9,-8.75,-7.75,4.25,-8.75,-10.75,-3,-2.5,6.25
1595,7,7,-2.25,-4.5,2.25,1.75,-7.25,-9.25,-16.5,8.75,-2.5,1.25
1596,9,9,-6.25,-6,-5,-3.75,0.75,-5.25,-10,-0.5,-4,5.5
1597,9,9,-9.25,-8.25,-6.5,-4.25,-0.5,-6.25,-16,2.25,-0.5,5.25
1598,5,5,-12.25,-21.75,-14,-3.25,-13,14.75,-8.5,-22.25,0.25,-1.5
1599,4,4,-11.25,-8.25,-7.25,-6.5,7.75,-8.5,-13,-3.5,-6.25,-2.75
1600,3,5,-7.5,-16.25,-8.5,4.75,-9.75,5.25,-14,-12.25,-1,-2
1601,3,3,-6.75,-11.75,-1.75,7.75,-8.25,-5.5,-19.75,-1.75,-4.75,-0.25
1602,6,6,-4.25,-8,-5.25,-7.5,-0.25,-2.75,8.25,-13.75,-2.5,-6.25
1603,1,1,-7.5,7.5,-4.5,-6.75,-2.5,-6,-3,-4.75,-2.5,-5.75
1604,2,2,-0.25,-6.25,10,0.75,-13.25,-16,-13,-2.75,1,-11
1605,3,3,-7,-13.25,-3.75,8.25,-9.5,-0.75,-18.25,-12.75,-1.5,-0.5
1606,7,7,-7,-7.5,-1.25,-1.25,-5.75,-10.5,-20.5,11.25,-2.75,2.5
1607,3,3,-8.25,-6.25,-5,1.5,-3.5,-2.5,-10.5,-6.75,-3.25,-2.25
1608,3,3,-8.5,-12,-4.5,9.25,-9.25,-1,-20.75,-12,-4.25,-0.75
1609,2,2,-0.5,-13,0.5,-2.25,-0.75,-7.5,-6,-7.5,-8.5,-7.25
1610,0,0,11.75,-14,-1.25,-6.5,-11,-4,-4.5,-4.25,-4.5,-3.25
1611,3,3,-2.25,-5,-1.5,0.75,-8.25,-0.5,-4.5,-8.75,-1.5,-3.75
1612,3,3,-5.75,-10.25,-6,8,-11.75,1,-19.5,-5.75,-5.25,-0.25
1613,8,8,-7.75,-17,-4,-2.75,-4,-6.5,-11.25,-8.25,6,-1.75
1614,4,4,-7,-6.5,-5.75,-5.75,3,-8.5,-5.75,-3,-3.5,-0.5
1615,3,3,-6.25,-13.25,-0.25,10.5,-8.25,-3.75,-17.5,-9.25,-4.5,-3
1616,6,6,3.25,-12,-2.25,-7.25,-5.75,-2,5.75,-9.25,-3.75,-1.5
1617,3,3,-5.25,-14.25,2.75,7.75,-9,-7,-18.75,-7.75,-0.25,-4.25
1618,5,5,-12.5,-11.25,-14.5,0.5,-9,5.5,-17.5,-3.25,-3.75,-0.5
1619,0,0,6.5,-7,-1.5,-6.75,-5.5,-5.25,1.25,-4,-0.5,-1.75
1620,2,2,-1.25,-7.25,10,2,-8.25,-18,-11.75,-1,-2.75,-8.5
1621,0,6,6.25,-5.25,-3.5,-10,-2,-4.5,7.25,-9.5,-5,-8.5
1622,9,9,-8.75,-10,-9.5,-4.5,1,-3,-15,0.75,-5.5,7.25
1623,0,0,9.75,-8.5,-5.25,-7,-11,-0.25,-3.25,-5.25,-4.75,-3.75
1624,7,7,-9.25,-2.75,-4,-2.5,-6.5,-6.25,-16.5,7.75,-2.25,1.5
1625,4,4,-9.25,-10,-6.75,-6.5,7,-4,-7.25,-6.5,-4.75,-3.5
1626,6,6,-2.5,-8.5,-6.25,-5.75,-4.25,1,4.25,-15,-0.75,-4.75
1627,9,9,-2.75,-13,2.25,-3.25,-1,-13,-15,-1.5,-3.75,5.25
1628,3,3,-4.75,-6.5,-4.25,5.5,-7.75,2,-11.25,-10,-3.5,-1.75
1629,5,5,-13,-21.5,-14.75,-0.5,-11.5,15.75,-9.5,-20.5,-1.5,-0.25
1630,1,1,-4.5,7.75,-4,-7.25,-1.75,-6,-2.25,-1.25,-2.5,-3.75
1631,9,9,-10.75,-10.25,-8.75,-1.25,-1.75,-3.75,-18.25,1.75,-5.25,5.75
1632,6,6,1,-5.5,-2,-8.75,0,-4.75,9.5,-10.5,-4.75,-8.25
1633,1,1,-4.5,8,-3.5,-7.5,-2.5,-7.5,-2.75,-1.25,-2,-5.25
1634,4,1,-11.25,3.25,-10.5,-9.25,2.75,-6.5,-12.5,2.5,-3,-1.5
1635,5,5,-8.75,-9.75,-9.25,-1.5,-8,8.5,-3.25,-16,-1.25,-3.75
1636,4,4,-4.75,-4.5,-5.25,-10,7.75,-11,-6.25,-0.5,-6.25,-4.75
1637,5,5,-10,-10.75,-9.25,0,-4.75,6,-4.5,-20,-5.75,-3.25
1638,0,0,8,-3.75,-3.75,-10.25,-2.5,-14.25,-2.75,-2.5,-3.5,0
1639,5,5,-8.75,-16.5,-10.75,-1.25,-7.5,9.5,-6.75,-13.5,-1.75,1.5
1640,9,9,-2.5,-12.75,-2,-5.5,-0.75,-5.5,-7.25,0.25,-4.25,3
1641,5,5,-1.5,-11.25,-5.25,-6.75,-5.75,4,1.5,-6.5,-2,-3.5
1642,2,2,-0.75,-4.75,3.25,-5.5,-1.5,-10.75,-2.75,-5.75,-0.5,-7
1643,1,1,-5,7.75,-4.5,-8,-1.75,-7.25,-2,-2.75,-3,-4.75
1644,2,2,-2,-2,5.75,1.25,-9,-10.5,-11,-1.5,2,-6.75
1645,9,9,-6.5,-10,-5,-4.25,-2.25,-5.75,-12.5,-0.75,-3.75,7.5
1646,1,1,-5,8,-6,-8.25,-0.5,-7.75,-6.5,-0.25,-3.25,-5.75
1647,9,9,-6.5,-5.75,-7,-4.25,1,-6,-11,-1,-2.25,5.25
1648,9,9,-8.25,-5.25,-5.25,-2.5,-1.75,-4,-13.5,1.25,-2.25,2.75
1649,4,4,-7,-4.75,-8,-8.5,7.25,-10.25,-7.75,-0.25,-4,-1.75
1650,0,0,9.5,-7.5,0,-8.5,-7.5,-7.5,-1,-5.75,-2.25,-8
1651,8,8,-6,-6.75,-2.5,-3.5,-3,-6.25,-6.5,-5.5,3.75,-2.75
1652,4,4,-8,-7,-7.75,-9.75,7,-4.75,-5.5,-4.25,-4.5,0
1653,5,5,-8.5,-13.5,-10,1.25,-8.5,7.75,-9.75,-13.5,-3.5,0.5
1654,2,2,-5.75,-1.25,8,-0.25,-7,-14.25,-11.5,0,-6.75,-6.75
1655,9,9,-3,-14,-3.25,-4,-2.25,-4,-8.75,1,-2,5.75
1656,2,2,-4.25,1.25,8.75,-2.25,-5.75,-12.5,-6.5,-0.5,-4.25,-9.5
1657,1,1,-4,6.25,-5,-6.25,-2,-3.75,-0.75,-3.5,-2.25,-3.5
1658,2,2,-2.25,0,7.5,-1.75,-7,-9,-6.5,-1.5,-0.5,-7.5
1659,1,1,-5,7.25,-5,-7.25,-0.25,-6.75,-3.75,1,-3.25,-3.25
1660,7,7,-6,0.5,1.5,-0.5,-4.25,-11.25,-15.75,8.25,-2.5,-0.75
1661,3,3,-7,-10.5,1.25,9,-10,-8.25,-20.25,-4.75,-1.25,-3
1662,6,6,-1.5,-7.75,-3,-8,0.5,-3,10.75,-14,-3.75,-7.75
1663,8,8,-8.75,-12.5,-2.5,-1.25,-8.5,-4.25,-12,-2,5,-2.25
1664,8,8,-4,-3.5,-1,-3.25,-6.25,-5.5,-4,-7.25,2.25,-7.25
1665,4,4,-9.5,-4.25,-8.5,-7,7.25,-6.5,-10.75,-3.25,-3.75,-0.75
1666,9,9,-6.5,-9.5,-5,-3.25,0,-8.5,-14.5,1.25,-3.5,7.5
1667,1,1,-5.5,7.5,-2.25,-5.25,-5,-7.25,-5.5,-1.5,-2.75,-5.25
1668,9,9,-8.75,-9.5,-6.25,-1.75,-0.75,-5.75,-15.75,-0.25,-2.75,6.25
1669,8,8,-5,-10.5,-3,0.5,-6.25,-2.75,-10,-5.5,3.75,-0.5
1670,5,5,-7.25,-18,-10.5,1.25,-9.5,10.25,-8.75,-16,-1,-1.5
1671,7,7,-13.25,-8,-6.75,-0.5,-3.5,-4.5,-18,1.75,-4.25,-0.75
1672,5,5,-9.75,-16.25,-14.25,-2.75,-10,9.75,-12.25,-8.5,-0.5,0.75
1673,1,1,-6.5,6,-5,-5.25,-1.75,-7.25,-8.75,2.75,-4.25,-0.75
1674,1,1,-5.25,7.75,-4,-6,-2.5,-6.25,-5.25,0,-2.5,-3
1675,8,8,-4.5,-4,-0.5,-2.75,-6.75,-8,-7.75,-8.75,5,-11.25
1676,6,6,-1,-8.75,-7.75,-10.75,-2.75,-0.75,7.5,-13.5,-1,-7.5
1677,5,5,-8,-17.25,-12.25,-4.5,-9.75,11,-6.75,-13,0.5,-0.5
1678,2,2,2.25,-2.75,3,-4.75,-3.75,-8.25,-4.5,-3.25,-3.25,-5.25
1679,4,4,-12.5,-15,-8.75,-10.25,10.75,-9.5,-13.75,-5.75,-3.25,-2.5
1680,4,4,-8.75,-3.25,-9.25,-8,7.25,-8,-11,-3.25,-4.5,-0.5
1681,3,7,-2,-8.75,0,1.25,-8.75,-8.75,-19,10.75,-2.75,2.75
1682,2,2,0.75,-3.25,7.5,-1.25,-9.75,-10.25,-10.5,-1.25,-5.5,-5.5
1683,3,3,-6.75,-14.75,-0.75,12,-13.25,-5.5,-25.5,-6.75,-3,-0.5
1684,5,5,-7,-4.25,-9.25,-2.25,-8.5,5.75,-4,-9.5,-2.5,-2.25
1685,6,6,-2.5,-8.5,-4.5,-7,-0.5,-3,9.25,-14.5,-3.25,-6.25
1686,8,8,-5,-8,-5,-3.25,-4,1,-0.5,-10.75,2,-6
1687,8,8,-5.75,-1.75,-4.5,-4.5,-7.25,-6.5,-8,-4.75,1.5,-2.5
1688,6,6,-4,-1.5,-5,-7,-1.5,-2.75,6.25,-11.25,-4.25,-6.75
1689,2,2,-3.5,-2,3.5,-0.25,-2.75,-8.75,-8.5,-1,-1.5,-3.75
1690,3,3,-2,-6,-1,5.25,-7.25,-2.75,-13,-2.75,-3.5,-0.5
1691,1,1,-8,2,-3.5,-5.5,-1.75,-6.25,-3.75,-3,-2.5,-6.75
1692,0,0,10.75,-8.75,-3,-8,-9.75,-1,2,-10.25,-7,-6
1693,5,5,-10.75,-15.5,-11.75,-1,-9.75,11.75,-7.5,-15,-2,0.5
1694,8,8,-3.25,-3.75,0,-0.5,-5,-5.25,-6.75,-2.75,1,-4
1695,9,7,-9.25,-4,-8.25,-4.75,-2.75,-3.75,-14.25,3,-0.75,2.75
1696,2,2,-3,-2.5,4.25,-3.75,-3.75,-10.5,-4.5,-0.5,-3.5,-4
1697,9,9,-8.5,-10,-9.5,-5,0.75,-5.75,-12,-2.75,-1.5,6
1698,6,6,-1.5,-7.75,-3.25,-5.75,-1.75,-0.5,8.25,-11,-2.25,-4.75
1699,7,7,-3.5,-5.5,0.75,1,-8,-10.25,-19.5,13,-4.75,2
1700,0,0,9.75,-9.25,-2.25,-5.25,-9.25,-4.25,-4.75,-2.25,-3.25,-2.25
1701,4,4,-9,-3.75,-8,-3.75,1.75,-0.75,-6.75,-3.75,-3.5,-0.5
1702,8,8,-3.75,-6.5,-2.5,-2,-10.75,-1.75,-5.25,-6.25,3.5,-6.75
1703,7,7,-4.5,-0.25,0,0.25,-5,-7.5,-13.75,7.5,-2,0.5
1704,1,1,-4.5,7.5,-4.25,-6.25,-1.25,-6.25,-4.25,0.25,-2.75,-3.25
1705,7,7,-6.25,-1.5,-1.75,-2.5,-3.75,-9.25,-15.5,10,-2.5,0.75
1706,4,4,-11,-8,-7.25,-7,7.75,-9.5,-15,-1.75,-5,-3.75
1707,1,1,-6,4.5,-2.5,-3.5,-1.25,-5.5,-5.25,-1.25,-3.25,-3.75
1708,0,0,11,-10.25,-2.5,-7.25,-11.5,-1.75,-0.5,-6,-5.75,-2.5
1709,9,3,-5.75,-5.5,-4.25,0.25,-1.25,0,-7,-4.75,-1.5,-0.75
1710,7,7,-8,0.5,-4.25,-3.5,-4,-8.75,-17.25,9.25,-3.25,0.5
1711,2,2,-2.25,-3.5,8.25,1,-11.5,-14,-13.5,-1,0.5,-8.5
1712,0,0,8.25,-8.75,-1.5,-5,-8.5,-3,-3,-5.75,-5.25,-1.5
1713,0,0,9,-10.5,-1.5,-5.25,-6.5,-5.75,-2.25,-2,-2.5,-0.5
1714,9,9,-10.5,-14.25,-9.75,-3.5,0,-1.75,-15,-4,-3,6.75
1715,1,1,-4.5,7.25,-4,-5.5,-1.5,-5.25,-3.75,-0.75,-2.5,-2.75
1716,7,7,-4.25,1.25,-0.25,-2,-4,-6.5,-10.25,4.75,-1.25,-0.75
1717,8,8,2.25,-10.75,-3.25,-3.75,-6.25,-2.5,-2.5,-8.25,2.5,-7.5
1718,7,7,-8.5,-8.75,3.25,2.25,-4,-17.25,-24,9.75,-6.75,-3
1719,8,8,-5.5,-4.75,-3.75,-4,-5.25,-5.75,-7.75,-5.75,4.5,-3.75
1720,4,4,-8,-14.25,-9.5,-12,8.25,-6.25,-4,-8.75,-5,-2.5
1721,7,7,-8.5,-1.25,-8,-4.25,-1.5,-5.5,-12.75,2,-2.5,1.5
1722,2,2,-6.5,-7.25,2.75,-1.75,-0.25,-11,-5.25,0.25,-2.25,-9.5
1723,0,0,12.5,-12,-2,-9.75,-9.5,-6.5,1.75,-5.25,-4,-3.25
1724,4,4,-3.75,-8.25,-6,-12,7.75,-7.25,-5,-2,-7.25,-1.75
1725,6,6,-4.25,-0.25,-3.25,-6,-2.5,-1.75,5.25,-9.25,-2.25,-7.75
1726,0,0,8.5,-11,-3,-5.75,-11.5,0.75,-0.75,-8.75,-7.25,-3.5
1727,3,3,-7.75,-6,-3.75,5.25,-12,-5,-22.5,3.25,-2,-0.25
1728,1,1,-5.75,7.5,-3.75,-5.5,-0.5,-6.75,-5.25,0,-4,-3.5
1729,1,1,-5.25,6.75,-5.75,-8.75,-2,-6.75,-3,-2,-2.75,-3.75
1730,3,3,-5.5,-5,-2.75,1.5,-8.25,-1.75,-10,-10.25,-1.25,-3.75
1731,3,3,-7.5,-17.5,-0.25,12,-11.5,-5.5,-24,-10.5,-2,-3.25
1732,9,9,-5.25,-13.5,-7.75,0.5,-4,0.5,-14.5,-8.5,-1,2.75
1733,6,6,1,-9.75,-5.25,-8.75,-3.75,-2.25,9.75,-11,-2,-5.75
1734,7,7,2.25,-13.5,-3.25,-7,-4.75,-7.5,-7.5,8.5,-2.75,1.5
1735,4,4,-6.25,-5.25,-3,-4.75,4.25,-6,-6,-4.5,-3.25,-4.25
1736,1,1,-4.75,7.25,-3.25,-4.75,-1.5,-6,-4.25,-0.75,-3.5,-3.5
1737,5,5,-4.75,-8.75,-1,-3,-2.75,0.25,0,-11,-2.75,-7.25
1738,3,3,-6,-11.75,-2.5,9.5,-8.5,-3.25,-20.25,-7,-4,-1.25
1739,0,0,9,-6.75,-1,-8.75,-5.75,-9.25,1.75,-5.5,-2,-4.5
1740,8,8,-2,-4.5,-4,-5.25,-6.25,-3.5,-3.5,-10.25,1.75,-8
1741,7,7,-5.75,3.75,-1,-4.25,-6.75,-10.25,-13.75,9.25,-2.5,-1.5
1742,3,3,-5.5,-11.25,-1.5,7.75,-9,-2.5,-15.5,-9.5,-1.25,-3.25
1743,9,9,-4.5,-9.75,-6.5,-6.5,1.75,-7,-9.25,0,-4,6
1744,6,6,-1.5,-6,-3,-5.75,-0.5,-1.5,8.25,-10.25,-2,-6.25
1745,9,9,-8,-8.75,-8.5,-6.25,2,-8,-14,-0.25,-2,7.25
1746,3,3,-4.5,-9.75,1.75,5,-7.5,-2.75,-7,-12.25,-4.75,-6
1747,5,5,-3.25,-6.75,-10.5,-3.75,-8.75,4,-7.25,-2.25,-2.5,-3.5
1748,0,0,3.75,-11.25,-4.25,-5,-4,-3.5,-1.75,-1.75,-5,-5
1749,2,2,-3.5,-5.75,11,2.5,-10.75,-20,-19.25,3.75,2.25,-5.5
1750,7,7,-7,-2.75,-0.5,0,-2,-9,-11.25,5.75,-2.25,-1.75
1751,4,4,-6.25,-2.5,-1.25,-4,2,-9,-8.25,-3,-6.25,-5
1752,5,5,-8.25,-17.25,-9.25,-1.5,-7.75,8.75,-4.25,-16,-0.25,-0.25
1753,1,1,-5,6.75,-3.25,-4.5,-2,-4.75,-3.75,-1.75,-2.75,-3
1754,7,2,-5.25,2,6.25,-1,-3.75,-15.25,-12,2.75,-6.25,-9
1755,5,5,-6.25,-6.25,-7.75,-1,-9,7.5,-5,-12,-4.25,-3.25
1756,8,8,-5.75,-8.5,-3.75,0.75,-9.5,1.25,-6,-9.5,3.25,-3.75
1757,0,0,6.75,-3,-1.75,-8.75,-3.75,-11.75,-2.5,-2.25,-2,-2.5
1758,8,8,-3.75,-12.75,2.25,-5,-7.25,-7,-3.5,-11.75,5.25,-11
1759,8,8,-3.5,-8.75,-1.25,-5,-2.75,-5.25,-4,-4.75,2.5,-0.75
1760,1,1,-6,7.25,-5,-6.5,-2.75,-7.25,-4.25,-2.5,-3,-3.75
1761,5,5,-11,-13,-9.5,-4.75,-5.75,6.75,-6.5,-7.25,-1,0.25
1762,0,0,8,-10.5,-1,-6,-8.25,-4.5,-1,-2.5,-0.25,-2.75
1763,3,3,-5.25,-6.5,-2.75,4.5,-6,-3.25,-14.75,-2.5,-4,0
1764,0,0,10.25,-11,-1,-8.75,-6,-9.25,2.25,-4.75,-4.75,-4.25
1765,3,3,-5.25,-13.25,-2.25,5.25,-8.25,0,-13.5,-9.5,-1.75,-1
1766,1,1,-5,8.25,-5,-8.25,0,-7,-4.75,-1,-3.5,-5.75
1767,4,4,-5.5,-9.25,-4.25,-6,4.5,-6,-5.75,-3.5,-6.25,-1.5
1768,0,0,9.25,-4.75,-2.5,-9.75,-6,-6.25,0.5,-3.25,-1.5,-7.25
1769,3,3,-4.75,-13.75,3.5,8,-10.25,-11.25,-20.5,-4.5,0,-3.25
1770,7,7,-6.75,-0.75,-0.25,-0.5,-6.75,-9.75,-17.5,11.25,-2,-1
1771,2,2,-4,-1,10.25,-0.5,-11.5,-13,-13.5,1.5,-0.5,-7.25
1772,7,7,-6.75,-10.75,-4,-0.75,-2.25,-1,-8.5,0.75,-5.5,-5.75
1773,1,1,-2.75,4.5,-2.75,-7.25,-3.75,-4.25,2.5,-7.25,-1,-7.25
1774,8,8,-5.75,-8.5,-8,-4.75,-5.75,0.75,-5.75,-13.25,3.25,-6
1775,0,0,8,-7.25,-0.5,-5,-6.25,-4,-1.75,-2.5,-1.75,-2.5
1776,7,7,-5,-0.75,1.25,0.75,-6.75,-9.25,-14.75,9,-2.75,0.75
1777,0,0,8.5,-7.5,-1.5,-6.5,-6,-3.75,1.25,-5.75,-3.5,-4.75
1778,4,4,-4,-2,-4.25,-7,5.25,-6,-4.25,-3.5,-6.25,-2.5
1779,3,3,-8,-12,1,9.75,-12.5,-7,-21,-6.5,-0.75,-2.75
1780,1,1,-4,7,-4,-6.75,-1.5,-5.25,-1.75,-1.75,-2.25,-3.75
1781,9,9,-3.25,-7.25,-5.75,-7.75,0.25,-6.5,-6.75,-4.5,-4,5.5
1782,8,8,-7,-18.25,-1.5,-4.5,-4.75,-5.75,-11.25,-0.75,2.5,-1.25
1783,7,7,-3.25,-4.75,-2.25,-3,-3.75,-8.75,-17,11.75,-6.25,3.5
1784,7,7,-5.25,-1.5,0.25,-0.25,-5.25,-10.5,-17,11.25,-3.25,0.75
1785,1,1,-9.5,2.5,-5.25,-5.75,-2,-6.25,-5.5,-4,-2,-5
1786,4,4,-9.25,-4,-8.75,-7.75,5.25,-6.5,-9.5,0.75,-3.5,2.25
1787,9,9,-5.75,-15.25,-6.75,-4.75,0.5,-8.25,-17.5,2,-4.5,9.25
1788,9,9,-8.25,-8,-7.75,-4,1.25,-4.75,-12.5,-3.75,-2.75,6
1789,3,3,-3.25,-3,0.75,3.25,-7.25,-4,-11,-5.75,-2.25,-3.75
1790,2,2,-6.5,-6.75,3,-3,-5,-12,-12.25,2,-1.25,-6.25
1791,1,1,-4.75,7.75,-5.75,-8.25,-2,-5.5,-2.25,-1.5,-2.25,-3.5
1792,7,7,-8.25,-6.75,0.75,3.25,-5.5,-13.75,-21.25,10.75,-3.75,0.5
1793,9,9,-4.5,-14.25,-2.75,-3.25,-1.75,-9,-19,3,-4.5,9
1794,0,0,5.5,-5,-2,-5.75,-5.75,-2.25,1.25,-4.75,-4.25,-5.75
1795,2,2,-2.5,-6.25,10.75,-0.75,-5.75,-16.75,-10.75,0,-3,-8.25
1796,0,0,8.25,-6,-1.5,-8,-7,-2.75,2.25,-8.5,-6,-7
1797,3,3,-4.5,-10.5,-4.5,6.25,-9.75,2.75,-16,-12,-4.25,-1.75
1798,3,3,-9.5,-11,-7.5,6,-7.25,0.75,-15.25,-14.75,-2.75,-2
1799,7,7,-5.75,-2.25,-0.25,0.75,-7,-9.5,-19,10.25,-3.25,1.25
1800,6,4,-2.75,-11.25,-1.25,-8,2.75,-8.5,2,-8.75,-3.75,-1
1801,9,9,-4.25,-18.75,-3,-2.25,-6,-4.25,-16.25,2,-3.5,5.5
1802,2,2,-5.25,-1,9,-0.5,-7.5,-14.5,-14.5,-1.5,-3.5,-5.75
1803,3,3,-5,-13,-1.5,10.25,-11.75,-4.5,-20.5,-4.25,-3.25,-0.75
1804,3,3,-9.25,-10.75,-1,12,-11.75,-8.5,-28.5,-6,-2,-2.5
1805,7,7,-2.5,-5.5,-2.5,-1.75,-5.25,-7.25,-15.5,12.25,-5.25,2.25
1806,7,7,-4.25,-1,1.5,1.75,-7,-9.5,-16,8.25,-2.75,0.5
1807,0,0,7.5,-10,-1.25,-3.5,-10,-1,-3.25,-5.75,-8.25,-2.25
1808,0,0,6.25,-12.5,0.5,-6,-1,-9.5,-1.25,-3.5,-8.5,-2.75
1809,7,7,-5.75,0.75,-1.25,-2.5,-3.5,-7.75,-12.75,6,-1.75,0.75
1810,5,5,-7.25,-19,-9,-1.75,-10,10.5,-4,-19,-1.5,-2.5
1811,2,2,0.25,-14.75,8,3,-9.25,-15,-18.5,-2,1.5,-5.25
1812,9,9,-7.75,-7.75,-6.5,-5.5,1.25,-6.5,-11.75,1,-4,6.75
1813,8,8,-1.25,-17.25,-2.75,-3.5,-7.25,-2.5,-7.5,-12,2.75,-2.75
1814,7,7,-10,1,-7.5,-6.25,-4.25,-5.5,-13.5,7.25,-1.25,-2.75
1815,4,4,-8.75,-6.25,-8,-9.75,9,-7.75,-9.25,-2.75,-5,-1.5
1816,4,4,-6.5,-4.25,-7,-7,6.25,-9,-9.75,-1.75,-4.25,1
1817,2,2,-4.5,-1.25,6.5,1,-7.25,-10,-10.25,-4,0,-11
1818,6,6,-4,-9.75,-8.25,-7.5,-2.25,0.25,8.5,-14.75,-3.25,-4.25
1819,6,6,2,-3.5,-5,-7.5,-3.25,-1.25,6,-10.25,-5.25,-8.5
1820,1,1,-6.25,8.25,-6.75,-9.25,0.5,-7.5,-6.25,-0.75,-3.75,-6.75
1821,9,9,-7,-15.5,-5.75,-3,-2.5,-4.5,-18.25,2,-2.5,8.25
1822,6,6,-4.75,-8,-6.75,-7,-0.75,1.25,5.75,-11.75,-1.5,-5.5
1823,8,8,-6.75,-5.25,-1.75,-3.5,-2.5,-5.5,-3.5,-4,1.5,0
1824,2,2,-4,-1.5,11.25,0,-12,-16,-14.75,0.5,0.5,-8.5
1825,9,9,-9.5,-11.5,-9.25,-1.25,-1.5,-3.5,-14.5,-5.5,-3,4.25
1826,0,0,10.5,-7.75,-2,-9,-7.75,-7,-1.75,-3.5,-3.25,-3.75
1827,8,8,-7,-10.75,-1.5,-4.25,-6.5,-5.75,-6,-9,4.75,-7.75
1828,3,3,-4,-8,-2.5,2,-9,-3,-12.75,-4.25,-3.5,-2
1829,1,1,-5,6.25,-3.25,-4,-1.25,-6.75,-6.75,1,-3,-2
1830,1,1,-3.75,6.75,-3.25,-6,-1.5,-5.75,-2,-0.75,-2.25,-4
1831,6,6,-0.75,-12,-5.25,-8.25,-4.25,-0.75,9.75,-15.75,-0.75,-5
1832,3,3,-9.5,-7.75,-6.75,5.5,-6,0.75,-19,-6.75,-6.5,0.5
1833,5,5,-9.75,-15,-10.25,0,-8,7.75,-8,-12.5,-0.5,0
1834,1,1,-5.25,7.5,-5.75,-7.5,-1.75,-7.75,-4.5,-0.75,-3,-3.25
1835,1,1,-4,5.75,-3.25,-4.75,-2,-4.25,-2.5,-1.75,-2.25,-3
1836,1,1,-4,7.25,-4.25,-6.5,-2.25,-6,-3.25,-0.75,-1.75,-4
1837,3,3,-6.5,-7.5,-3.5,6.25,-6.5,-1,-15.25,-6.75,-4,-0.75
1838,1,1,-4.75,4.5,-0.75,-4.75,-2,-10.25,-8.5,-2,-2.75,-6.25
1839,2,2,-2,-3,8.5,0.75,-11.5,-12.75,-12.25,0.25,2,-7.5
1840,3,3,-6,-8,-1.75,7.25,-10,-0.75,-15.75,-14.5,-4.25,-5.5
1841,0,0,9.75,-12.25,-2.75,-6.75,-8.5,-3,-0.25,-8,-2.5,-4.25
1842,2,2,-4,-1.75,7.25,-0.75,-8.5,-11,-10,-3.75,2.5,-11.5
1843,0,0,6.75,-8.75,2,-4,-4.25,-13,-6.5,-0.25,-4.5,0.5
1844,1,1,-5,6.75,-4.25,-5.5,-2.75,-7.5,-7.25,2,-2.5,-1.75
1845,3,3,-7.25,-13.5,-2.75,9.25,-9.75,-5,-21.75,-6,-1.75,-0.5
1846,5,5,-6.5,-11,-8,-1,-7.5,8,-5,-10.5,0,-0.25
1847,5,5,0.25,-17,-8.75,-4.5,-10,5.75,-1.75,-13.75,0.5,-5.5
1848,7,7,-7.25,-1.25,0,-0.75,-5.25,-12,-20,10,-1.75,0
1849,4,4,-7,-3.75,-5.5,-7.25,5,-7.75,-7.25,-1.75,-1.75,1.5
1850,8,7,-6.75,-5.75,-2,-1,-7.5,-6.25,-13.75,2.25,1.25,0.5
1851,9,9,-10.25,-7.75,-7.5,-1.75,-0.25,-3.5,-14.75,-2.75,-3,4.75
1852,6,6,-2.75,-6.25,-6,-5.25,-3.25,-0.5,7,-13.25,-4.5,-5.5
1853,9,9,-3.25,-14.5,-4.75,-5,-2.25,-8,-11.25,-1.75,-3.5,7.5
1854,6,6,-0.25,-13.25,-6.5,-9,-2,-1.5,9.25,-13.5,-1.25,-6
1855,8,8,-6.25,-8.75,-1.75,-1.25,-4,-3,-6.25,-5,1.75,-1
1856,3,2,-5.5,-10,5.75,5.5,-9,-11.5,-17.5,-1.5,-1.25,-3.75
1857,6,6,-5.75,-10.75,-4.5,-8.25,3.25,-3.25,4.5,-11.25,-3.75,-7.5
1858,6,6,-3.25,-10,-3.75,-9,-0.25,-1.75,10.75,-15,-2,-6.75
1859,8,8,-8.5,-16,3.5,-3.25,-6.25,-11.25,-14.25,-4.25,8,-8
1860,5,5,-5.75,-11.75,-6.25,0.25,-7.5,7,-3.5,-11.5,-1.25,-0.75
1861,1,1,-7.5,6.75,-3.5,-5.5,-3.25,-7.25,-6.75,-0.75,-2.5,-4
1862,4,4,-7,-3.25,-6.5,-5.25,5.5,-4.75,-9.5,-1.25,-5,-0.25
1863,2,2,-6.25,-5.25,9.25,-2.25,-7.25,-14,-11.25,-2.5,-2.5,-5.75
1864,4,4,-11,-6,-9.75,-8.5,8.5,-8,-14,-3,-4.25,-0.25
1865,4,4,-7,-3,-6.75,-7.75,2,-7,-4.25,-7.5,-2.25,-4.75
1866,5,5,-8,-18.25,-7,-2.5,-8,8,-0.75,-20,1.5,-4.25
1867,1,1,-5,7.5,-5.75,-7.25,-1.5,-5.75,-4,0,-3,-2.5
1868,1,1,-7,5,-4.5,-7.75,2,-8.75,-8.5,-1,-3,-7
1869,9,9,-10.25,-9.25,-9.75,-3.25,-0.25,-4.25,-15,-2.75,-5,5.75
1870,0,0,9.75,-9.5,-5,-8.25,-11,0,-0.25,-8.5,-4,-9.25
1871,2,2,-2.25,-4.25,7.25,0.75,-10.5,-15.25,-13.75,-1.75,1.25,-9
1872,4,4,-9.5,-5.25,-9,-7.75,8.75,-10.25,-15.25,-3,-5.5,-1.75
1873,9,9,-7.5,-8.5,-7.5,-5,0.75,-7,-15.75,0.75,-4.75,8
1874,5,5,-5.25,-13,-7.5,-3.5,-5.25,5,0,-12,0.25,0.5
1875,7,7,-4.5,-4.25,1,-0.25,-6.25,-11.25,-20.25,13.5,-6,1.75
1876,1,1,-5,8.25,-5.25,-7.25,-1.25,-7,-4,-0.75,-3,-3.75
1877,8,8,-2,-2,-3.75,-3.25,-6.5,-2.75,-3.5,-4.25,2.75,-3.5
1878,8,3,-4,-9,0.5,2,-6,-6.75,-7.25,-5.75,0.5,-3.5
1879,5,5,-8,-12.5,-8.25,-2,-7.25,6.5,-2.75,-13,-0.5,-2.25
1880,6,6,2.5,-3,-6.25,-11.25,1.75,-8,4,-2.75,-5.25,-5.5
1881,9,9,-11.25,-7.75,-9.25,-4.25,-0.75,-4.25,-15.25,-0.25,-2.25,4.75
1882,8,8,-7.25,-17.25,-0.25,-0.25,-8,-7.75,-12.5,-6.25,5.5,-5.5
1883,7,7,-6,-8.25,-6.5,-3.75,-3,-4.25,-14,6.75,-7.25,5.75
1884,1,1,-4.5,7.75,-6.5,-9.25,-3,-6,-0.75,-3.5,-2,-5
1885,1,1,-4.25,7.5,-8,-10.75,-1.75,-4.5,-3.5,-1.5,-2.25,-7.75
1886,6,6,-2,-1,-4.75,-7.75,-1.25,-3,7.25,-11.75,-2.5,-9.25
1887,7,7,-4.5,-2,-7.25,-7.25,-1.25,-5.5,-11.25,8.5,-4.5,0.5
1888,6,6,-4.25,-0.75,-3.25,-6.5,-1.5,-2,5.25,-11.5,-2,-7.75
1889,3,3,-8.75,-10.25,-3.75,7,-9.5,1.75,-15.75,-14.75,-2.25,-4.75
1890,2,2,-5.25,-2.75,11.75,-0.25,-6.75,-18,-12,-0.25,-4.25,-9.25
1891,2,2,-0.5,-6.5,9.5,-1.75,-6,-15.5,-10,-1.75,-3.25,-6.5
1892,0,0,8.5,-10.75,-2.25,-6,-14.75,1.5,-5.5,-8,-6,-6.5
1893,8,8,-6,-12,-1,0,-8,-6.75,-8.75,-6.75,5,-8.25
1894,9,9,-10.75,-10.25,-9.75,-4.25,-4,0.25,-9.5,-4.25,-0.5,3.25
1895,2,2,1,-14,11.75,0,-8.75,-17,-11,-3,-6,-8.5
1896,5,5,-6.5,-23.75,-8.5,-0.25,-10.75,8.75,-9.25,-17.5,-0.5,2.25
1897,1,1,-4.5,7.25,-4.5,-6.25,-1.5,-5.5,-2.75,-2,-2.25,-3.75
1898,0,0,8.75,-6.75,-3.25,-8.25,-8,-1.25,0.75,-6.5,-2.5,-6.25
1899,8,8,-8.5,-10.25,-2.5,0,-3,-6.75,-11.5,-3,1.75,-4
1900,1,1,-5.75,2.75,-4.75,-9.25,1.75,-11.25,-7,-2.5,-3.5,-9.25
1901,9,4,-9,-6,-6.25,-5.75,2.25,-3.25,-3,-5.75,-1.25,-1.75
1902,5,5,-7,-11.75,-8.5,-1.25,-7,7,-3.25,-12.75,-1,-1.5
1903,7,7,-8,-5,-0.5,-0.25,-1.25,-9.5,-11.25,4.25,-3.5,-5.5
1904,9,9,-9,-6.5,-6.25,-2,0,-5,-14.25,-2,-2.75,4.5
1905,6,6,-2.75,-7.5,-4.25,-6.5,-1,-2.5,9.5,-14.25,-4.75,-7.5
1906,9,9,-7,-10.75,-6.5,-3.75,-1.25,-3.75,-11.75,-3.5,-1.25,6.5
1907,0,0,8.25,-6.25,-1.25,-7.75,-6.75,-7,-1,-2.5,-0.75,-3.5
1908,6,6,-2.75,-2.5,-2.75,-5.25,-1.25,-3.25,4,-8.75,-3.25,-4.5
1909,1,1,-5.5,6,-3,-5.25,-4.5,-10.75,-10.5,4,-3,-1.75
1910,5,5,-7,-16.75,-7.75,-2.25,-5.75,5.25,-2.75,-13,-0.75,1
1911,5,5,-0.25,-9.25,-5,-7.5,-9.25,5,2.75,-9.25,-0.25,-4.75
1912,8,8,-1.75,-3.25,-6.25,-5,-8.25,-3.5,-6.5,-4.75,2,-5.25
1913,3,3,-1,-5.5,1,1.75,-7.25,-5.5,-9.25,-4.25,-1,-3
1914,8,8,-5,-11.25,-6.5,-5,-6.25,-1.75,-1.75,-9.5,6.5,-6.25
1915,2,2,-4,-2.5,9.25,2,-9.5,-16,-16.75,2.25,-0.25,-4.75
1916,6,6,-3.75,-2.25,-4.5,-8.5,-3.25,-2.5,8.25,-13.75,-2.5,-8.5
1917,5,5,-6.5,-19.5,-9.75,-4.5,-8.75,6.75,-2.5,-11.5,-0.25,1
1918,0,0,7,-0.75,-1.75,-9.5,-2.75,-14.75,-3.75,-1.25,-3.75,-1.25
1919,7,7,-6,-1.75,1,1,-6.5,-10.5,-18.75,10.75,-2.75,0
1920,4,4,-5.5,-5.25,-4.25,-6,3,-5.75,-5.75,-1.25,-4.75,-1.75
1921,6,6,1,-8,-4,-10,-0.75,-4.25,10.5,-12.25,-2.75,-6.5
1922,1,1,-3.5,7.5,-4.75,-7.5,-1.5,-5.75,-1.25,-1.5,-2,-4.75
1923,3,3,-5.5,-10,-0.75,10,-8.75,-4.25,-19.25,-9,-4,-1.75
1924,4,4,-10.5,-8.75,-6.25,-7.75,7,-5.5,-7.25,-6.5,-2.25,-2.5
1925,7,7,-6,-2.75,0.5,0,-4.75,-10.25,-18.25,10.25,-2.75,1.25
1926,3,3,-4.25,-16,-3,3,-3.25,-3.25,-11.25,-9.5,-1,-3.75
1927,2,2,-3.5,-0.75,7.75,0.75,-7.75,-13.5,-10.75,0.25,-2.25,-5.75
1928,3,3,-5.5,-12.25,-3.5,4.75,-6.75,-2.75,-15.75,-2.75,-2.75,-2.25
1929,4,4,-9,-5,-6.75,-6.5,6.5,-8,-9.75,-2,-5.25,-2
1930,2,2,-6,-8.75,8.25,-3.25,4,-19,-11,-2.75,-6.75,-11.5
1931,5,5,-7,-8.75,-7.25,2,-6,6.25,-3,-15.5,-2.25,-4.75
1932,2,2,-4.5,-2.75,10.75,0,-5.5,-17.5,-13.75,2.5,-6.75,-8
1933,7,7,-6.5,-4.25,2,1.75,-5.25,-12,-16.5,9,-2.25,-1.5
1934,1,1,-5.75,7.25,-4,-5,-2.75,-6.75,-6,-0.5,-2.75,-3.25
1935,7,7,-5.75,-2.5,-2.25,-1.5,-5.75,-7.25,-16.5,10,-3,1.25
1936,2,2,-1.25,-8.25,10.25,0.25,-10,-14.75,-10.75,-1,-0.75,-6.5
1937,6,6,-4,-6.25,-3.75,-6.25,-3.5,-1.5,7.25,-14,-2,-8.5
1938,4,4,-1.5,-3.25,-2.75,-6.25,3.25,-5.25,0,-3,-4.75,-3.75
1939,1,1,-5,7.5,-3.25,-6,-3.75,-5.25,-1.75,-3.75,-2,-5
1940,5,5,-1.25,-6,-9.5,-12.75,-6.25,1.75,-1.5,-2.25,0,-4.25
1941,7,7,-3.25,-9.25,1.75,-1,-4.25,-6.25,-9.75,2.75,-2,-3
1942,8,8,-5.25,-4,-0.25,-4.25,-1,-5.75,-3.75,-3.25,2,-3.75
1943,6,6,-4,-2.25,-4,-5.75,-3.25,-2,5.75,-11.25,-1.5,-8.25
1944,0,0,8,-12,-1.5,-5.5,-9.25,-3,-2.5,-2.75,-7.5,-1
1945,1,1,-4.25,7.25,-3.5,-7.5,-2,-7.5,-2.5,-3.5,-2.75,-6.25
1946,8,8,-4.5,-7.5,-1.75,-2.75,-6.25,-3.5,-5.5,-6,4.75,-4.75
1947,2,2,-0.25,-9.75,8,-1,-9.25,-12.25,-9.75,2.25,-3.25,-3.75
1948,5,5,-5.75,-8.75,-6.25,-3,-3.5,3.25,-5,-3,-3.75,-3.5
1949,7,7,-5,-5,2.25,0,-5.5,-11.25,-19,8.75,-3.25,0.75
1950,7,7,-3.75,-5,-1.75,-0.5,-6,-7,-16.75,12.25,-4.25,2
1951,6,6,-1.75,-2,-1,-4.75,0.5,-6,3.75,-7.25,-4.75,-5.5
1952,9,3,-6,-6.25,-4,1.5,-4,-1.25,-12.5,-6.75,-1,0.75
1953,3,3,-6,-5.75,-5,4.75,-7.75,-1.5,-15.75,-6.25,-2.75,-1.75
1954,5,5,-3.75,-15.75,-7.25,-6,-5.5,2.25,-1.25,-10,1.5,-1.5
1955,8,2,-5.5,-6.25,2.75,-1.75,-7.5,-7,-4.25,-11.5,1.75,-10.25
1956,4,4,-2.75,-7.25,-2.75,-9.25,2.75,-9.75,-6.5,-1.75,-4.5,-3.75
1957,2,2,-6.25,-6.25,8.25,-2,-0.5,-17.5,-11.25,-3.25,-4.5,-12
1958,4,4,-10.25,-7.25,-10.75,-11.75,11.5,-9.5,-11,-3.5,-7,-1.25
1959,0,0,6.5,-2.75,-2.75,-7,-4,-7.75,-2.25,-3,-3,-2.5
1960,8,8,-5.5,-8.25,-2.25,-5.5,-7.5,-1,0.5,-10.5,4.75,-6.5
1961,8,8,-5.25,-5.5,-0.75,0.5,-6.75,-4,-8,-8,3.75,-4.75
1962,3,3,-10,-14,-6,9.25,-12.75,0,-23,-8.75,-1.5,-2.5
1963,4,4,-6,-3.5,-8,-6.75,5.5,-6.25,-9,0.25,-5.25,2
1964,9,9,-8,-8.25,-5.5,-2.75,-0.75,-6.5,-13.5,-2.25,-1.5,5.75
1965,2,2,-2.75,0.25,4,1,-4,-6,-7.5,-1.25,-4,-3.75
1966,7,7,-3.75,-5.75,-2.75,-1.75,-6.25,-8.25,-16.5,13,-5,-1
1967,5,5,-9,-21.75,-13.5,-3.25,-10.75,12.75,-3.25,-20.25,-0.75,-0.75
1968,8,8,-6.25,-2.75,-8.25,-9.25,-2.5,-2.75,-2.25,-6.5,1.25,-1.75
1969,6,6,3.5,-4.5,-3.25,-6,-2.75,-4,4.5,-6.5,-0.25,-3.75
1970,5,5,-5.25,-20.25,-11.25,1.75,-8.75,6.5,-11.75,-10.25,-2,1.75
1971,6,6,-1.25,-9.5,-6,-9.75,-3.5,0.25,11.5,-15.75,-2.25,-6.5
1972,0,0,11.25,-9,-2,-6.25,-9,-7.5,-4.5,-5.5,-3.75,-7.25
1973,8,8,-4.5,-14.75,-9.25,-3.75,-6.5,1.75,-4.75,-16,5,-6.25
1974,6,6,-3.5,-7.25,-5.5,-9.25,-0.75,-2,10.5,-14,-2,-6
1975,7,7,-4.25,-2,-2.25,-3.25,-4.25,-10,-15.25,10,-1.75,-0.5
1976,3,3,-5.25,-6.5,-2.75,5.25,-8.75,-2.25,-16.5,-4.75,-4.5,-0.75
1977,6,6,0,-9,-5.75,-5.5,-2.25,-0.25,6.5,-8.25,-1.25,-6.5
1978,4,4,-9.5,-7.5,-9.5,-8.25,7.25,-5.75,-9.5,-3,-5.75,-1.75
1979,9,9,-4.25,-8,-4.25,-4,0.25,-8,-11.25,2,-4.25,6
1980,4,4,-7.5,-5.75,-8.25,-10.25,9.25,-8.75,-8.5,-1.75,-3.75,-1.5
1981,6,6,-5.25,-4,-4.25,-5,-1,-3,2,-9,-3.25,-2.5
1982,6,5,-2.25,-10.5,-6.75,-5.25,-7.75,3.25,2.5,-12.5,2,-5.75
1983,3,3,-6.75,-10.25,0.75,8,-10.5,-8,-19.5,-8.25,0.25,-5.25
1984,2,0,4.75,-13,3.25,-6.75,-10.25,-3.75,-2.25,-3.5,-4.25,-5.5
1985,4,4,-8,-6,-6.75,-7.25,5.75,-5,-4.5,-4.25,-2.75,-1
1986,1,1,-6.25,7,-4,-5,-1.75,-6.25,-5.5,-0.5,-3.25,-3.25
1987,0,0,7,-17,-1.5,-7.5,-6.5,-4.5,0.5,-4.5,-6.5,2.75
1988,1,1,-6.25,5.75,-3.5,-5.25,-1.5,-7.75,-5,-2.5,-3.5,-4
1989,4,4,-5.25,-0.5,-3.75,-6.75,1.5,-8.25,-2.75,-6.75,-6.25,-4.75
1990,6,6,2.75,-1,-2.75,-9,1,-6.5,6,-7.25,-7,-6.75
1991,2,2,-0.5,-5.5,9.25,-1,-7.25,-14.25,-9.5,1,-4,-5.75
1992,9,9,-8,-10.75,-7.5,-6.75,-1.5,-5.25,-10.75,-2,2,5.25
1993,1,1,-5.75,5.75,-5.25,-8.5,-0.75,-10.75,-9.75,-0.25,-1.75,-6.5
1994,1,1,-6.25,6.5,-4.25,-5.25,-1.5,-7.25,-6,-0.25,-3.75,-2.5
1995,0,0,9,-9.75,-3.5,-5.5,-8.75,-3,-4.25,-4.5,-4.5,-2
1996,6,6,-4.25,-13,-6.25,-7,-3.5,2,10,-18.25,-1.5,-5.25
1997,3,3,-6.25,-7.25,-1.5,7.75,-10.25,-4,-20.5,-6.5,-1.25,-2
1998,9,9,-7.25,-11,-6.5,-5,0.75,-7,-12.25,-2.75,-3.25,6.25
1999,5,5,-6.75,-16.25,-10.5,-1.5,-8.25,8,-5.25,-11,-1.5,1.25
2000,6,6,-3.5,-6.5,-2.25,-4.75,-0.75,-2.5,6.25,-11,-1.5,-6.25
2001,5,5,-4.5,-19.25,-10.75,-5.5,-9.25,5.75,-5,-9,2.25,-0.25
2002,6,6,0.5,-5.25,-3.25,-3.75,-3,-0.75,6.25,-10.75,-2.75,-4.5
2003,5,5,-8.75,-9.75,-8.25,-1,-5.25,5.75,-4,-13.5,-1.75,-2.75
2004,8,8,-6,-6.75,-3,-1.75,-6.5,-2.5,-7,-2.75,1.75,-4.75
2005,4,4,-2,-5.75,-4,-11.5,6,-10,-3.75,-3.25,-4.75,-5
2006,6,6,-2.75,-9.5,-8,-9.75,-2.5,-2,10,-15,-0.75,-5.25
2007,4,4,-10.75,-6.5,-9,-7.5,7.5,-5.75,-10,-4,-4.75,-2.25
2008,3,3,-6.5,-14.5,-3.5,5.25,-8.5,-1.5,-15.25,-7.75,-0.5,-3.25
2009,9,9,-1.5,-12.25,-2.75,-4.25,-4.5,-3.5,-8,-1.25,-1.75,5
2010,1,1,-5.25,5.5,-2.75,-5.5,-1.75,-3.5,-1.75,-3.5,-2,-4.75
2011,3,3,-6.25,-2.25,0.5,3.25,-7.75,-7.5,-12.5,2.5,-2.75,-3.75
2012,4,4,-10.5,-6,-8.75,-7.5,8.5,-8,-14.5,-2.75,-4.25,-1.25
2013,1,1,-5.75,6,-3.25,-5.25,-1.75,-4.25,-3,-2.5,-2.25,-4
2014,9,9,-7,-10.75,-4.25,-2,-0.25,-9,-15.75,-0.5,-2.75,6.25
2015,1,1,-6.5,7.5,-4.75,-7.25,-2.25,-7.25,-4.25,-1.5,-2.25,-4.25
2016,7,2,-6.75,-7.75,5.75,1.5,-5.75,-17.5,-19.5,5,-3.75,-5.25
2017,1,1,-6.75,6.75,-6.25,-6.75,0.25,-7.25,-6.5,0.25,-4.75,-2.5
2018,1,7,-6.25,2,-2.25,-4.25,-3.75,-9,-9.25,2.5,-3,-2.5
2019,9,9,-7,-9.75,-7.75,-4.25,0.5,-3.25,-10,-3.75,-3,4.5
2020,3,3,-4.75,-10.25,-4,7.75,-7.75,-0.75,-15.5,-7.75,-3.75,-0.75
2021,5,5,-8.5,-15.75,-12.75,-2.5,-8.75,9.5,-9.5,-8,-2,2.25
2022,4,4,-8.25,-2.5,-8.25,-7,6.5,-5.5,-8,-2,-4,-1
2023,0,0,5.5,-8.25,-4,-4.25,-11,3,-4,-5.25,-3,-4.75
2024,7,7,-4.25,-3.75,-3,-2.5,-3,-4.75,-9.25,2.5,-2,2.25
2025,3,3,-3.25,-5.5,-1.5,1,-4.5,-3.5,-4.75,-10.5,-1.5,-5.75
2026,6,6,-1.5,-5.25,-2.5,-6.25,-0.75,-3.75,6.75,-10.5,-5.5,-5.25
2027,1,1,-4.25,5.5,-4.5,-5.75,-2.75,-3,-0.75,-4,-2,-2.75
2028,7,7,-8.75,-0.25,-5.75,-4.25,-4,-5.25,-12.75,5.75,-1,-2.25
2029,5,6,-1.75,-7.75,-7,-7.75,-5.5,2,3,-9,0.25,-4
2030,5,5,-10.25,-19.75,-11.75,-5.25,-7.75,10.25,-1.25,-17.75,1,-1.75
2031,3,3,-6.75,-15,-1.75,9.75,-10,-6.25,-21,-5.25,-2.75,-3.25
2032,3,3,-5.25,-11,-2,9,-8,-3.5,-18.5,-5.5,-4,-0.5
2033,0,0,6.75,-2.75,-5,-11.75,0.75,-12.25,-4.25,-1.75,-6.5,-4
2034,1,1,-5,7,-3,-4.25,-1.75,-5,-4.5,-1.25,-3,-3.5
2035,5,3,-7.75,-10.5,-7.75,4.5,-7,4.25,-11,-13,-6.25,-1.5
2036,7,7,-7.75,-4.75,-5,-3.25,-5,-5.5,-16.25,10.75,-5,2.75
2037,5,5,-3.75,-16.5,-9,-3.25,-6.25,6,1.75,-14.75,-2.25,-2.25
2038,8,8,-4.75,-1.5,-1,-1.5,-7,-7,-9,-0.5,1,-2.5
2039,6,6,-1.75,-5.25,-3.25,-7,-2.75,-2.25,6.5,-10.5,-1,-4.75
2040,5,6,0,-16.75,-5,-6,-6,3,3.5,-11.25,-2.5,-7
2041,1,1,-5.75,7,-3,-4,-1.75,-7.5,-7.25,0.75,-3.5,-2.5
2042,0,0,11.25,-7.75,-2.5,-11.5,-5.5,-11,0.25,-2.75,-1.5,-4.5
2043,4,4,-7.75,-3,-5.5,-6.75,1.25,-7.75,-5,-6.25,-0.25,-1.5
2044,2,2,-1.25,-8.25,7,0,-15,-10,-15.5,6.75,-0.75,-3.75
2045,3,3,-7,-15.75,-7.5,8.25,-11.25,2.25,-18.75,-10.5,-3,-1.75
2046,4,4,-10.75,-6.25,-9.25,-7.25,8,-5.75,-13.5,-2.5,-5,0
2047,6,6,2.5,-7,-1.5,-8.25,-6,0,8.25,-11,-5.25,-8.5
2048,7,7,-10.5,-7,-6.25,-1.5,-3.75,-6.75,-21,9.25,-6.5,3
2049,9,9,-5.5,-5,-4,-2.25,1,-5.25,-10.25,-1.75,-3.75,3.25
2050,8,8,-5.25,-8.75,-2.75,-3.75,-4.25,-8.5,-7.5,-5.5,3,-3
2051,1,1,-5.25,7,-4.25,-7.75,-1,-6.5,-2.5,-1.5,-2.5,-5
2052,8,4,-5.25,-7.5,-2.5,-5.75,2,-7.25,-6,-5,0.75,-1
2053,4,4,-10.5,-7.25,-9,-5.25,2.25,-5.5,-9.25,-5.25,-3,-0.25
2054,9,9,-7.5,-9.5,-4.75,0.75,-1,-5,-14.25,-1.75,-3.5,3
2055,2,2,-4,-1.75,5.5,0.75,-8.75,-8,-13.25,-0.75,-4.5,-3.25
2056,8,8,-3.25,-7,-5,-1.5,-6.5,-3.75,-6.75,-8.75,3.25,-3.75
2057,6,6,2.75,-7.5,-4.25,-8.75,-2.5,-2.25,7,-9,-4.25,-5.25
2058,2,2,-3.75,-4.25,10.5,1.25,-11.75,-19.25,-20.5,7.25,-0.75,-5.25
2059,7,7,-5.25,0,-1,-1.25,-4,-6.25,-12,7,-2,0.25
2060,0,0,10.75,-16,-3.5,-7.75,-8.25,-4.75,1.25,-5,-3.5,-3.5
2061,0,0,8,-6,-0.5,-6.75,-5.25,-9.25,-0.5,-5.5,-3.5,-4.25
2062,6,6,-0.25,-8.5,-5,-7.5,-1,-2,9.5,-11.5,-2.5,-8
2063,7,7,-4.5,-1,-1.75,-2.75,-3.25,-3.75,-5.5,3,-3.25,-3.25
2064,5,5,-6.25,-14.5,-8.75,-4.25,-6.25,6.75,-1,-13.25,0.5,-2
2065,8,8,-8.25,-11.5,-4.25,-4.5,-2.5,-5.5,-5.25,-9.5,3,-5
2066,6,6,0,-2,-6,-9.75,-1.25,-3.5,7,-9.5,-2.25,-6.25
2067,0,0,7,-2,-3,-9,-2.5,-9.25,1.25,-5,-3.75,-4.25
2068,9,9,-9,-14.25,-7.5,-7.75,2,-4.25,-9,-9.25,-1.75,4.75
2069,3,3,-5.25,-8.25,-2,7,-9.25,-0.25,-15.75,-13,-4.5,-4
2070,7,9,-3,-2.75,-7,-7.25,-2.25,-5,-6.25,1.75,-3,2
2071,1,1,-5.5,4.75,-2.5,-2.75,-1.75,-5.5,-6.75,0.75,-3.25,-2.5
2072,3,3,-8,-15,-3.75,6.75,-7.5,-2,-18,-11,-2,-1.75
2073,5,5,0.75,-10.25,-6.75,-6,-6.5,3,1.5,-10.5,0.5,-5
2074,4,4,-8.75,-5.5,-10,-10.25,6.75,-7.5,-4.25,-5.25,-2.75,-1.25
2075,3,3,-3.75,-15.25,0.75,6.25,-8.75,-7,-13.25,-10.5,0.25,-5.5
2076,3,3,-6.5,-12.75,-0.5,9.75,-10.5,-6,-21.5,-6.25,-2,-2.25
2077,5,5,-7.5,-14,-10.75,1.25,-9.75,9.75,-9.25,-14.25,-4.25,0
2078,5,5,-10.5,-16.75,-14,-1,-11.5,13.75,-9.5,-20,-2.5,-3.75
2079,6,6,-3,-1.75,-4,-6.25,-1.25,-2,5.5,-10.25,-4,-5.75
2080,3,3,-8.5,-8.75,-4.25,8,-13.75,-5,-25.75,3.25,-4,-0.75
2081,0,0,8.75,-1.5,-2.25,-8.5,-3.75,-11.5,0.5,-4,-3.75,-4
2082,2,2,-2,0.25,7,-0.5,-6.5,-8.75,-6,-1,-0.5,-7.75
2083,3,3,-6.25,-13,-1,10,-9.5,-4,-19.25,-9.5,-3.25,-1.25
2084,4,4,-10.5,-12.25,-10.5,-10.5,7,-4.75,-6.5,-9,-4.25,2.25
2085,2,2,-3,-2.75,10.25,-1.25,-11,-13.5,-11.25,-1.5,1.75,-9.25
2086,3,3,-7.75,-11.75,-1,8.75,-10,-6.75,-23.25,-2,-1.75,1.5
2087,0,0,12,-10.5,-1,-8.25,-7.5,-10,-1.75,-1.75,-5.75,-4.25
2088,9,9,-9.75,-13.25,-8.5,-4.75,-0.75,-5.5,-15.75,-0.75,-3,8.75
2089,9,9,-10,-6.75,-8.75,-2,-1,-2.75,-14.5,-1.75,-5.25,4.75
2090,4,4,-8.75,-2.5,-6.75,-4.75,2.75,-5.75,-6.75,-6.25,-4,-4.5
2091,7,7,-10.25,-8.75,-6,0.25,-6.75,-4.5,-19.75,10,-7,1.75
2092,2,2,-3.25,-2.25,9.5,1,-10,-14,-10.25,-1,-2,-8.25
2093,8,8,-2,-1.25,-1.25,-4.75,-2.5,-8.75,-8,-3.25,0.5,-5.75
2094,4,4,-11.25,-5.25,-10.25,-7.5,6.25,-7.25,-13.5,-1.5,-3.75,2.25
2095,7,7,-6,-4.25,3.75,1.75,-6.5,-12.75,-21.25,9.75,-4.25,0.25
2096,0,0,10,-10.25,-0.25,-7.25,-8,-8.5,-3,-4.5,-2.5,-3.25
2097,6,6,-1.25,-5,-3.75,-6.75,-3.25,-0.75,8.25,-11.75,-1,-4.5
2098,2,0,6.75,-8,2.25,-5.5,-9.5,-5.25,-3,-2,-3,-4.75
2099,8,8,-11.75,-14.25,-6.25,-5.25,-1,-5,-9,-6.75,2.5,-2
2100,5,5,-10.5,-18,-10.75,-2,-9.25,11,-2,-21.75,0.5,-3.5
2101,2,2,-3.25,-5.25,11.25,2.5,-12.75,-18.75,-18,2.5,-0.5,-6.5
2102,8,8,-2.75,-4.75,0,-3.25,-6.25,-7.5,-8,-3.5,4.5,-3.25
2103,5,5,-9.5,-14.5,-11.5,-4,-9.25,11,-5.5,-12.75,1,-1.75
2104,7,7,-2.75,-6.5,-1.75,-2.25,-5.75,-6.75,-15.25,11.5,-4.5,3.75
2105,3,3,-9.5,-15.75,-8.25,3.5,-8.75,2.5,-18.5,-15.5,2,-4.25
2106,0,0,10.75,-11.5,-4,-8.75,-5.75,-9,0.25,-1.25,-4.25,-0.75
2107,8,8,2,-17.25,-4,-3.75,-8.75,-1.5,-1.25,-13.25,4,-7
2108,2,2,-1.5,-6.5,12.75,2,-14,-17.5,-15,0.25,0.75,-8.25
2109,3,7,-11.25,-3,-4.25,-3.25,-3.25,-3.5,-9.5,-0.5,-3,-2.25
2110,2,2,-3,-4.25,8,-0.75,-10.75,-14.25,-11,-5.25,4.75,-11
2111,8,8,-4.25,-13,-1,-0.5,-9.25,-7,-7.25,-9,6.25,-5.5
2112,2,2,-5,-3.75,8.5,-0.25,-3.5,-14.25,-9.25,-1.25,-1.25,-10.5
2113,5,5,-10.25,-10,-8.5,2.5,-8.5,6,-6.75,-16.75,-1.5,-5.5
2114,5,5,-9.5,-14.75,-13,-0.5,-10.75,11.75,-8.75,-16.25,-2.75,0.25
2115,7,7,3.75,-14,-4.75,-8.5,-6.25,-8.5,-9.25,10.25,-3.75,0.75
2116,6,6,-3.25,-8.75,-7.25,-9.25,-5.25,1,8.25,-16.5,1.5,-8.5
2117,4,4,-5.75,-6.25,-5.5,-6,5.25,-5.5,-2.5,-5.25,-4,-3
2118,6,0,3.25,-3.75,-3.75,-6,-2.5,-1.25,1.25,-6.5,-3.5,-4.75
2119,8,8,-5,-0.5,-3.5,-4,-4.75,-6.25,-6.75,-7.25,3.5,-6.5
2120,4,4,-8.5,-4,-7,-6.75,7.5,-11.25,-12.5,-1.25,-5.5,-2.5
2121,8,8,-8.5,-0.75,-5,-6.25,-4.75,-3.5,-2,-7.25,0,-3.75
2122,2,2,-5.25,1.25,9.75,-1.25,-6,-15.25,-11.5,2,-6.25,-8.5
2123,7,7,-7.25,-1.5,-0.5,-1.5,-3,-10.25,-17.75,8.75,-1.5,0.5
2124,4,4,-6.25,-6,-9.5,-14.25,10,-12.5,-7.5,-3.75,-4,-4.5
2125,5,5,-7,-8.25,-7.5,-5.5,-2.25,1.25,-1,-6.5,-1.75,0.5
2126,2,2,-4.75,-1.25,9.25,-1,-6.5,-14,-9.25,-0.25,-2.5,-10.75
2127,0,0,9.25,-6.25,-1.75,-8.5,-7,-5.5,1.5,-7.5,-4.75,-12.5
2128,3,3,-5.75,-10.25,-2.5,8.75,-9.75,-3.5,-20.5,-6.25,-3.75,0.5
2129,9,9,-7.75,-15.25,-1.25,-1.5,-2.25,-7.25,-15.25,-5.75,-1.25,2
2130,4,9,-8,-10.75,-11.75,-8,2.75,-6.5,-9.75,-5.5,-2.25,3.75
2131,6,6,-1.5,-1,-2,-3.75,-1.75,-2.5,2.5,-5.25,-1.75,-3.25
2132,7,7,-6,-1.25,-2.75,-3,-3,-8.5,-14.25,9.25,-2.75,0.75
2133,2,2,-2.5,-1.5,8.75,-1.5,-9.5,-11.75,-6.75,-2,-1.75,-8.25
2134,5,5,-3.75,-12,-7.5,-2.5,-7,5,-5,-3.5,-3.5,-0.25
2135,6,1,-3,4,-4.5,-6.75,-2.5,-1.5,0.25,-3.75,-1,-5.75
2136,1,1,-8.75,5.75,-4,-5,-1,-7.75,-7.75,-2,-4,-5.5
2137,1,1,-4.75,7.5,-4.5,-7.5,-1.25,-6.25,-3.25,-0.25,-2.25,-3.75
2138,2,2,-2.75,-5.25,8.25,2.75,-13.25,-14.5,-17.75,0.75,3.75,-5.75
2139,3,3,-7.75,-14,-4.25,12,-10.5,-2,-23,-12.5,-3.25,-2
2140,6,6,2,-8.25,-4.75,-7.75,-1.75,-2.25,8.75,-11,-4.25,-6.25
2141,7,7,-7.25,-1.25,-0.5,0.25,-6.25,-9,-19,10.5,-3.5,0.5
2142,8,8,-6.75,-13.5,-4.75,-3.5,-3.75,-5,-4,-9,4,-2.75
2143,7,7,-4.75,-1.5,2.5,1,-7.5,-12.25,-18.75,9.75,-2.25,0.25
2144,6,6,1.5,-4.75,-4.75,-8.25,0.75,-5.5,5.5,-4.75,-2.25,-5.75
2145,4,4,-3.75,-11.5,-2.75,-12.75,8.5,-11.25,-1.75,-8.25,-4.75,-5.25
2146,8,8,-6,-11,-3.5,-3.5,-5.5,-6.5,-8.25,-6.5,4.5,-2.75
2147,9,9,-7.25,-12.75,-6.25,-3,0.5,-8.5,-15.75,-2,-1.5,5.75
2148,4,4,-6.25,-8,-4.75,-6.5,2.75,-8.75,-11.25,-1.75,-5.5,1.25
2149,8,8,-7,-7,-3,-5.75,-4.75,-8.5,-12.5,0,4,0.75
2150,6,6,-3.5,-9.25,-4,-7.5,-3,-1.25,10.25,-18.5,-0.5,-10.75
2151,3,3,-7.25,-17.75,-2.5,5.25,-6.5,0.25,-11.25,-15.5,-1.25,-5
2152,8,8,-3,-6.25,-7.5,-3.5,-7.25,-2,-7.5,-8.25,3.75,-5.25
2153,3,3,-9,-13.25,-7.75,6.75,-7.75,2.5,-16.25,-13,-5.25,0
2154,1,1,-4.25,8.5,-4.5,-8,-1.25,-7.75,-3.25,-1,-2.75,-5.25
2155,0,0,8,-6,-0.5,-8.25,-4.25,-7,2.25,-5.25,-4.25,-7
2156,6,6,1,-4.5,-4.75,-8,-1.75,-3,9.25,-12.5,-4,-6.25
2157,2,2,-5.5,0.25,8.75,0,-7,-16,-11.25,0.25,-2.75,-9
2158,2,2,-4.5,-1.75,9.5,1.25,-9,-15.75,-16,3.5,-3.5,-5.5
2159,5,5,-4,-12.75,-7.75,-3.75,-10,7.25,-6.25,-7.25,0.5,-2.75
2160,6,6,-3,-6.25,-2.5,-5,-0.25,-2.25,7.5,-12.75,-3.25,-8.75
2161,9,9,-7.75,-17.25,-8.75,-3.25,1.75,-5.25,-16.5,-3,-4.5,6
2162,5,5,-2.25,-15.75,-9.25,-3.25,-7.25,2.25,-2.25,-17.75,1.25,-4.25
2163,8,8,-5.75,-9.75,-3.5,-1.25,-6.75,-5.5,-8,-6.5,5.5,-6.25
2164,1,1,-5,7.5,-4.75,-5.75,-1.25,-5.5,-4.25,-0.25,-3.25,-2.75
2165,4,4,-7.25,-6.5,-10.75,-13.5,10,-11.75,-8.25,-3,-4.5,0
2166,1,1,-9,4.25,-5.25,-5.75,-1.5,-7,-6.25,-2.75,-3,-4.75
2167,7,7,-8.5,-1,-0.75,-2.75,-4.25,-11.25,-18.5,11.25,-2.25,-0.5
2168,8,8,-7.25,-6.5,1.5,-2.75,-4,-7.25,-7.25,-7,2.25,-9.75
2169,4,4,-9,-9.5,-7,-6,5.75,-5,-11.25,-3,-4,0.75
2170,6,6,-1.5,-14,-3.25,-10.25,0.75,-3.5,11.5,-15.75,-3.5,-10.75
2171,1,1,-5.75,6.25,-4,-5.25,-1.75,-4.5,-4.25,-1.5,-2.25,-3
2172,8,8,-6,-8.75,-8,-7.75,-4,-2.5,-2,-11.25,6.5,-9
2173,4,4,-11.5,-6.5,-11.75,-12,9.25,-7.75,-9.75,-4.25,-3.5,-1.5
2174,3,3,-5.25,-2.75,-4,2.25,-5.5,0,-9.5,-7.5,-5.75,-2.25
2175,1,1,-4.75,4.5,-4.5,-5,-0.25,-4.25,-3.75,-1.25,-2.5,-1.75
2176,2,2,-4,-4.75,7.75,-2.25,0.75,-14.25,-8,-2.25,-4.75,-10
2177,8,8,-5.5,-10.75,-0.75,-4,-2.25,-8.75,-3.5,-7.25,3.25,-7.75
2178,0,0,11.5,-7,-3,-11,-6,-10,0.25,-3.75,-4.75,-4.75
2179,8,8,-4.5,-6.25,3.5,-0.25,-7.25,-10.25,-13.5,-1.75,4,-4.75
2180,5,5,-6,-17,-9,1.5,-10.5,10,-4,-18.75,-2.75,-2.75
2181,9,9,-7,-12,-7,-4.5,-0.25,-5,-13.25,-1.5,-4.25,7.5
2182,1,2,-8.25,2.5,7,-0.75,-9.75,-10,-15.25,-1,-4.5,-10.5
2183,4,4,-1.75,-8.75,-4.25,-10,6,-8,-0.75,-7,-5.5,-3
2184,2,2,-6,-4,12.25,-1.5,-3,-20,-9.75,-2.25,-3.75,-16.25
2185,0,8,0,-2,-3,-4.25,-3.75,-2.5,-0.25,-3.75,0.5,-3.25
2186,2,2,2,-10.5,2.5,0,-7.5,-5.75,-6,-6,-2,-8.25
2187,7,7,-5,-3.75,1.25,0.75,-7.5,-13,-20,12.75,-2,1
2188,0,0,9,-12.25,-2.25,-7.25,-8.75,-4.5,-0.5,-8.25,1,-5.5
2189,9,1,-6.5,1.25,-6.25,-5.75,-4,-4,-8.25,0.75,-0.25,-0.75
2190,0,0,7,-0.25,-3.25,-10,-3,-11.5,-1.75,-4.5,-2.5,-4
2191,2,2,-2.75,-5.25,11.25,1.75,-11.25,-18,-15.5,-1.75,3.25,-9.25
2192,5,5,-6.75,-10,-8,-1.25,-11,9.25,-5.75,-17.25,-0.25,-6.75
2193,7,7,-5.25,-6.75,5,2.25,-12,-11.25,-20,10.25,-2,-0.75
2194,6,6,0.5,-8.5,-3.5,-10,-2.5,-0.25,10.75,-14.25,-4.75,-7.5
2195,7,7,-2.5,-5.5,3.75,0.75,-5.5,-10,-11.5,5.25,-1,-1.75
2196,9,9,-9,-10.5,-8.5,-2.5,-1.5,-3,-13.5,-3.25,-3.5,6.5
2197,4,4,-5.75,-5.25,-3.25,-5.25,3.25,-8,-1.5,-4,-3.25,-6.75
2198,2,2,-6.5,-0.75,7,-4,-3.25,-12.25,-10.25,-0.75,-2.25,-10
2199,6,6,-2.25,-3.5,-6,-11.25,-2.75,-0.75,9.25,-14,-1.25,-8.5
2200,2,2,-0.75,-2.5,5.5,-4.75,-0.75,-11.25,-0.75,-6.25,-5.25,-12.5
2201,4,4,-12.75,-14.5,-5.75,-4.5,7.25,-7.25,-14.25,-7,-3,-5
2202,4,4,-9.75,-4,-9.25,-8.5,6.75,-8.5,-11,-1,-3.25,-0.5
2203,8,8,-6.75,-9,-3,-1.25,-6,-4.5,-7.25,-7.5,3.5,-3.5
2204,0,0,7.75,-4.25,-4.25,-8.75,-5,-9.25,-4.75,1.5,-2.5,-0.75
2205,4,4,-5.25,-3.25,-6.75,-10.75,7,-12,-6.25,-0.5,-5.5,-0.5
2206,4,4,-7.75,-4.5,-5.5,-4.5,6,-6,-10.25,-1,-4.5,-0.5
2207,5,5,-9.5,-17.75,-13,-5,-9,12.25,-3.75,-15.25,0,0.25
2208,8,8,-3.5,-5.25,-2,-0.75,-9.25,-5.25,-9.5,-2.5,2.5,-4
2209,0,0,6.75,-4.25,-0.25,-6.75,-5.5,-11,-3.25,-1.25,-3.5,-0.5
2210,6,6,-2,-2.5,-1.75,-4.5,0.25,-3.25,4.25,-7.25,-4,-4.25
2211,8,8,-5.75,-10.5,-3.5,-2,-7.25,-5.75,-8.25,-6.25,5.25,-3
2212,9,9,-6.25,-9.75,-5,-4.75,0,-10,-13.75,-0.5,0,6.25
2213,8,8,-6.5,-10.5,-2.75,-1.5,-7,-5,-9.5,-6.5,6.25,-4.25
2214,5,5,-7,-15.75,-7.5,-1.5,-10.75,10.75,-0.25,-21.5,-0.5,-8.5
2215,6,6,0.25,-10.75,-3.5,-10,-7.25,2.75,10,-17.25,-3.75,-6.75
2216,9,9,-8,-9.5,-9,-7,1.25,-6,-9.75,-4,-4.25,6.75
2217,0,0,9.5,-9.25,-4.5,-8.25,-10,0.75,0.75,-9.75,-5.75,-5.75
2218,4,4,-12,-7,-11,-5.5,5,-3.5,-14,-3.25,-4.25,1.5
2219,8,8,-6.5,-10.25,-1.25,-5,-4.75,-8,-7,-4.5,4,-1
2220,7,7,-7.25,-4,-3.25,-1.25,-6,-8.75,-19.5,12.25,-3.75,0.25
2221,1,1,-3.75,4.25,-6.5,-8.5,-4,-2.75,-2.75,-1.5,-1.25,-5.5
2222,3,3,-3.25,-9.5,-4.5,6,-9.5,3.5,-10.5,-10.5,-6.5,-3.5
2223,4,4,-12.25,-4,-11.75,-11.75,9.75,-8.5,-13.5,-1,-4.5,-0.75
2224,5,5,-3,-15.25,-6.25,-3.75,-7,4.75,4.25,-18,-2.25,-7
2225,8,8,-5.5,-9.5,-2,-2,-0.25,-8.75,-11,-6.25,1.75,0.25
2226,0,0,9.5,-7.5,-0.25,-7.75,-6,-7.75,2.75,-6,-2.75,-6.25
2227,9,9,-4,-8.75,-4.75,-4.75,1.25,-4.5,-11.25,1.5,-4.75,6.5
2228,1,1,-3.5,6.25,-5,-7.5,-1.25,-4,-0.25,-2,-1.75,-4
2229,3,3,-8,-9,4,6.25,-10.75,-11.75,-21.25,-1.75,0.5,-3
2230,3,3,-9.75,-13.75,-3,12,-10.25,-4,-26.5,-11.75,-1.75,-3.25
2231,6,6,-1,-8.75,-4.5,-7.25,-4.5,0.5,11.5,-15,-3.5,-5.25
2232,9,9,-5.25,-6.5,-4,-3.75,1,-9.75,-13.75,-1.5,-4,4.75
2233,8,8,-6.75,-16.5,-4.25,-6.75,0,-7.75,-8.5,-5.5,4.25,-0.5
2234,7,7,-6.5,-2.75,1.75,0.25,-5.5,-12.25,-18.75,10.75,-2.5,0.5
2235,1,1,-5.75,7.5,-3.75,-7.25,0.75,-9.25,-8.75,0,-4.25,-5.75
2236,0,0,9.25,-7.5,-1.75,-7,-7.5,-3.75,0,-5.75,-2.75,-5.5
2237,5,5,-5,-22.5,-8.5,-7.5,-11,7.5,4,-18.75,1.25,-4.5
2238,7,7,-6.25,-2.25,1.5,1.75,-6.25,-13.5,-21.5,12.25,-3,0
2239,1,1,-3.5,6.5,-5,-7.25,-1.75,-4.75,-1.25,-1.25,-2.25,-3
2240,7,7,-5.5,-6,-2.25,-0.75,-6,-8.25,-20.25,14.75,-5.5,3
2241,5,5,-4.75,-10.75,-7,-4,-8.5,6.5,-4,-7,-2,-3.75
2242,2,2,-2,-3.5,7.75,0.75,-9.5,-12.5,-13.25,0,0.25,-6
2243,7,7,-7.75,-1.75,-3.75,-1.75,-4.25,-4.5,-14.25,8.25,-3,0.75
2244,9,9,-7,-7.5,-8.75,-5.5,0.25,-6.25,-11.75,-2.25,-2.25,6.25
2245,1,1,-3,4.75,-2.5,-4.25,-1.25,-3.75,-1.5,-1,-1.75,-3
2246,8,8,-8.25,-2.25,-5.75,-5.5,-6,0,0.25,-9,2,-5
2247,5,5,-8.75,-20.25,-12.25,-2.25,-8.5,10.5,-5.5,-18.75,1,-2.5
2248,2,2,-2,-3.25,10,2,-8.25,-17,-16,1,-3.25,-3.5
2249,4,4,-9.75,-8.25,-10,-12.5,11.5,-10.5,-10.25,-4.25,-6.5,-2
2250,9,9,-8,-8.25,-7.25,-3.5,0.75,-4.25,-10,-4.25,-2.5,3.25
2251,4,4,-9.5,-11.5,-9.25,-9.25,8.25,-6.5,-9,-5.5,-4.75,-0.75
2252,7,7,-6.25,-0.75,-1,-0.75,-6,-8.75,-17,9.25,-2,0.5
2253,2,2,-6,-4.5,7.75,-3.5,-8.75,-9,-12.25,-2,-3,-6.5
2254,2,2,-2.75,-11.25,6.25,1.5,-7.25,-8.5,-11.5,-1.5,-2.25,-3.5
2255,3,3,-3.5,-7.25,-0.75,4.5,-9,-3.75,-14.5,-6.5,-1,-1.75
2256,4,4,-4.75,-9.5,-6.5,-11.75,9,-8.5,-4.5,-6,-6.25,-1.75
2257,9,9,-10.25,-11.75,-7.25,-2.75,-2.25,-4,-15,-1,-2.25,7.25
2258,1,1,-5.75,4.25,-1.5,-5.75,-0.75,-10.25,-6.25,-1.25,-3.75,-6
2259,9,9,-8.25,-12.25,-9,-3.5,-1,-1.75,-14.25,-1.5,-5.5,8.25
2260,2,2,-5.5,-7.25,8.25,1.5,-3.25,-14.5,-13.25,-3.5,-2,-9.75
2261,1,1,-5.75,7.75,-5.25,-9,0.25,-8.5,-5,-2.25,-3.5,-6.5
2262,7,7,-5,-1.25,-1,-0.25,-5.5,-7.25,-15,8.5,-1.75,0
2263,9,9,-2.75,-14.75,-5.5,-7,-0.5,-6.75,-13.5,1.5,-4,9.25
2264,4,4,-8.75,-7,-9.75,-10,7.5,-6.5,-5.5,-6.5,-5.25,-0.25
2265,4,4,-9.25,-7.75,-7.25,-5.75,6.75,-8,-11.75,-2,-4.75,-0.75
2266,1,2,-8,-1.75,0,-6,-0.5,-5.75,-2,-9,-6.5,-9
2267,6,6,0,-8.5,-5,-7.5,-4.25,-1.25,9.75,-14,-1.5,-5
2268,7,7,1.75,-8.75,-5.5,-7.5,-3,-8.25,-9,8.25,-4.5,2.25
2269,2,2,-3.5,3.25,8.5,-1.75,-8.75,-13,-8.75,-1,-2.25,-9.25
2270,7,7,-5,-3.25,2.25,1.5,-7.75,-11.25,-18,10.25,-1.25,-0.25
2271,8,8,-5.5,-8,0,-2.25,-5.25,-9.5,-9.75,-5,3.75,-3.25
2272,8,0,4.25,-14,-2,-3.25,-7,-5.5,-5,-3.75,0.25,-6.25
2273,1,1,-4.5,5.5,-2.75,-5,0.25,-7.5,-6.5,2,-3.25,-3.5
2274,9,9,-6.75,-11.25,-7.25,-2.75,-3,-3.5,-12.75,-2.25,-1.5,7.25
2275,7,7,-5,-2.25,0.5,0.5,-5.25,-9,-16.5,9.25,-2.75,1
2276,1,1,-5.25,4.5,-5.75,-6.5,-3.25,-2.25,-1.75,-3.25,-2,-1.5
2277,1,1,-3.75,5.75,-5.5,-6.75,-0.75,-3,-1.75,-1.25,-2,-3.25
2278,7,7,-4.25,-3.5,1.25,0.25,-6.25,-10,-14.75,10.25,-3.5,0.25
2279,5,5,-6.25,-14.25,-7.5,2.75,-9.25,8.5,-9,-14.75,-2.5,-0.5
2280,3,5,-2.75,-5.75,-4,1.75,-5.25,2,-6.25,-11.5,-2.25,-2.25
2281,3,3,-7.25,-14,-1.25,9.25,-7.5,-4.5,-18.75,-12,-2,-3.75
2282,5,5,-9.5,-15.25,-8,1,-9.75,6.75,-6,-18.75,-1.25,-2.75
2283,1,1,-5.5,7.5,-4.5,-5.75,-1.75,-7.25,-6.5,0.25,-2.5,-2.75
2284,3,3,-8,-11,-4.5,5.75,-7.75,-0.25,-18,-9.75,-1.75,-1.75
2285,7,7,-7.75,-4.25,-1.75,-2,-5,-7,-14,9.5,-3.5,-3
2286,6,6,1.75,-5,-5.5,-9,0.5,-5.25,7.75,-7.25,-3,-5.75
2287,1,1,-6,7.75,-2.5,-4.25,-2.5,-7,-5.5,-1.5,-3.25,-5
2288,3,3,-2,-6.75,1,4.25,-10,-0.25,-7.5,-9.5,-3.5,-7
2289,8,8,-4.75,-6.75,-0.5,-1,-4,-9,-8.75,-2.75,3.75,-1.5
2290,7,7,-5.75,-1.5,-4.25,-4.75,-3.5,-6.25,-11.75,6.25,-1,1.5
2291,5,5,-8.25,-14,-6.75,0.25,-13.75,6.75,-12.25,-11.5,1.25,-3.5
2292,9,9,-5.75,-15.75,-8.25,-2,-1.5,-2.5,-15.25,-6.75,-1.5,5.25
2293,9,0,4.5,-12.75,1.25,-9.5,-2,-9.5,0.5,-6.5,-7,-0.75
2294,0,0,8.75,-7.5,-3.25,-5.75,-10.25,0,-2.25,-4.75,-3.5,-4.5
2295,0,0,9.75,-8,-2.25,-8,-8.5,-2.25,1,-7.5,-4.5,-4.5
2296,2,2,-3.5,0.25,8.25,-0.25,-7.25,-15.5,-11,1,-3.25,-7
2297,8,8,-6,-5.5,-1.75,-1,-6.25,-4.25,-4.75,-8.5,3.25,-5.75
2298,8,8,0,-2.75,-4,-6.5,-4.5,-7.5,-2,-7.5,1.75,-7.5
2299,2,2,-3.25,-7.75,7,-0.75,-12.75,-10.75,-14.25,5,2,-3.5
2300,3,3,-7.75,-9.5,2.5,3.5,-4,-11.25,-12.75,-1.25,-1.75,-9
2301,7,7,-5.5,-0.5,0.75,0.75,-6.5,-10.75,-17.75,10,-2.5,-0.25
2302,1,1,-4.75,6.5,-3.25,-5.5,-2.5,-8.75,-8.5,2.25,-2.5,-2.75
2303,3,3,-6.5,-13.25,-3.5,9.75,-9.75,-2.25,-20,-9.75,-3.25,-1
2304,0,0,13,-13.5,-1.75,-10.25,-9.75,-6.75,-0.25,-3.25,-7.75,-2
2305,3,3,-8.25,-9.75,-2.75,5.75,-9,-4,-18,-6.25,-0.5,-3
2306,4,4,-10.5,-3.25,-9.25,-9.25,8.5,-9.75,-14,-0.75,-4,-2
2307,4,4,-12.25,-7,-10.25,-7.75,8.5,-7.5,-15,-3,-5.5,0.25
2308,3,3,-5.5,-12.25,-6.5,5.5,-13.75,3.5,-17.75,-8.5,-4.25,-1.5
2309,8,8,-5.75,-9,-6.5,-2.75,-2.25,0.5,-2,-11.25,2.5,-4.25
2310,9,9,-6.5,-6.75,-5,-3.25,-0.5,-5.5,-10,-3.25,-1.75,5.25
2311,2,2,-3.25,-5.75,9.75,0.25,-5.5,-15.5,-10.25,2,-3.5,-7.75
2312,3,3,-5.25,-12,-3,4.5,-5.25,-1,-10.75,-7.5,-1.5,-4.75
2313,9,9,-7.75,-8.25,-8,-2.5,-1.25,-1.25,-12,-0.75,-4.5,5.25
2314,7,7,-6.25,-6.75,2,-0.75,-7,-11.75,-19.25,9.5,-1.25,1
2315,1,1,-4.75,7,-3.25,-4.75,-0.75,-6,-5.25,0.75,-3.25,-2.5
2316,1,1,-6,7.75,-4,-5.25,-2,-7.25,-6.75,0.75,-3.5,-3.25
2317,7,7,-5.25,-4.25,-0.25,0.75,-6.5,-8.5,-18.5,12.5,-5.5,2.5
2318,0,0,6.25,-7.5,-3.75,-11.5,-3.25,-5.75,5.75,-6.5,-3.25,-6
2319,4,4,-1.5,-9,-4.5,-12.75,8,-8.75,-1.5,-5.5,-9,-2.5
2320,9,9,-9.25,-4,-6.75,-2.5,-1.5,-2.25,-10.5,-3.25,-2.25,2.5
2321,6,6,1,-10.25,-4,-7.5,-1,-2.25,10.25,-13.5,-3.5,-7.25
2322,5,5,-7,-20.75,-8.25,-2.5,-8.5,7.5,-2.25,-18,1.5,-2
2323,9,9,-8.25,-7.75,-6.75,-5,1.25,-6.25,-13.25,-0.5,-3.25,6.75
2324,1,1,-6.5,7,-5.25,-7,-2.25,-8.25,-7,0.75,-2.75,-2.75
2325,7,2,-5.5,1.25,3.5,-0.5,-4,-11,-9.75,3.5,-6,-7.5
2326,0,0,5,-8.75,-4,-6.5,-10.5,-1.25,-5.75,-3.5,-0.75,-9.25
2327,2,2,-4,-1,11,1.25,-12.25,-17.5,-17,2.5,-2,-6.25
2328,0,0,8,-7,-2.75,-9.5,-7,-2.25,2.5,-6,-2.5,-8
2329,0,0,6.75,-3,3.75,-4.75,-9,-10.5,-8.75,-0.25,-6,-4.25
2330,4,4,-7.25,-4.75,-8,-10,8.5,-8,-7.75,-1.75,-6.25,-0.25
2331,6,6,-3,-7.5,-2.25,-10,3.25,-3.75,8.25,-9.75,-5.25,-10.25
2332,7,7,-5,-4.75,-1.25,-0.5,-6.5,-6.5,-15.75,10.25,-3.25,2.25
2333,0,0,5.25,-4.5,-1,-5.5,-4.25,-4.25,-0.75,-3.75,-3.5,-3
2334,7,7,-8.75,-5,-0.75,-1.5,-2.75,-14,-19.75,9.25,-0.75,0.25
2335,1,1,-6.25,8.5,-5.25,-6.75,-2,-6.5,-4.75,-1.75,-3.25,-3.5
2336,4,4,-6.5,-4.5,-8,-10.25,8.75,-11,-8.75,-3,-4.5,-1.75
2337,6,6,1.5,-12.25,-3.25,-7.75,-2,-2.25,12.25,-15,-4.25,-8.25
2338,4,4,-9.5,-10.5,-7.5,-5.5,7.5,-7.25,-15.5,-4,-8,-1.75
2339,5,5,-4,-8.75,-8,-3.5,-6.75,4.25,-5.5,-3,0.5,-1.25
2340,4,4,-8,-12.25,-10,-13.75,11.5,-10.5,-7.25,-5.25,-5.25,-2.5
2341,9,9,-4,-11.25,-4,-6.25,1,-8,-12.5,1.25,-4.75,6.75
2342,9,9,-9.5,-11.75,-8,-5,0,-2.75,-11.75,-3.25,-1.5,6.75
2343,1,1,-4.75,6.5,-1.75,-5.25,-3.5,-9,-9,3.75,-2.5,-2.5
2344,7,7,-11.5,-1,-5.25,-2.25,-3,-8.25,-20.25,11,-5.75,0.5
2345,9,9,-7.25,-8,-4.5,-2,-1.25,-5.75,-14.5,3,-2.25,4.75
2346,5,5,-10.75,-24.25,-15.25,-3.25,-9.75,11.75,-5.75,-18.5,1,-1.75
2347,3,3,-8,-13.75,-1.25,9.75,-7.25,-4.25,-20,-7.75,-3.25,-3
2348,3,3,-6.75,-7.25,-1.5,5,-7.75,-6.25,-14.75,-2.25,-3,-2.5
2349,8,8,-7.75,-15.25,-4.75,-4,-7,-5,-10.5,-6,6.25,-0.75
2350,2,2,-5.75,-5.25,9.5,-4.25,0,-18,-7,-3.75,-4.25,-12.25
2351,3,3,-1.75,-7.75,-2.25,5,-8.75,1.25,-8.75,-8.75,-10,-5.25
2352,6,6,-1,-9,-3.75,-7.25,-0.75,-1.75,9.25,-11.25,-2.25,-5.75
2353,2,2,0.25,-6,8.75,1,-8.75,-14.75,-9.25,-1.75,-3.25,-8.5
2354,2,2,-4.5,-0.25,9.25,-1,-7,-15.5,-10.25,-3.25,0.75,-12.75
2355,1,1,-5.25,5.75,-5,-7,-3.5,-7,-1.25,-6.5,-2,-6.5
2356,1,1,-6.5,8,-3.5,-6.75,-2.25,-5.75,-2.75,-3.25,-2.75,-5
2357,1,1,-5,7.5,-4,-6.5,-2,-6.75,-4.5,0.25,-2.5,-3
2358,1,1,-8,2.25,-3,-4.5,-1.75,-4.75,-4,-11.5,-4.75,-9.25
2359,1,1,-5.5,8.25,-4.5,-7.25,-1.75,-7.25,-4.5,0.75,-2.75,-3.5
2360,6,6,-1,-5.75,-3.5,-6.5,0.5,-1.75,7.25,-8,-2.75,-5.25
2361,9,9,-8,-7,-6.75,-4.25,1.25,-5.25,-10.5,-1.5,-2.25,4
2362,8,8,-4.5,1.5,-3.75,-5,-5.25,-8.5,-8.75,-4.5,2.25,-4.5
2363,4,4,-10.75,-8.5,-11.75,-12,8,-7.75,-8.75,-2.25,-4.75,-2.5
2364,3,3,-7.25,-10,-3.25,8.75,-9.25,-2.75,-19.75,-9,-4.25,-1
2365,7,7,-9,-2.75,-6,-4.5,-2.75,-5.25,-11.75,7.5,-3.5,-2.5
2366,1,1,-5,6.5,-5.25,-5.75,-2,-7.75,-7.25,2,-3.25,-1.75
2367,6,6,-1.5,-2.5,-4,-7.25,-0.75,-3.25,7.25,-12.25,-4,-7.5
2368,4,4,-9.75,-8.5,-6.75,-6.25,8.5,-8.75,-14.75,-1,-6.5,-0.75
2369,5,5,-7.25,-11.5,-5.75,-3.75,-3,0.5,-3,-6.75,0,-3.5
2370,0,0,8,-9.25,-1,-9.5,-4.75,-3.75,3.75,-9.25,-4.75,-5
2371,4,4,-6.5,-11,-8,-10,7.75,-11,-16.75,-4.25,-5.5,5
2372,7,7,-2.75,-3.5,-2.5,-4.5,-2.25,-8.75,-12.25,9.25,-4.25,3
2373,4,4,-9.5,-4.75,-8.25,-9.75,9.5,-10.25,-11.25,-1.5,-3.5,-3
2374,2,2,-2.25,-2,6.75,1.75,-8.25,-10.25,-10.25,0,1.5,-4.25
2375,4,4,-11.25,-14.75,-4.5,-5,8.25,-10,-15.25,-7,-3.75,-4.5
2376,0,0,11.25,-10,-1,-10.25,-8.5,-8,1,-4.75,-3.5,-10.75
2377,7,7,-8.75,-2.25,-1.25,-1.5,-7,-9.75,-20.25,10,-1.5,0.75
2378,0,0,8,-11,0,-3.25,-9.5,-0.75,0,-11,-3.75,-4.5
2379,1,1,-5.25,8,-4.25,-7,-2.25,-8,-4,-0.75,-3,-4
2380,9,0,5.25,-12,0.25,-6.75,-3.75,-10.75,-5.25,-1.5,-5.5,3.25
2381,8,7,-7,-5.75,-2,-2.75,-3.75,-9.5,-15,3,2,0.25
2382,8,8,-3.5,-6.5,1.25,-1.75,-7.5,-9.75,-13.25,-4.25,4,-4
2383,6,6,-3.25,-3.75,-3,-8,0,-3.5,9,-12,-3.75,-7.75
2384,0,0,7,-8.75,-0.25,-5.25,-7,-6.25,-2.5,-1,-1,-0.5
2385,0,0,11.5,-9,-2,-9,-6.75,-11.25,-4.25,2,-7.5,-4.25
2386,4,4,-12.75,-5.25,-11,-7.5,5.75,-6,-10,-0.25,-4.75,-3
2387,9,1,-7.75,3.25,-3.5,-4.75,-2,-5.25,-8.25,-0.25,-2.5,-1.5
2388,6,6,-2.5,-8.75,-4,-4.5,-1.75,-0.75,4.75,-15.25,-2.25,-7.5
2389,8,8,-7.75,-15.5,-2.5,-4,-5.25,-7,-8.75,-7,4.25,-2.25
2390,2,2,-3.5,-0.75,10.5,0.25,-9.5,-16,-12,-1.75,0.25,-10.75
2391,2,2,-5.25,-2.75,9,-1.5,-4,-16.75,-9,-2.5,-2.75,-11.25
2392,3,3,-3.5,-9.75,-2.25,6.75,-10,-3,-14.75,-7,-3.25,-0.25
2393,8,8,-4.5,-14.75,-6.25,-1.25,-5.5,0,-8.5,-16.5,2,-7.75
2394,4,4,-7.5,-12.75,-6.25,-5,4,-5.25,-9.75,-4.75,-5.5,2.75
2395,8,0,0.25,-9.75,-4,-3,-4,-6.25,-5.25,-11.75,0.25,-5.25
2396,2,2,3.25,-10.75,4.75,-5.75,-5.75,-6.75,-2,-4,-3.75,-7
2397,2,2,-3.5,-4.25,7.75,1.75,-10.75,-13.5,-15,1.25,2.5,-4.75
2398,1,1,-7.75,5.75,-5.25,-6.75,-3,-7.75,-4,-3.75,-2.75,-5
2399,7,7,-4.5,-4.25,0.75,1,-6.75,-9.75,-18,10.75,-3.5,1.25
2400,5,5,-2,-12.25,-4.75,-3,-6.25,3.75,-0.25,-12,-1.5,-1.75
2401,4,4,-6.5,-5,-6.75,-9.75,8.75,-10.5,-8.75,-2.5,-5.25,-1
2402,4,4,-11.5,-5.75,-11,-9.25,8.5,-6.25,-11.5,-4,-5,-1
2403,0,0,12.25,-10.5,-1,-6.75,-8.75,-7,1.25,-7,-3.5,-5.25
2404,4,4,-4,-3.25,-1.5,-8.25,3.5,-8.75,-2.75,-9.25,-6.5,-6.75
2405,3,3,-0.75,-8.25,1.5,7.25,-9.75,-6.75,-16.5,-1.75,-5.25,-1.25
2406,9,1,-5.75,0.25,-3,-4.5,-0.75,-7.25,-7.5,-1.25,-1.5,-1.5
2407,7,7,-9.25,-2.75,-3.25,-1,-4.75,-8,-19.5,10.75,-4.5,0.75
2408,3,3,-5.25,-10.5,-5.75,0,-5.5,-2.75,-10.25,-7.75,-1.25,-2
2409,1,1,-5.25,5.5,-1.75,-4.75,-2.5,-8,-7.75,1,-3,-2.5
2410,0,0,7.75,-6.25,-1.5,-5.5,-7.75,-9.75,-6,0,-2.25,-0.25
2411,1,1,-4.25,7.5,-3.75,-6.5,-1.75,-6.25,-2.25,-1.5,-2.25,-4.25
2412,2,2,-6.5,2.5,6.75,-2,-3.75,-10.75,-7.75,-1,-4,-10
2413,5,5,-3.75,-13.5,-11,-1.5,-10,11.25,-2.5,-17,-5.5,-4.25
2414,9,4,-8.25,-3,-6.5,-6.25,1.25,-8,-8.25,-0.75,-1.5,0.25
2415,2,2,-0.75,-8.75,8,-2.5,-5,-15.25,-5.25,-3.75,-2.25,-10
2416,1,1,-4.5,6.5,-4.75,-6.25,-2.75,-3.75,0,-5,-2.25,-4
2417,0,0,6.5,-3.75,-2.5,-11.5,-2,-6.75,4.75,-6.25,-7,-6.25
2418,1,1,-4.25,6.75,-4.75,-7.75,-1,-5.5,-1.75,-1,-2.5,-5.25
2419,8,8,-5.25,-7.5,-1.75,0.5,-5.25,-5.25,-7.5,-8.5,3.75,-4.75
2420,9,9,-2.25,-12,-3,-6.25,-2.75,-8.25,-13.25,2.75,-4.25,9
2421,1,1,-6.25,6.25,-3.75,-4.5,-1.75,-6,-6.75,0,-3.5,-3.5
2422,6,4,-3.75,-3.75,-6.25,-5.75,0.75,-3.75,0.25,-2,-2,-0.75
2423,8,8,-7.75,-15.75,-1.5,-2.75,-5.25,-9.25,-15.25,-0.25,4.75,1.5
2424,3,3,-5.5,-10.25,-2,9,-10,-0.75,-16,-8.75,-3,-1.25
2425,8,8,-6.75,-8,-4.75,-0.75,-3.5,-5,-9.5,-3.75,2,-3.75
2426,9,9,-6.5,-5.75,-5,-2.25,2,-5,-12.75,0.25,-3,3
2427,3,3,-5.5,-11.75,1.25,8.25,-10.5,-6.75,-16,-6.75,-1.25,-5.25
2428,6,6,-1.25,-7.25,-4.25,-10,-1,-2.25,11.75,-14,-1.75,-8.75
2429,2,2,-3,-1.5,4.5,-0.25,-7,-6.75,-7.25,-2.5,1,-5.5
2430,8,8,-5,-6.5,-2,-1.5,-2.75,-3.75,-4.5,-6.75,3,-5
2431,3,3,-6.25,-10.25,-1.75,9,-7.25,-3.5,-21,-8.5,-8.5,-0.5
2432,2,2,-3,0.25,6.5,-0.5,-7,-8.25,-6.25,-2,-1.5,-7.75
2433,2,2,-8.5,3.75,5.25,-4.75,-4.75,-9,-8.25,-4.75,-3,-12.25
2434,1,1,-5.5,8,-0.75,-4,-4.5,-8,-7.5,0,-3,-4.5
2435,0,0,9.5,-6.75,-3,-8.25,-8.75,-2.5,0,-6.75,-4.5,-7
2436,4,4,-6.25,-13.5,-1.5,-6.75,6.75,-9.25,-8,-7.75,-6.25,-5.25
2437,2,2,-5,-2.25,4.75,-0.25,-3,-10.5,-9,-0.75,-5.25,-6.75
2438,9,9,-9.5,-4.75,-8.25,-3.75,-0.75,-3.5,-13.75,1,-3.5,3.25
2439,2,2,-2.25,-3.25,9.5,-0.25,-10.5,-14.25,-12.25,-2,0.75,-14
2440,4,4,-9.25,-9,-12.25,-12.75,9.5,-8.5,-9.75,-2.75,-6.25,1
2441,3,3,-5,-6.75,1.5,5.25,-9,-7.75,-16.25,1,-1.25,0.25
2442,7,7,-4.25,-6.25,2.75,0.75,-9,-13.25,-19.75,13.25,-3.25,0.5
2443,9,9,-7,-11.75,-5.5,-1.25,-2.5,-7.25,-17.5,1.5,-2.75,8
2444,1,1,-4.5,7,-3.5,-5,-1.75,-4.5,-2.5,-1.75,-3,-3.75
2445,5,5,-8.25,-13.75,-12.75,-4,-5.5,6.25,-7.5,-4.25,-1.5,1
2446,2,2,-2,-3,9.5,0,-9,-13,-7,-1.75,-2.5,-9
2447,4,9,-7.75,-4.75,-8.25,-5.75,2,-6,-8,-3,-3.5,3.75
2448,9,9,-9.25,-10.75,-6.5,-5,0.25,-8,-16.5,-1,0.25,5.75
2449,0,0,4.25,-1.25,-2.75,-8.25,-3.25,-7.5,-0.75,-1.5,-1.25,-1.5
2450,3,3,-5,-5.25,-3,1.75,-6.25,-0.5,-6.75,-11.75,-2.5,-5.75
2451,8,8,-9,-10.75,-4,-4.5,-4,-6.5,-9,-5.25,4.75,-2.75
2452,5,5,-7.75,-24,-13.25,1,-11.25,11.5,-9,-22,-2.5,-0.5
2453,3,3,-4.75,-6.5,-0.25,7,-8.25,-5.25,-16.75,-3.25,-2,-0.5
2454,6,6,-3.75,-13,-7.5,-5.5,-5,3.5,4.25,-13,0.75,-4.75
2455,0,0,4.5,-6.25,-0.5,-8.25,-3.25,-4,3.75,-5.75,-6.75,-7.5
2456,9,9,-9.75,-6.5,-7.5,-2,-1,-2.75,-14.25,0.5,-2.75,4.25
2457,4,4,-13.25,-4.25,-12.75,-10.75,6,-6,-7.25,-4.25,-1.25,-0.75
2458,6,6,-2.75,-7,-3.5,-7.25,0.25,-1.75,9.75,-13.75,-3.75,-6.25
2459,2,2,-4.75,-2.25,8.25,-1.5,-5.75,-12,-8.75,1,-1.5,-6.75
2460,5,5,-8.5,-15.75,-9.25,-6.75,-4.75,5,1,-16.75,-1.75,-2.75
2461,0,0,8,-6,-0.5,-7,-6.5,-11,-2.5,-0.25,-3.25,-0.25
2462,2,0,6.5,-16.25,1.5,-10.5,-5.25,-10,2.25,-7.5,-1.25,-8.25
2463,7,7,-5.5,-2,-1.5,-2.5,-3.25,-7.75,-13.75,7.25,-2,1.75
2464,4,4,-8.25,-13.75,-8.25,-9.5,6.25,-6.25,-6.25,-11,-4.75,-0.25
2465,6,6,-3.75,-9.5,-5.25,-9.25,0.5,-2.75,10,-13.5,-3.25,-5.75
2466,6,6,-2.75,-7,-1.5,-4.25,0.25,-2,5.5,-9.25,-2.25,-4.75
2467,8,8,-6.75,-10.5,-4.25,-0.75,-7.25,-3,-10.25,-5.5,4.75,-1.25
2468,6,6,-3,-7,-5.5,-6,-1.25,-0.25,7.25,-12.5,-4.25,-3.5
2469,6,6,1,-1,-3.75,-8.5,0,-6.5,5.25,-7.5,-3.25,-4.75
2470,8,8,-8,-17.75,1.75,-5.75,-5,-12.5,-13.75,-2.5,6.75,-2.75
2471,6,6,-2.25,-5.75,-3,-5.75,1,-3,7,-9.25,-3,-5.75
2472,9,9,-6.25,-5,-6,-3.25,0.25,-6.25,-13.25,0,-1.75,5
2473,1,1,-6.75,4,-6.5,-8,-2,-7,-3,-4,-1.75,-4.5
2474,7,7,-6,-1.5,3.25,0.25,-8.25,-14,-19.75,9.75,-1.5,-0.75
2475,2,2,-3.5,-0.5,9.25,-1,-10.5,-14.5,-12,-2.5,2.5,-11.75
2476,5,5,1.25,-17,-4.5,-1.75,-8,4,-0.75,-12.25,-1.5,-1.75
2477,9,9,-4.75,-12.5,-6,-5.25,2,-9.75,-14.75,-1.75,-2.25,5.25
2478,9,9,-11.25,-13.25,-11,-3.25,-1,-2.75,-15.75,-2.5,-3.25,5.25
2479,0,0,7.75,-5.25,-1.75,-6.25,-4.5,-5.75,-2,-1,-2.25,-1.5
2480,7,7,-6,-1,1,-1,-4.75,-8.75,-13.75,6.75,-1.75,0.25
2481,2,2,-2.25,-5,10.5,2.5,-12.5,-16.25,-14.5,1,-1.25,-6.75
2482,7,7,-7.25,-3.75,-0.75,-1.25,-6,-11.25,-19,11,-2.5,1
2483,6,6,-4,-6.25,-3.5,-8,0.5,-2.5,8,-11,-2.5,-5.5
2484,7,7,-10,1.25,-7.25,-5.75,-1.75,-5.75,-14.5,6,-3.25,-0.5
2485,0,0,10,-10,-2,-5,-8,-3.25,-3.25,-5.75,-4,-2
2486,6,6,-2.25,-7,-3,-8,1,-3.25,8.75,-11.5,-3.5,-5.5
2487,5,5,-7.5,-13.5,-11.25,-2.5,-8.5,9.75,-9.25,-9.5,-2,0
2488,2,2,-3,-1.5,3.25,-5.75,1.25,-11.75,-4,-2.5,-2.5,-6.5
2489,4,4,-4.75,-11.5,-5.5,-9.75,7,-8,-6.25,-4.5,-5,0.75
2490,7,7,-7.75,2,-2.5,-3.5,-2.75,-7.5,-13.75,8,-3,-1
2491,2,2,-2.75,-0.75,7.75,0.5,-6.25,-12,-10.5,-0.25,-4.75,-5.5
2492,0,0,11.25,-11.5,-1,-8.5,-6.25,-11.25,-3,-1.5,-4.25,-4
2493,9,9,-10,-11,-11,-3.5,0.5,-2.25,-12.5,-5,-4,5.5
2494,9,9,-6,-11.5,-5,-3.75,0.25,-8,-16,2.75,-4,7.25
2495,2,2,-4.25,-5.25,12.25,-0.75,-7.25,-20.5,-13,-2,-1.25,-10.25
2496,2,2,-9.75,-2,8.5,0.25,-6.25,-14.25,-16,1.75,-2.25,-9.5
2497,9,9,-8.5,-15.75,-11,-4.25,-1.75,-1.25,-13,-4.25,-0.25,6
2498,4,4,-9.25,-7.5,-10.75,-11.5,9.25,-7.5,-8,-4.25,-6,1
2499,4,4,-9.25,-7,-6.75,-6.5,8,-8.75,-13.75,-2.25,-6.75,-1.25
2500,2,2,-3.25,-0.25,6.25,0.25,-7,-10,-8,0.75,-2,-3.75
2501,3,3,-4,-7.5,-3.5,7.5,-9.5,-1.25,-16.25,-7,-5.25,-1
2502,3,3,-6.5,-8.5,1,9.25,-10.75,-6.75,-20.5,-5,-2,-2.25
2503,2,2,-7,-8.75,11.75,-2.5,-0.25,-20.75,-14.25,-2.25,-5,-14.75
2504,1,1,-5,4.5,-2.25,-3.5,-1,-4.25,-4.25,-1,-2.75,-3.5
2505,7,7,-1.75,-7.25,-5.25,-7.75,-3,-7.25,-11.5,11.75,-5,2.75
2506,0,0,10.75,-9.5,-0.25,-7.5,-6.5,-9.25,1.75,-5.75,-5.25,-4.75
2507,7,7,-7.25,-2,2.25,0.5,-3.75,-12.25,-17.5,7.75,-3.5,-1
2508,6,6,-0.5,-1,-0.5,-2.75,-1.25,-2,3.25,-4.75,-2.5,-3.25
2509,4,4,-4,-5.75,-5.25,-7.25,4.5,-5.75,-3.25,-2.75,-3.5,-1
2510,1,1,-4.5,6.5,-3.75,-6.5,0,-6,-4.25,-0.25,-2.75,-5
2511,3,3,-6.25,-12.5,0.75,7,-7,-6.25,-16.5,-10.25,-0.25,-5.5
2512,8,8,-5,-14.25,-6,-2.75,-6.25,-1.5,-7.5,-11.75,3,1
2513,7,7,-6.5,-5,3,0.75,-5.25,-15,-16,8.5,-2.5,-2.75
2514,4,4,-7.75,-1.25,-10.25,-8,1.5,-2.5,-4.5,-3.75,-3.5,-0.75
2515,5,5,-7.5,-23.75,-9.75,-7.75,-9.5,8,1.75,-19,-0.25,0.5
2516,9,9,-1.75,-12.5,1,-5,-2.25,-11.25,-13,-2.5,-3.5,5
2517,2,2,-3,-4.25,8.5,2.75,-9.5,-15,-12.25,-3.5,-3.5,-10
2518,5,5,-9.75,-22.75,-13.75,-1.5,-10.5,13.75,-6.5,-19.5,-1.75,1.75
2519,1,1,-4,6.25,-4,-4.75,-1,-5,-3.75,0.75,-3,-2.5
2520,8,8,-5,-3.25,-1.25,-1.75,-5,-4.75,-5,-6,1.75,-6.5
2521,7,7,3.75,-10,-2.5,-4.5,-5.25,-10.25,-11.25,9.25,-5.5,0.5
2522,3,3,-8,-13.75,-5.25,5.25,-6,-1.5,-15.5,-12.25,-1.5,-2.75
2523,7,7,-7,-1.5,-5.75,-5.75,-0.25,-2.5,-8,4,-3.25,-0.5
2524,1,1,-3.75,7.25,-3,-5.75,-1,-7.5,-4.25,-0.5,-3.25,-4.5
2525,5,5,-7.75,-11.5,-9.75,0.75,-8,5.75,-7.75,-12.75,-3,-1
2526,5,5,-9.25,-19.75,-7.75,1.5,-11,7.25,-10.5,-19,-0.5,-3.25
2527,0,0,8,-6.5,0,-6.5,-4.25,-9.25,-0.25,-5.75,-4.75,-4.25
2528,9,9,-6.25,-6.25,-4.75,-4.5,0.75,-8.5,-11,-1.25,-3.25,3.75
2529,1,1,-5.25,8.25,-5.25,-9.25,-0.75,-8,-2.5,-1.75,-3,-5.25
2530,4,4,-7,-2.25,-6.5,-6.5,5,-8.75,-7.5,-2.75,-5,-0.25
2531,0,0,10.25,-8.75,-4,-8.5,-11.25,-1.25,-2,-6.5,-2.5,-7.5
2532,6,6,-2.5,1.75,-1,-3.5,-1.5,-2.5,2,-4.75,-1.75,-4.25
2533,3,3,-5,-3.5,-0.75,2.75,-6,-5,-10.75,-0.75,-3,-3
2534,3,5,-6,-11.75,-8,5,-8.75,5.25,-11.5,-14.25,-3.25,-3.25
2535,6,6,3.5,-7,-5.5,-9.25,-3.25,-3,7,-8.25,-2,-7.25
2536,0,0,12,-13.5,-1,-9.25,-8.25,-8.25,0,-4.5,-4.25,-5
2537,4,4,-8.75,-1.25,-8.5,-6.75,6,-6.5,-11,-1.75,-4.25,-0.5
2538,9,9,-5.5,-11,-5.25,-4,-0.75,-8.25,-15.5,0.75,-1.75,7.5
2539,7,7,-6.25,-4.5,-0.25,0,-1.5,-11.25,-16.5,7.75,-1.75,0.75
2540,5,5,0.75,-15.75,-7,-0.75,-10,6.5,-3.25,-14.75,-5,-3.75
2541,1,1,-5.75,7.5,-4.5,-5.75,-1.25,-7,-5.75,0,-3.75,-3
2542,6,6,3,-5.75,-2.75,-9,-4,-1,6.75,-10.25,-5,-6.5
2543,8,8,-3.75,-5.5,-0.75,-3.5,-7.5,-6.5,-10,-6.5,3.25,-7.25
2544,9,9,-7.5,-9,-4.75,-1.5,-0.5,-5.75,-13.75,1.5,-2,4.75
2545,5,5,-7.5,-16,-13.25,1.25,-9.5,8.5,-13.5,-11.5,-1.75,0.25
2546,5,5,-4.5,-13,-10.75,-5.25,-9.75,10,-2.5,-11.75,-1.25,-2
2547,7,7,-5.5,-4.75,3.75,2.25,-6.5,-16.5,-20,11.5,-3.5,-1.25
2548,9,9,-7.75,-10.5,-11.25,-6,1,-4.25,-9.75,-4.5,-2.5,4.5
2549,3,3,-7,-9,-0.75,9.25,-11.5,-7,-23.25,-4.25,-0.25,-0.25
2550,8,8,-2.75,-10.25,-5.75,-4.25,-7.5,-4,-5.5,-8.5,3,-1.75
2551,3,3,-6,-10,-3.5,4.5,-12.75,-0.25,-14.25,-7,0.5,-3.5
2552,8,8,-8,-6.25,-3,-2.25,-4.25,-8.25,-12.25,0.25,2.25,-2.25
2553,1,1,-5,7,-6,-6.5,-1.25,-5.25,-3.25,-2.5,-3.25,-3.5
2554,5,5,-11.5,-17,-12.25,-2,-9.25,13,-8,-14.25,-4,-2.25
2555,3,3,-6.75,-9.25,-5,9.25,-8,-1.25,-19.5,-10,-7.75,-1
2556,5,5,-4.5,-16.25,-9,-3,-8,5.25,-2.75,-8.25,-0.75,0.75
2557,0,0,9,-7.25,-2.5,-7,-5.25,-11.75,-4,-0.75,-4.5,-1.25
2558,5,5,-11.5,-11.25,-11.25,0.5,-11.25,11,-9.25,-18,-1,-3.5
2559,5,5,-9.75,-10.75,-8.75,3,-9.5,8.5,-9,-17.75,-1.5,-3
2560,3,2,-3.75,-4.75,1.75,0.75,-6.5,-1.75,-5.25,-12.5,-3,-9
2561,8,8,-4,-6,-2.25,-3.5,-7,-5,-8,-3.5,4.25,-0.75
2562,6,6,-2.75,-8.25,-6.25,-7.25,-2.5,-2,4.75,-15.25,-3.25,-3.75
2563,7,7,-4.5,-0.75,2,0.5,-6.75,-10.75,-15.5,9.25,-2.25,-0.75
2564,7,7,-5.5,1.75,0.75,-1.5,-5.75,-10.25,-15.75,8.5,-2.5,-0.5
2565,7,7,-4.5,-4.25,-1,-0.25,-5.75,-10.5,-19,13.75,-5.5,1.5
2566,3,3,-5.25,-4.5,0,5.5,-9,-7.5,-15.75,-1.5,-1,-2.75
2567,7,7,-6.5,-2.75,-1.75,-0.75,-6.5,-9,-20.25,10.25,-3.25,1.75
2568,0,0,10,-11.5,-0.5,-3.75,-10.25,-1.25,-2,-7.5,-4.25,-3.25
2569,5,5,-3.75,-15.25,-7,-0.5,-6.5,5.5,-3.75,-11,-1.5,-0.5
2570,9,9,-7,-11.5,-5.25,-5.75,-3.25,-6.75,-9.5,-2.5,-0.25,6.5
2571,0,0,4,-2.25,-1,-5.25,-3.25,-6,-1,-3.5,-0.5,-2.5
2572,2,2,-3.5,-1.5,8.75,-0.25,-4.5,-16.25,-15.25,-0.5,-4.75,-6.75
2573,5,5,-9.5,-4.75,-8.75,-4.5,-9.25,2.5,-7.75,-6.25,1,-1.75
2574,5,5,-1.5,-8.75,-6.5,1.5,-6.75,4.5,-8,-5.75,-4.25,-0.25
2575,3,3,-6.25,-9.5,-0.25,8.5,-11.75,-7,-19.5,-2.75,-1.25,-2.75
2576,1,1,-4.25,5.25,-2.5,-3.25,-1,-5,-5.25,1.75,-3,-1.75
2577,7,7,-9.25,0.75,-5,-5.25,-5,-7.5,-14.5,6.75,-1,-1.25
2578,7,7,-6.25,1.5,3.25,0,-5,-12.25,-16.5,6.25,-3.25,-0.5
2579,8,8,-7,-11,-2.75,-3,-6,-8.25,-11.75,-3.75,6,-1.5
2580,6,6,-2,-7,-4.75,-6.25,-2.5,-1.25,7.5,-14,-1.25,-7.25
2581,5,5,-9.5,-14,-12.75,-1.75,-9.5,10.25,-12.25,-8.5,-2.5,2.25
2582,9,9,-4.75,-6,-6.5,-0.5,-2,-3.25,-13.25,1.5,-4.75,2.25
2583,3,3,-7.75,-12,-2.75,7.75,-9.5,-3.25,-18.5,-8,-0.75,-2.25
2584,8,8,-5.5,-11.5,-2.25,-4.5,-5.5,-4.75,-2.75,-9.75,4.75,-4.5
2585,9,9,-5.75,-11.5,-4,-3.5,0,-8,-16.25,1.75,-4.25,8
2586,5,5,-8.75,-13.25,-9.75,3.25,-10,6.75,-9.5,-14.5,-3.25,-0.5
2587,3,3,-3.25,-9,-1.5,5.75,-9.75,-0.75,-14.25,-5.5,-2,-2
2588,7,7,-1.25,-9.5,-4.5,-2,-7.25,-3.75,-14.5,11.25,-5.75,3.25
2589,9,9,3.25,-17,-4.75,-4.5,-5.5,-4,-6.75,-1.25,-2.25,6.5
2590,1,1,-5.25,7.75,-5.75,-7.75,-2.75,-8.5,-5.25,-0.5,-2.5,-3.5
2591,7,7,-5.75,-0.25,0.5,0,-5.5,-10.5,-16.75,9.75,-2.25,0
2592,0,0,11,-8.5,0.5,-6.5,-9.25,-11,-5.75,-2.5,-4.25,-6
2593,0,0,10,-8.5,-3.25,-8.25,-8.25,-6.25,-3.5,-4.5,-1.75,-4.75
2594,3,3,-4.75,-12.25,-4.25,6.25,-7.5,-0.25,-12.75,-11.5,-4.25,-3.25
2595,7,7,-9.25,-4,-4.25,-1.5,-4.75,-7.75,-20,13,-5.5,1.5
2596,2,2,-5.75,-1,8.5,0,-4.5,-17,-14.25,3,-4.75,-8
2597,5,5,-8.5,-12,-5.25,3.25,-9.25,3.75,-10.5,-11.25,-0.25,-2.5
2598,8,1,-5.5,1.75,-0.5,-3.5,-5,-8,-5.5,-3.5,-0.25,-7.75
2599,1,1,-5,7.5,-5.5,-7.25,-3.25,-6.25,-3.5,-1.5,-1.75,-3.75
2600,8,8,-9.75,-7.25,-9.25,-6,-1.5,-4,-7.25,-9.75,4.75,-7.25
2601,6,6,-1.25,-6.75,-4,-8.5,-3,0,9,-12.75,-1,-5.5
2602,2,2,-5.25,1,10,-0.5,-7.5,-15.75,-13.75,3.25,-5.25,-6.75
2603,9,9,-9.75,-10.75,-7.25,-4.5,-1.5,-4.75,-13.75,-0.75,-0.25,5.75
2604,5,5,-6.25,-9,-5,3.25,-10,6,-7,-16.25,-1.75,-4.25
2605,7,7,-7.5,-1.5,-5.25,-2.5,-2.75,-4.75,-15.25,10,-5,0
2606,5,5,-9.5,-16,-11.25,-1.5,-9,9.75,-5.25,-17.5,-2.25,-1
2607,7,2,-7,-7,0.75,-3,0,-14.5,-15.5,0,-0.25,-7.25
2608,8,8,-5.5,-3,-5,-5.25,-3.5,-2.5,-3.5,-4.5,1.75,-2.25
2609,6,6,-2.5,-13,-5.5,-3.75,-2,0.75,5.75,-12.5,-5.75,-8.75
2610,2,2,-4,-5.5,7.75,1.25,-10.75,-13.5,-14.75,-0.75,4.25,-6.75
2611,5,5,-5.5,-10,-6.75,-2.5,-7.75,6,-2.25,-10.5,-0.75,-2
2612,1,1,-7,7,-3.25,-5.25,-2.75,-6.75,-4.75,-3.5,-3,-5.5
2613,4,4,-11.25,-10.75,-11,-11.5,10.75,-8.25,-11.75,-3.5,-5,-1.75
2614,8,8,-4.5,-8.75,-1.5,-4.25,-5.75,-9.5,-8,-8.5,6,-8.25
2615,4,4,-11,-5,-10.75,-10.75,9.75,-10,-13.5,-2.25,-4.25,0
2616,5,5,-7.5,-11.5,-8.25,-0.5,-6.25,9.25,-1.25,-17,-1.25,-4.25
2617,8,8,-3.75,-3.75,-1.25,-3.5,-6,-4,-7.5,1.25,1.5,-0.5
2618,3,3,-7.25,-10.5,-9,6.75,-10,4.75,-15.5,-14,-5.25,-1.25
2619,0,0,9,-3.25,-3,-11,-4,-12.75,-2.5,-0.5,-3.5,-3
2620,6,6,-1.5,-8.25,-5.5,-9.25,-2.75,-1.25,11.25,-15.25,-3,-9.25
2621,2,2,-4.5,-10.75,11.5,-3.75,0.5,-20.5,-9,-3,-5.25,-13.75
2622,7,7,-6.75,-1,-1,-1.25,-3.25,-9.75,-12,7.25,-3.25,-2.75
2623,3,3,-7,-12.75,-3.5,7.5,-8.5,-2.5,-16.5,-9,-3.75,-2.25
2624,3,3,-6.5,-3.75,0.5,5,-8.5,-7.75,-16.75,-1.25,-1,-1.75
2625,2,2,-2.75,-1.25,8.75,0.25,-9.5,-14,-11,1,-2,-6.75
2626,1,1,-5.5,7.25,-7,-8.75,-2.25,-5.25,-1.5,-3.5,-3,-3.75
2627,0,0,11.25,-14.25,-5.75,-11,-11,-1,0.5,-7.5,-2,-6.5
2628,7,7,-5.5,-4.5,3.5,2,-6.5,-11.25,-17.5,6.75,-5,-0.25
2629,3,3,-6.25,-12.75,-5.75,5.75,-9.25,2.25,-15.25,-9.5,-0.75,-0.75
2630,4,4,-9.75,-6.75,-10.5,-8,8,-7.75,-13.5,-3.25,-7.25,1.5
2631,0,0,4.25,-2.25,-3.25,-8,-1,-8,2.5,-2.75,-3.5,-2.75
2632,3,3,-7,-14.25,1.25,11,-11,-6.5,-22,-7.5,-1.75,-2.5
2633,9,9,-9.75,-12.75,-9,-2.5,-1.75,-2.75,-15.75,-3.5,-1.5,6
2634,3,3,-6.5,-10,-3.25,8.5,-8.75,-1.75,-20,-9.75,-3,-0.5
2635,2,2,-9.25,-7.25,5.25,-1.75,-2,-13,-10.75,2.25,-3.75,-10.25
2636,8,8,0,-12.75,-5,-5,-5.5,-2.25,-3,-7.25,4.25,-6.5
2637,9,9,-4,-12.5,-1.75,-3.75,0,-9.5,-18.25,1.25,-5.5,8.5
2638,0,0,10.5,-8.75,-1.25,-6.25,-9,-3,0,-8.5,-7.75,-5.75
2639,3,3,-6.5,-12,-8.25,4.5,-7.5,3.5,-13.5,-9.75,-2,-0.5
2640,8,8,-4.5,-4.75,-2.75,-2.25,-4.25,-4.5,-4.5,-5.75,2.5,-3.75
2641,0,0,10.5,-11,-2,-5.5,-11,-3.25,-2.75,-3,-5.75,-5.5
2642,7,7,-3.5,-3,-5.25,-5.75,-1.5,-7.25,-12.25,7.5,-4.5,2
2643,6,6,-3,-6.25,-4,-6.5,-1,-2.75,7,-13.75,-2.75,-6.25
2644,5,5,-7.75,-14.25,-11.5,-1.5,-9.5,11.25,-5,-14.75,-1.5,-1
2645,4,4,-8,-4.5,-8.25,-6.25,6,-4.75,-8.75,-2.75,-4.25,-0.25
2646,7,7,-6.25,-0.25,0,0,-5.5,-9.75,-16.75,10.25,-2.75,-0.5
2647,3,3,-6.25,-6,-2,6.5,-7.5,-4.25,-17,-5.75,-3.75,-1.5
2648,9,9,1,-11.5,-6,-1.75,-5,-1,-10.25,-4,-2.75,2.5
2649,0,0,10.25,-16,-1,-9.25,-5.25,-10.5,1.25,-4,-1,-3.5
2650,8,8,-4.5,-4.75,-1.25,-3.25,-3,-4,-2.5,-4.5,2.25,-2.75
2651,6,6,-0.5,-5.75,-7,-8,-4.25,-0.25,7.25,-14.5,-1.25,-6.25
2652,2,2,-2.25,-2.25,8.25,-1.25,-10,-10.75,-8.25,-0.5,-1,-6.75
2653,5,5,-6.25,-21.5,-15.5,0.25,-11.75,12.25,-10,-14.25,-2,-3.25
2654,6,1,-6.5,6,-0.75,-7.25,-3.75,-7,0.75,-9.5,-3,-11.5
2655,1,1,-4.5,7.75,-4.5,-8.25,-0.5,-6.5,-2.75,-0.75,-3,-5.5
2656,0,0,9.25,-14.25,-2.75,-7.25,-7,-5.25,-0.5,-3.5,-0.25,-1.25
2657,0,0,9.5,-9.75,-0.75,-4,-9,-3.75,-2.75,-6.25,-3.5,-3.75
2658,4,4,-6,-2.5,-6.25,-7.5,2.75,-7,-1.25,-4.75,-3,-5
2659,4,4,-9.75,0.5,-10.25,-9.75,4,-6,-7.5,0.25,-1.25,-2
2660,0,0,7.25,-8.25,0.75,-4,-7.25,-7.25,-5,-0.5,-0.75,-0.75
2661,1,1,-3.75,7.5,-4.75,-7.5,-1.75,-6.25,-1.5,-2.5,-2,-5
2662,2,2,-0.75,-8,9.75,-3,-4,-15.75,-6.25,-3.25,-2.5,-10.25
2663,3,3,-7.75,-9.5,-3.25,6.75,-9,-4.75,-18.75,-5.25,-1,-3.5
2664,2,2,-1.75,-4.5,10,-1,-7.25,-15.25,-6.75,-3.75,-4.5,-14
2665,7,7,-5,-0.25,3.5,0.25,-5.75,-11.75,-13.5,6.25,-5,-2
2666,7,7,-6.25,-1.75,2,-0.5,-5.5,-11.25,-16,8.75,-5,-2.5
2667,8,8,-5.75,-11.5,-5.5,-3,-8.25,2.25,-1,-12,5.5,-5.5
2668,5,5,-1,-19.75,-7.25,-4.75,-5.25,3.25,0.25,-12.5,-2,0.75
2669,2,2,-6.5,0.25,11.25,-2.5,-4,-17.75,-12,-0.75,-4.5,-10.5
2670,5,5,-1.5,-16.25,-6.75,-3.25,-10,6,-3,-12,1,-5.75
2671,7,7,-5.75,-6.25,2.75,-0.75,-6,-10,-16.25,7,-0.5,1.5
2672,6,6,0,-4.5,-4.5,-11.5,1.25,-5.75,7,-5.5,-3,-5.25
2673,9,9,-8.5,-7.25,-6,-3.5,-0.25,-5.75,-12,-3,-2.25,4.75
2674,1,1,-5.5,6,-3.5,-4.75,-1.5,-5.5,-5.25,0.25,-2.5,-2.5
2675,4,4,-9.25,-9.75,-8.5,-9.75,9.25,-7.75,-8.25,-4.5,-5,-1.25
2676,1,1,-3,6.25,-2.75,-5.5,-1.75,-6.25,-3.5,-0.75,-1.75,-3.75
2677,6,6,-3.25,-8.25,-4.25,-6.5,-2.25,-1.75,9.25,-15.5,-4.5,-7.25
2678,4,4,-11.5,-3.5,-8.25,-5,2.75,-5,-9.75,-1.75,-3.5,0.25
2679,2,2,-2.25,-8.5,12.5,0,-9,-19.5,-14.75,2.75,-2.5,-7.25
2680,4,4,-8.5,-7.75,-9.5,-9.5,8.5,-8.75,-9.25,-4.25,-6.5,0.25
2681,3,3,-8.25,-9,-2.5,6.5,-5.5,-2.75,-17.5,-6,-4.25,-0.5
2682,5,5,-10.75,-17.5,-12.5,-0.25,-8,11.5,-8.25,-14.25,-5,0.75
2683,4,4,-9.5,-5,-10.75,-9.25,6.5,-7,-7.75,-4.25,-4.75,1.25
2684,3,3,-1,-6,0.5,4,-7.75,-2.5,-8.75,-4,-4,-2.5
2685,9,9,-11.5,-7.75,-9.25,-2,-1.5,-3.5,-15.75,-2,-4.75,4.5
2686,5,5,-2,-14.25,-9.25,-2.75,-9.75,6.5,-6.75,-11.75,0.75,-3.75
2687,0,0,9.75,-8,-3,-5.5,-8.75,-3,-3,-2.75,-3,-3
2688,1,1,-5.25,8,-3,-5.25,-3,-6.5,-4,-1.5,-2.75,-4.5
2689,5,5,-3.75,-3,-3.5,-0.25,-3.5,3.25,-1.5,-7,-1.5,-2
2690,3,3,-6.25,-7.5,-1.75,5.25,-7.5,-4.25,-14.25,-3.25,-1,-2
2691,8,8,-7.25,-7,-3.75,-1.75,-4,-2.25,-6.25,-8,2.75,-4
2692,9,9,-8.25,-8,-5.5,-1.75,-1.25,-5.25,-13.5,1.25,-2.5,5
2693,1,1,-4.25,7,-5.25,-8.25,-2.5,-6.25,-1,-5,-1.75,-5.5
2694,9,9,-5.5,-7.25,-6.25,-2.25,-1.25,-2.25,-9.25,-1.5,-3,4
2695,7,7,-6.25,-7.75,-5.25,-1.5,0.25,-2,-9.5,2.75,-10.75,-3.75
2696,9,9,-5.25,-5.75,-4,-3.5,0.75,-9.25,-14.5,3,-5.5,6
2697,5,5,-4,-13.25,-6.5,-4.5,-7.75,7.75,-1.5,-9.75,-0.5,-1.25
2698,5,5,-7,-4.75,-9.75,-2,-8,5,-7,-6.5,-2,-2.5
2699,2,2,-3.5,-2.75,4.25,-1.5,-1.5,-8,-3.5,-2.5,-1.25,-5.75
2700,7,7,-5.25,-4,-0.75,0.5,-5.75,-6.25,-15.5,9,-3.75,2.5
2701,4,4,-7.75,-5.75,-9.75,-9,7.75,-8.25,-11.75,-1,-6,-0.5
2702,6,6,3.25,-7.25,-4.25,-10.75,1.25,-5.75,8.5,-7.5,-5,-6.75
2703,0,0,8,-7.75,-1.25,-4.75,-9,-1.5,-2.75,-7.75,-5.5,-7.25
2704,1,1,-4,5.75,-2.25,-4.5,-3.25,-5.5,-4,0.5,-1.75,-2.75
2705,1,1,-8.5,3.75,-4.75,-6.5,-2.75,-8,-3.75,-5.5,-1.5,-7.5
2706,1,1,-4.25,6,-2.5,-4.25,-2.25,-5,-2,-2.5,-2.25,-4.25
2707,0,0,11.25,-9,-1.5,-8.25,-8.75,-6.25,0,-4.75,-3,-6
2708,4,4,-11.25,-8,-6.75,-3.5,3.25,-2.75,-7.75,-6.25,-4,-3.5
2709,4,4,-7.25,-4.5,-5.25,-6.25,4.25,-7.25,-6.75,-5,-5.5,-4
2710,7,7,-4,-1.75,0,0,-4,-5.5,-12.75,8,-3.25,1.5
2711,6,6,1,-8.25,-3,-5.75,-1,-2.25,8.25,-9.75,-5,-7.5
2712,3,3,-5.25,-9.75,-1.25,6.5,-9.25,-3.25,-18,-7,-1.75,-1.75
2713,0,0,4,-6.5,-2.5,-8.75,-3,-13,-4.5,-2,0.5,-0.5
2714,0,0,10.75,-9.75,-2.75,-11.25,-7.25,-6.5,3.5,-6.5,-4,-5.75
2715,4,4,-9.5,-5,-7.25,-3.5,3.5,-8.5,-15.25,0.5,-5.25,-2.5
2716,3,3,-3.25,-13,2,7.5,-10.75,-7,-17.75,-8,-2.25,-2
2717,0,0,9.75,-9.75,1,-5.75,-7,-9.25,-3,-3.75,-2,-3.5
2718,6,6,-1.5,-3.5,-6.25,-10.25,2.5,-8.5,6,-9.5,-2.5,-5
2719,1,1,-3.5,6.25,-6.75,-10,-1.75,-3.75,2,-6,-1.25,-5.75
2720,9,9,-9.5,-2.5,-9,-5.5,1,-7,-13.25,0.5,-3,2
2721,6,6,-5.75,-12.25,-4.25,-8.5,0.25,-0.5,6.5,-14.25,-0.25,-8.5
2722,1,1,-5.25,7,-2.75,-5.75,-2.75,-4.25,-1.75,-4.25,-2.25,-5.75
2723,3,3,-6,-10.25,2.25,7,-6.75,-7.75,-16.75,-8,-0.75,-4.75
2724,8,8,-6,-8.25,-3.75,-3.5,-5.25,-0.5,-1.75,-10.5,3.25,-5
2725,1,1,-4.25,7.5,-3.75,-7.25,-1.5,-7.25,-3,-2,-2.25,-6
2726,2,2,-1,-2.75,7.25,-1.25,-7,-10,-9,-0.75,-3.5,-5
2727,5,5,-8,-20.25,-11,-4.75,-10,8.75,-1.75,-18.25,-0.25,-0.75
2728,6,6,2.75,-9.75,-4.5,-10.75,-0.75,-5.75,10.5,-12,-2.75,-6.5
2729,2,2,-6.25,-1.75,8.25,-1.25,-2.75,-15.25,-10.75,-1.25,-5.25,-8.25
2730,7,4,-8,-5.5,-4,-5.25,1.75,-7,-9.5,-0.25,-5,-5.25
2731,3,3,-6.5,-10.75,-4,6.5,-5.25,-1.5,-15,-8,-6,-1.25
2732,6,6,-3.75,-1.25,-2,-5,0,-3.25,4.25,-7,-2.5,-6.5
2733,0,0,9,-3.75,-2.25,-8,-6.5,-11.75,-5.25,-0.5,-4.25,-0.25
2734,1,1,-4,6.25,-4.75,-8.25,-2.25,-6.25,-2.25,-6,-1.5,-8
2735,9,9,-2.25,-4.75,-0.75,-2,-2.5,-6.5,-9,1.25,-4,3.75
2736,7,7,-4.5,-4.5,3.25,-0.25,-6.5,-11.5,-15,8.75,-3.5,-0.25
2737,6,6,2,-3.25,-2.75,-8.25,-0.75,-4.5,8.5,-9.25,-2.5,-5.75
2738,6,6,0.25,-8.75,-5.75,-8.25,-1.25,-2,9,-11.25,-3,-7.25
2739,8,8,-7.25,-3,-6.5,-6.5,-1.75,-6.5,-5.25,-5,1.5,-2.75
2740,9,9,-9.25,-3.5,-8.25,-3,-1.5,-4.75,-14.75,0,-3,2.75
2741,2,2,-5.5,0,7.5,-1,-2.5,-14.75,-12.25,-1.25,-4,-7.5
2742,9,9,-4.75,-7.75,-4.5,-2.75,-3.25,-5.25,-9.5,1.75,-4.25,2.5
2743,5,5,-6,-3.25,-6.25,-6.5,-4.25,3.25,2,-8.5,0.5,-2.75
2744,8,8,-7.5,-10.25,-2.25,-3.75,-2.25,-9.5,-11.5,-2,4,-0.25
2745,3,3,-5,-11.5,4,7.5,-10.25,-11.25,-17.25,-3.25,-0.25,-6
2746,1,1,-5.5,7.75,-5,-8,-0.5,-6.25,-4.75,-0.25,-3.25,-6.25
2747,0,0,12.25,-16,-1.25,-8.5,-8.5,-8.5,-0.75,-2.75,-3.75,-4.25
2748,0,0,6.75,-7.5,0.25,-4.75,-5.75,-5,-1.75,-3,-0.75,-2.25
2749,7,7,-7.5,-11.25,-10.25,-1.25,-8,0.25,-19,11.25,-7.75,3
2750,6,6,-1.25,-3.75,-8.25,-9.5,-5.25,0.25,7,-13.75,0,-6.5
2751,6,6,3,-5,-4.75,-7.25,-5.75,-0.25,5.5,-11.25,-4.5,-9.75
2752,2,2,-3.75,-5,9.25,-4.25,-0.25,-18,-7,-4.25,-5,-11.25
2753,1,1,-5,7.75,-7.25,-10.25,-1.75,-6.75,-4.5,-2.75,-1.25,-8.75
2754,6,6,3.75,-4.25,-4.25,-11.5,1.75,-7.5,6.75,-5.75,-5.25,-6
2755,9,9,-8.75,-8.5,-5.5,-3,-0.25,-5.75,-15.25,-0.5,-1.25,5.25
2756,3,3,-2.25,-4.75,2,3.75,-9.75,-2.25,-7.75,-10,-5.25,-6
2757,1,1,-5.75,8.25,-4.5,-6.25,-2.25,-5.75,-3.25,-2.5,-2.75,-4
2758,8,8,0.75,-17,-5.25,-2.75,-8.5,0.5,-3,-16.25,2.25,-6.25
2759,6,6,-1,-5,-1.75,-6,0.5,-3.25,7.75,-9.5,-3.75,-5.5
2760,9,4,-6.75,-1.5,-4.25,-4.75,1,-7.75,-10.25,0.25,-1.5,0.75
2761,0,0,9,-5.75,-2,-10.75,-3,-10,5.25,-5,-5.75,-5.5
2762,6,6,-2.25,-4,-5.75,-7.5,-1.5,-1.25,7.5,-11.5,-1.5,-5.25
2763,0,0,10.5,-9.75,0.5,-5.25,-9.25,-7.75,-2,-3.25,-1.75,-2.75
2764,0,0,8,-5.25,-2.75,-9.5,-4.5,-9.5,-0.25,-4.5,-2,-2
2765,0,0,10,-8.75,-2,-8.75,-5.25,-8.5,0.25,-4.25,-3.75,-4.75
2766,6,6,-1.25,-3.25,-3.5,-4.75,-1.5,-0.25,6.25,-8.75,-2.75,-5.5
2767,3,3,-6,-9.5,0,8.25,-9.25,-4.25,-16.25,-8,-1,-1.75
2768,5,5,-11.75,-20.5,-16,-2.5,-12,14.25,-9.5,-17,-0.25,1
2769,9,9,-6,-4.25,-7.25,-6.75,0.25,-9,-9.5,-1.75,-0.75,2.75
2770,3,3,-8.5,-14.25,-3.75,2.5,-3.5,-2.25,-9.75,-7.75,-3.25,-7.25
2771,4,4,-6.25,-1.25,-7.5,-5.25,2.5,-5.25,-8,-2.25,-3.75,1.5
2772,5,5,-6,-5.5,-8.25,-2,-5.75,5.5,-6.75,-4,-3.25,-0.75
2773,5,5,-8.75,-23,-11.25,-2.25,-11.5,11.5,-5,-19.25,2.25,-4.75
2774,8,8,-7.75,-14,-1.25,-3,-8.5,-3.75,-7.75,-9.25,7.25,-6.5
2775,5,5,-6.75,-16.75,-8.25,-2.75,-7.75,8.5,-0.25,-18.25,0.5,-3.25
2776,3,3,-5.5,-5.5,1,6.25,-9.75,-8.75,-16.75,-1.75,-0.25,-3.75
2777,0,0,8,-3.25,-2,-8,-3.5,-8,2.5,-5.25,-3.75,-7.5
2778,4,4,-1.25,-0.25,-2.5,-6.25,4,-11.5,-8.25,-0.75,-6.5,-2.75
2779,0,0,11,-9,-4,-10,-9.5,-3,-1.75,-5.5,-3.75,-4.25
2780,2,2,0.5,-18.75,5.75,5.5,-9.75,-12.75,-19.25,-7.25,0.25,-7
2781,9,9,-9.75,-13.75,-9.25,-5.5,1.5,-6,-16.25,0.75,-2.75,7.75
2782,6,6,1.75,-8,-3,-8.25,-4,-1.75,10.25,-16,-2.5,-9.75
2783,8,8,-6,-4,-2,-1.5,-6.75,-2,-5.5,-4.75,3.5,-2
2784,2,2,-5.5,0.25,7,-2.5,-2.25,-13,-10.25,-0.5,-4,-7.5
2785,3,3,-7.5,-14.5,-6.5,7.75,-9.5,0.25,-19.75,-10.75,-2.5,-0.5
2786,1,1,-3.5,5.25,-2.75,-4,-1.5,-3.75,-2,-0.75,-1.75,-2.25
2787,2,2,-1.75,-12.5,11.75,3,-8.25,-19.5,-18,-1.25,-1.75,-7.75
2788,1,1,-3.25,6.25,-3.5,-6.5,-1.75,-5.25,-1,-1.75,-1.5,-3.75
2789,1,1,-5.75,7.5,-5.25,-9,0.25,-8.5,-7,-0.75,-3.75,-7.75
2790,5,5,-7.25,-16,-13.5,-1.5,-12.75,11.75,-9,-11.75,-2,-1.75
2791,6,6,3.75,-8.5,-3,-8,-3,-6,8,-9,-1,-4.25
2792,9,9,-8.5,-10.25,-7.5,-2.5,0.25,-4,-15.5,-0.5,-3.5,6.5
2793,8,8,-2.25,-3,1,-3.25,-3.75,-5.75,-2.25,-2.5,1.75,-1.75
2794,0,0,6,-3.75,-1.75,-7.5,-2.75,-9,-2.5,-0.25,-0.75,-1.75
2795,6,6,-2.25,-9,-4.5,-5.75,-4.5,1.75,11,-15.25,-2.5,-5.25
2796,6,6,-2.75,-3.25,-4.75,-4.75,-1.5,-2.25,5,-10.75,-2.75,-6
2797,5,5,-4.75,-12.75,-12.75,-6,-6,4.5,-5.75,-5.25,-4,1.25
2798,5,5,-9.25,-19.5,-10.5,-2.75,-9.25,10.75,-3.75,-15.75,-1,0.5
2799,3,3,-3.75,-8.75,-1.75,6.75,-7.25,-5,-15.25,-7.75,-2,-2.75
2800,8,8,-9,-16.75,-7.5,-7,-2.5,-2.5,-3.75,-12.25,4,-1
2801,6,6,0.25,-10.75,-2.75,-10.25,-1.5,-4.75,8,-12.5,-4.75,-3.25
2802,2,2,6.75,-13,9.5,-6,-11.75,-15.75,-8,-0.25,-4,-12.75
2803,1,1,-7.25,3.75,-6,-6,-1.25,-5.25,-4.5,-5,-2,-3.5
2804,4,4,-8,-6.25,-6.75,-6,5.75,-6.25,-12,-1,-4.75,-1.25
2805,5,5,-1.75,-18.25,-7.25,-4.5,-7,4,-2.75,-11.25,-1.25,-2.5
2806,4,4,-8.5,-7.25,-6.5,-5.25,6.5,-6.25,-9.5,-2,-4,-2.5
2807,3,3,-6,-9,-0.5,9,-10,-7,-24.25,-7.25,-2.5,-1.25
2808,7,7,-7,-4,-4.5,-3.25,-1.5,-6,-14.75,6.25,-3,2.5
2809,8,8,-7.25,-10.25,-5.5,-4.5,-6,-1.25,-4,-8.25,3.5,-5
2810,5,3,-1,-12.25,-5,3,-10.25,2.75,-11.5,-10.25,-4,-2.5
2811,0,0,7.5,-12.25,-3,-6,-6.25,-3,-0.5,-3,-7.5,-0.25
2812,9,9,-6,-5.75,-6.75,-4.75,1,-5.5,-8.5,-5.25,-2.75,3.5
2813,3,3,-3.75,-6.5,1.5,4.75,-8.5,-0.75,-8.5,-12,-3.5,-6.5
2814,5,5,-4,-16.25,-8.75,-5,-8.75,6.25,-2.5,-14,1.75,-3.75
2815,1,1,-8.25,5.5,-3.5,-6.5,-2.25,-6.25,-4.75,-3.5,-2.5,-6.25
2816,1,1,-3.5,6.5,-4.75,-7.75,-1.25,-5,-0.75,-3.5,-2,-5.75
2817,0,0,11,-15.5,0,-7.75,-6,-10.25,0.25,-3.75,-3,-3.5
2818,4,4,-4.75,-6.25,-7.75,-12.25,5.75,-11,-3,-3.25,-3,2.25
2819,4,4,-9.5,-6.5,-8.75,-7.75,9,-9.75,-14,-3,-5.75,-0.5
2820,7,7,-8.25,-5.25,3.5,1,-5.75,-14.25,-20.5,9.25,-2.75,-1.75
2821,0,0,9,-5.75,-1.25,-6.75,-4.5,-9,1,-4.75,-4.5,-4.75
2822,1,1,-5.5,7.25,-3.5,-5,-3.75,-8.75,-8,1.5,-3,-2.75
2823,7,7,-9,-0.75,-5,-2.5,-1,-4.5,-10.25,2,-5.25,-2
2824,0,0,8.25,-5.5,-1.5,-7.5,-5.25,-12.25,-6.25,0.5,-2,-1.25
2825,1,1,-8,5.5,-4.5,-7.25,-3,-5.75,-2.25,-5.25,-2.25,-6.25
2826,6,6,-1.25,-12.5,-3.75,-7.75,-3.75,-1.25,11,-16.5,-2,-5.25
2827,1,1,-4.5,5,-3.25,-4,0.25,-4.75,-4.75,1,-3.5,-1.75
2828,4,4,-6.25,-7,-7,-10.25,7.75,-13,-9.75,-3.75,-4.5,0
2829,5,5,-9.5,-17.25,-8.25,-3.5,-3.25,3.75,-4.5,-12.75,-0.75,-0.25
2830,6,6,0,-14,-5.5,-7.5,-2.5,0.5,9.5,-14.75,-4.25,-9.75
2831,6,6,-2.5,-15,-7.25,-8.25,-5,0.5,9.5,-18,-0.5,-4
2832,5,5,-9,-14.5,-11.5,3.25,-10.75,9,-9.75,-16.25,-5.25,-0.25
2833,7,7,-6,-7.5,-5.75,-2,-6,-4.25,-18.25,14.25,-7.25,2.25
2834,8,8,-0.5,-12.25,-3.75,-2.75,-6.75,-3,-4.25,-12.25,3.5,-7.75
2835,4,4,-7.25,-4,-5.25,-7,5.75,-8,-9,-2.25,-4.75,-5.25
2836,4,4,-9.5,-7,-1.25,0,1.75,-11.25,-20.25,0.25,-6,-0.25
2837,7,7,-3.75,-4,1,0.5,-7.25,-13.5,-20.25,12.75,-2.75,0.25
2838,2,2,-1.25,-3.25,7,-1.75,-9.25,-11,-6.75,-4,2,-11
2839,5,5,-8.75,-24,-9,-2.25,-13.25,12.5,-5.75,-18.75,1.25,-2.5
2840,3,3,-8.25,-11,-1.75,7.75,-7.75,-4,-16.75,-9.5,-1,-3.75
2841,7,7,-6.25,-1.25,1.5,0.75,-4.75,-11,-15,9.5,-4.25,-1.5
2842,0,0,10.75,-12.75,-1.25,-4,-12.5,-2,-5.5,-7.5,-4.75,-4
2843,7,7,-6,-5,2.5,0,-7.25,-13.5,-22,9.5,-2.25,1.5
2844,7,7,-7.5,-1.75,-1,0,-6.5,-11.75,-21,12,-2.75,-0.75
2845,9,9,-4.25,-14.5,-5.25,-3.25,0.75,-9,-18.25,1.75,-3.5,7.25
2846,6,6,-4.25,-6.25,-5.5,-8.75,-1,-0.75,9.75,-13.75,-1.5,-6.75
2847,4,4,-5.75,-6.25,-3.75,-6.75,3.75,-7.75,-8.25,-3.25,-6.75,-3.5
2848,2,2,-3.5,-2.25,6.5,0,-8.75,-12,-10.5,-1.25,-0.25,-5.5
2849,8,8,-7,-8.75,-5.5,-3.75,-4.75,-2.25,-3,-10.25,5.25,-5.25
2850,5,5,-4,-6.5,-5.25,3.5,-10,4,-10.75,-11.25,-7,-2.5
2851,7,7,-4.25,-6.25,-7.25,-6.5,-2.75,-5,-13.5,8.5,-7.25,4.25
2852,8,8,-6,-1.75,-2.25,-3.5,-3.75,-6.5,-6.5,-5.25,2.75,-8.25
2853,3,3,-4.75,-12,-1.75,5.75,-8.5,-6.5,-16,-6,1.5,-1.5
2854,9,9,-7.25,-6.75,-9.75,-5.75,-1,-6.25,-12,1,-2,4.25
2855,5,5,-5.75,-8,-11,-5,-10,7.5,-6.75,-8,-2,-2.75
2856,8,8,-8.25,-9.5,-5,-4.75,-2,-6,-8.25,-5.25,3.75,-2.5
2857,9,9,-3.5,-11.25,-3,-2.75,-0.75,-9,-15.75,2,-4.25,8.5
2858,9,9,-11.75,-11,-8.75,-3.25,1,-3,-14.75,-5.5,-2,5.25
2859,8,8,-5.5,-3.75,-2.5,-4.5,-6,-4.5,1.5,-12,3,-9.5
2860,6,6,-0.75,-13,-3.25,-8.5,-6,-0.25,7.25,-12.75,-0.75,-5
2861,2,2,-3.5,0.75,6.75,-1.75,-7.5,-11.5,-9,3.25,-4.25,-5
2862,8,8,-5.5,-3.5,-5.5,-5.5,-2.5,-4,-5.5,-5.75,1.75,-2.25
2863,9,9,-9.75,-6.5,-7.75,-4,-1.75,-2.5,-8,-6.5,-2.5,2
2864,2,2,-2.5,-5.25,13,2.75,-14,-19,-19,4.75,-2.25,-6
2865,3,3,-5.5,-13,-2.75,8.5,-8.75,-3,-18,-4.75,-2.25,-2
2866,6,6,-5.25,-3,-5.25,-5.75,1.25,-2.5,4.25,-7.75,-2.5,-5.25
2867,1,1,-3.25,5,-2,-2.75,-1.25,-3.75,-3,-0.75,-2,-2.5
2868,1,1,-5.5,7.75,-5,-6.75,-2.25,-5.5,-2.5,-3.25,-2.75,-4
2869,8,8,-4,-8,-2,-8.25,-9.75,-1.25,-4,-7.5,4.25,-5.75
2870,9,9,-5.25,-10,-2.25,-2.25,-1.5,-9.5,-16,1.75,-3.5,7
2871,3,3,-6.5,-11.25,-3,7.5,-8.75,-1,-18.25,-7.75,-2.25,-1
2872,4,4,-12,-12.5,-10.25,-10.25,9.75,-6.25,-11.25,-5.25,-4.25,-1.25
2873,0,0,10,-7.5,-1.75,-8.5,-6,-6.5,3,-5.5,-3.5,-5.75
2874,7,7,-2.75,-5.25,2.75,1,-9.5,-12,-18.5,12.25,-3.25,0.75
2875,9,9,-8,-6,-8,-4.75,3,-7.75,-14.25,-0.5,-4.5,4.5
2876,6,6,-2.25,-14.5,-6.5,-7.25,-4.5,0.25,10.25,-19.5,-0.5,-5.75
2877,4,4,-6.5,-7.25,-3.25,-4.25,3.5,-7.75,-5.5,-2.75,-3.25,-2
2878,1,1,-5,7.25,-4,-7.5,-3.75,-6.5,-1.5,-5,-1.75,-5.5
2879,4,4,-3.75,-8,-2.75,-7,4.5,-10,-4.5,-2.5,-4.5,-1
2880,1,1,-4.75,8.5,-5.75,-8.75,-1.25,-6.75,-2.25,-1,-2.5,-4.5
2881,3,3,-6.5,-11.75,-3.5,7.75,-9,-2,-18.5,-12.5,-0.5,-3.5
2882,4,4,-14.5,-13.5,-8.75,-5.25,6,-3,-9.75,-8.5,-4.5,-6.25
2883,9,9,-8,-17.25,-9.75,-5.25,-1.25,-3.25,-13.5,-4.25,-0.75,7.25
2884,3,3,-7.25,-9,-5.5,6.5,-7.75,1.5,-16.5,-9,-3,-0.5
2885,1,1,-3.75,4.5,-1.5,-4,-2,-5,-4,0.25,-2,-2.75
2886,4,4,-11.5,-10,-11.5,-8.5,7,-4.5,-8.5,-7,-4.25,-2.25
2887,7,7,-6.5,-2.25,0,0,-5.5,-10,-17.75,10.5,-2.5,0.75
2888,7,7,-7,-2.75,0,-2.5,-6,-10.25,-17.5,9.5,-1.25,1.75
2889,4,4,-4.25,-8,-7.5,-14,9.25,-7.25,-3.25,-4.5,-8,-1.75
2890,7,7,-4,-1.75,2,0.5,-7,-9.5,-14.25,9.25,-3.25,-0.25
2891,2,2,-4.5,-4.5,10.5,3,-8.25,-17.5,-15.75,-0.25,-1.25,-6.5
2892,9,9,-4.75,-13.5,-4,-3.5,-1.75,-9.25,-19.25,2.25,-4,10.25
2893,3,3,-2.5,-11.75,-1.25,8,-11.25,-1.25,-14.25,-10.25,-4,-3.75
2894,0,0,8.25,-10,-2.75,-6.75,-8.25,-1.25,3.5,-12.5,-4.25,-8.25
2895,8,8,-4.75,-13,-3,-2,-9.75,-6.75,-12,-8.5,7.25,-2.75
2896,8,0,7,-16.25,-3.75,-6.5,-10,-2.5,-2,-8.5,1.25,-5.75
2897,8,8,-4.5,-4.25,-1.25,-4,-3.25,-8.25,-8.5,-4.25,3,-4
2898,4,4,-12.25,-4.5,-11,-7.75,6,-5,-12.25,-1.25,-4,1
2899,0,0,11.25,-12,-1,-7.5,-8.5,-6.25,-0.75,-4.75,-3.25,-2.25
2900,4,4,-4.5,-10.5,-5.25,-8.5,6.5,-9,-8.75,-4,-6.75,-2.75
2901,4,4,-8.25,-2.25,-5.75,-5,1.75,-6,-4.75,-4.5,-2.5,-2.5
2902,1,1,-8.75,6,-3.5,-6.5,-2.75,-7.75,-5.25,-3.5,-2.5,-6.5
2903,5,5,-14,-23.5,-13,-0.75,-10.25,14.75,-5.75,-26.75,-0.5,-3
2904,2,2,-5.5,-1,8,-2.75,-3.75,-14.5,-9.25,-3.25,-4.25,-9.75
2905,8,8,-8.25,-5.75,-4.5,-2.75,-2.25,-5.25,-8.5,-2.75,1.25,-3.75
2906,3,3,-8.25,-13.75,-6.75,6,-6.75,0.25,-16,-15.25,-1.75,-4.25
2907,4,4,-6.25,-6.25,-3,-5.5,2.75,-8,-11,-1,-5.5,0
2908,9,9,-8.5,-11.25,-9.5,-5.25,2,-6.5,-17,-2.75,-5,8.75
2909,5,5,-7.5,-9.25,-8.25,0,-6.5,6.25,-7,-11,-3.5,1
2910,2,2,-3.75,-0.25,6.75,1.25,-7.5,-13.25,-16,1.5,-5,-4.5
2911,8,8,-5.25,-0.25,-0.25,-3.25,-3.25,-11,-12,-3.75,1.25,-4.75
2912,1,1,-4.25,6.25,-3,-4.25,-1.25,-5,-4.25,0.75,-2.75,-2.5
2913,5,5,-7,-17.25,-8.5,-1.75,-7,5.25,-4.75,-11.5,-1.25,1.5
2914,3,3,-8.25,-6,-3,2.25,-7.75,-6.25,-14,-0.5,-1,-3
2915,7,7,-8,0.75,-1.25,-1.25,-7.75,-11.25,-17.5,7.5,-2.5,-1.25
2916,9,9,-10,-6.25,-8.5,-3.75,-0.75,-4.5,-13.5,-2.5,-3,4.5
2917,4,4,-8,-4,-5.5,-5,4.75,-7.5,-8.75,-5.75,-4,-1.25
2918,2,2,-4.5,-6,11.25,-3,-1,-19.5,-11.5,-3.5,-5,-14.5
2919,5,5,-3.75,-8.25,-4.5,-5,-3.75,3.25,1.5,-8.5,-2,-2
2920,6,6,-0.5,-4.75,-3.25,-5.75,0.5,-2,5.5,-6,-2.75,-3.5
2921,3,0,2.75,-5.5,2,-0.25,-9.25,-8.25,-11.25,-0.75,-1.5,-3
2922,5,5,-7.25,-15.25,-14.25,0.75,-12.25,12.25,-11.5,-14.75,-1.25,-2.5
2923,9,9,-9.25,-6.75,-7,-3,0,-3.5,-12.5,-2.5,-1.75,5.25
2924,3,3,-5.5,-8,-3,6,-6.75,-2,-12,-10.5,-2,-1.75
2925,5,5,0.5,-6.75,-6.25,-4,-8.25,3.25,-2.5,-4,-3.5,-3.5
2926,9,9,-8,-7.75,-9,-6,2.25,-4.75,-8.5,-5.5,-3,6.25
2927,3,2,-7.75,-7.25,8.25,1.75,-6.5,-13,-14.75,2.25,-2.5,-8.5
2928,1,1,-4.75,7.5,-4,-7.5,-1.5,-7.5,-3.25,-2,-2.25,-5
2929,9,9,-5.5,-17.75,-7.75,-2.25,-2.5,-2.5,-16.5,-0.5,-3.75,8.75
2930,5,5,-3.75,-1.25,-10.5,-6,-4.75,3,-4.75,-0.5,-3,-2.5
2931,3,3,-7,-8.5,-3,6.75,-9,-3,-19.5,-6,-1.5,1.5
2932,0,0,6.75,-8.75,-1.5,-7.25,-7.5,-0.25,3,-8.5,-6,-4.5
2933,6,6,-2,-6.5,-4.25,-6.25,-3,0,8.5,-14,-0.5,-7
2934,9,9,-9.25,-9.5,-8.5,-1.75,-2.25,-1.5,-15.75,1.5,-5.25,6.25
2935,8,8,-7.25,-11,-5.5,-3.25,-7.5,-2.25,-9,-5.75,5.75,-2.75
2936,4,4,-13,-11.5,-11.25,-10.25,10.75,-7.25,-13.75,-7,-6.5,0.25
2937,0,0,8.75,-4.25,-4.75,-8.5,-7,-7,-4,-1.75,-3.25,-1.75
2938,4,4,-3.75,-6.5,-3.75,-5.5,3.5,-8.75,-8,-6,-4.25,1
2939,9,9,0.75,-10.75,-5,-4.5,-2.25,-2.75,-4.25,-1.5,-3.25,2
2940,2,2,-3.75,0.75,8.5,-2,-8,-12.25,-7.75,-4.5,-2,-13.5
2941,9,9,-8,-17.25,-9.5,-3.25,-3.25,0.75,-14.25,-2.25,-2,7.75
2942,0,0,11,-11.75,-0.75,-7.75,-8,-7.75,-1.5,-3.75,-1.25,-3.5
2943,1,1,-4,6.25,-1.75,-4.75,-2.25,-5.25,-0.5,-4.75,-2.5,-6.25
2944,0,0,5.5,-7.25,0,-4.5,-5.5,-6.5,-3.75,-2,0.25,-2
2945,3,3,-5.25,-3.25,-1.5,2.25,-4.25,-5.75,-13.75,2,-5.25,-0.75
2946,1,1,-5.25,5.5,-10,-13,-2.75,-3.75,-3.25,-3,-0.5,-9.25
2947,6,6,-3.75,-4.25,-2.25,-6.25,0.25,-4.5,6,-10.25,-4.5,-7.5
2948,5,5,-7.75,-17.25,-10.5,-3.75,-11,10,-7,-16.25,0.75,-3
2949,8,8,-4.25,-5.75,-4.25,-4.75,-6.5,-2.5,-4.5,-4.25,3.75,-2.75
2950,1,1,-4.25,7.25,-3.75,-6.5,-2.5,-7,-2.25,-2.75,-2.5,-4.25
2951,5,5,-11.25,-17,-9.25,-3.5,-6.5,7.75,-0.75,-21,-1.75,-2.25
2952,3,5,-8.75,-13,-8.5,4.25,-11,5.5,-15.75,-17,-1,-4.25
2953,3,5,-8.25,-14.5,-8.25,-2,-8.25,3.5,-9.25,-10.25,1.5,-2.25
2954,0,0,6.25,-2,-2,-9.75,-1.5,-8.5,3,-7.25,-5.5,-8.5
2955,3,3,-9.75,-15.25,-4.75,12.25,-10.75,-3.25,-28.25,-13.75,-2.5,-2
2956,5,5,-9.25,-16.75,-9,-2,-6.5,7,-3.5,-18.25,2,-3.25
2957,5,5,-5.75,-5,-7,-3.25,-5.5,4.5,-3,-6.25,-3,-1
2958,9,9,-6,-7,-6.5,-2.5,0,-5.75,-13.25,-1.75,-3,6.5
2959,2,2,-7,-6.75,9,0.75,-4.5,-15,-13,0.25,-3,-9.25
2960,8,8,-7.75,-8.75,-5.25,-4.25,-6.5,-5.75,-9.75,-3.5,3.25,-2.5
2961,7,7,-5.5,-2.5,3.25,3,-8,-10.75,-17,5,-5.75,0
2962,0,0,10.25,-8,-0.75,-7.5,-6.25,-10.25,0.75,-4.25,-2.5,-3.25
2963,4,4,-5,-7.75,-5.5,-10.75,10.25,-9.75,-7.25,-4.25,-8.75,-2.5
2964,9,9,-5,-6.25,-3.75,-2,-0.25,-6.5,-10.75,-2.25,-2.75,4
2965,1,1,-4,6.5,-2.75,-5,-2.25,-7,-4.5,0,-2,-3
2966,9,9,-7,-9.5,-7,-5.5,0.75,-4,-6.25,-5,-2.75,5
2967,7,7,-6.5,-2.5,0.75,1.25,-7.25,-12.75,-20.75,12,-2.75,-1
2968,7,7,-0.5,-5.25,0.75,-2,-5.5,-8.25,-11.5,9,-3.5,1.25
2969,5,5,-4,-6.75,-3.5,-2.5,-4.25,3,-0.75,-5,-2.5,-3
2970,5,5,-0.75,-7.75,-3.25,1.5,-7,2.5,-6.5,-5.75,-1.75,-1.25
2971,2,2,-1.25,-3,7.25,0.5,-8.5,-11,-10,1.25,-3,-5.25
2972,0,0,8,-10.5,1,-8.25,-2.75,-13,0.75,-5,-4.5,-4.75
2973,9,9,-5.5,-12.5,-6.25,-4.75,0.25,-7.75,-15.25,2.25,-3.25,8
2974,1,1,-4.25,7.75,-3.75,-7.75,-2,-6.25,-1.5,-2.5,-2,-4.75
2975,8,8,0,-9.75,3.25,-3,-6,-10,-9,-2.5,3.75,-2.25
2976,6,6,0,-10.75,-7,-6.75,-6.75,1.75,6.5,-15.75,-0.25,-7.5
2977,2,2,-1,-5.75,11.25,1.25,-15.75,-17.5,-17,-0.5,1.75,-12.25
2978,3,3,-5.25,-9.75,-3.75,8.25,-10,-3,-21.5,-3.75,-4,0.75
2979,9,9,-2.75,-2.5,-2.75,-3.5,0.25,-7.75,-8.25,1.5,-4.5,3
2980,6,6,-2,-12.25,-6,-7.5,-0.75,-1,9.75,-13.5,-3,-7.5
2981,2,2,-0.75,-9.75,8.5,-1.25,-5.75,-12.25,-7,-3.75,-1.25,-6.25
2982,1,1,-4.75,7.5,-4.5,-6.25,-3,-5,-2.75,-2.5,-2.5,-4
2983,9,9,-9.75,-12.75,-7,-2.5,-0.5,-5.5,-17.25,-1.75,-3,8.5
2984,1,1,-5.25,7.25,-3.5,-5,-1,-6.75,-6,0.5,-3.5,-3
2985,3,3,-6.75,-7.75,-2.75,6,-5.5,-3.5,-15.5,-6,-4,-0.75
2986,5,5,-6.25,-13.25,-8,-3.5,-3.25,4.75,1.25,-14.5,-2,-3.75
2987,5,5,-6.75,-8.25,-9.25,-1.25,-7.75,7.5,-5.25,-11,-1,-1.75
2988,0,0,7.25,-7.75,-3.25,-9.25,-5,-6,-0.25,-2,0,-3.25
2989,3,3,-6.5,-6.75,-2.5,2.75,-6.25,-3.75,-12.5,-5.75,-1.5,-3
2990,8,8,-6.25,-19.25,-3.75,-3.5,-6.75,-4.25,-13,-3,4.25,2
2991,3,3,-8,-8.25,-4.25,5,-7,-2,-13.75,-10,-3.25,-2.5
2992,3,3,-7.5,-6,-5.5,6,-8,0,-17.25,-10,-4.25,-0.5
2993,7,7,-2.25,-4.75,1.75,-3,-4.25,-11.75,-12.25,7,-0.75,0.5
2994,6,6,-3.25,-3.5,-2.75,-4.75,1,-3.75,4.25,-6,-2,-6.5
2995,6,6,-4.75,-5,-6.75,-6.25,-5,2,3.25,-10.75,-0.25,-4
2996,0,0,10.75,-12.5,-4.75,-6,-12.25,-0.5,-4.5,-5.75,-5,-3
2997,1,1,-5.75,7,-3.5,-5.25,-1.5,-7.75,-6.75,1.25,-3.25,-2.75
2998,4,4,-11.25,-9.75,-9.25,-6.25,5.5,-3.75,-11.75,-4,-3.5,1.75
2999,0,0,11.25,-12.75,-2.75,-7,-8.5,-5.25,-0.5,-4.25,-0.75,-3.5
3000,6,6,-6,-10.25,-3.75,-4.75,-1.75,-0.5,5.75,-15.25,-0.75,-10.5
3001,9,9,-6.25,-6.75,-3.25,-5,-3.25,-6.75,-10,-1.5,-0.5,4.5
3002,8,8,-5.75,-5.5,-3.25,-1.75,-5,-3.5,-7.5,-4.25,3,-2.5
3003,1,1,-7.5,6.25,-6,-5.75,-1.25,-6.25,-6.75,-1.75,-4.25,-3
3004,2,2,-7.75,-5.25,9,-5,-1.75,-13.75,-7.75,-3.5,-1.25,-14.5
3005,9,9,-8,-1,-9,-8,-2.25,-1.5,-3.25,-6.25,-2,0.5
3006,9,9,-8,-10,-9.75,-4,0.5,-3.25,-13,-2,-3.75,6
3007,5,5,-9,-16.5,-12.25,-5.25,-9.25,11.75,-4.25,-14.75,0,0.25
3008,9,9,-8.5,-11.5,-6.5,-3,-1.75,-5.75,-15.5,-0.25,-1.5,7
3009,7,7,-6.5,-0.25,0.5,-0.5,-6.25,-11,-18.25,10.5,-2.25,0
3010,3,3,-6.25,-10.5,-1.25,7.5,-9.25,-3.25,-16.75,-5.25,-0.5,-1.75
3011,7,7,-1.75,-9.5,-6.75,-1.5,-6.75,0.75,-10,7.5,-7.75,1.25
3012,8,4,-7.5,-6.5,-5,-6.25,0.5,-7,-10,-3.25,0.5,-0.5
3013,0,0,8.25,-13.25,-6.25,-9.75,-12,3,0.5,-12.5,-4,-7.75
3014,1,1,-4,6.25,-3.75,-6,-1.75,-4.25,0.25,-4,-2.25,-4
3015,3,3,-7.5,-15.75,-3.25,10.75,-10.25,-5.25,-24.75,-7.5,-1.25,-1.5
3016,0,0,8.75,-14.75,-6,-6,-11.25,1.5,-0.5,-9.75,-7.75,-6.25
3017,4,4,-8.75,-4.75,-7.75,-7,7.5,-8,-13,-1,-7.5,-1.25
3018,6,6,1,-5.75,-4.25,-8.25,-2.25,-2,9.75,-12,-3.5,-6.75
3019,1,1,-4.5,6.5,-4,-6.25,-0.75,-5.75,-3.25,0.5,-2.75,-3.5
3020,0,0,9,-8.25,-1.75,-7.25,-7.75,-1.75,0,-6.25,-3.25,-3.5
3021,2,2,-0.5,-7.5,7.75,-0.25,-8.25,-15,-14.5,4.75,-1,-2.5
3022,5,5,-6,-18.75,-11.75,-0.75,-7,7.5,-7.25,-9.75,-2.5,0.75
3023,8,8,-6.25,-18.75,-7.25,-7.5,-7,3,3.5,-18.25,3.75,-7
3024,4,4,-7.5,-12.75,-7.5,-10.25,8,-6.25,-7,-5,-4.5,1
3025,4,4,-12.5,-7,-11.5,-9.25,10.75,-9,-15,-3,-6.25,-1
3026,1,1,-6,5.5,-3.25,-5.5,-0.25,-7.25,-7.75,0.5,-4,-5
3027,1,1,-4.5,7.25,-4,-7.25,-1.25,-6,-2.25,-0.5,-2.5,-3.5
3028,5,5,-8,-22.5,-11.75,1.5,-9.75,11.25,-9.75,-16,-2,-1.75
3029,4,4,-7,-3,-9.5,-8.5,5.75,-6.75,-8.75,-2.5,-4.75,-1
3030,6,6,0.5,-3.25,-2.5,-3.75,-2.25,-4.25,1.25,-4.5,-0.75,-2
3031,6,6,0,-7.75,-2.5,-9,-0.75,-2.5,9.25,-11.75,-4.75,-6
3032,0,0,12,-11.25,-2,-7.5,-8.75,-9.5,-3,-3.25,-2.75,-5
3033,6,6,1.25,-4,-4.75,-8.75,-0.25,-4.5,5.25,-7,-2,-5.5
3034,9,9,-5.25,-11,-3.25,-3.5,-1.75,-10,-14.25,0.25,-2.5,6.75
3035,2,2,-7.5,-4.5,6.25,-1.75,1.5,-14.25,-12,-4.5,-5,-9
3036,6,6,0.25,-3.25,-3.25,-8,-0.75,-3,9,-10.5,-2.5,-6.25
3037,2,2,1,-6.5,10.25,-0.25,-7.5,-18,-15.5,0.5,-6.25,-4.75
3038,7,7,-3.25,-2.75,-8.75,-7,-4,-4.25,-11.25,7.75,-6.25,1.75
3039,1,1,-4.5,4.5,-2.25,-2.75,-1,-4,-4.75,0.25,-3,-2.25
3040,7,7,-6,-2.75,-1.25,-0.75,-6.25,-7.75,-17,8,-2.25,2
3041,9,9,-8.75,-10,-6.25,-1,-1.75,-6.25,-18,0.75,-3.75,6.25
3042,4,4,-3.25,-4,-7.25,-12.25,4.75,-10,-1.5,-7,-3.5,-0.5
3043,0,0,8.25,-10.25,0,-4,-10.75,-1.75,-2.75,-5.25,-2.75,-3
3044,0,0,10.25,-9.5,0.75,-6.75,-6.5,-10.25,-3.75,-4.25,-3,-3
3045,3,3,-4.5,-12.5,1,10,-12.5,-4.75,-18.75,-9.25,-1.25,-3.25
3046,8,8,-8,-10,-3.75,-1.5,-4.25,-4.5,-8,-6.5,4.75,-5.75
3047,2,2,-3,-2.5,10.75,-0.25,-9.75,-14.25,-9.25,-3.75,-0.5,-12
3048,2,2,-0.75,-8.75,8.75,-1,-4.25,-16.5,-9.75,-2,-2.5,-7.25
3049,3,3,-7.5,-7.25,-4,6.5,-7.75,-1.5,-19.25,-6.5,-4.5,0.5
3050,1,1,-5.5,8,-4.5,-8.25,-1.5,-7.75,-3.25,-1,-2.25,-4.5
3051,6,6,-1.5,-4.75,-5.25,-9.75,-1.25,-2,9.75,-14,-3.25,-8.5
3052,0,0,10.75,-9.75,-0.75,-8,-7,-7.75,0.5,-5.25,-2.25,-5
3053,5,5,-11.75,-23.5,-13.75,-1.75,-10.75,13,-7.25,-20,-0.5,-0.25
3054,7,7,-6,-4,-0.75,-3,-4.5,-9.75,-14,9.25,-2.25,1.5
3055,7,7,-5,-1.75,-0.75,-0.75,-10,-8.5,-16,6.75,0.5,-1.25
3056,9,9,-6.25,-10.25,-8.25,-4.75,-0.25,-4.75,-17.25,4.75,-5.75,7.5
3057,2,2,-1,-14.25,10.25,0.5,-5.25,-14.75,-10.25,-3.5,-3.25,-9.5
3058,6,6,2.5,-10,-6.5,-7.5,-3.75,-0.25,8.5,-10.25,-4.5,-8.25
3059,7,7,-8.25,-0.25,-4,-4.25,-4.25,-5.25,-10.5,4.75,-2.5,0
3060,9,7,-3.5,0.75,-0.5,0.25,-3,-4.75,-8.5,3,-3,0
3061,7,7,-6,-4.75,3,2.5,-7.75,-12.25,-19.5,8.75,-2.25,1.5
3062,8,8,-2.5,-4,0.5,-1.5,-9.25,-4.75,-3.25,-7.75,2,-7.25
3063,6,6,-0.75,-4,-5.75,-5.75,-3.75,-2.25,6.5,-11.75,-2.25,-6
3064,8,8,-4.5,-6,-3,-2.25,-7,-2,-5.75,-7.5,4.25,-7.25
3065,8,8,-6,-4.5,-5.25,-2.25,-3,0,-3.5,-6.75,1,-2.75
3066,4,4,-3.75,-1.5,-6.5,-10.75,5.25,-10.25,-4,-2,-4,-1.25
3067,6,6,-0.25,-9.25,-5.75,-9.25,-1.75,-0.75,9.25,-13.5,-2.75,-9.75
3068,8,8,-6,-3.5,1.25,-1.75,-7.25,-8.25,-12.5,-1.25,3,-5.25
3069,4,4,-1.75,-12.75,-1.25,-8.25,4.5,-7.5,-2.5,-5.75,-5.75,-1.5
3070,1,1,-5.75,7.5,-4,-5,-0.75,-7.25,-6.75,1.25,-4,-2.5
3071,2,2,-2.75,-7.75,10,-0.5,-2.5,-16.5,-10.5,-1,-5.25,-9.5
3072,8,8,-6,-6.25,-1.5,-2.5,-8.75,-4.5,-7,-4,4.5,-3.75
3073,1,2,-4.25,1.25,3.75,0.25,-5.75,-8.25,-11.75,1.25,-7.75,-6
3074,3,3,-6.5,-10.75,-1.75,9.5,-8.75,-6,-20.75,-5,-2.5,-2.5
3075,9,9,-7.25,-15.75,-6.75,-3.25,-2.5,-4.25,-18.25,2.25,-2.75,9.25
3076,4,4,-10.25,-9.25,-10.5,-11.75,11.25,-10,-12.5,-1.75,-6.5,-0.75
3077,0,0,6.5,-7,-2,-5.5,-5.5,-3.5,-1.5,-0.25,-2.25,-0.5
3078,3,3,-5.25,-3,-0.75,1.75,-4.25,-2.75,-6.5,-5,-0.25,-3.5
3079,7,7,-4.75,-5,2,1.25,-9.25,-13,-21.5,13.5,-2.5,0.75
3080,3,3,-8.25,-13,-1.75,11,-11.25,-5.75,-24.75,-6.25,-1.25,-1.5
3081,2,2,-7.25,1.5,11.75,-1.75,-6.25,-20.25,-16.5,1.75,-4.75,-10.75
3082,3,3,-7,-11.5,-3,10.25,-8,-3.25,-22,-4.5,-6.75,1
3083,3,3,-3.75,-11.5,-1.75,5.25,-8.25,-1,-9.25,-13.75,-3.25,-5.25
3084,7,7,-2.5,-4,-2.25,-3.5,-2.5,-8.25,-11,6.75,-3.25,2.5
3085,3,3,-5.25,-12,-2.25,7,-8.75,-4.75,-18,-7,0.5,-1.75
3086,4,4,-11.25,-2.75,-9.75,-7.25,5.5,-5.75,-12.75,0,-3.5,-0.5
3087,0,0,9.25,-7,-1.75,-8.5,-5.75,-14.25,-4.5,0.5,-4,0.25
3088,6,6,-2.25,-6.25,-4.75,-6.25,-1.75,-0.25,6.5,-10.75,-1.25,-4
3089,2,2,-2.75,-1.25,9.5,-0.5,-10.25,-11.75,-9,-0.25,-0.25,-8.75
3090,0,0,7.25,-6.5,-2.25,-9.5,-3.75,-12,-4.25,-0.5,-2.25,-2
3091,8,8,-2.5,-9.5,-7,-5.5,-7,-1.5,-4.5,-11.5,3.5,-2.5
3092,1,1,-6.25,7.5,-3.25,-7,-0.75,-10,-9.5,3.25,-4.75,-3.5
3093,5,5,-8,-12.5,-8,-2,-6.25,7.5,-0.5,-18.25,-0.25,-4.5
3094,3,3,-4.25,-7,-0.5,6.5,-8,-3,-14.25,-6.25,-1.5,-1.75
3095,5,5,-2.25,-12.25,-7,-7,-10,7.5,1.25,-13.25,0.25,-4.25
3096,4,4,-8.5,-5,-8,-12,8.75,-10,-6.25,-1,-4.5,-6.75
3097,1,1,-6,8.25,-5.5,-8,-0.25,-7.25,-7.75,1.75,-3.5,-4.75
3098,7,7,-3.75,-2.75,-3.75,-4.75,-2.75,-9.5,-13.5,9.5,-3,2.25
3099,1,1,-6.25,8.5,-7,-11,-1,-4.25,-4,-2.25,-2.75,-8.5
3100,5,5,-3.25,-14,-4.5,2,-7.5,2.25,-5.25,-10,-0.5,-1.75
3101,7,7,-2.5,-9.5,-4.25,-2,-5.75,-7.75,-17.25,9,-2.75,2
3102,5,5,-6.75,-3.25,-7,1,-5.5,3.25,-9.5,-8.5,-6.75,-0.25
3103,7,7,-5.75,-2.75,-2,-1,-4.5,-4.5,-13.5,7.25,-3.25,1.5
3104,3,3,-6.25,-6.75,-2.75,5.25,-7.5,-3,-15.25,-7,-1.75,-2
3105,2,2,-5.25,-8.5,10.5,-2,-1,-17.25,-9.25,-2.75,-3.75,-12.75
3106,2,2,0.5,-1,2,-3.25,-7.5,-9.5,-5.5,-6.75,-0.25,-10
3107,7,7,-2.25,-8.5,-9,-8.5,-4,-5.75,-11.25,10,-4.5,1.25
3108,3,3,-6.5,-5.75,-3.75,2.75,-11,0.5,-11.25,-7,-1.25,-4.25
3109,7,7,-4.5,0.75,0.75,0.25,-4.75,-6.75,-11.5,5.75,-2.5,0
3110,3,3,-4.75,-5.25,-1.75,3.25,-7.75,0.75,-8.75,-10.75,-4.25,-5.5
3111,7,7,-3.5,-3.5,0.75,-3,-2.75,-12.5,-14.75,9,-2.5,1.75
3112,8,8,-2.75,-15.25,-3,-3.5,-4.25,-6,-5.25,-11.5,5,-3.25
3113,5,5,-9.75,-15,-12.5,-2.5,-7.5,11.5,-7,-12.75,-1.25,0.75
3114,4,4,-3.75,-1.5,-5.5,-8.75,3,-7,0.5,-5,-5.25,-3.5
3115,5,5,-8.75,-8,-7.75,-2.75,-3,3,-9.5,-3,-4.75,1.75
3116,2,2,-7.25,0,12,-1,-8.25,-17.75,-12.25,-4,-3.25,-14.25
3117,5,5,-6.5,-8.75,-9.5,-1.5,-4.5,2,-7.5,-7,-3,0.5
3118,6,6,-3.5,-10.5,-7,-7,-2.5,-0.5,9.75,-15.75,-2.5,-4.5
3119,5,5,-12.5,-26,-17.75,-0.25,-12.25,16,-11.5,-21,-2,1
3120,3,3,-5.5,-12.25,2.5,9.5,-13.5,-4.25,-19.5,-13.5,-7.25,-7.5
3121,6,6,0.25,-2.5,-5.5,-10.5,3,-8.5,5,-5,-5.25,-5.25
3122,7,7,-8.5,-6.5,-2,-1.25,-3,-7.5,-13.75,7.75,-5.5,-1
3123,4,4,-8.5,-4.5,-7.75,-6.25,5.25,-6.25,-6,-3,-3.75,-1
3124,1,1,-8.25,4.75,-4.25,-5,-2.25,-5.75,-6,-2.75,-2.75,-5.75
3125,7,7,-7.5,-2.75,2,1,-7.75,-13.75,-21.75,13.25,-2.75,0
3126,1,1,-5.5,8.25,-4.5,-7.75,-1.25,-7.5,-3,-1.25,-3,-5
3127,5,5,-8,-11.5,-7.5,-1.5,-6.25,7,-4.25,-10.25,-2.25,1.25
3128,2,2,-3.75,-1.25,9.5,-0.75,-9.75,-12.25,-10.75,-3.5,0.5,-12
3129,3,3,-7.25,-12.5,1,7.5,-12.5,-6.5,-20,-6.75,1.5,-1.75
3130,6,0,5,-4.25,-3.75,-6.25,-5.5,-1.75,3.25,-7.75,-4.5,-7.5
3131,3,3,-5.25,-10.75,-2.75,7.5,-7,0,-12.75,-9.75,-4.5,-2
3132,1,1,-6.75,3,3,-1.75,-8.5,-6,-10,-4,-2.5,-9.5
3133,4,4,-12.5,-7.5,-12.25,-10,5,-4.5,-6,-6.75,-1.75,0.5
3134,2,2,1.5,-10,7.25,-0.75,-8.25,-12.5,-11.75,2.5,-1.75,-1.5
3135,6,6,-2.75,-5,-3.75,-7.25,0.5,-2,8.25,-11,-3,-6.5
3136,7,7,-8,-5,-5,-4.5,-1.5,-5.75,-9.5,0,-0.75,-2.75
3137,4,4,-10,-7,-10.25,-12,8.75,-7.5,-5.5,-5.25,-3,-2.75
3138,3,3,-1,-8,-2.25,5,-10.25,0.5,-12,-6.5,-4.75,-4.25
3139,8,8,-4.25,-7.25,-3,-2,-9.5,-3.25,-6.75,-12.25,4.25,-10
3140,0,0,7.25,-1.5,-3,-9.5,-3.5,-11.75,-4,-2.25,-3.75,-2
3141,6,6,-1,-6.25,-5.5,-7,-4.5,-0.5,8.5,-15,-1.25,-6.25
3142,2,2,-5,-4,11.25,0,-7.75,-18.25,-13,-0.25,-3,-8.5
3143,1,1,-6.25,7.25,-2,-4.25,-2.5,-7.25,-6.75,-0.25,-3.5,-3.75
3144,6,6,1,-12.75,-3.5,-5.25,-2.5,-2.25,8.25,-12.25,-2.25,-5.25
3145,5,5,-8.75,-19.25,-9,-5.5,-3.5,4.25,-5.25,-8.75,-1.25,1
3146,3,3,-5.75,-10.25,-2.75,1.75,-5.75,-1.25,-9.75,-6,-0.5,-3
3147,9,9,-6.75,-12,-7.75,-5.25,0.5,-4.5,-13.25,-3.75,-3.75,7
3148,1,1,-4.75,7,-5.25,-7,-0.75,-5.75,-3.5,0.5,-2.75,-3.25
3149,9,9,-8.75,-8.75,-9.25,-3.75,0.75,-3.5,-14.5,-1,-4,5.25
3150,3,3,-8.25,-11.25,-5.75,5.75,-9.5,-1.5,-16,-5.5,-0.75,-2.25
3151,2,2,-2.5,-0.75,5,0.75,-6.25,-9.5,-8.75,-1,1,-5
3152,1,1,-5,7.5,-3.25,-4.75,-2.25,-6.25,-5.5,1,-3,-2.75
3153,8,8,-3.75,-12.25,-5,-3.75,-5.25,-3,-5,-8.75,4,-1.75
3154,4,4,-4.25,-7,-4.75,-7.5,5.25,-8,-3.5,-3,-5.75,-2
3155,4,4,-9,-4.25,-10.25,-8.25,7,-7.5,-12.5,-2,-5.25,1.25
3156,6,6,-1.5,-6,-3.75,-8.25,-2,-1,10,-13,-2,-7
3157,5,5,0,-12,-7,-0.25,-8,4.75,-7,-6.25,-4.5,-0.5
3158,8,8,-4.5,-12.25,0,-2.25,-5.75,-10,-7.75,-8.75,3.5,-3.25
3159,6,6,-2.75,-5.75,-4.5,-6,-1.25,-2.5,7.5,-13.5,-3.75,-6
3160,9,9,-6.25,-8,-7.25,-5.75,-1.25,-2.5,-3.25,-5.5,-2.75,4
3161,7,7,-7,-4.5,-0.25,-1,-3.75,-10.5,-17,10.25,-2,1.5
3162,7,7,-5.75,-1.25,1,0.25,-6.25,-11,-17.25,11,-3.5,0.75
3163,8,8,-6.25,-7.5,-6.25,-4.5,-3.5,-4,-4.25,-10.5,3.75,-5.5
3164,6,6,1.75,-6.5,0.5,-6.25,-2.75,-4,5,-9.75,-4.5,-7
3165,9,9,-11,-13.5,-10,-2.25,-0.5,-3.75,-19.5,-0.5,-4,7.75
3166,7,7,-6.75,-5.25,2,-0.25,-3.75,-14,-18,4.75,-1.5,-2.5
3167,3,3,-3.75,-1.5,-1,1.25,-3.25,-3,-7,-3.75,-4.25,-2.75
3168,9,9,-9.5,-10,-8.25,-3.5,0.25,-7.5,-17,-2,-4,7.25
3169,4,4,-7,-3.75,-9,-12.25,8.75,-9.75,-7,-4.5,-4.75,-0.75
3170,0,0,10.5,-11.75,-2.5,-6.5,-12.5,-0.75,-5,-4.5,-4.5,-2.75
3171,5,5,-5.5,-14.25,-7.75,-2,-9,6,-3,-13.5,-0.25,-0.5
3172,4,4,-9.25,-14.5,-8.25,-9.25,7,-6.25,-11.25,-4.5,-3.5,2
3173,6,6,-3.75,-4.75,0.5,-3.75,-0.25,-4.25,4.75,-9.75,-2,-10
3174,4,4,-9,-8.75,-10.75,-11.75,10.75,-10,-9.5,-4.5,-6.5,0.25
3175,1,1,-7.75,5.75,-3.5,-4.25,-1.25,-8,-8.5,-0.5,-4,-4.75
3176,2,2,-1.5,-1,7.5,-0.5,-10.75,-10,-10.75,2.25,-4.5,-4.75
3177,3,3,-6.25,-9.75,-1.25,7.25,-7.5,-5.75,-17.75,-5,-2.5,-2.25
3178,0,0,12,-15.75,-0.25,-5.75,-9.5,-5,-1.25,-7.25,-5.5,-1.5
3179,0,0,12.25,-13.5,-2.5,-8.75,-10.75,-4,0.5,-7.5,-4,-5.5
3180,2,2,-2.5,-3.75,11.5,-1.25,-11.75,-15,-11.75,-3,2.25,-13.5
3181,6,6,3,-12.25,-4.75,-5,-5,0.75,8,-12.5,-5,-6.25
3182,6,6,0,-10.75,-3,-10.75,2.25,-4,9.25,-12,-6.25,-5.5
3183,5,5,-7,-12.5,-10.5,-1.75,-7.5,5.75,-2.75,-12.75,-2.5,1.25
3184,7,7,-6.5,-6,-0.75,1.5,-6.25,-7.5,-16,9,-4.25,1.25
3185,0,0,6.25,-5.5,-1.25,-6,-3.5,-6,1,-3.75,-2.75,-3.75
3186,8,8,-5.5,-5.25,-1,-4,-2.5,-8.5,-6.5,-4.25,2.75,-3.75
3187,6,6,-1.75,-8.25,-5.75,-8,-1.75,-2,10,-14,-3,-3.75
3188,4,4,-5.75,-5.25,-4.25,-10,8.5,-11.5,-5.5,-3.25,-3.5,-7
3189,7,7,-7,-5,-0.75,-2.5,1,-5.75,-6.25,1.75,-4.5,-6
3190,9,9,-9.5,-10.25,-8.75,-5.25,1.5,-6.5,-14.5,-3.75,-3.5,6.75
3191,0,0,6.5,-2,-0.75,-5.75,-3.75,-9.75,-2.5,-2.5,-2.5,-2.25
3192,7,7,-5,-3.5,0,1.5,-7.5,-8.25,-18.25,11.25,-3.75,1.75
3193,3,3,-5.75,-5.25,1.25,5,-7.75,-9.25,-18.75,-1.5,-1,-2
3194,4,4,-10.25,-0.5,-9,-9.25,7.75,-10.5,-13.25,1,-4,-1.25
3195,2,2,-2,-3.75,11,1.25,-11.5,-17.25,-13,-2.75,0.25,-11.75
3196,1,1,-3.25,5,-2.5,-4.5,-1,-5.25,-3.75,0.5,-1.75,-3
3197,8,8,-3.25,-7.25,-1.25,-5.75,-6.5,-9.5,-8,-6.25,5,-2.75
3198,8,8,-8.75,-12,-4.75,-6,-6.75,-2,-0.5,-15.75,7,-11.75
3199,5,5,-5.75,-18.25,-11.25,-3,-8.75,9.75,-4,-14.25,0.25,-1.5
3200,9,9,-6.5,-13.25,-8.25,-5.5,-0.5,-6.75,-15,-2,-4.5,9.75
3201,2,2,-4.75,-5,8.5,-5,-3.25,-15,-5,-6.25,-2.5,-11.5
3202,7,7,-7.75,-8.5,-1.5,1.5,-7,-8.75,-15.75,6,-1.5,-3
3203,1,1,-3.75,5.75,-2.5,-4.5,-1,-5.25,-3.75,0.5,-2.5,-2.5
3204,8,8,-5.25,-9.5,-1.75,-3,-3.5,-8.5,-9.5,-3.25,3,0.75
3205,8,8,-4,-6.25,-2.25,-2.5,-6,-3,-2,-9.75,2.25,-7.5
3206,8,8,-6,-1,-3.25,-1,-4.5,-5.25,-13,-7.5,-0.75,-7.5
3207,2,2,-1.5,-0.75,2,-1.25,-6.25,-9.25,-9,-3.5,-1,-7
3208,7,7,-8,-2,-1,-0.75,-4,-10.75,-17.5,9.75,-2.75,-0.5
3209,6,6,-3,-8.25,-6.5,-8.25,-2.75,-0.75,9.25,-14.5,-2.25,-4.75
3210,0,0,6.75,-3,-1.75,-7.25,-2.75,-10.25,-1.75,-4.25,-5,-2.5
3211,1,1,-5.25,6.25,-3.75,-7.25,-0.25,-8.25,-5.25,-0.5,-4,-5
3212,2,2,-6,-4.25,8,-2,-3,-14,-11.5,-1.25,-3.25,-7.25
3213,7,7,-4.75,2.25,-3,-2.75,-3,-6,-10.75,5.75,-2.25,0.5
3214,1,1,-4.75,7.5,-4.5,-8.25,0,-9,-7,-0.5,-2.75,-7.25
3215,0,0,11.5,-10.75,-0.25,-8,-8.75,-9.5,-0.75,-3.25,-3.25,-3.25
3216,8,8,-5.75,-6.75,0,-1.75,-6.75,-6.75,-10,-2.75,2.75,-4.25
3217,3,3,-5.5,-14.75,0.5,8.75,-9.25,-4.5,-17.5,-12,-2.75,-4.75
3218,6,5,-6.75,-12.5,-7.75,-6,-3.5,3.75,2.25,-18.75,-1.75,-6.5
3219,0,0,7.25,-2.5,-2,-6.75,-1.75,-10,1.5,-4,-5,-2.5
3220,5,5,-11.25,-19.75,-14.75,-1.75,-12.25,14.75,-8.75,-20,-1.75,-1.25
3221,3,3,-6.25,-11.5,0,9.25,-12,-5.25,-21,-8.75,-2.25,-3.75
3222,6,6,-0.25,-7.5,1,-2.75,-3.25,-3.75,3,-6.5,-1.75,-4
3223,2,2,-6,-1.75,12,-2.25,-3,-20,-14.25,1,-4,-10
3224,8,8,-5,-8.25,-8,-6,-4.25,-2.5,-5.5,-11.75,4,-2.25
3225,7,7,-4.25,2,0,-2.75,-3.5,-6,-8.25,3.75,-2,-0.5
3226,0,0,11.75,-12.75,-1.75,-7,-8,-5.75,-0.75,-6,-3.25,-3.75
3227,1,1,-3.5,6,-4.75,-6.75,-1.75,-4,-0.25,-2.75,-1.75,-3.5
3228,4,4,-6.25,-0.25,-5.5,-9.5,7.25,-11,-9.25,-3.5,-6.25,-3.75
3229,2,2,-3,-3,8,0,-8.75,-15.25,-10,0.5,-3,-9.5
3230,1,1,-7,7.5,-3.75,-5,-2,-7.5,-6.5,-1.5,-4,-4.75
3231,1,1,-6.75,7.5,-4.25,-6.75,-2.5,-7,-3.75,-2.75,-2.75,-5.25
3232,4,4,-8.5,-5.5,-5.75,-6.75,6.75,-8.5,-12.25,-2.25,-4,0.25
3233,4,4,-12,-8.25,-9.5,-6.75,6.5,-3.5,-10.75,-5.75,-3,-1
3234,4,4,-8.25,-11,-6.75,-9.25,10,-10.5,-11.5,-3,-6.5,-1.25
3235,4,4,-12.5,-7.75,-10.5,-6.5,4,-1.25,-5.75,-8.5,-3.25,-0.5
3236,7,7,-6,1,0.5,-0.75,-5.5,-8,-12.25,7.25,-2.75,-0.5
3237,1,1,-5.25,5.75,-3.25,-4.25,-1.25,-5.5,-5,0,-3.25,-2.5
3238,6,6,-4.5,-10,-5,-5.25,-3.75,1.5,6.25,-14.25,-0.5,-7
3239,2,2,-4.25,-1.5,7.5,0.25,-3.75,-13.75,-9.25,-2,-5,-10.25
3240,9,9,-7.5,-10.75,-6.25,1.25,-3,-1.5,-13.5,-10,0.25,2.5
3241,9,9,-9.75,-10.5,-7,-3.5,0,-6.25,-16,-0.75,-2.75,7.5
3242,0,0,9,-12.25,0.75,-3.5,-12.25,-3.75,-3.5,-4,-8,-2.25
3243,0,0,7,-2.75,-2.75,-7.5,-4.25,-6.75,-1,-3.25,-1.25,-2.5
3244,1,1,-4,7.25,-6,-9,-1.75,-5,0,-3.5,-1.75,-5
3245,8,8,-2.75,-0.25,-4.75,-4.75,-5.5,-5.5,-5.5,-8,2.5,-4.5
3246,8,8,-3.5,-6.5,-7.25,-3.75,-5,-2.5,-8.25,-8.5,1.25,-2
3247,4,4,-8.75,-3.5,-8,-7.5,7.75,-8.75,-11.5,-1.5,-5,0.5
3248,3,3,-5.25,-11,-3,7.5,-8.75,-2,-15.5,-8.5,-1.5,-2.25
3249,4,4,-12.25,-9,-11.5,-11.75,10.5,-9.5,-13.5,-3,-4,-0.5
3250,2,2,-4,-2.25,7.25,-3.75,0,-11.75,-1.25,-6.75,-5.25,-16
3251,0,0,7.25,-16.25,-1.75,-6.75,-6.5,-4,-0.5,-3.5,-7,2.25
3252,6,6,-3.75,-1.75,-7.75,-9.25,-2.5,0,5,-15,-2.25,-8.25
3253,1,1,-4.25,7.75,-4.75,-8.25,-1.5,-5.75,-0.5,-3,-2,-5
3254,6,6,0.75,-3.5,-5.25,-8.75,-5.75,0.75,7.5,-9.75,-0.5,-5.75
3255,1,1,-4.5,7,-2.5,-5.75,-1.5,-8.25,-5,0,-4,-3.5
3256,2,2,-3,-4.75,11,2.25,-12.75,-17,-16.75,4.75,-3.5,-6.25
3257,2,2,-4,-3,10.5,-1.75,-4.75,-19.75,-13.25,1.25,-3,-7.25
3258,2,2,-1.5,-2.75,10.75,0.25,-10.5,-15.25,-9,-3.5,-0.5,-11.5
3259,1,1,-6.75,5,-4.75,-6,-2.5,-5.5,-5.5,-0.25,-2,-2.5
3260,2,2,0,-10,8.25,-3,-7.75,-16,-12,0.5,-0.75,-2.75
3261,3,3,-7.5,-12.5,-5.75,6.75,-7.25,-2,-20.75,-3.5,-5.5,2
3262,7,7,-9,-0.25,-5.25,-5.25,-4.25,-2.75,-11.25,4.75,-3.25,-0.75
3263,8,8,-1.75,-13,-1.25,-4,-5.5,-9,-11.5,2,3.5,0.75
3264,1,1,-5,6.5,-4.5,-7,-4,-8.5,-4.25,-2.5,-1.5,-4.75
3265,0,0,11.25,-11.25,-2.25,-7.75,-8.5,-6.5,-2.75,-2.5,-1.5,-1.75
3266,0,0,7.5,-6,-4,-7,-8.5,-3.5,2.25,-7,-2,-6
3267,2,2,-6.75,-1.5,11,0.75,-9.5,-17.5,-16.25,2.25,-3.5,-7.5
3268,1,1,-3.75,6.5,-2.75,-5.75,-2.25,-4.75,-1.25,-3,-1.5,-4.25
3269,6,0,3.75,-5.75,-4.25,-8.25,-5,0,3.75,-11,-3,-8
3270,6,6,0.25,-6.75,-5.25,-8.5,-0.25,-3.25,8,-9,-1.75,-6.75
3271,0,0,10.5,-10.25,-1.5,-7,-8,-6,-1.75,-3.75,-3.75,-2.5
3272,1,1,-4,6.5,-5,-8.25,-2.5,-6,-1.25,-3.75,-1.25,-5.5
3273,6,6,-2.5,-14,-6,-7.75,-4.75,0.75,10.25,-19.75,-0.5,-7
3274,2,2,-4,-4.25,8.75,-0.75,-2,-14.25,-8.5,0.5,-4,-8.5
3275,5,5,-4,-9,-8.25,-0.25,-7,6.75,-3.25,-10.75,-3,-2.5
3276,1,1,-4.5,7.5,-3.5,-6.5,-0.75,-6.25,-2.75,-1,-2.25,-4
3277,7,7,-8.75,-1,-5.5,-5.25,-4.25,-5,-12.75,7.25,-0.25,-1.75
3278,4,4,-6.25,-5.25,-6,-8,8,-8.5,-8.75,-0.75,-6.25,-0.75
3279,8,8,-5.25,-12.25,-3,-2,-8.25,-5.5,-8.75,-6.25,5.75,-2.5
3280,2,2,-2,-2,5.5,-1.75,-7,-11.25,-10.5,0.75,-0.5,-4.5
3281,1,1,-4.75,6.25,-4,-5.25,-0.5,-6,-4,0.25,-3.25,-2.75
3282,4,4,-8.25,-8.75,-7.5,-7.25,6.25,-6.25,-11.25,-0.75,-5.25,3
3283,3,3,-6,-8.25,-4,4.5,-7,-1.75,-13.5,-6,-1.5,-3
3284,8,8,-3.5,-9.25,0,-4.75,-5.5,-11,-11.25,2.25,4,-1.75
3285,3,3,-7.5,-9.5,-3.25,5.75,-7.75,-4,-19.5,-2,-4,-0.25
3286,9,9,-8.75,-9.5,-9,-3.75,0.75,-3.5,-13,-2.75,-3.75,7.25
3287,9,9,-1.75,-13.25,-2.5,-6.25,-0.5,-8.75,-11.75,2,-5,6.75
3288,4,4,-2,-8,-4.5,-7.75,2.5,-7.5,-6,-4.5,-7.5,0.75
3289,8,9,-8.5,-16,-5.5,-2,-5.25,-3,-16.25,-3.25,2.75,3.25
3290,3,3,-4.5,-16.75,-0.25,10.25,-10.75,-8,-23.25,-4.75,-0.5,-1.75
3291,4,4,-9.25,-4.5,-10.75,-9,6,-7.75,-10,-3,-5.75,-0.5
3292,7,7,0.25,-4.25,-4.75,-10,-3.25,-9.75,-10.5,8.75,-3.5,1.25
3293,2,2,-6,-0.5,11.5,-3,-7.75,-15,-7.25,-4,-3.5,-14.5
3294,7,7,-8.25,-6.5,-1,-1,-4.25,-11.75,-15.5,9.75,-5,-2
3295,5,5,-4.75,-25,-9.5,1,-11.75,11,-6.5,-18.5,-6,1.5
3296,7,7,-1.75,-8,5.25,1.25,-9.75,-14.25,-19,11.5,-3,-0.25
3297,0,0,7.5,-7,-1.75,-8.25,-5.75,-3.75,3.25,-6.75,-4.5,-6
3298,4,4,-8.5,-5,-5.75,-7.75,7.5,-9,-7,-4.75,-4.5,-7.75
3299,3,3,-3,-10,-2,5.75,-8,-0.75,-13,-6.5,-2.25,-1.25
3300,3,3,-7,-8.5,1.25,7,-6,-4.5,-13.75,-10.75,-5.5,-6.25
3301,2,2,-2,0,7,-0.75,-7.25,-10.75,-4.75,-2.75,-3.5,-9.25
3302,6,6,-3.25,-3.25,-2,-5,0.75,-3.5,4.25,-5.75,-2,-5.5
3303,7,7,-6.25,-4.75,-3.75,-2.5,-4,-7.75,-14.5,6.5,-2.25,3
3304,6,6,-0.5,0,-3.25,-5.75,-0.75,-4.25,5,-9.5,-5.75,-5.5
3305,0,0,4.75,-1.75,-2.25,-7.5,-3,-5.25,3.25,-4.25,-1.25,-4
3306,0,0,9.5,-8.75,1.25,-5.5,-7.75,-11,-6,-2.5,-4.25,-1.75
3307,6,6,-2,-9,-5,-10.25,1.25,-3.75,9,-11.5,-3,-4.25
3308,7,7,-4.75,-6.5,1,0.25,-7.5,-10.25,-17.5,11.25,-2.5,-1
3309,7,7,-7,-0.75,0,-1.25,-5.5,-10.25,-17.75,9.5,-1.75,-1
3310,0,0,9.75,-10.75,-0.75,-6.25,-9.25,-5.25,-0.75,-4,-2.5,-2.25
3311,5,5,-6.75,-15.25,-11,-6.25,-9.75,9.75,-3.5,-10.5,-2,-2.75
3312,5,5,-5.75,-15.5,-8.25,-0.5,-7.75,4.5,-8,-10.75,-0.5,0.5
3313,8,8,-7.5,-12.25,-5.5,-3.5,-7.75,-2,-6.5,-8.25,4.75,-1.25
3314,1,1,-4.75,7.75,-5,-6.75,-0.75,-7.5,-4,-0.25,-3.25,-3.75
3315,0,0,12.25,-11.5,-1.75,-8,-11,-4.25,-1.75,-4.75,-2,-7
3316,7,7,-7.75,-8.5,-3.5,-2.5,-0.5,-6.25,-8.25,1,-3.75,-1.75
3317,0,0,8,-6.25,-2,-8.25,-4,-7.75,3.5,-5,-1.75,-4
3318,2,2,-4.25,-2.75,7.25,0,-6.75,-14.25,-8.75,-1.75,-2.5,-8.25
3319,8,8,-10.5,-14.75,-5.25,-3.25,-4,-4,-14.75,-2.75,4.75,0.5
3320,1,1,-4.25,7.5,-5,-7.25,-0.25,-6.25,-3,-0.5,-3,-4.25
3321,5,5,-8.25,-17,-12,-6.5,-11.25,11,-5.75,-15,3.75,-5
3322,0,0,7.5,-9.5,0,-4.25,-9.5,-5.25,-4,-2.75,-1,-1.75
3323,8,8,-1,-16.25,-6,-1.5,-7.75,-2.5,-7,-15,4.25,-5.25
3324,8,8,-5.5,-7.25,-6,-2.5,-7.5,0.5,-4.75,-5,3.25,-4.5
3325,0,0,11.25,-11.25,-1.25,-9.75,-8.5,-8.5,-0.75,-2.25,-2.75,-4.25
3326,3,3,-4,-9,-2.25,6.75,-11.25,1.25,-12.25,-10.5,-3.5,-4.5
3327,2,2,-1.75,-3.25,9,1,-10.75,-13.75,-10,-0.5,-2,-8.5
3328,7,7,-5.5,-4.25,0.5,-1,-6.25,-10.75,-16.5,11,-4.75,-2.25
3329,7,7,-4.75,-5.75,5,1.75,-6.5,-18,-14.75,7.5,-3.5,-6.5
3330,2,2,1.5,-10.5,2.25,1.5,-10.5,-5.75,-11.25,-5,-0.25,-4.25
3331,6,6,-3.25,-12.5,-7,-8,-6,1.5,10.5,-18.75,0.5,-6.25
3332,4,4,-6.75,-6,-8.5,-9,8,-7.75,-9.25,-3.25,-4.5,-0.5
3333,7,7,-9.5,-7.75,-4.25,-1.75,-1,-7.5,-15,2.75,-4,2
3334,5,5,-7.5,-11.75,-9.75,-2,-6.75,6.5,-6.25,-7.25,-0.75,1.5
3335,5,5,-6.5,-10,-5.75,-0.5,-5.25,7.5,-2.75,-10,-2.75,-1.5
3336,5,5,-9,-10.25,-13.75,-5.5,-6.25,4.25,-13.25,1.5,-2.75,1.25
3337,2,2,-5.5,-4.25,5.75,0.25,-4.5,-17,-15.5,5.25,-2.5,-6.25
3338,9,9,-7.25,-10.5,-5.5,-5.5,2.75,-9,-14.5,0.5,-4.5,6.25
3339,2,2,-2.25,-1.75,4.75,0.25,-7.5,-7,-7.75,-1.25,0,-4.25
3340,8,8,-5.75,-7.25,-2.75,-2.5,-8.25,-2.5,-6,-7.5,4,-5
3341,4,4,-4.25,-8.25,-3.25,-10,5.5,-13.75,-7.5,-2.75,-2.75,-0.75
3342,6,6,-2.25,-11.25,-7.75,-8,-5.5,1,6.75,-17,-2.75,-3.75
3343,8,8,-3,-7,0.5,-3.25,-5.75,-6.75,-4.5,-5.25,4.25,-3
3344,6,6,-4.25,-1.5,-5.25,-6.25,-2,-1.75,1.5,-7.5,-1.25,-2.75
3345,5,5,-2.25,-11.25,-4.5,0.5,-9,7.25,-1.75,-14.5,-5.75,-7.5
3346,0,0,9.75,-10.75,-1,-7.75,-8,-7.5,-3.5,-2.5,-0.25,-5.25
3347,0,0,8.75,-13.75,2,-5,-9,-5.25,-1.75,-7,-5,-4.5
3348,8,8,-3.75,-21.75,-1,-6.75,-7.25,-8.75,-10.5,-5,7.75,-0.75
3349,7,7,-6.75,-3.25,3.25,2.25,-6.5,-13.75,-21,10.25,-4.25,0
3350,6,6,1.25,-2.25,-2.75,-8.25,1.25,-4.75,6.75,-5.25,-4.5,-6.25
3351,1,1,-4.75,6.25,-4,-7.5,0.75,-6.5,-5.75,-1.25,-2.5,-6.75
3352,7,7,-9.25,-6,0.75,3.25,-5.5,-16.25,-22.75,11.75,-3,-2.25
3353,1,1,-6.75,7.5,-4.25,-6.5,-2.5,-7,-4.75,-2.25,-2.75,-4
3354,1,1,-6,6.75,-4.75,-6.25,-1.5,-8.75,-6.75,0,-3.5,-3.25
3355,2,2,-7.25,-3.75,12.75,-2.25,-1.75,-20.5,-11.5,0,-4.25,-16.5
3356,7,7,-6.75,-5,-2,0.25,-6,-7.25,-19,12,-5.75,3
3357,4,4,-6.75,-11.5,-5.5,-9.75,9.5,-9.25,-7.75,-6,-4.75,-2.5
3358,0,0,7,-6.75,-5.75,-10,-5.75,-7.25,-3.5,-0.75,-2.25,-1.25
3359,0,0,11.75,-13.75,-3.5,-9.5,-10,-4.25,1.25,-5,-2.5,-4
3360,7,7,-6,-3.5,-2.25,-1.25,-4.75,-7.25,-16,10.5,-4.25,1.5
3361,7,7,1.5,-10.75,0.5,-3.75,-8.25,-7.25,-9.25,9.25,-4,-1.75
3362,6,6,-3,-8,-4.75,-8.25,-0.5,-2,10.25,-14,-4.75,-4.75
3363,3,3,-6,-5.25,-3.75,4.25,-7.25,-0.75,-14.25,-10,-3.75,-2.25
3364,8,8,-4.5,-19.5,2,0.25,-11.5,-7.25,-13,-9.5,7.75,-8.25
3365,6,6,-1,2,-1.25,-7.5,-2.75,-4.25,4.75,-9.25,-1.25,-9.5
3366,4,4,-9.25,-4.25,-8,-7.25,8.25,-9,-12.25,-0.75,-5.25,-1
3367,2,2,-1,-6.5,10.5,1.25,-9,-16.75,-12.25,-2,-2,-9.5
3368,0,0,10.5,-12.25,-0.75,-7.25,-7,-8.75,-1,-3.75,-1.5,-3
3369,9,1,-8.5,1.75,-5.25,-4.5,-2.75,-7,-11.75,1.75,-3,0
3370,4,4,-9.75,-8,-10,-9,8.5,-7.25,-11.25,-2.5,-6.25,1.25
3371,0,0,10.75,-10.5,-1,-8.25,-7.5,-6.75,0.25,-4.75,-3,-4
3372,5,5,-12.25,-16.5,-12.25,1,-10,12.75,-6,-21.75,-3,-2
3373,7,7,-0.5,-9.25,-2.75,-2.25,-3.75,-4.25,-9.5,6,-5.75,3.25
3374,8,8,-5,-8.75,-1.75,-2.75,-6,-7.75,-9.5,-6.25,5,-2
3375,2,2,-5.75,0,6.75,0,-7.25,-10.25,-10,-6,-2.25,-11
3376,7,7,-6.5,-2.75,-5.25,-5.75,-3,-6.75,-12.25,3.75,-1.75,2.25
3377,4,4,-5,-7,-5.75,-7.25,2.25,-4.75,0.25,-8.5,-4.25,-1
3378,7,7,-6.25,-1,-6,-5.25,-3.25,-7.5,-14,10,-3.5,1.25
3379,1,1,-6.25,7.75,-3.5,-5,-1.25,-7.5,-6.75,-0.25,-3.5,-3.5
3380,1,1,-4.25,7.25,-3.75,-6.5,-1.75,-5.75,-3,-0.25,-2,-3.5
3381,3,3,-7,-9.75,2,3.75,-7,-9.5,-14.5,-5.5,-0.25,-5.5
3382,6,6,-0.25,-8,-4.75,-8.25,-2.25,-3.75,10.5,-15,-3.75,-5.75
3383,6,6,-1,-7.75,-7.25,-9,-4,-1.5,9.25,-16,-1,-6.5
3384,2,2,1.5,0,3.75,-6.75,-4.5,-7,2.5,-6.25,-2,-12
3385,9,9,-6.75,-10,-4.5,-3.5,-0.75,-6.5,-17,2,-5.5,9
3386,1,1,-4.25,7.5,-3.25,-6.75,-1,-6.75,-3.25,0,-3,-4.5
3387,9,9,-8,-9,-7.75,-3.25,-0.25,-4.25,-12,-3.25,-2.5,6.25
3388,4,4,-8.25,-7.25,-8.75,-6.75,3.75,-7.25,-6.25,-5.75,-4,0.25
3389,8,8,-5.25,-4.75,-2.75,-5.5,-8.75,-7.25,-11.25,-5.5,6,-6.75
3390,3,3,-8,-8.5,-5.25,7,-6.5,-0.75,-17,-12.25,-5.75,-1.75
3391,6,6,-2.25,-6,-4.25,-7.5,-2,-1.75,9.5,-12.25,-4.5,-5.5
3392,9,9,-10.25,-16.75,-11,-6,-4,2.5,-7,-7.5,-0.75,5.75
3393,5,5,-9,-11.25,-7.25,-3.5,-10,9,-3.5,-17.5,0.5,-7.5
3394,9,9,-0.75,-12.25,1.75,-1.25,-5.5,-6.75,-12.5,0,-4.25,4.5
3395,6,6,-3.75,-8.25,-5.25,-8.5,-0.25,-2,9.25,-13.5,-2.5,-5.25
3396,2,2,-7.75,-2.25,8.5,-1.75,-3.75,-16.5,-14.25,-2,0,-11.75
3397,4,4,-8,-6,-9,-12.75,11.5,-9.75,-7.5,-2,-7.75,-2.5
3398,6,6,-2.75,-3.5,-4.5,-6.75,-2,-3.5,7.25,-12.75,-2.25,-9.5
3399,7,7,3.25,-10.25,-2.5,-5.25,-5.75,-8.25,-8.25,9.5,-4,0.25
3400,7,7,-5,-2.75,0.5,1,-7,-9.5,-17.75,11,-3.5,0.75
3401,0,0,8,-6.5,-2,-5.75,-9,-1.75,-0.25,-6,-6.25,-3.75
3402,6,6,-4.5,-8.25,-4.75,-7.5,-1.25,-2.25,7,-14.25,-4.75,-6.25
3403,6,6,-1.75,-4.25,-1.25,-6.75,1.25,-7,6.5,-10,-6.75,-9.25
3404,9,9,-3.75,-8.75,-2.75,-6.5,1,-8.25,-9.75,-0.75,-3.75,5.5
3405,4,4,-8.75,-6.75,-6.5,-6,2.25,-7.25,-11.5,0.25,-2,1.5
3406,8,8,-5.5,-10,-1.75,-2.5,-4.75,-9,-14.25,-1,5,-1.5
3407,3,3,-7.5,-11.25,-4.5,7,-7.25,-3.5,-20.75,-7.5,-4,0.5
3408,5,5,-6.25,-20.75,-12,1.5,-11.75,11.25,-6,-20.5,-3.75,-2
3409,3,3,-7.25,-10.5,1.75,9.5,-12,-7.25,-24,-9.75,-2.75,-3.25
3410,4,4,-8.25,-6.5,-9.25,-8.25,5.5,-5,-7,-2.75,-5,2
3411,9,9,-9.5,-13.25,-8.5,-4.5,-0.75,-6,-15.75,0,-1,7
3412,0,0,7.75,-7.5,-4.25,-9.5,-7.25,-4.5,-3.25,1,-4.5,1
3413,0,0,8.75,-3.75,-2,-8,-6,-11,-3.25,-3.25,-3.5,-1.75
3414,5,5,-8.5,-11.25,-7.25,-1.75,-11.25,9.75,-5,-20.75,0.75,-9
3415,2,2,-2.75,-3.25,7,0.25,-5,-13,-13,2.25,-1,-4.25
3416,5,5,-2,-18.5,-8.75,-3.5,-8.75,7.25,-2.5,-12,-1.75,-0.5
3417,0,0,8.5,-9.75,-1.25,-6.75,-5.75,-7.25,-1.75,-2.25,-0.75,-1.75
3418,7,7,-5.75,1.25,-1.25,-1.5,-5.25,-6.75,-12.25,7.75,-2.5,0.25
3419,1,1,-4.25,5.75,-4.5,-5.75,-1.75,-3.75,-1.75,-3,-2.25,-3
3420,1,1,-5,7.75,-4.75,-7,-0.5,-7,-4.75,1.5,-3.75,-3
3421,1,1,-4.5,7.5,-4.5,-6.75,-0.5,-7,-3.25,-0.25,-3,-4.5
3422,6,6,7.5,-12,-2.75,-8,-5,-4.25,8.25,-11,-7,-4.5
3423,7,7,-3.75,-5.75,-0.25,-3.25,-3,-11.25,-15,9.25,-2.25,3.25
3424,6,6,-1,-4.25,-6.75,-7.75,-3.5,-1.5,8.25,-15.25,-4.25,-6
3425,7,7,-1.5,-4,2.75,1.5,-6.25,-10,-14,7.5,-3,1
3426,9,9,-7.5,-14.75,-7.75,-5.25,-1.75,-3.5,-12.5,-1.5,-0.5,8
3427,6,6,-1,-1.75,-6.5,-6.75,-4,-0.75,5,-11.25,-2.25,-4.25
3428,6,6,-2,-3.25,-1.25,-4.5,-1.25,-3.25,6.75,-9.5,-2.75,-7.75
3429,4,4,-10.75,-5,-9.75,-7,4.5,-7,-11.5,-1,-3,0.75
3430,1,1,-4.75,5.25,-3,-3.5,-1,-5.25,-6.25,1.25,-3.25,-1.75
3431,4,4,-12.75,-11.75,-10.75,-8.75,8.5,-5.5,-8.75,-3.5,-5.5,-6
3432,3,3,-4.25,-3.5,-3.5,4,-5,-1.25,-11.5,-5.5,-6.75,-2
3433,1,1,-4.25,8.25,-5.5,-9,-1.5,-7,-1.75,-2.25,-2.25,-6.25
3434,1,1,-3.75,7,-5.25,-8.5,-2,-4.75,0,-3.5,-1.25,-4.25
3435,2,2,-2.75,-3.75,8,-1.25,-3,-13.5,-9,-0.5,-2.5,-9.5
3436,2,2,-2.25,-1.5,3.25,-1.75,-4.5,-8.5,-5.25,2,-3.5,-4
3437,4,4,-11.75,-7,-10.75,-4,3,-3,-11.5,-6.5,-3.25,0
3438,1,1,-4,6.75,-2.25,-5.75,-2,-7,-4,-0.25,-2.25,-3.5
3439,0,0,8.25,-8.5,-1.25,-8.25,-5.25,-14.25,-4.5,2.25,-2.5,-0.5
3440,8,8,-3.75,-10.75,-4.25,-3,-4,-6.25,-7.75,-8.75,4.5,-3
3441,7,7,-3.5,-7,3.5,0.5,-14,-8,-19.25,10.5,-3.5,-2
3442,6,6,-2.5,-5.25,-6.5,-8,-4.25,0,9.25,-15.75,-2.75,-6.25
3443,3,3,-4.25,-13.75,-1.5,6.25,-6.5,-2.75,-12.5,-11.25,-3.75,-4
3444,4,4,-4.25,-7.5,-7,-12,6.75,-10,-3.25,-5.25,-3.25,0
3445,0,0,12.25,-12.5,-3.25,-7,-11.75,-3,-3,-5.75,-4.25,-3.75
3446,0,0,7.75,-7.5,1.5,-3.75,-7.25,-8,-4.5,-3,-2.5,-1.5
3447,6,6,-1,-8.5,-3.75,-11.75,3.5,-7,6.5,-12,-5.25,-6
3448,3,3,-4,-7.5,1,4.5,-6.75,-3,-11,-7.75,-3.5,-6.25
3449,3,3,-3.75,-11.5,-2.75,8.75,-10.75,-2.5,-18,-4,-3.5,-1.5
3450,0,0,4,-1.5,-4,-7.5,-3.5,-9,-3.5,-4.25,-1.75,-1.75
3451,7,7,-5,-1.75,-0.5,0.25,-6,-5.75,-13,4.5,-3.75,0.5
3452,1,1,-5.5,7.25,-4.75,-8.25,-1.75,-7.25,-3.75,-0.5,-2.25,-4.25
3453,7,7,-4,2.5,0.5,-1.5,-6.5,-10,-13.25,7,-1.5,-1.25
3454,1,1,-5.75,8,-3.75,-5.25,-2,-6.25,-5.25,-1.25,-3,-4.25
3455,1,1,-6.5,8.25,-4,-5.5,-1.5,-7.25,-6,-0.5,-3.75,-4
3456,3,3,-8,-15.5,-5.25,9,-9.75,0.25,-20.75,-8.25,-1.25,-1.75
3457,1,1,-4.75,5.75,-4.75,-7.5,-3,-6,1.5,-7.5,-2.75,-6.75
3458,0,0,10.5,-7.25,-1,-7.5,-5.25,-8.75,-1.75,-3.25,-3.75,-4.25
3459,9,9,-3.25,-13.75,-2.5,-4,-2.25,-8,-17.25,3,-5.75,9
3460,9,9,-3.5,-6.75,-4.5,-5.75,0.75,-4.25,-6,-3.25,-4.5,4.5
3461,7,7,-8.75,-4.75,0,0.25,-8.25,-10,-19,10.5,-1.75,0
3462,5,5,-7,-19.5,-11.75,-2,-10,10.75,-7.75,-13,0.5,-1.25
3463,4,4,-10.75,-6,-11.5,-10.75,9.5,-10.5,-11.75,-3.5,-4.75,-0.25
3464,1,1,-7.75,5,-3.5,-6,-2,-7.25,-5,-2.25,-2.25,-4.75
3465,4,4,-12.25,-8,-11.25,-8.75,8.25,-6.5,-13.5,-2.75,-5.25,-1.75
3466,8,8,-5.5,-10.5,-4,-3.75,-4.75,0.5,-2,-10.25,3.75,-4.5
3467,9,9,-9.25,-10,-8.25,-4.75,-0.75,-6,-14.75,-1.75,0.5,6.25
3468,5,5,-8.75,-18,-11.25,-5.75,-6.5,6.5,-1,-12.25,-1.5,1
3469,3,3,-5.25,-12.75,2.5,8,-12,-9.5,-18.75,-3.5,0.5,-4.75
3470,5,5,-13,-13.75,-10.75,0,-9.75,11.5,-5.75,-20.25,-3.25,-3
3471,1,1,-5,6.25,-5,-7.5,-1.25,-8.25,-5.25,-0.5,-2.5,-4.5
3472,9,9,-6.25,-9.75,-5.25,-4.75,0.5,-7.5,-13.5,2.25,-5,7.75
3473,8,8,-4,-14.75,-5,-2.25,-7.25,-5.5,-12.75,-11,4.75,-1.5
3474,2,2,-5.75,2.5,3.75,-1.25,-2,-9.25,-10.75,0.5,-3.5,-4.75
3475,3,7,-4.5,-5.25,2.25,4,-8.5,-10.5,-21,8.25,-2.25,1.75
3476,3,3,-5.5,-4.25,0,3.75,-6.25,-4.75,-11.25,-3.5,-0.5,-3.25
3477,9,9,-7.75,-15,-9,-5.75,-0.5,-6.5,-16.25,-0.75,1,6.5
3478,9,9,-7,-14,-5,-4.25,0.25,-9.25,-15.75,-0.25,-3,6
3479,0,0,8.25,-9.5,-4.75,-6.5,-11.75,2,-2.25,-7,-4.5,-4.25
3480,1,1,-4.75,6.5,-5.25,-7.75,-1.5,-8.75,-4.75,-2,-2.5,-4.5
3481,0,0,9.75,-6.5,-0.75,-8.25,-5,-12.25,-0.75,-5.25,-2.75,-5.25
3482,2,2,-4.75,1.5,8.75,-2.75,-5.25,-13.75,-9.25,-2.5,-3.5,-9
3483,9,9,-4,-12.25,-3.25,-4,-1.75,-7.25,-15.25,0.75,-6.25,9
3484,3,3,-8,-15,-4.25,10.5,-10,-3.25,-22.25,-7.75,-2.25,-2.75
3485,9,9,-9.5,-15,-7,-2.75,-1.25,-5.25,-17.5,0.75,-2.75,7.25
3486,3,3,-5.5,-10,-3,10.25,-9.5,-2.75,-21.5,-6.25,-6.5,-0.75
3487,3,3,-6.75,-10.5,-2.25,10.25,-9,-3.5,-22.5,-8.25,-5.25,0.25
3488,6,6,1.25,-11.75,-2.75,-8.25,-3.5,-3.25,10.5,-15,-3.25,-8
3489,2,2,-6.25,-2.5,10,-1.25,-6,-16,-8.25,-4.75,-0.5,-17.75
3490,4,4,-10,-5.75,-6.5,-2.75,2,-4,-11,-5.5,-2.75,-0.5
3491,9,9,-5,-10.5,-5.25,-4.25,0.5,-5.25,-15.75,4,-5,8.5
3492,8,8,-4,-11,-8.5,-4.75,-4,-4,-5.5,-11,2.25,0
3493,3,3,-8.5,-10.25,-2.5,10,-10.5,-0.75,-19,-14.75,-2.75,-3.75
3494,7,7,-6.75,-0.25,2,-0.75,-6.5,-11,-18,9.75,-2,0.5
3495,4,4,-9.75,-3,-9,-7.5,6.25,-7.25,-10,-2.5,-3.25,0.25
3496,0,0,7,-6.75,0.75,-3.5,-7.5,-6.25,-2.25,-4,-1.25,-2.75
3497,4,4,-5.75,-6.5,-5.5,-7.5,6.25,-5.25,-6,-3,-5.5,-2.25
3498,7,7,-2.75,-4.75,-4.5,-4.5,-3.25,-4.5,-9.75,7,-4.25,4
3499,8,8,-6.5,-7.25,-3,-2.5,-5.5,-7,-8,-6.25,4,-4.25
3500,4,4,-9.75,-12.5,-8.25,-10,10.75,-8,-10,-8,-4.75,-1
3501,9,9,-7.25,-11,-7.75,-3.25,-0.25,-4.5,-17.5,2.75,-4.5,8
3502,8,8,-9,-13.5,-4.5,-4.25,-3.75,-5.75,-5,-9.25,3.75,-4.75
3503,9,1,-8.75,2,-4,-5.25,-2,-4.5,-8.25,-1,-2,-2
3504,9,9,-7.5,-5.5,-5.5,-0.5,-0.5,-7.25,-17.5,-0.25,-3.75,5
3505,7,7,-6.75,0.75,-0.25,-0.75,-4.5,-8.5,-15,8.75,-3.75,-0.25
3506,5,5,-10.5,-15,-8.75,0.5,-5.75,7.75,-1.75,-23.25,-3.25,-6.5
3507,9,9,-5.75,-14.75,-6,-4.75,-0.25,-9.25,-18.75,0,-3.25,9.25
3508,2,2,-4,-0.25,10.5,0,-10.75,-13.75,-13.75,0.75,-4.5,-7.25
3509,8,8,-5.5,-18,-3.75,-3,-7.75,-4,-5.25,-9,5.75,-3.25
3510,2,2,-3,1,9.5,-1.5,-8.5,-13.5,-8,-3,0,-12.5
3511,2,2,-0.5,-4,7,0,-10.25,-11,-13,4,-4.25,-2.5
3512,0,0,9.75,-8.5,-2.25,-9.25,-7,-9.25,-2.5,0.25,-1.25,-2.25
3513,2,2,-5.25,-1,9.75,-2.75,-5.75,-16.75,-11.75,1,-4.5,-7.75
3514,2,2,-2.5,-5.5,8.5,1.25,-13.5,-12,-12.5,-1.25,2,-8.25
3515,3,3,-8.75,-13.5,-3,12,-12,-3,-27.25,-12.5,-4.75,-0.5
3516,8,8,-5,-8.75,-4.25,-1.75,-3.75,-2.25,-6.5,-8.25,2.25,-0.25
3517,4,4,-9.25,-13.5,-6.25,-8.25,10.75,-10.25,-10.75,-8.5,-5.75,-4.5
3518,6,6,-2,-7.75,-3.75,-7.5,-1.5,-0.75,9.25,-12.5,-1.75,-7.75
3519,8,8,-5.5,-8,-6.5,-4.5,-3.5,0.5,-0.5,-9.25,4.25,-6
3520,6,4,-7.75,-12.25,-5.25,-8.5,5.75,-7,-3.75,-6.25,-3.5,0.5
3521,8,8,-4.25,-18.75,-4.25,-5.75,-7,-3.5,-2.25,-13.75,5.75,-8.5
3522,2,2,-5,1.75,9,-1.5,-7.5,-16,-11,1.5,-5.25,-9.5
3523,4,4,-5,-3,-4.75,-7.25,3.75,-9.75,-6.5,-3,-3.5,-1.25
3524,6,6,-1.5,-11.75,-4.25,-10.75,1.25,-6.25,8.75,-10.75,-2.5,-2.25
3525,7,7,-6.5,-6.75,5.5,1.5,-11.75,-12,-20.75,9.75,-1,-1.75
3526,9,9,-7,-9.5,-6.5,-4.25,0.5,-8,-11.75,-4.5,-2,6.5
3527,3,3,-5.5,-9,-2.5,7.25,-8.5,-0.75,-17.25,-11.5,-3,-2.5
3528,3,3,-4.25,-12.5,-2,7.5,-9.5,-2.5,-16.75,-10,-1.5,-2.75
3529,9,9,-5.5,-7.5,-5.25,-4.5,0,-9.75,-11.5,0.5,-3,6.25
3530,4,4,-5.75,-2,-6,-6.25,4.5,-8,-8.25,-0.25,-5,-1
3531,3,3,-5.75,-9.25,-4.75,5.25,-9.25,-0.5,-13.75,-6.75,-1,-3.25
3532,1,1,-4,6.5,-2.75,-4.25,-2.75,-5.25,-4.25,0,-2.25,-3
3533,4,4,-5,-4.75,-5.75,-6.5,2,-4.25,-9.5,-0.75,-7.5,0.25
3534,4,4,-5.5,-11.5,-7,-8.75,2.75,-8,-0.75,-9,0.25,-2.5
3535,7,7,-5.25,-9.25,-5,-4.5,-4.5,-7.75,-16.75,14,-6.5,3.25
3536,0,0,6.75,-8.25,-1,-4,-7,-7,-6,-7.75,-2.75,-5.75
3537,5,5,-8.5,-7,-11.25,-1.5,-13.75,8.75,-9.5,-11.75,-1.75,-4
3538,9,9,-10.25,-10,-9.25,-2.75,-1.25,-3.5,-14.25,-4.25,-3,5.75
3539,6,6,-2.25,-11.5,-4,-5.5,-6,1.5,9.25,-15,-1,-2
3540,0,0,8,-16.75,-1.5,-4.75,-6.5,-3.5,0.5,-5.5,-8.75,-2
3541,4,4,-6.5,-7.5,-7.25,-10.5,7.75,-9.25,-4.25,-3.5,-4,-1.75
3542,4,4,-7,-10.75,-2.25,-9.5,9,-13.5,-8.25,-7.75,-4.5,-8.25
3543,4,4,-5.5,-7.25,-3.5,-7.25,3.75,-4.5,-1,-8.75,-8.75,-5.25
3544,4,4,-3.25,-4.5,-5,-9.5,5.75,-7,-4.25,-0.5,-5.25,0.25
3545,6,6,-0.5,-7.5,-4.5,-9,-1.5,-2.75,11.25,-14.25,-3.5,-5.5
3546,1,1,-4.75,7.75,-3.75,-6.75,-2,-6.25,-2.75,-1.5,-2.75,-3.75
3547,2,2,-1.25,-14.5,9.5,4,-6.5,-15.25,-15.75,-3.5,-4,-7.75
3548,3,3,-6.25,-5.75,-2.25,7,-7.75,-3.75,-19.25,-6.25,-4.75,-1
3549,3,2,-1.75,-11,2.5,2,-8,-10,-7.75,-3,0,-6.25
3550,6,6,0.5,-6,-6.5,-7.25,-4.75,0.25,5.5,-9.25,-3.75,-5
3551,4,4,-10.5,-3,-11,-10,7.5,-8,-11.75,-2.25,-4.5,-0.75
3552,5,5,-2.75,-4,-5,-5,-6.75,2.75,-5.75,-2.5,-0.75,-4.25
3553,9,9,-7.25,-9,-7,-4.5,0.25,-7,-14,-0.25,-1,7.25
3554,6,6,-2.25,-4,-2.25,-6.25,-1,-3.5,8.25,-11.75,-4.75,-7
3555,8,8,-3.75,-11.75,-5.5,-3.5,-5.5,-3,-3.25,-12,5.25,-5.25
3556,5,5,-4.5,-13.25,-7.5,-3,-6.25,4.25,-4.25,-4.75,-3,-1.75
3557,6,6,-2,1.5,-2.75,-7.25,-4.25,-4.25,5.25,-10.5,-1.75,-9.75
3558,5,0,4.25,-10,-3.25,-3.25,-10,1.5,-1.75,-10.5,-3.75,-6.25
3559,8,5,-0.25,-5.25,-4.5,-4.5,-4,0.25,-0.5,-3.75,-0.25,-6.25
3560,6,6,-3.5,-7.5,-5.5,-8.75,-0.75,-1.5,10.5,-14.75,-4.25,-5
3561,4,4,-9.25,0,-8.75,-6,4.25,-5.75,-9.25,-2,-4,-1.25
3562,1,1,-4.75,8.5,-4.5,-8.25,-0.75,-7,-2.25,-0.75,-3.25,-5.5
3563,8,8,-8.75,-15.5,-6.75,-3.5,-5.75,0.75,-4.5,-13.25,4.75,-7
3564,6,6,0.25,0.75,-4.5,-5.75,-4,-2.75,5,-10.5,-1.75,-7
3565,5,5,-3,-15.5,-6,-1.5,-6,3.75,0.5,-13.25,-0.5,-2.75
3566,2,2,-3.5,0,10.75,-0.75,-9,-14.75,-9,-1,-2,-10.25
3567,8,7,-0.75,-2.75,-2.5,-7,-3.25,-3.5,-4.25,0.5,0.25,-3
3568,4,4,-5.5,-1.5,-8.25,-9.25,6.25,-7.75,-4.75,-0.5,-6.25,-2
3569,5,5,-5,-20.5,-12,-1.75,-11.25,10.25,-4.5,-16.75,-1.75,-1.75
3570,5,5,-8.5,-17.5,-12.75,1.25,-10.25,10.25,-13.75,-9.5,-3.5,0.75
3571,4,4,-5.75,-5.25,-4.75,-4,2.25,-1.5,-1.25,-6.25,-2,-1.25
3572,7,7,-6,-1.75,-1.25,-1.5,-4.5,-8.75,-15.75,10,-2.25,0.5
3573,7,7,-7.5,-10,2.5,2.75,-4.5,-15.25,-21,6,-1.75,-2
3574,0,0,4.25,-7.5,-3,-5.25,-5.75,-3,-4.5,3.25,-1,-1
3575,7,7,-12.75,-6.5,0,-1.5,-2,-10.5,-13.75,6,-0.25,-5.5
3576,8,8,-9,-7.25,-3.25,-4.75,-4,-5.5,-6.75,-4.5,3.75,-4.5
3577,2,2,-1.5,-1.75,7.25,-0.5,-8.75,-10.5,-6.75,-3.75,1.25,-9.5
3578,2,2,-1.5,-2.25,5,-0.75,-6,-7.75,-6.5,1.5,-3,-3.25
3579,3,3,-6.75,-15,-2,12,-12.25,-3,-24.25,-12.5,-4,-1.5
3580,7,7,-6.25,1.5,-2.5,-3.5,-5.5,-9.25,-15,6.25,-1.5,-2.75
3581,0,0,8,-5.5,-2.25,-8.5,-4.25,-11,-3.75,-4,-3.25,-2
3582,1,1,-5.5,6.25,-4.5,-6.5,-2,-4,-2,-2.75,-1.75,-3.5
3583,8,8,-7.5,-8.5,-5.25,-1.75,-5.5,-3.5,-10,-3.75,2.75,-1.5
3584,0,0,11.25,-11,-5.5,-8.5,-12.25,-0.25,-1.5,-8.5,-5.75,-6
3585,7,7,-8.25,-5.5,-1.75,2.25,-8,-9.5,-23.25,12.5,-6.5,2.5
3586,1,1,-7.5,10.25,-1,-6.25,-3.25,-9.25,-6,-2.75,-4.25,-8.5
3587,9,9,-6.75,-13.75,-8.5,-4.5,-1,-6.5,-15.75,0.75,-2.75,9.5
3588,8,8,-4,-8,-2.25,-3.5,-6,-7,-5.25,-8.5,5,-4.5
3589,7,7,-6.25,-4.75,-3,-1.5,-4.75,-5.75,-16,9.5,-5.5,4.25
3590,5,5,-8,-8.75,-12,-1.75,-9.75,10,-7.25,-12,-2,-1.25
3591,5,5,-3.5,-18.75,-4.75,0,-8,1.5,-5.5,-12.5,-0.5,0.5
3592,9,9,-7.5,-10,-4.75,-2,0.25,-5.75,-13,-0.75,-3.25,5
3593,1,1,-5.5,8,-6.25,-9.5,-0.25,-9,-7.25,-0.25,-3,-7.25
3594,7,7,-10.25,-4.25,-4.25,-0.75,-5,-7.5,-21.75,11.5,-5.5,2.5
3595,5,5,-6.75,-12.5,-11.75,-1.5,-7,8.25,-11,-6.5,-5,0.5
3596,4,4,-7.5,-10.75,-9.25,-8.75,7.5,-5.75,-8,-5.75,-4.75,1.75
3597,9,3,-4.5,-8.25,-6,2,-7,1.25,-12.5,-7.5,-1.5,-1.25
3598,1,1,-9.5,1,-5.5,-6.25,-1,-4,-3.75,-5.5,-1,-5.5
3599,2,2,-3,1,4,-0.75,-5,-8.25,-7.5,2.5,-3,-3.75
3600,2,2,-2.5,-0.75,9.5,-0.25,-11,-15.25,-12.5,-1,1.25,-11.25
3601,1,1,-7,4.75,-4.5,-6.75,-1.25,-6,0.25,-6.5,-4,-6.5
3602,6,6,-1.5,-10.5,-4,-10,0,-4.25,11.25,-14.5,-3.5,-6.5
3603,6,6,-1.75,-10.5,-5.25,-8.5,-2.25,-0.75,11.75,-14.75,-2.5,-5.5
3604,7,7,3,-8.5,-2,-7,-1.75,-9.75,-3,5.25,-4.25,-4.25
3605,1,1,-3.75,7,-5.75,-9.25,-2.75,-5.25,0.75,-5.75,-1.5,-7
3606,1,1,-3.75,5.25,-3.5,-5.75,-2.25,-4,-1.5,-1.25,-1.25,-3.25
3607,4,4,-8.25,-6,-9,-8.5,7.5,-8.25,-11.75,-2.25,-5.5,2.75
3608,0,0,14,-12.25,-2,-9.75,-11.75,-5.25,-0.5,-6.5,-7,-3.5
3609,7,7,-4,-3,0.5,0.25,-6.25,-7.5,-12.75,8.75,-2.25,0.75
3610,4,4,-7.75,-5.5,-8.75,-10.75,9.75,-10.75,-9.5,-3.25,-5.25,-2.75
3611,2,2,-3.75,-4.25,11.5,0.75,-11.75,-17.5,-15.75,3.25,-2,-7.75
3612,4,4,-11,-10,-12.25,-10.25,8.75,-6.5,-10.75,-4.75,-6.5,0.75
3613,0,0,6.5,-3.5,-3,-6.75,-4.5,-8.25,-6.5,1,-3.5,-2.25
3614,6,6,-2.25,-8.5,-4.75,-10.25,0.25,-3.75,8.75,-11.25,-3,-3.25
3615,4,4,-4,-4,-6,-7.5,6.25,-8.5,-6.25,-5,-5,-0.25
3616,7,7,-6.75,-0.25,-1.5,-0.75,-3.5,-9.75,-17.25,9.75,-3.75,0.5
3617,6,6,-2.5,-1.75,-3.25,-5.25,0.25,-3.75,4.75,-9.25,-4.75,-7
3618,9,9,-8.5,-8.5,-5,-4,-1,-9.75,-15.75,3.5,0,5.25
3619,5,5,-9,-16.5,-12,2,-10.5,11.25,-10.25,-16,-3.75,-2
3620,3,3,-4.75,-15.25,-7,10,-10,1.5,-20,-9.75,-7.75,-0.75
3621,4,4,-12.5,-11.75,-13,-10.75,10.75,-8.25,-14.5,-3.75,-5,1.25
3622,6,6,1.25,-9.25,-3.5,-10.5,-0.5,-3.75,11.25,-12.5,-6,-6.5
3623,5,5,-1.75,-8.25,-7,-5.25,-8,5.25,-1.25,-5.5,-1.25,-2.25
3624,0,0,10.75,-13.25,-4.5,-9.5,-8.25,-4.5,0.75,-4.5,-4,-4.5
3625,1,1,-3.5,6.5,-4.5,-6.5,-2.75,-4.5,-1.5,-3,-1.5,-4
3626,8,8,-4.5,-9,-1,0.25,-7,-7.5,-8.75,-5.25,3.5,-4
3627,8,8,-4.25,-4.75,1.5,-2.75,-4.5,-11,-10.5,-4.25,4,-4.25
3628,2,2,-2.5,-9,12.25,-0.75,-8.75,-18,-14.5,1,-1,-7.75
3629,8,8,-1.25,-9.25,-5.25,0,-8.5,-2.25,-8.5,-13,0.5,-5.5
3630,3,3,-8,-16.25,-2.75,10.25,-9,-5.25,-24.75,-7,-3,-1.75
3631,5,5,-7.25,-17,-11.25,-0.75,-9,9,-8.5,-11,-0.75,1.75
3632,7,7,-6.75,-2.25,-1,-1.5,-6.5,-7.75,-16,9.75,-2.75,1.25
3633,8,8,-4.75,-10,-5.25,-2.75,-8,-4.25,-8.5,-9.25,6.5,-4.25
3634,0,0,6,0.5,-2,-8.75,-0.5,-14.25,-6.75,-0.75,-4.75,-1.75
3635,8,8,-2.5,-16.5,-4.5,-6.25,-2.75,-7.25,-3,-15.5,4.5,-5.5
3636,5,5,-5.5,-19.25,-11,-3.25,-7,7.25,-4.5,-11,-0.75,1.75
3637,7,7,-6.25,-3.25,-1,-2.5,-4.5,-12,-18.25,9.25,-1.75,1
3638,1,1,-4.75,7.25,-3.75,-7.75,-1.75,-7.5,-2.5,-2.5,-2.5,-5
3639,1,1,-5.75,7.25,-4.75,-5.5,-1.75,-6.25,-6.5,0.75,-3.25,-2.25
3640,0,0,5,-6.5,-1,-3.5,-5.5,-4.25,-4,1.25,-1.5,0
3641,1,1,-5.5,6.5,-2.75,-4,-1,-6.5,-5.75,0,-3.5,-3.5
3642,3,3,-5,-12.25,-1,10.5,-11.75,-6,-23.5,-4.25,-3.25,-0.5
3643,7,7,-5.75,-1.5,0.75,0.5,-6.75,-13.5,-20.5,11.5,-2.5,-0.75
3644,8,8,-3.25,-1.5,-3,-5,-3.75,-6.25,-5.25,-5.5,3.25,-4
3645,5,5,-4,-14,-9,-5.25,-9.5,7,-4.75,-6.25,-0.75,1.25
3646,0,0,7.25,-3.25,-1.25,-6,-4,-9.5,0,-4.25,-4.25,-2.75
3647,7,7,-7.5,-5.5,-0.5,3.5,-7.5,-9.75,-21.25,10.75,-5,2.25
3648,1,1,-5.75,7.75,-4.5,-6.5,-1,-7,-4.25,-1,-3.25,-4
3649,1,1,-6.5,7.75,-2,-5.25,-2.5,-7.5,-5,-1.5,-2.75,-5.25
3650,0,0,9,-5.5,-2.25,-9.75,-5.75,-10,-2.5,-4,-3.5,-3.75
3651,1,1,-6.75,8.25,-3.5,-5.5,-2.5,-8,-6.75,-0.75,-3.5,-4.25
3652,1,1,-4,7.5,-4.5,-7.75,-1.5,-5.25,-1.25,-1.25,-2.25,-3.5
3653,4,4,-6.5,-3,-6,-5.25,4,-5.25,-8,-1.25,-5,1.25
3654,5,5,-5.5,-2.25,-4.75,-5,-7,3.5,1.75,-10.75,1,-6.25
3655,2,2,-3.25,0.5,10,-0.5,-8.75,-12.25,-8.75,-1.25,-2.25,-9.5
3656,7,7,-7.75,-8.75,0.5,2.5,-4,-9.5,-19.5,8.25,-4.25,0.25
3657,6,6,-1.25,-9,-5,-10,1.25,-4,9.75,-11.5,-4.25,-5.5
3658,2,2,-7.25,0.5,7.25,-5.25,-2.75,-13,-7.25,-2.5,-2.75,-10.75
3659,3,3,-6.5,-12.5,-3.5,9,-9.25,-3.25,-20.75,-3.25,-5.25,0
3660,0,0,10.75,-8.5,-2.25,-10.75,-6.75,-6.75,2.25,-6.5,-5.25,-6
3661,2,2,-3.75,-2.5,8.25,-1,-3.25,-15,-11,0.5,-3.5,-6.25
3662,8,0,0.5,-7.25,-5.25,-5.5,-3.5,-6.5,-3.5,-13.25,-0.25,-7
3663,5,5,-9,-10.5,-12,-4,-8.75,9,-9.5,-4.75,-2,0.25
3664,9,9,-3.75,-8.5,-4.5,-3.75,1.25,-6.75,-13.25,-1.75,-4.5,4.25
3665,6,6,3,-12.5,-3.75,-11.25,1,-5,9.25,-11.75,-5.75,-4.75
3666,9,9,-8.25,-10,-5.75,-2.25,-0.25,-8.25,-16.5,1.75,-1.75,6.75
3667,7,7,-5,-6,-2.25,-4,-2.75,-10.75,-15.75,9.25,-2.75,3.5
3668,2,2,-3.25,-5,12,-0.75,-5,-20.75,-15.25,0.5,-5.75,-8.5
3669,1,1,-4.5,6.5,-4.75,-6,-2,-4.5,-2.75,-1.5,-2.25,-2
3670,3,3,-7.75,-17.5,0.5,12.5,-12.75,-8,-27.75,-9.5,-2.25,-2.25
3671,6,6,-4.5,-10.5,-5.25,-7.5,-0.75,-0.75,9.5,-16.25,-3.75,-6.75
3672,4,4,-5,-4.25,-5.25,-6.25,3,-7.75,-3.5,-6,-3.5,-1
3673,1,1,-5,6.75,-4.5,-5.5,-1.5,-7.25,-6.5,2,-3.5,-2.5
3674,8,8,-5.75,-7.5,-3.25,-1.5,-9,0,-8.5,-1.75,2.75,-3.5
3675,2,2,-2.25,-6,11,-0.75,-4.75,-18,-13,1,-4,-8.75
3676,4,4,-9,-6.75,-6.5,-7,8.75,-8.75,-13,-0.5,-6,-3.5
3677,0,0,11.25,-13.75,-2.25,-6.75,-8.75,-5.25,-0.75,-7.25,-0.75,-5.25
3678,5,5,-7,-15.5,-9.25,-1.25,-6.75,8.5,-1,-18.25,-1.75,-2.5
3679,1,1,-5,8,-5.5,-8,-0.25,-7.25,-4,0,-3,-4
3680,0,0,10.75,-10.25,-3.75,-5.75,-9,-4.25,-2.25,-4.25,-3.5,-6.5
3681,2,2,-6.5,-5.25,4.25,0.75,-14.75,-6.75,-14.75,-7.5,2.25,-14.25
3682,2,2,-0.25,-8.75,8,-1,-2.5,-15.75,-7.75,-1.75,-3,-7
3683,6,6,0.75,-2.75,-4.75,-6.75,-0.5,-2.75,6,-6.75,-2.75,-6.5
3684,4,4,-8.75,-7.5,-8.5,-9.75,10.75,-9.5,-12.25,-2.25,-7.75,-0.5
3685,4,4,-1.25,-4,-5,-10.5,5,-6.25,-1.25,-3,-5.75,-3.25
3686,3,3,-5.5,-8.25,-0.75,6.5,-8.5,-5.75,-17.25,-5.75,-0.5,-0.5
3687,9,9,-6.25,-7.75,-5.5,-5,-0.5,-6.75,-8.75,-2.75,-1.75,6.5
3688,6,6,-4.5,1.25,-3.5,-5.5,-1.25,-3,2.25,-8.5,-2,-6.75
3689,1,1,-4.75,6.75,-4.25,-6.5,-0.75,-7,-4,0.25,-3,-3
3690,6,6,-1.75,-5,-3.75,-2.5,-3.5,1,5.25,-10.5,-3.75,-5.5
3691,5,5,-11,-20.25,-11,-2,-8,12,-2.75,-23.5,-1,-4.5
3692,7,7,-1.75,-6,-3.75,-4.75,-5.25,-8,-12.75,11.25,-4,1
3693,9,9,-9,-10,-8.5,-4,0.25,-3.5,-12.5,-3.25,-2.25,6.75
3694,2,2,-5.25,-0.5,8.25,-1,-5.5,-13.25,-8,-2.25,-1.5,-10.5
3695,0,0,9.5,-5.5,-1.25,-9,-4.75,-12,-4.5,-0.5,-6.25,-4.75
3696,2,2,-2.25,-3.5,8.5,2,-9.5,-12.25,-11.25,-1.75,2.25,-7.75
3697,6,6,-2.75,-13.5,-5.75,-5.75,-7.25,2,8.5,-17.75,-1,-2.25
3698,0,0,5.75,-3,-1.25,-5.25,-4.25,-7.25,-1.5,-1.75,-2.5,-2
3699,1,1,-5.25,7.75,-3.25,-5.25,-1.5,-6.75,-5.25,0.5,-3.25,-3.25
3700,4,4,-8.5,-3.5,-8.25,-8.75,7.75,-11.5,-10.5,-1.25,-4.75,0.25
3701,3,3,-6.5,-9.75,-1,8.5,-8.75,-5.5,-19.25,-6.5,-1,-1
3702,5,3,-6.5,-3.5,-5.75,-0.5,-3.25,-0.5,-5.25,-4.75,-3,-2.5
3703,2,2,-3.75,1,10.25,0.25,-8.75,-13.5,-12,1,-3.25,-7.75
3704,8,8,-6.5,-6.75,-6.25,-5.25,-7,-1,-6.25,-3.75,3.75,-4
3705,8,8,-10.25,-7.75,-4.75,-6.75,-4.25,-3,-1.25,-12.25,4.5,-14
3706,0,0,8.25,-11.25,-0.25,-7.25,-9.25,-7.75,-5,-0.25,-2.25,-3.25
3707,8,8,-5.5,-4.25,-2,-3,-4.25,-7,-9.5,-0.75,2.25,-0.5
3708,8,8,-7.5,-14.75,1,-1.5,-6.25,-7.25,-7.5,-9.25,5,-6
3709,9,9,-7.75,-9.75,-10.25,-4.75,-1.25,-2,-13.75,3.25,-5.75,6.75
3710,0,0,5.5,-6,-1.5,-4.5,-4.75,-2,0.25,-4.75,-3.25,-2.25
3711,9,9,-9.5,-12.25,-10,-4.75,2.5,-7,-17.75,-1.75,-3,7
3712,6,6,-0.25,-11.5,-4.75,-8,-4.5,0,13.25,-17.5,-4.5,-6
3713,7,7,-7.75,-1.25,0.25,-2.5,-5,-8.75,-13.25,8.25,-2.5,-3.5
3714,6,6,-2,-10.25,-5.25,-9,-1.25,-1.5,11,-15.5,-4.5,-6.75
3715,3,3,-5.75,-14.25,0,10,-10.75,-7.75,-23.5,-6.25,-0.25,-1.5
3716,9,3,-8.25,-9.5,-6.5,4.5,-5.5,-1.5,-20.75,-6.5,-3,3.5
3717,3,3,-7.25,-9,-5,6,-7,-0.5,-14.5,-8.75,-2,-2.5
3718,4,4,-9.25,-1.25,-7.75,-5.25,3,-5,-10,-1.5,-2.5,0.75
3719,7,7,-5,-2.25,1,1.25,-6,-9.25,-17.5,9.5,-3,1.5
3720,7,7,-6.25,-7.25,1,4,-8.5,-11.75,-22.5,11.25,-5.75,2
3721,7,7,-6.25,1,0,-0.75,-6.25,-9,-14.5,8,-2.25,0
3722,4,4,-7.75,-8,-6.25,-6.25,5.75,-7.25,-9,-1,-5,-1.5
3723,9,9,2.5,-8.5,-3.25,-5.5,-2,-8.75,-4,-4.25,-3.75,3.25
3724,0,0,10.25,-8.25,-2.5,-8.75,-6,-8.5,-1.75,-2,-5,-2.5
3725,6,6,-3.75,-4,-3.25,-3.75,0.5,-1.5,3.75,-7.25,-3,-5.25
3726,4,4,-8.25,-5.25,-7.25,-3.5,1.75,-4.25,-10,-3.5,-5.5,1.75
3727,8,8,-4.75,-24.25,-4,-4.5,-3,-3.75,-6.75,-18,1,-3.5
3728,4,4,-10.5,0,-10,-8,5.75,-8,-10,-1.25,-4,-1.5
3729,2,2,-3,-4.75,11.25,2.25,-11,-17,-16.75,1.75,-3.5,-6.75
3730,7,7,-4.5,-9.5,-5.25,-2.75,-2.25,-6,-15.25,6,-3.75,5
3731,2,2,0,-7.75,11.75,-1,-9.75,-18.75,-15.75,1.75,-2.5,-7.5
3732,8,1,-5.5,2.25,-3.5,-6.25,-4.25,-5.25,-2.5,-7,0.5,-5.25
3733,1,1,-5.75,8.25,-4,-7.75,1,-8.75,-8,1.25,-5.25,-5.25
3734,0,0,11.75,-13.25,-3.25,-6.75,-11.25,-2,-2.5,-4.75,-3.5,-1.75
3735,0,0,12.5,-14.75,-1.5,-6.75,-13,-1.5,-2.5,-8,-5.5,-2.75
3736,7,7,-4.75,-1.25,2,0.75,-8.5,-9,-16,7,-1,-2
3737,8,8,-1.25,-14.25,-2.5,-6.75,-4.75,-7.25,-4.25,-7.5,4.75,-2.5
3738,3,3,-2.5,-6.75,-2.25,5.5,-8.25,0.25,-12.25,-8.75,-7,-3
3739,3,3,-4,-5.75,-1.5,3,-4.5,-0.75,-7,-5,-1.75,-2
3740,3,3,-2.75,-10.25,-3.5,8,-9.75,-0.25,-15.5,-7.75,-6,-2.75
3741,1,1,-7.5,7.5,-4.75,-5.5,-1.25,-8,-6.75,-1.5,-4.25,-4.25
3742,3,9,-6,-8,-4.5,1.25,-5.5,-3.25,-12,-3.25,-0.75,2.25
3743,7,7,-6.75,-4.5,0.75,-0.25,-8.75,-11.25,-20.25,11.25,-1,0
3744,6,6,-1.25,-2.5,-6,-9,-3.75,-0.75,8.5,-16.5,-4.75,-11.75
3745,1,1,-5.5,6.5,-4.5,-6,-2.25,-4.5,-2.75,-3.5,-1.75,-3.75
3746,3,3,-5,-9.25,-0.5,6.5,-7,-6,-16,0.5,-2.75,-1.25
3747,1,1,-6,6.25,-3.75,-5,-2.5,-4.75,-4,-3.75,-2.25,-4.5
3748,6,6,-1.5,0.25,-5.25,-8.5,-1.25,-2.5,3.75,-12.5,-2,-10
3749,6,6,2.75,-4.25,-3.5,-7.75,0.75,-5.25,4,-5.75,-5,-3.5
3750,5,5,-7.5,-15.25,-11.25,-1,-6.75,9,-8.5,-8,-3,0
3751,7,7,-5.5,-3,0.25,-1.5,-1.75,-6.5,-5.75,1.25,-1,-3
3752,4,4,-1.5,-7,-5.75,-13.75,8,-8.75,-0.75,-4.75,-9,-3.5
3753,7,7,-7,-0.5,0.25,-0.75,-6.25,-11.5,-19.25,11.5,-2.5,0
3754,5,5,-5,-13.25,-7.75,-1,-8,7.75,-1.5,-12,-2,-1.75
3755,9,9,-2.25,-10.25,-1,-5.25,-2.75,-10.75,-9,-3.5,0,3.25
3756,5,5,-3.75,-12.75,-7.5,-0.5,-7,6.5,-7,-10.5,-2.5,1
3757,8,8,-5.5,-6,-1.75,-0.75,-3.75,-3,-7.75,-5.75,-0.5,-5.5
3758,4,4,-10.5,-7,-10.25,-7.25,6.5,-6,-13.5,-2.25,-4.5,1.25
3759,9,9,-7,-9.25,-5.25,-3.75,1,-8.75,-16.5,2.25,-5,8.25
3760,9,9,-9.75,-8,-8.75,-4,-0.25,-4.5,-14.25,-2.25,-1.5,5.75
3761,1,1,-2.75,4.5,-1.75,-2.75,-2.75,-3.5,-3,-0.5,-1.25,-2.5
3762,6,6,-4.5,-4.75,-4.75,-5.5,-1.25,-1.25,3.25,-11.25,-0.75,-6.75
3763,5,5,-4.25,-14.75,-6.5,-2.75,-4.25,2,-6,-5.75,-0.75,-1
3764,0,0,7.25,-8,-4,-8.25,-6.75,-2.5,-1.5,-0.75,-3,-1.5
3765,1,1,-6.25,7.25,-4.75,-6.25,-1.75,-6,-4.25,-2.25,-3.5,-3.75
3766,3,3,-6.25,-8.75,-1,5,-12.5,-2,-13.25,-6.25,-1,-6.75
3767,7,2,-7.75,-5.75,6,-1,-7.5,-11.75,-11.5,1,-1.5,-8.5
3768,0,0,11.75,-14.75,-3.5,-7.75,-9.25,-4.25,1.5,-6.25,-5.5,-5
3769,3,9,-9.25,-6.75,-8,0.75,-6,-1.5,-17.25,-1,-1.5,1.25
3770,4,4,-4.75,-6.75,-8,-14.25,9.75,-11,-5.75,-2.25,-7.5,0.25
3771,8,8,-6.75,-11.5,-2.5,-5.25,-2,-5,-4.75,-4.75,2.75,-0.5
3772,2,2,-2.25,-4,9.5,1,-11.75,-17,-15,4,-1,-8
3773,2,2,-6.25,1.25,5.25,-0.75,-7.25,-7.25,-9.25,-5,0.5,-12.5
3774,0,0,8.25,-9.25,-3.75,-9.75,-6.75,-3.5,-0.5,-1.5,-1.75,-3.5
3775,2,2,-5.25,-2.5,10.75,-1.5,-8.5,-14.75,-9.25,-2.25,-3.25,-9.5
3776,5,5,-8,-7.75,-5.75,-4.25,-10.5,6,-4.5,-10.25,3,-5.5
3777,1,1,-4.25,6,-3.75,-5.25,-1.75,-4,-2.5,-2,-2,-2.75
3778,5,5,0,-4.75,-0.75,-5.5,-8.75,1,0.25,-3.75,-3.75,-6
3779,1,1,-6,6.75,-4,-5,-1.25,-5.75,-5.5,-1,-3.75,-3.25
3780,4,4,-2.5,-5,-2.75,-12.25,6,-11.75,3.75,-9.75,-5.25,-11.75
3781,8,8,-5,-4.25,-4.5,-6.25,-2.75,-5.25,-1.75,-7.5,3.5,-5
3782,8,8,-2.25,-8.25,-1.5,-2.75,-6.5,-6.5,-8.5,-7,3.75,-6.5
3783,9,9,-6.25,-15,-6.5,-5.75,-0.25,-8,-17.5,0,-4.5,11
3784,1,1,-6.5,7.5,-5.75,-7.25,-1.75,-6,-5.25,-0.75,-2.25,-2.5
3785,2,2,-5.5,1,6.75,-1,-6.75,-12,-14,1.25,-0.25,-5.75
3786,1,1,-8,7,-4.5,-6.75,-2.75,-7.25,-4.75,-2.75,-2.75,-5.25
3787,3,3,-2.5,-7.25,2,5.25,-10,-8,-18.5,-5.75,-3.5,-1.75
3788,5,5,-9.75,-22.25,-14.5,1.25,-11,13.5,-11.25,-20.5,-1.25,-1
3789,1,1,-6.75,7.5,-4.5,-6.75,-3.5,-7.5,-3,-5.5,-2.5,-6.5
3790,0,0,8.25,-11,-2,-3.75,-10.75,0,-2,-7,-6,-3.75
3791,9,9,-1.75,-11.25,-0.75,-3.25,-3.75,-6,-11,1.5,-4.25,4.75
3792,4,4,-11.25,-11.25,-9,-9,9,-5.25,-8.75,-5.75,-3.75,-1.25
3793,4,4,-7.5,-3.5,-9.5,-9.25,5.75,-6,-5.5,-3.75,-5.75,0.75
3794,8,8,-10.25,-9.5,-2.5,-1.25,-5.25,-8.5,-15.5,-1.25,2.5,-3.5
3795,3,3,-9.5,-8.5,1.5,5,-5,-9.25,-16.75,1,-4,-5
3796,2,2,-2.5,1.25,2.5,-1.75,-8.25,-7.25,-8.25,-1.5,1.75,-5.75
3797,5,5,-9.25,-19,-11.75,-3,-10.25,11,-5.75,-15,-1.75,1.25
3798,9,9,-11,-10.25,-10.25,-3.25,0.5,-3.5,-16,-1.75,-4.5,5
3799,7,7,1.25,-9.5,2.5,0.75,-12.25,-10,-16,11,-5.75,-0.75
3800,6,6,-3.5,0,-4,-7.5,-1.75,-2.5,4.75,-11,-1.75,-7.75
3801,6,6,5.25,-1.5,-5.25,-14,1.75,-9.25,5.5,-7.25,-6.25,-7.75
3802,2,2,-4.75,-7.25,10.75,0.25,-5.5,-17,-12.25,-1.25,-2.75,-9.75
3803,0,0,7,-9.25,-2.5,-5.75,-3.5,-11,-10,-4.75,-4.75,-1.25
3804,0,0,8.25,-4.25,-2.5,-8,-4.75,-7,-1.25,-2.75,-2.5,-3.75
3805,0,0,9.75,-9.25,-1,-7,-6.75,-7.5,1.75,-5.75,-2,-4
3806,5,5,-5,-10,-10,-5.25,-4.75,1.25,-4.75,-4.5,0.25,-3
3807,8,8,-5,-10.75,-4.75,-6.5,-9.25,-1,-5,-8,7.5,-5.25
3808,7,7,-3.75,-0.5,-2.75,-5.5,-8.25,-4.75,-10.5,1.5,1.5,-5.5
3809,1,1,-3.75,6.75,-4.75,-7.5,-1,-5.25,-1.25,-1.75,-2.5,-4.25
3810,5,5,-4,-20.5,-7.5,-3.25,-8.5,5.25,-3,-14,0.5,1.75
3811,2,3,-2.5,-4.5,0.5,1.25,-1,-11.5,-18.25,-0.25,-7,-2.5
3812,3,3,-5,-15,-1.25,11.25,-9.5,-3.75,-21,-9.5,-7.5,-2.75
3813,8,8,-4.75,-17.5,-2.5,-3,-9.5,-5.25,-5.25,-11.75,7.25,-8
3814,5,5,-8.25,-16,-11.25,-1.75,-9,11.5,-6.75,-14,-1.5,-1
3815,1,1,-4.75,8.5,-5.25,-8.25,-1.75,-7,-2.25,-1,-3,-4.5
3816,8,8,-9.25,-14,-6.75,-2.5,-5.75,-0.75,-4.75,-10.75,5.5,-3.75
3817,2,2,-5.75,-11,7,-4.75,3.75,-16,-9,-7,-7,-9.75
3818,0,0,5.5,-13.75,-1.75,-7,-2.75,-3.5,3.75,-7.5,-4.75,-2.5
3819,4,4,-8.5,-11.75,-8.5,-11.25,10.25,-8.75,-8.5,-6.25,-6.25,-0.75
3820,9,9,1,-12.5,0,-3.25,-6.25,-5.5,-9.5,2.75,-5,4.25
3821,9,9,-10.25,-13,-10.75,-9.75,3,-3.5,-7,-8,-2.5,6
3822,6,6,-1,-8,-4.25,-8.75,0.5,-2.5,9.25,-10.25,-3.75,-4.75
3823,2,2,-3.25,-6.5,7.5,-3.25,-5.25,-12,-10.25,-3,-4.25,-5.5
3824,3,3,-6.25,-10.75,-3.25,6.75,-7.75,-3.25,-16.75,-3,-2.25,-0.75
3825,3,3,-5.5,-8.5,-3.25,6,-6.75,-1.75,-13.25,-8.25,-3.5,-2.25
3826,5,5,-8,-7.5,-11.25,-7,-6.75,8.5,-5.75,-4.75,-2.75,-1
3827,6,6,1.25,-4.25,-3.25,-8,-0.25,-3.25,7.75,-8.5,-2.5,-5.5
3828,4,4,-7.25,-9,-8.5,-7,8.5,-7.75,-13.25,-2.25,-6.25,1.25
3829,8,8,-6.25,-16.5,-1,-4.25,-6.75,-4.25,-7.5,-13.25,7,-10.25
3830,0,0,12.5,-13.5,-2.5,-9.75,-9,-7.75,0.75,-4.25,-2.75,-3.5
3831,9,9,-8,-5.25,-6.75,-4.25,-1.75,-6.5,-12.75,1.25,-1.5,3.75
3832,2,2,-3.75,-1,9.75,0.75,-10,-15.75,-14.25,3,-2.5,-4.5
3833,8,8,-5.25,-1,-0.25,-2.25,-3.75,-10.5,-12.75,-1,0.75,-3.5
3834,3,3,-6,-7,3.75,5.75,-8.75,-12.5,-17.75,-1.25,0.25,-5.25
3835,6,6,3.5,-8.5,-4,-8.5,-3.5,-2.75,8.25,-10.25,-4.5,-6
3836,7,7,-11.5,-10.75,-13.25,-5.25,-1.5,1,-11.5,2.5,-4.5,-2.5
3837,5,5,-10.5,-9.5,-11.5,-0.5,-11,9.5,-12.75,-12,-2.75,-1
3838,7,4,-7,-2.25,-6.25,-6.75,-0.75,-5.5,-6.75,-2.5,-1.25,-3.75
3839,2,2,-3.75,-1.5,10,-0.75,-10.5,-14.75,-14.5,-3.25,1.5,-13
3840,9,9,-2.75,-13.75,-2.25,-5.25,-2.25,-7.25,-10.75,0,-3.25,6.75
3841,4,4,-7.25,-14.5,-5,-8,9.5,-10.25,-10.25,-7.75,-4.75,-3.25
3842,9,9,-6.25,-12.25,-6.75,-4.5,1,-7,-15.25,-1.75,-2.75,6.25
3843,1,1,-4.5,7.25,-3.25,-5.75,-1,-6,-3.75,0.75,-2.5,-3.25
3844,2,2,-4,-5,9,0.5,-3.25,-14.5,-10.5,2.5,-3.5,-9.25
3845,8,8,-3.25,-9.25,-1.5,-2.5,-9.5,-7.5,-9.5,-8.25,7,-6.25
3846,6,6,2,-2.25,-2.5,-7.5,-1.75,-3.25,4.25,-8.75,-4.5,-5.75
3847,0,0,7.75,-9,-1.25,-3.25,-8.5,-3.5,-3.75,-2.75,-4.25,-1.5
3848,7,7,-4.5,-7,4.25,2.75,-5.75,-18.25,-19.25,7.5,-2,-4.25
3849,0,0,10.5,-10.75,-2.25,-8.25,-11.25,-1.25,-2.75,-5,-5,-3
3850,9,4,-7,-4.5,-7.5,-9.5,5.75,-9.75,-10.5,-0.25,-6,4
3851,1,1,-3,5.25,-3.25,-4.75,-1.5,-3.25,-1,-1.25,-1.25,-2.75
3852,1,1,-4.75,6.75,-4,-6.25,-0.75,-5.25,-5.25,1,-3.5,-3.75
3853,6,0,3,-5.75,-1.5,-8.75,-6.75,0,3,-10.5,0.25,-11.25
3854,7,7,-8.25,-7.5,-5.75,-1,-6.25,-4.25,-20,11.5,-7,3.25
3855,5,5,0.75,-8.25,-7.25,-6.25,-10.75,2.5,-6.5,-3.5,-1.75,-4.5
3856,9,9,-13.5,-10.75,-10.75,-1.5,-2.5,-2,-17.25,-1,-4.25,4
3857,9,9,-8,-9,-7,-3.5,-0.5,-4.5,-13.75,-1.5,-1.75,5.25
3858,1,1,-4.5,6.5,-3.5,-6.25,-0.25,-6.75,-4.25,1,-3,-4.25
3859,9,9,-3,-9.5,1,-5,0.25,-8.75,-8.75,-2.5,-5.5,1.75
3860,5,5,-7.5,-19,-8.5,-4,-6.25,7.75,-1,-20.25,0,-1.5
3861,9,9,-9.5,-11.75,-7.5,-3.25,-1,-3,-13,-3.75,-0.75,5.75
3862,2,2,-2.5,-2.5,6.5,2.5,-8.75,-11,-13.25,2.75,-4.5,-3.75
3863,5,5,-12.25,-17.25,-10,-4,-9.5,11.75,-2.25,-21.5,1,-5
3864,0,0,9.5,-10.25,-2,-8,-7,-6,-0.75,-3.25,-0.5,-3
3865,4,4,-10.25,-7.75,-10.5,-11.75,11.5,-10,-11,-1.75,-6.5,-1.25
3866,1,1,-7.75,7.75,-5,-7,-2.25,-6.5,-4.75,-3.5,-3,-5.25
3867,0,0,8,-8.75,-1.75,-7.25,-7.5,-1.5,2,-7.5,-9,-4
3868,8,8,-5.25,-8.25,-2,-1.5,-5.25,-7.25,-10.75,-5.75,4.25,-2.5
3869,9,4,-7.5,-7.5,-10.75,-9.5,5.5,-9.5,-11,-4.25,-2.25,2.75
3870,0,0,10,-9.5,-2,-9,-8.25,-4.75,1.25,-5.5,-4.25,-3.5
3871,8,8,-3.25,-6.25,-3.25,-1.25,-6.75,-3.75,-10,-5.25,2.5,-2.75
3872,9,9,-5.5,-11.5,-6.25,-6.25,0.25,-10.5,-15.5,1.5,-2.25,9
3873,8,8,-4.5,-9.25,-4.5,-4.5,-6,-3.25,-4.25,-7.5,4.75,-5.5
3874,9,9,-5.25,-5.5,-4.75,-2.25,1,-5.25,-10.25,-1.25,-2.25,3.75
3875,4,4,-5.75,-10,-6.5,-8,7.75,-7.25,-7.75,-6.5,-5.5,-1.75
3876,2,2,0,-2.5,7.5,-0.75,-9.25,-11.25,-6.75,-4,1,-10
3877,5,5,-6.5,-19,-10.75,2,-8,8.5,-10.5,-11.75,-4.75,1.25
3878,7,7,-7.75,2.25,-3.25,-3.75,-5,-7.75,-13.5,6.5,-2,0.25
3879,9,9,0.75,-12.25,-1.5,-4.5,-4.75,-5,-7,1.5,-4.5,4.5
3880,8,8,-8,-8.25,-5,-5.75,-5.25,-1.5,-3.25,-8.25,2.5,-0.25
3881,9,9,-3.75,-8,-4.25,-4.25,-0.25,-7.75,-11.75,3.75,-4.75,6.25
3882,8,8,-7.25,-11.5,-4.75,-4.25,-7,-1,-3.75,-10.5,5,-5.5
3883,0,0,11,-10.25,-3.75,-6.25,-10.25,-2,-1.75,-8,-6.75,-4.25
3884,9,9,-0.5,-14,-0.5,-6.5,-3,-5.75,-4.5,-3.75,-4.25,4.75
3885,9,9,-1.75,-13,-0.5,-5.5,-0.5,-11.25,-14.5,1.75,-6.25,7.25
3886,6,6,-2.75,-7.75,-4.75,-7.25,-2,-1.25,9.5,-13,-3.25,-2.25
3887,8,8,-5.25,-11.75,-3,-2.75,-4.75,-5.75,-6.25,-8.75,6.25,-5.5
3888,9,9,-4.25,-10.25,-5.5,-6.5,1.75,-8.75,-11.5,1,-4.75,6.5
3889,9,9,-8,-11.75,-4.75,-2.25,-1.5,-9.5,-20.5,1.75,-1.25,8.25
3890,5,5,-10.5,-16.25,-12.75,2.5,-10.25,7.75,-16.5,-9.75,-2.75,-2.5
3891,9,9,-9.5,-9.25,-7.5,-3.25,-0.75,-3.5,-13.5,-1.75,-0.75,5.25
3892,8,8,-8,-7.5,-2.25,-4.75,-7,-2.25,-4.5,-10.75,5,-10.75
3893,5,5,-2.5,-7.25,-4.75,-1.5,-4,3.5,0,-11.5,-1.5,-5.5
3894,1,1,-4,6.5,-3.75,-5.75,-2.5,-6,-4.25,1.25,-2.25,-2.75
3895,0,0,7.75,-6,-2.75,-6,-5.25,-7.25,-3.25,-1,-2.75,-1.5
3896,3,3,-6.25,-10.25,-2,8.5,-9.5,-3.5,-17.75,-4.5,-2.25,-0.75
3897,3,3,-6.25,-5,-0.5,5.75,-7.75,-6.5,-15.5,-2.75,-1.25,-2
3898,5,5,-8,-16.75,-9,-1,-6.25,6.25,-7.25,-11.25,-0.5,-0.75
3899,2,2,-3.25,-7.25,9.5,0.5,-6.5,-13.5,-10.5,-1.5,-1.75,-6.75
3900,1,1,-5.5,7.5,-5.25,-6.25,-1.75,-8.75,-7.25,1.25,-3.75,-2.75
3901,6,6,1.5,-8.75,-6.75,-8,-3,-0.5,6.25,-8,-1.5,-7
3902,5,5,-5.5,-7.25,-5.75,2,-8,3.75,-11.25,-7.5,-8.25,-0.75
3903,0,0,11.25,-9.25,0,-6.75,-6.25,-10.75,0.75,-4.75,-4,-4.75
3904,2,2,-4.25,0.75,10.5,0.75,-9,-16.75,-15,0,-1.75,-9
3905,8,8,-9,-9,-2,-2.5,-3,-5,-8.25,-5.5,3,-4.75
3906,1,2,-6.5,1,5.25,3.75,-11,-9.25,-19,-1.5,-4.5,-6.5
3907,5,5,-6.25,-15.75,-11.5,0.75,-8.75,8.75,-9.25,-9.5,-3,-1.75
3908,6,6,-1.75,-5.75,-4.25,-9,-1.5,-3,9.5,-13,-2,-8.5
3909,2,2,-1.5,-3.5,11.75,1.75,-12.5,-17.5,-18.25,3.75,-2.25,-4.25
3910,3,3,-5.75,-13,-2.5,10.75,-9.5,-2.75,-23.75,-10.5,-6.5,-0.25
3911,0,0,7,-9.75,-0.75,-8.5,-5.5,-5.25,0.25,-1.5,-7.5,-3.5
3912,2,2,-5,-8,8,-2.5,2.5,-17.75,-11.5,-2.5,-5.75,-11.25
3913,2,2,0.5,-9.25,7.75,-2.5,-1,-14.25,-6.75,-3,-3.25,-8.75
3914,6,6,-1.75,-5,-2.75,-6.75,-0.25,-3.5,6.5,-9.25,-2.25,-3.5
3915,4,4,-5,-2.25,-6,-7,7,-10.25,-9.25,-1,-7,-1.5
3916,3,3,-8.25,-12.25,-1.5,5.75,-9.25,-7.25,-18.5,-7,1.5,-0.75
3917,5,5,-7.25,-18.5,-9.75,-0.25,-8,7.5,-6,-16,-1.25,1.25
3918,5,5,-4,-11.75,-7.75,-3.5,-7.25,6.25,-6.25,-5.75,-0.75,0.25
3919,1,1,-6.5,8.75,-4.25,-6,-2.25,-7.25,-6,-0.75,-3.75,-3.5
3920,7,7,-8,-3.75,-6,-3.25,-4.25,-6.75,-19.25,14.25,-7.75,1.25
3921,2,2,-3.75,-5,6.75,-2.5,-3.5,-14.25,-10.5,-2.75,-0.5,-6.5
3922,1,1,-3.75,7.5,-5.5,-9.25,-2,-4.75,1.5,-5,-2.5,-6
3923,6,6,1.5,-3.75,-4,-9,-0.5,-4.25,8,-9,-3.5,-5.25
3924,9,9,-6.75,-13.75,-3.5,-3.75,0.75,-9,-14.5,0,-1,5.25
3925,1,1,-7.5,7,-5.5,-8.25,1,-8.5,-9.25,-0.75,-4.25,-7
3926,9,3,-9.5,-10.75,-7.75,4.25,-5.5,-1,-19.5,-10,-0.75,1.75
3927,9,9,-4.75,-9.75,-3.25,-3.75,-0.5,-11,-15.75,4.25,-2.25,8.5
3928,5,5,-5.75,-10,-11,-3,-8.25,6.5,-5.25,-14.5,-2.5,-2.25
3929,5,5,-3.25,-15.5,-6.25,-2,-8.75,5,-3,-10.75,1.5,-1.25
3930,1,1,-6,7.75,-5.75,-6.75,-1,-7.5,-6.25,0.5,-4,-2.75
3931,6,6,-3.75,-2.75,-3.5,-6.25,-0.25,-3.5,6,-11.75,-4.75,-7.25
3932,2,2,-1.75,-3.75,9,-2.75,-6.75,-12.75,-9,-2.25,-4,-11.5
3933,2,2,-7.25,-7,12.25,-1,-1.75,-20.75,-12,-1.5,-3.5,-15.5
3934,8,8,-7.75,-12.75,-4.75,-3,-5.5,-3.75,-6.25,-10,6.5,-4.75
3935,6,6,0.25,-6.25,-4.75,-8.5,-0.5,-2.5,9,-11.5,-3.75,-6
3936,7,7,-4,-2.75,4.25,0.25,-5,-12.75,-16.25,8.75,-4.5,-1.75
3937,1,1,-4.5,5,-4.5,-5.5,-2.75,-3.5,-2.25,-2.25,-2,-2.25
3938,4,4,-9.75,-4.5,-8.5,-6.25,5.25,-6.5,-9.75,-2.5,-4,0.25
3939,6,6,2.25,-10.5,-1.25,-9.5,-0.5,-4.75,5.75,-9.25,-6.25,-2.25
3940,0,0,7.75,-14.25,-2.75,-4.25,-10.5,-0.5,-2,-5,-8.25,-1.75
3941,4,4,-3.75,-2.25,-0.75,-10,3.75,-12.75,1,-7.25,-4.25,-11
3942,0,0,9.25,-8.5,-1.75,-8.5,-4.5,-6,2.5,-5.25,-3.25,-3.75
3943,3,3,-9,-11.25,-6.25,2,-3.5,1,-8.25,-12.5,-1.25,-5.25
3944,3,3,-5.75,-12.75,-1.5,10.25,-12.25,-2.5,-20.75,-10.5,-1.75,-2
3945,2,2,-3,-1.75,7.5,-2,-2,-15.25,-12,-0.5,-3.5,-6
3946,2,2,-2.25,1.75,5.75,-1.75,-8.75,-10.25,-7,-1.25,-0.25,-7
3947,3,3,-7,-12.25,-3.25,10.75,-12.25,-4,-24,-6.75,-2.25,-2.25
3948,6,6,0.75,-5.75,-1.75,-9.5,-2,-1.75,8,-10.5,-4.25,-6
3949,8,8,-5.5,-7.5,-1.5,-1.25,-6.75,-3.5,-5.75,-11.25,4.75,-7.5
3950,9,9,-9.75,-9.25,-6.25,-3,-0.5,-6,-14.25,-0.25,-1.25,5.25
3951,8,7,-1.5,-7.75,0.75,-2.25,-5,-5.25,-6.75,1.5,0.25,1.5
3952,5,5,-9,-9.75,-9.5,3.25,-9.5,8.5,-6.75,-18.25,-4.25,-3.75
3953,3,3,-2,-11.75,-1.25,7.5,-7.5,-5.25,-14,-5.5,-4.5,-2
3954,8,8,-5.5,-14.75,-3.25,-2.75,-5.5,-6,-12.25,-2.75,3.75,1.75
3955,5,5,-3.25,-9,-9.75,-6.5,-10.25,6.5,-3.75,-5.25,0,-3
3956,4,4,-9.25,-9,-11.25,-11.5,10.25,-9.75,-12.75,-3.5,-6.5,2.75
3957,5,5,-7.75,-13.75,-9,-1.25,-9,8.25,-5.5,-16,-2.5,-1.75
3958,2,2,0.75,-10.25,6.5,-1.25,-7.5,-10.5,-7.25,-3.75,-0.25,-4.25
3959,0,0,11.5,-10.25,0.25,-7.5,-8.25,-9.5,-0.25,-3.75,-2.75,-4
3960,5,5,-9.5,-17.25,-10.75,-2.25,-9.5,11.5,-8,-11.5,-2.75,-1.5
3961,6,6,-1,-9.25,-7.5,-8.5,-4,-0.75,7.25,-18.5,-2.75,-8.25
3962,3,2,-4.5,-11.5,3,-0.25,-1.5,-10.5,-8.5,-2.75,-1.75,-7.25
3963,2,2,-1.75,-9.75,9,1.25,-3.5,-16.25,-13,-2.75,-2.75,-8.75
3964,8,8,-5.75,-12,-2.25,-4,-3.75,-6.75,-9,-5.75,4,0
3965,3,3,-6,-11,-2.5,7,-6.5,-1,-15.25,-10.25,-4.5,-2.75
3966,9,9,-5.25,-16,-3.75,-3.75,-1.5,-7.25,-16.5,-1.25,-3.5,8.5
3967,9,9,-4.5,-4.25,-3.75,-3.25,-0.5,-5.25,-7.75,1.25,-3,4.5
3968,5,5,-8,-14.75,-6.25,-0.5,-5.25,5.5,-3.25,-16.25,0,-5.75
3969,7,7,-6.75,0.25,0,0,-7.5,-9.5,-17.5,9,-3,0.25
3970,9,9,-9,-5.25,-10.75,-7.5,1,-5.25,-8.75,-3.75,-1.5,3.5
3971,4,4,-3.5,-11.25,-4.5,-11.5,5.75,-13.5,-3.5,-5.5,-2.75,0.25
3972,6,6,0.75,-4.5,-3.25,-8,-2.25,-2.25,8.5,-11.5,-1.25,-8
3973,7,7,-6,-2.5,1.25,1.5,-6,-11.25,-20,11.25,-3,0.5
3974,1,1,-3.25,5.75,-2.5,-3.75,-1.75,-5,-4,0.75,-2.5,-2
3975,3,3,-3.25,-14.75,-0.5,8,-9.75,-3.5,-16.25,-10.75,-6.25,-4.5
3976,7,1,-4.75,4,-0.5,-1.75,-4.25,-7,-8.75,3.5,-2.25,-1.5
3977,3,3,-5.5,-6.25,-2,3.25,-5.5,-6.75,-13,-3.75,-3,-1.5
3978,6,6,2.75,-2.25,-6,-10.25,-3,-2.5,9,-10.25,-5.25,-5.75
3979,6,6,-3.25,-6.5,-4.25,-6.75,-0.75,-1.75,9.25,-13,-1.25,-7.75
3980,0,0,11,-11.25,-3.5,-7.25,-12.25,-2.5,-4.25,-3.75,-6,-3.5
3981,9,9,-4.5,-10,-4.75,-6,1,-9.25,-13.75,1.25,-4.5,8.25
3982,0,0,13.5,-16.25,-3.5,-8.5,-12.25,-3.25,-1.75,-6,-3.25,-1.5
3983,1,1,-5,7.25,-4.25,-6.5,0.5,-7.25,-6.5,0.5,-3.25,-4.75
3984,9,9,-8,-1.25,-8,-6.75,-1.5,-5,-9,-2,-0.25,1.5
3985,9,4,-11.75,-6,-11.5,-7.5,3.5,-3.75,-8.75,-6,-2.5,2.5
3986,2,2,-4.5,2.5,6,-0.25,-7.5,-12.25,-9.75,-1.5,-4.75,-8
3987,8,8,-3,-7.25,-5.25,-4,-7.75,-3.5,-4.5,-10.75,4,-6.5
3988,8,8,-2.5,-8.75,-7.5,-4.75,-1.5,-4.5,-5.5,-9.75,0.25,-0.25
3989,0,0,6.25,-1.5,-3.5,-8,-3,-9.5,-0.75,-3.5,-3.5,-2
3990,1,1,-5.5,7.25,-3,-6.75,-1.25,-7.5,-5.25,1.25,-3.5,-3.25
3991,6,6,-1.5,-4.5,-3.5,-6.75,-1.75,-1.25,8.75,-12.5,-1.75,-6.5
3992,9,9,-10.5,-9.75,-7.5,-2.5,-0.25,-3.75,-16.75,-1.25,-4.25,6.25
3993,7,7,-4,-3.75,1.25,1.25,-8.25,-9.5,-17.75,10.75,-2.5,0.25
3994,5,5,-1.75,-7,-7.5,-3,-10.5,3.25,-8.5,-0.25,-1.5,-3.25
3995,3,3,-7.5,-11.5,-8,5.75,-10.5,4.25,-15.5,-12,-4.25,-0.25
3996,4,4,-10.25,-9.25,-10,-8,8.5,-8,-12.75,-2,-5,0
3997,7,7,-1.5,-7.25,-4,-5.25,-5,-3,-6.25,6.75,-5.75,-0.25
3998,4,4,-3.75,-1,-5,-11.25,4.25,-9,0,-6.75,-5,-5.25
3999,9,9,-8.25,-12.75,-7.5,-3.5,0,-6.25,-19.5,1.75,-5,9.25
4000,9,9,-9.25,-18.25,-5.25,-5.25,1,-4.75,-12.75,-8.75,-0.5,3
4001,4,4,-9.5,-7.25,-9.25,-8.5,5.5,-7.25,-11.75,0,-4,3.25
4002,3,3,-12,-10.75,-7.75,5.25,-9.5,2.5,-18.5,-15,-1.25,-5.75
4003,6,6,1,-8.5,-4.5,-9.75,-4.25,-2.25,10.75,-14,-1.5,-6.25
4004,3,3,-5.5,-9.25,-3,8.25,-7,-1.25,-16,-9,-4.25,-2
4005,1,1,-5.5,7.5,-4,-5.25,-1.25,-6.5,-5.5,0.5,-3.75,-3
4006,1,1,-5,6.5,-5.25,-5.75,-1.5,-5.25,-4.75,0,-3,-2.75
4007,7,7,-5.75,-3.75,-3,-2.25,-3.25,-6.25,-8,0.5,-4.25,-1.25
4008,6,6,0.5,-10.25,-5.25,-8.75,-2.75,-2.25,12.5,-15.5,-5.25,-4.75
4009,9,9,-9,-8.25,-8.25,-4.75,1,-6.5,-12,-3.5,-2,5.25
4010,1,1,-5,7,-4,-5,-1.25,-6.25,-5,0,-3.75,-2.75
4011,8,8,-6.5,-13.5,-5.75,-2.25,-4.5,-4.25,-8.25,-8.25,4.25,-3.25
4012,4,4,-8.75,-10,-9.75,-8.75,8,-7,-10.75,-5.5,-5.75,0.75
4013,1,1,-10.5,5.25,-2.75,-1.5,-3.5,-4.75,-12.75,-7.5,-5,-6.75
4014,1,1,-5.75,7.25,-4.25,-5.25,-1.25,-7,-6.5,0.75,-4,-2.75
4015,9,9,-7.5,-13,-8,0.25,-0.25,-4,-18.5,-4.25,-4.25,6.5
4016,9,9,-7.5,-6.25,-6,-2.75,-0.25,-6.25,-14,1.75,-1.75,5.25
4017,4,4,-8.25,-4.5,-7,-6.5,2,-8,-5,-3.5,-2,-1.25
4018,3,3,-5.5,-5.75,0.75,2.75,-12.5,-3.5,-11.25,0.5,-1.75,-4.5
4019,6,6,0.25,-3.75,-4.25,-8.75,-0.75,-4,6.5,-9.5,-2.5,-4.5
4020,8,8,-5.5,-14.5,-4.5,-3.5,-9.25,-2.75,-9.5,-5.25,6.75,-4
4021,1,1,-4.75,7.5,-5.25,-7.25,-2,-7,-3.5,-1,-2,-3.5
4022,6,6,-4.5,-12.5,-6,-6.5,-4.75,1.25,8.75,-20,0,-8.5
4023,0,0,10.5,-10.5,-5.5,-8.5,-10.75,-1.5,-4.25,-3.5,-4,-3
4024,4,4,-10.25,-7,-10.25,-7.75,8.5,-10,-16.25,-3,-5.5,1
4025,1,1,-7.25,6,-3.75,-4.75,-1.25,-7.25,-5.5,-2,-3.75,-4.75
4026,3,3,-4.25,-11,-0.75,8.25,-10.75,-4.75,-17.75,-7.5,-0.75,-2
4027,7,7,-6.75,0,-4.25,-4,-1.5,-5.75,-11,4.75,-4,1.5
4028,7,7,-6,-2.25,-0.75,0,-6,-6.5,-15.75,9.25,-3.5,1.75
4029,4,4,-9.75,0.5,-9.25,-7.25,3.75,-5.25,-7.5,-2,-3.5,-0.5
4030,9,9,-8.75,-8,-5.25,-1.25,-0.75,-4.25,-12.75,-1.75,-2.5,3.75
4031,5,5,-6.5,-8.75,-7,1,-6.75,5.75,-2,-14,-1.25,-2.75
4032,1,1,-4.25,6.25,-5.5,-9.25,-1.75,-7,-0.75,-5,-1.75,-6
4033,0,0,13.25,-12,-2.25,-9.5,-12.25,-3.25,0.25,-7,-6.5,-3.5
4034,0,0,11.5,-9,-0.25,-7.5,-10.5,-6.5,-3,-5.75,-4.5,-9.75
4035,1,1,-5.75,8,-4.75,-5.75,-2.5,-8,-7.75,0.25,-3,-3
4036,1,1,-6,7.5,-3.5,-5,-2.25,-8.5,-6.25,-0.5,-4.25,-3.75
4037,6,6,-4,-0.5,-4,-6,-4,-2,5.5,-11.25,-1.25,-8.25
4038,2,2,-2,-3,8.5,1.5,-10.75,-12.25,-11,-1.25,0.5,-8
4039,1,1,-4.25,7.5,-4.5,-7.25,-1.5,-6.75,-3.75,0.25,-2.5,-3.25
4040,9,9,-6,-14.5,-7.75,-3,0,-6,-16.75,-0.5,-3.5,7.5
4041,8,8,-7.5,-14.75,-6.75,-1.5,-10,-3.5,-12.75,-7,6.75,-6.5
4042,4,4,-9,-8.25,-9.25,-11.5,10.5,-10,-11.25,-1.75,-6.25,-0.75
4043,0,0,9.75,-10,-6.5,-10.75,-7.75,-2.5,-1.5,-3.25,-3.5,-5.75
4044,3,3,-2.25,-10.5,-6,4,-8.5,4,-9.75,-10.5,-5,-3.5
4045,6,6,-3.25,-11.5,-2.5,-6,-5,-0.75,8,-16.5,-0.5,-4.75
4046,4,4,-6,-6,-6.75,-10,9,-11.5,-8.75,-3.75,-5.25,-1.75
4047,9,9,-8.25,-12.5,-5.25,-0.25,-2.25,-3.75,-15.25,-1,-2,5.75
4048,0,0,7,-8.75,-2,-3.5,-8.25,-0.5,-3.25,-5,-4.75,-0.75
4049,7,7,-6.25,-2.5,-1,-1.5,-5.25,-9.25,-16.5,11,-2.5,0
4050,1,1,-4.25,5.75,-2.5,-4,-1,-4.75,-4,0.25,-2.75,-2.25
4051,6,6,1.5,-8.5,-5.5,-9.5,-2.5,-1.75,8,-9.5,-3.25,-5.5
4052,5,5,-6.25,-3.75,-6.5,1.25,-5.5,4.25,-3.75,-12.25,-2.75,-4.25
4053,7,7,-6.5,0,-6.25,-3.5,-2.25,-1.5,-7.25,2,-2.5,0.25
4054,5,5,-12.25,-16.75,-12.25,1,-13,13.25,-10.25,-21.75,-2.5,-2.25
4055,2,2,-2,-6,11.75,1.75,-13.5,-18,-17,0.75,-0.5,-8.5
4056,5,5,-9.5,-14.25,-14.5,-4.25,-8,7.75,-12,-5.25,-2,1.75
4057,1,1,-6.25,8.25,-4,-6,-2,-6.25,-4.5,-1.75,-3,-4.25
4058,8,8,-6.25,-10.75,-4.5,-2.75,-4.75,-5.5,-10.25,-7.25,4.25,-2.25
4059,5,5,-2.75,-15.5,-6.5,-3.75,-8.75,6.5,0.25,-10.5,-1.75,0
4060,4,4,-8,-3.75,-9.25,-9.75,8,-7.5,-8.25,-1.75,-6.5,1.75
4061,7,7,-9.5,-1,-5.5,-3.5,-3.5,-7,-17,9.75,-3.75,0.75
4062,0,0,9.5,-6.25,-2.25,-7.25,-4.75,-12.75,-4.5,1.5,-4.25,0.5
4063,6,6,-4,-5.75,-9.25,-8.5,-6,2.75,4.25,-14.25,0.5,-5
4064,7,7,-6.5,-3.5,-1.75,-2.25,-6,-10.75,-19,12.25,-2.5,0.75
4065,0,0,1.5,-10.5,1.25,0,-7.25,-4.5,-5,-1.25,-2.75,-1.25
4066,2,2,-6.25,1,12.75,-1.25,-11,-18.25,-14,1.75,-4.25,-10.5
4067,5,5,-7,-9,-10,0.75,-8.5,5.75,-12,-9,-5.5,0
4068,8,8,-3.25,-9.25,-1.75,-0.75,-8.5,-1.5,-5.25,-11,4,-7.5
4069,1,1,-7,7.5,-5,-5.5,-1.5,-7.5,-7.75,-0.5,-4,-3.5
4070,0,0,13.5,-14,-1.75,-8.25,-12.25,-5.5,-2.5,-4.75,-4.25,-2.25
4071,4,4,-0.75,-3,-4.75,-10.75,4.75,-10,-1.75,-3.25,-6,-1
4072,5,5,-6.25,-7.25,-8.75,1,-7.25,5.75,-7,-9,-3.5,-2.75
4073,7,7,-6.75,-3.5,-2,-1.5,-6.75,-9.25,-18.75,13,-3,0.25
4074,1,1,-5.5,6.5,-4.25,-5.75,-1.25,-5,-4.25,-0.25,-2.5,-2.5
4075,8,0,3.75,-7,-4.25,-6.75,-6,-1.75,0.5,-8.75,0,-9.5
4076,5,5,-8.25,-12,-8.5,-4.5,-7.25,7,-1.5,-9.5,0.75,-0.75
4077,1,1,-6.75,6.5,-2.75,-4.25,-1.5,-6.25,-6,-1,-3.25,-4.75
4078,9,2,-7.5,-8,1.75,0.75,-6.25,-7.5,-18.75,-2.75,-3,-2
4079,0,0,10.25,-9.75,-1.75,-7.75,-7.25,-4.25,-0.25,-4.5,-2,-3.5
4080,0,0,7,-6,-0.75,-6.75,-6,-6,0,-4.25,0,-3.25
4081,6,6,0.5,-4.75,-6,-8.25,-2.75,-3.25,5.5,-13.5,-2.75,-5.5
4082,0,0,9.25,-10.25,-1.25,-8.5,-9.75,-1,0.25,-6.75,-5,-5.25
4083,7,7,-4,-4.25,-1.75,-1.5,-5.75,-9.75,-17,12.25,-3.75,0
4084,3,3,-3.5,-8.75,0,7.75,-9.75,-5.25,-17,-2.25,-2.5,0.25
4085,1,1,-6.25,8,-4.25,-5.5,-1.25,-7.25,-6.5,0,-4.25,-3.25
4086,8,8,-7.25,-17,-4.5,-4.75,-2,-5.25,-4.5,-8.75,4.25,-4
4087,3,3,-6.5,-12,1,7,-7.5,-6,-17.75,-5.75,-2,-3.5
4088,9,9,-12.75,-11.25,-8.75,-5,3.5,-7.75,-20,-0.25,-4,6
4089,7,7,-5.5,-7.5,1.25,0.25,-8.5,-12.5,-21,11,-1,0.5
4090,0,0,7.75,-6,-0.25,-6.75,-7.25,-6.25,-1.5,-4.25,-0.25,-3.75
4091,0,0,7,-9.25,-1.5,-4.5,-7.5,-1.75,-1.75,-6.25,-7.5,-3
4092,8,8,-2.5,-3.25,-6.75,-5.75,-9,-1.75,-1.25,-9.75,3.5,-8
4093,9,4,-7.25,-10.75,-9.75,-6.75,3.75,-5.25,-10.5,-4.25,-7,0.25
4094,5,5,-6,-13,-8.25,-3.75,-5.5,6,-2.5,-12,1.25,-1
4095,9,9,-9.25,-13.5,-9,-4.5,0,-4.25,-17.5,0.25,-3.5,9
4096,8,8,-6.75,-6.75,-4,-3.5,-3,-3,-7.5,-5.75,3,-3.25
4097,3,3,-8.5,-13.25,-3,10.25,-10,-3.75,-24.5,-11,-3.5,-1.25
4098,2,2,-4.25,-7.5,10.75,-0.25,-9.75,-16.75,-16.5,1.75,-2.75,-5
4099,7,7,-4,-6.75,5.5,1.25,-10.5,-13.25,-19.25,10.5,-2.25,-1
4100,2,2,-7.75,-3.5,7.5,2.75,-13.25,-12.5,-16.75,-7.5,2,-14.5
4101,9,9,-11,-12.25,-9.5,-3.5,-0.75,-5.25,-16.75,-2.5,-1,6
4102,7,9,-8.75,-11.5,-7.5,-1.5,-4.25,-2.25,-16,3.75,-5.5,4.5
4103,2,2,-6.75,1.25,9.25,-1.5,-3.25,-16.5,-11.5,-1.5,-4.25,-11.5
4104,1,1,-5.75,7.5,-5.25,-7,-1.75,-8.75,-6.25,0.25,-3.25,-3.25
4105,1,1,-4,8,-3.25,-7,-1.75,-8,-3.75,-0.5,-2.75,-4.5
4106,3,3,-5.75,-8.5,0,7.75,-10,-7.75,-19.5,-2.25,0.75,-0.75
4107,7,7,-5.25,-2,4.75,0,-5.5,-13,-15.75,8.75,-4.75,-1.75
4108,5,5,-5,-10,-10.75,-1.75,-10.25,6.25,-11,-2.25,-2.75,-1.75
4109,3,3,-5,-7.5,-1,6.25,-7.75,-1,-13.75,-9,-2.25,-2.5
4110,1,1,-4,6.75,-4.5,-6.25,-0.5,-6,-4,0.75,-3,-3.5
4111,9,9,1,-14.75,-0.25,-8,-1.75,-8,-2.75,-5.5,-4.75,4
4112,8,8,-4,-9.75,0.25,-2.75,-6.75,-11.75,-14.75,-0.5,5,-2.5
4113,2,2,-4,-4.5,8.5,1.75,-6.25,-14,-11.5,-1.75,-4.75,-6.75
4114,2,2,-4.75,2.25,6.75,-0.75,-7.25,-10,-10.5,0,-3.25,-6.25
4115,2,2,-5.25,-9.75,10.25,1,-3.75,-17.75,-15.5,-2.75,-3,-11
4116,8,8,-2.25,-14,-3.75,-6.5,-4.75,-1.75,2,-12,3.75,-4.75
4117,8,8,-8.25,-13,1.5,-5,-5.75,-7.75,-10.5,-4.75,4.5,-2
4118,5,5,-7,-11.25,-6.75,-2.5,-5.5,5.5,-0.75,-13.5,0,-3.25
4119,7,7,-7,0.5,-4.75,-4.5,-3.25,-9,-14.75,9.5,-2,-0.5
4120,3,3,-1.5,-7.75,-1.25,6.5,-8.25,-3.25,-16.25,-1.75,-4.5,-0.75
4121,8,8,-3.5,-3,-1.25,-1.5,-4.75,-6,-6.5,-7,3.5,-6.5
4122,9,9,-6.25,-16,-5.75,-4.25,-2,-8.5,-20.5,4.5,-5.25,11
4123,8,8,-6.5,-8.25,1,1,-8.5,-6.5,-13.5,-3.5,4.25,-2.25
4124,8,8,-4,-10.25,-5.75,-3,-3.75,-3.75,-7,-8,3.25,-0.5
4125,6,6,4.75,-5.5,-1.75,-8.75,0,-7.25,7.75,-8.25,-7.5,-5.25
4126,8,8,-4,-4.25,-1,-1.5,-3.75,-5.5,-6.5,-4.5,0.75,-3.5
4127,2,2,-5.25,2.25,11.75,-1.5,-9.5,-16.25,-13.75,2.75,-3.25,-9.25
4128,3,3,-2.75,-7.25,-4.75,3.75,-7,1.25,-11,-8.25,-2,-1.75
4129,9,9,-6,-5.5,-5,-2.5,-2,-6.75,-11.5,0.75,-2.5,5.25
4130,7,7,-8,-3.75,-0.25,0.25,-7,-12.75,-21.25,13.5,-3.25,1.5
4131,5,5,-8,-4.25,-10,-1.25,-9.5,7.25,-7.75,-6.75,-3.75,-1.5
4132,6,6,0.5,-3.25,-3.25,-7.25,-1.75,-3.25,8.25,-10,-4,-6
4133,2,2,-6.75,-3.25,7.5,-3.25,-3.5,-11.5,-9,-4.25,-3.75,-10
4134,9,9,-5.5,-6.5,-4.25,-5,0.25,-9,-12,-1,-2.75,5
4135,2,2,-3.5,-2.5,6,-0.25,-1.5,-11.25,-6.75,-0.75,-2.5,-7
4136,8,8,-6.75,-9.75,-0.25,0.25,-5,-8.75,-12.25,-7.5,6.25,-5.25
4137,8,8,-8.5,-7.25,-10.5,-10,1.25,-3,-0.25,-12.5,2.5,-4.25
4138,1,1,-4.5,7.5,-4.75,-7,-2,-8,-5.25,0,-2.25,-3.75
4139,6,6,-3.5,-13.25,-4.5,-11.25,2.25,-4.25,8.5,-13.5,-4.25,-3
4140,8,2,-4.75,-16.75,4.25,-1.75,-5,-10.5,-11.25,-5.5,2.75,-4.5
4141,8,8,-7,-8.5,-4.25,-4.75,-3.25,-8.5,-12.5,-0.5,3,1.5
4142,7,7,-6.5,-7.5,2.75,0.25,-8.75,-11,-19.75,9,-2.75,-0.5
4143,9,9,-9.25,-7.25,-9.5,-4.25,-0.5,-5,-11.75,-4.5,-2.25,5.25
4144,1,1,-6.5,8.5,-3.5,-6,-2.5,-7.5,-5.25,-2,-3.25,-5
4145,8,8,-0.25,-7.75,-8.75,-7,-5.25,-4,-7,-9.75,2.5,-4.5
4146,0,0,5.5,-2.5,-2.5,-8,-3,-6,1.5,-5.5,-1.5,-4.25
4147,1,1,-4.5,6.25,-2,-4.25,-1.75,-6.25,-5.25,1,-2.5,-2.75
4148,7,7,-5.5,-3.75,1,1.5,-5.5,-10.25,-16.5,9,-4.75,1
4149,2,2,0,-5.25,8,1.75,-8.75,-11.25,-12.75,-1.5,-5.5,-3.75
4150,0,0,11.75,-9.5,-3,-7.75,-11,-4,-2.5,-6.75,-6.5,-5.5
4151,7,7,3,-12,-2.5,-4.25,-8,-8,-12,11,-4.75,2.25
4152,5,5,-7.5,-0.75,-10,-7.25,-6.5,5.25,-2.25,-5.5,-2,-1.75
4153,1,1,-6,8,-5,-6.25,-1.75,-7.25,-5.75,-0.5,-3.75,-3
4154,9,9,-3,-16.75,-4.75,-5,-0.75,-6,-12.25,-1.75,-3.75,6.25
4155,0,0,12.75,-13,-4.25,-7.75,-14.25,0.25,-3.5,-8.25,-6,-4.75
4156,2,2,-4.5,-2.5,7.75,0.75,-12.75,-13.5,-13.5,-0.25,1,-9.25
4157,0,0,10.75,-12,-1.25,-6.25,-5.25,-9,0,-4.5,-5.5,-5.25
4158,9,9,-4.5,-17.75,-5,-4.5,-4.75,-4.75,-11.75,0.75,-2.25,7.5
4159,8,8,-8,-10.5,1.25,-0.25,-4.75,-10,-14,-2.75,1.5,-3.75
4160,6,6,2.25,-5.5,-5,-8,-3,-3,8.75,-13,-4,-8
4161,2,2,-3.5,-7,8.25,-1.5,-3.75,-13,-7,-2,-3.75,-8.75
4162,3,3,-8.25,-13.75,0.25,9.25,-10.25,-8,-20.75,-3.5,-2,-4.5
4163,9,0,3.5,-7.25,-3.75,-6.25,-2,-5,-2,0,-4.25,-0.75
4164,3,3,-6.5,-17,-5.75,10,-9,-2,-21.75,-9.75,-3.25,-2.25
4165,8,8,-3,-0.75,-1.5,-4.5,-4.75,-5.5,-0.75,-8.25,1.5,-9
4166,0,0,8.5,-3.75,-3,-9,-5.25,-10,-1,-3.25,-2.5,-1.75
4167,2,2,-2.25,-4.5,6.5,0.5,-9.5,-9.5,-9.75,-1.75,2,-6
4168,1,1,-5.75,7.5,-5.25,-8.75,-2,-6,-1,-3.25,-2.25,-4.5
4169,1,1,-5.5,7.25,-4,-6.5,-2.25,-8.75,-5.75,-0.25,-3.25,-3.75
4170,1,1,-5.5,6.25,-2,-5,-2.5,-4,-2.5,-3.75,-2.25,-5.25
4171,1,1,-7.5,5,-5,-7,-3.25,-6.5,-3.75,-3.25,-1.5,-4.5
4172,4,4,-12.25,-7,-10.75,-9,8.5,-5.75,-11.75,-5,-3.25,-1.5
4173,2,2,-7.75,-5.5,5.25,-1.75,-0.25,-13.25,-11.5,-4.25,-4.25,-7.25
4174,9,9,-11,-10,-11,-6,2,-5.5,-14,-4.5,-1.75,5.75
4175,7,7,-7.5,-1.75,0.75,-1,-7,-11.25,-19.75,11,-1.75,0
4176,2,7,-8.5,-6.75,1,-3,0.25,-9.5,-8.75,2.25,-3.75,-8.5
4177,5,5,-7.5,-20.25,-9.75,-8.5,-7.75,9,4,-19,0,-6
4178,1,1,-2.75,5.25,-4.5,-8,-1.5,-3,1,-4.25,-1.25,-5
4179,1,1,-5.75,8,-4.75,-6,-1,-5.75,-4.75,-1.25,-3.75,-3.5
4180,2,2,-2,-1.5,3.75,-1.5,-7.5,-10.5,-8.75,-7.25,0.75,-11.75
4181,1,1,-6.75,8,-4.25,-7,-2.25,-6.5,-3.25,-3.5,-3,-5
4182,9,9,-4.75,-12,-3.75,-3,-0.25,-9.25,-16.75,2,-3.5,8.25
4183,9,9,-8.5,-13,-8.75,-5,0,-3.75,-14,0,-4.25,8.5
4184,9,9,-8.5,-7.25,-7,-4,-0.75,-4.25,-10,-2.75,-1.75,5.5
4185,1,1,-5.25,6.25,-7,-8.25,-1,-4.5,-5.25,-0.5,-1.75,-5.5
4186,0,0,10.25,-5.25,-2.75,-10.75,-3.5,-13.25,-0.75,-2,-3,-3.5
4187,2,2,-5.25,-5.75,4.75,-1.5,-1.75,-9.5,-6.5,1,-2,-6.75
4188,0,0,11.5,-10.5,-4.75,-9.25,-11.5,-3.5,-1.75,-5.25,-4.5,-5
4189,2,2,-2.25,-8,8,1.75,-6.5,-15.5,-13.75,-0.25,-0.75,-5.25
4190,1,1,-5.75,6.25,-4.25,-4.75,-1,-5.25,-5.5,-0.75,-3.5,-2.75
4191,1,1,-4.25,6.75,-3.75,-5.25,-1.25,-5.5,-4,-0.25,-3,-2.5
4192,4,4,-9.75,-8.25,-9,-9.25,8.75,-7.75,-10.5,-3.25,-4.75,1.25
4193,6,6,-0.5,-1,-4,-8.75,2,-8,4.5,-7,-4,-4.75
4194,4,4,-7.5,-6.25,-6.75,-4,2.25,-4.75,-9.25,-4.75,-4,1
4195,1,1,-6.5,6,-4.25,-4.25,-0.5,-7,-7.75,0.5,-4.75,-3
4196,5,5,-4.5,-10.25,-6.75,2.5,-7.75,3.25,-12,-6.75,-4.25,1.25
4197,4,4,-7.75,-2.25,-4,-6.75,4.75,-8.25,-6,-4.5,-2.75,-4
4198,9,9,-6.25,-14,-6.5,-4.25,0,-7.25,-15.5,-0.25,-1.5,7.75
4199,7,9,-3.5,-3,-3,-2,-2,-1.5,-7,1.25,-3,2
4200,7,7,-5,-3.5,0.5,0.75,-5.75,-11,-20.5,12.5,-5,1.25
4201,1,1,-5.25,2.5,-3.25,-5.25,-2.25,-4.5,-5.75,0,-2.5,-1.5
4202,5,5,-6,-14.5,-9.75,-3.5,-8.75,10.25,-1,-14.75,-0.75,-1.75
4203,6,6,-1.5,-5,-5,-5.75,1,-4.25,4,-5.25,-2.25,-5.75
4204,2,2,-2.25,-5.75,9.25,-0.25,-7,-15.75,-6,-3.25,-5.25,-12.5
4205,2,0,1.5,-4.5,0.5,-5.25,-4,-9,-1.5,-0.25,-1.75,-2.75
4206,2,2,0,-8.5,8.75,1,-8.25,-14.75,-14.75,1.75,-1.5,-5.5
4207,8,2,-4,-3,5.75,-0.5,-6.25,-12.75,-8.75,-5,1.5,-12.25
4208,0,0,9.5,-9,-1.5,-7.75,-6,-4.75,1,-3.5,-7.25,-1.75
4209,6,6,-1.25,-6.75,-4,-6.75,-1.25,-2,8,-12.5,-3,-7
4210,9,9,-5,-9.5,-5.5,-5,0.5,-5,-11.75,0.5,-5,7
4211,6,6,-2.25,-4.5,-8.25,-11.5,-8,3.25,4.75,-13,1.75,-9.25
4212,1,3,-8.5,1.25,0.25,1.5,-6.5,-5.5,-15.75,-4.75,-4.75,-5.25
4213,9,9,-9,-13,-7.25,-4.25,0.25,-9.25,-16.25,0.25,-2.25,7.5
4214,7,7,-7.5,-3,-7.5,-6.25,-2,-4.5,-12.5,8.25,-5.5,2
4215,7,7,-9,-4,0,2,-6.75,-12,-18.5,8.25,-2.75,-0.75
4216,1,1,-4.25,4.75,-5.5,-6.75,-2.75,-3.75,-2.25,0.25,-1.75,-2
4217,4,4,-14.75,-12.5,-12,-8.25,8,-4.25,-13,-7.25,-4,0
4218,8,8,-0.25,-10.5,-0.5,-6.75,-9.25,-6.25,-1.25,-10.25,5.75,-8.25
4219,5,5,-9.5,-20.25,-13.5,-2.75,-11,13.25,-8,-17,0,-1.25
4220,3,3,-6,-14,-4.5,10.25,-11.25,-0.5,-21,-13,-2.75,-3.25
4221,4,4,-9.75,-6.75,-8.5,-5.75,5,-5.5,-11,-6,-6.5,-0.25
4222,3,3,-2,-11.5,2.75,8.75,-10.75,-9.75,-23.25,-6.5,-4.25,-0.5
4223,4,4,-10,-16.75,-7.25,-10.5,7,-6,-5,-14.25,-1.75,-1.25
4224,9,7,-6,-2.75,-4.25,-1.5,-2.5,-3.75,-13.5,6,-5,3.25
4225,7,7,-7,-3.5,3,2.5,-5.75,-15.25,-19,10.75,-4,-2.25
4226,5,5,-9.75,-23.5,-14,-2.75,-8.75,11,-7.5,-16.75,-1,2.25
4227,0,0,9.5,-10,-0.5,-6.25,-9,-7,-0.75,-5,-0.25,-3.5
4228,7,7,-6.5,-6,3.25,1.75,-7,-12,-16.25,7.75,-6,-4.5
4229,4,4,-8.5,-6.75,-9.5,-9.75,9.75,-9.5,-12,-2.75,-6.25,0.75
4230,8,8,-3,-10.25,-0.75,-7.5,-4.5,-4.5,-0.5,-6.5,4.5,-2.75
4231,8,8,-5,-6.75,0.25,-1.75,-5.75,-6.25,-8.25,-2.25,2.5,-0.75
4232,1,1,-4.25,5.5,-3,-4.5,-1.75,-3.25,-2,-2.5,-2,-3
4233,5,5,-11.25,-13.25,-13.25,-3,-10.25,12.5,-9.75,-13,-2,-0.5
4234,3,3,-9.5,-12.75,-6.25,11.25,-11.5,1.25,-22,-14,-4.25,-3.5
4235,9,9,-5.25,-7.25,-5,-4,1.25,-5.25,-12.25,0.75,-4.75,5.5
4236,5,5,-10.75,-20.5,-12.25,-4,-9,13,-2.25,-19.75,-0.25,-2.25
4237,9,9,-7.25,-9.75,-7.25,-5.25,0.75,-7.25,-13.5,-1.5,-4,6.75
4238,7,7,-6.5,-6,0.5,4,-5.5,-9.5,-18.75,5.5,-3.5,1.5
4239,6,6,-0.5,-12,-7.5,-8.5,-6.5,1.5,8.25,-17,2.25,-9.75
4240,9,9,-11,-12.25,-11.5,-5.5,-0.25,-2.25,-12,-5.25,-3.5,7.5
4241,0,0,12.25,-11.5,-1.25,-8,-8,-7,0.25,-5.25,-3.25,-4.25
4242,3,3,-9,-13,-7.25,9.75,-12.5,2,-21.75,-14,-2.5,-2.5
4243,6,6,-2.75,-4.75,-6,-9.5,-3.25,-0.5,9.25,-14.5,-2.25,-6.25
4244,3,3,-4.75,-9.75,-1,5.75,-6.25,-4.75,-12.5,-5.75,-2.25,-4.25
4245,9,9,-6.75,-11.75,-4.5,-4,0.75,-9.75,-17.25,2,-3.5,7.75
4246,8,8,-8.25,-18.25,-2.25,-2.75,-6.5,-6.75,-13,-6.75,6.25,-0.75
4247,2,2,-6,1.25,10.5,-2.5,-7.5,-14.75,-10.5,0,-4,-9.25
4248,2,2,-3,-2.25,0.5,-6,-1.5,-6.75,-4.75,-2.25,0.5,-3.25
4249,1,1,-4.5,6.75,-3,-5.5,-2.5,-5,-2.25,-2.75,-2,-3.5
4250,2,2,-4.75,0,8,1,-7.25,-13.5,-15.75,0,-7,-6.75
4251,8,8,-4.25,-5.75,-2.5,-2,-9.25,-3.5,-8,-2.75,3.5,-3.25
4252,6,6,-3.5,-3,-3,-6,-1.5,-3.75,7.5,-12.5,-5,-8
4253,8,8,-4.75,-18.5,-2.75,-7.25,-3.75,-7.5,-3.5,-13,6,-4
4254,5,5,-9,-3.5,-9,-0.75,-7.25,6,-7.75,-12.75,-4.75,-2.5
4255,5,5,-1.75,-11,-5.75,2,-10.5,4.75,-8.25,-12.5,-4.25,-4
4256,3,0,4.5,-4.25,3.25,-1,-9,-7.25,-7.25,-4.5,-4.75,-6
4257,9,9,-2.25,-11.5,-3.75,-6.5,-0.75,-8,-10.25,0.75,-4.25,8.75
4258,4,4,-10.5,-5.25,-10,-8.75,8.75,-7,-10.5,-3.5,-4.25,-2
4259,9,9,-7,-6.25,-8.5,-3.75,0,-1.25,-7,-4.75,-4.5,2.75
4260,2,2,-3.5,-2,10.75,1.5,-12,-17,-17.75,5.75,-2.75,-6
4261,5,5,-4.25,-16,-7,-4.5,-5,4,-0.25,-12.5,-0.25,-0.25
4262,1,1,-5.75,6.5,-3.5,-7,0.25,-10.75,-9.75,1,-4,-5.75
4263,5,5,-5.75,-12,-9,1.75,-9.25,7.75,-9.5,-11.5,-2.25,0
4264,1,1,-5.5,7.5,-3.75,-5.25,-1.25,-6.25,-5,-0.5,-3.5,-3
4265,4,1,-6.5,0.25,-3.75,-3,-1.25,-7,-7.5,-0.75,-3.5,-1
4266,4,4,-12.75,-7.25,-13.25,-9,7.5,-5.75,-10.5,-4.25,-4.75,0.75
4267,1,1,-5,8.5,-5.75,-8.75,-0.75,-7.5,-3,-1,-2.75,-5
4268,4,4,-7,-11.25,-4,-6.75,5.75,-4,-3.25,-6.25,-3.25,-3.75
4269,4,4,-2.25,-8.75,-1,-8,5.75,-7,0.25,-6,-5.25,-5
4270,3,3,-8,-10.25,-1.5,6,-9,-2.75,-16,-6,-2.25,-4.5
4271,5,3,-2.75,-7.75,-4.5,4,-6.75,1.75,-10,-7.5,-2.75,-1.5
4272,9,9,-9.5,-10.25,-9.25,-4,-0.5,-2.75,-11.5,-2.75,-4.5,5.25
4273,1,1,-4.75,6.75,-3.75,-5,-0.75,-6.25,-4.75,1,-3.25,-2.5
4274,2,2,-3,-1.75,10,0.75,-9.75,-16.25,-11.75,-2.25,0.5,-10.75
4275,2,2,-8,-4.75,10.25,-1.5,-6.25,-17.5,-14.75,-1.25,0,-11.25
4276,3,3,-5.75,-9.75,-5.75,5.75,-8,1,-15,-7.25,-3.5,1.25
4277,3,3,-1.75,-7.75,1,5,-10.75,-1.25,-10.75,-8.5,-4.5,-5.25
4278,0,0,12.25,-11.75,-3.5,-9,-10.75,-3.5,-1.25,-5,-3.25,-2.75
4279,2,2,-6.75,-9.75,9,-0.5,-2,-18,-13.5,-4,-3.75,-9.75
4280,9,9,-9.75,-5.25,-9,-4.5,0.75,-3.75,-12.75,-3.75,-2.5,4
4281,0,0,8.25,-5.75,-1.5,-6.75,-4.5,-9.5,0.25,-3,-4.75,-0.5
4282,0,0,11.25,-10.5,-3,-9.25,-9.5,-5.75,-1.5,-1.75,-5,-5
4283,9,9,-1.75,-12.5,-2.5,-5.5,-3.75,-4.75,-8.25,1,-3.25,7.5
4284,9,3,-8,-6.25,-7,0,-2.25,-1,-9.5,-6,-3.5,-0.25
4285,6,6,-0.5,-9.25,-6.25,-7,-4,-1,8.5,-19.25,-4.75,-8.75
4286,0,0,6.25,-10.5,0,-1.25,-10.25,-0.5,-5.5,-9.25,-6.5,-3.75
4287,9,9,-2.25,-12.75,-3,-7.75,-0.5,-8.5,-9.25,-0.25,-4,6
4288,3,3,-6.25,-12.75,-2.75,11,-11,-4,-24,-7.25,-3.5,-0.5
4289,2,7,-0.75,-7.25,3.75,-0.25,-6.75,-11,-11.75,5.5,-0.25,-3.25
4290,8,8,-5.75,-9,-4,-4,-7.25,-1,-4.25,-7.5,4,-5.75
4291,4,4,-5,-6.75,-2.5,-4.75,5,-7.5,-10,-1.75,-6,-0.75
4292,1,1,-4.25,8,-3.75,-7,-2.25,-6.5,-2.25,-2,-1.75,-4.5
4293,9,9,-6.25,-10.5,-7,-6.25,2,-9.5,-13.5,-0.25,-4.25,8
4294,9,9,-2,-15,-9.75,-4,-5,1.5,-7,0,-5.5,3.75
4295,7,7,-5.25,-0.25,0.25,0.5,-5.75,-8.5,-15.75,9,-3,0.5
4296,2,2,-2.5,-5.25,8.75,-2,-3.75,-14,-6.75,-4.25,-3.5,-8
4297,7,7,-6,-0.5,-0.5,-1.25,-8.75,-10,-18,7.25,-1,-1
4298,9,9,-7.5,-16,-6.75,-4.25,-3.75,-1.25,-12,-0.75,-3.25,9.25
4299,9,9,-5.5,-4,-5.5,-5.25,0,-9.5,-11.5,2,-2.25,4.75
4300,5,5,-4,-5.5,-7.25,-3,-5.75,1.5,0,-9.5,-1.75,-2.25
4301,9,9,1,-13.75,-3.75,-3.5,-5.5,-1.75,-5.5,-1.25,-5,4.5
4302,5,5,-9.25,-8.75,-9.5,-2.75,-6.25,5.5,-8.5,-6.25,-5.5,-0.5
4303,1,1,-4.5,6.25,-4.5,-7.5,-1,-5.25,-2.75,-1.5,-2.5,-5.75
4304,1,1,-5,7,-3.25,-5,-1,-6,-4.5,0,-3,-3.5
4305,8,8,-0.75,-11,0.75,-6.75,-8.25,-10.25,-6,-4.75,5.25,-2.5
4306,3,7,-5.75,-6,-4,1.5,-10,-3.25,-14,4.75,-1,-1.5
4307,5,5,-8,-12,-11,-1.25,-9,9.5,-7.25,-11,-2.75,-1.5
4308,1,1,-3.25,4.75,-5.5,-7,-2.75,-2.75,-0.25,-4.25,-0.75,-5.25
4309,9,9,-7.5,-9.25,-9,-4,0.75,-3.75,-11,-3,-4.75,4.75
4310,5,5,-4.25,-6.5,-11,-6.75,-7.5,4.25,-7.25,0.75,-1.75,-2.75
4311,3,3,-7,-6,-5.75,4.75,-7.5,1.75,-13.5,-11,-4,-1.5
4312,5,5,-6,-5,-10.25,-3,-8.25,7,-5.5,-7.25,-3.5,-1.5
4313,4,4,-10.25,-2,-8.25,-3.75,1.5,-4,-10.5,0.75,-4.25,-1.75
4314,9,9,-7,-3,-5.5,-3.75,0.25,-7.75,-13,1.5,-1.25,2.75
4315,5,5,-9.5,-18.5,-9.5,-4,-2.5,2.25,-2,-15.25,0.75,-1
4316,9,9,-6.75,-4,-5.5,-2,-0.75,-3.5,-10.25,-0.75,-2,4
4317,3,3,-4.75,-11.5,-8,4,-9.5,1.75,-15.5,-3,-4.5,-0.75
4318,1,1,-3,5,-2.25,-5.25,-1.5,-4.75,-1.5,-2.5,-1.75,-4.75
4319,9,9,-10,-11.75,-10.25,-4.75,1.25,-5.75,-17,-1.5,-5.5,8
4320,0,0,10,-9,-2.25,-10.25,-6.5,-7,2,-5,-6.5,-6.25
4321,9,9,-5.75,-12,-8.5,-1.5,-1,-5.25,-16.5,-4.25,-3,6.25
4322,7,7,-4.25,-6,-0.5,-0.5,-6.75,-10.75,-19.75,13.25,-4.25,1.75
4323,5,5,-5.5,-6.5,-7.25,-1.25,-6.75,4,-6.25,-3.75,-2,-1.5
4324,4,4,-11.5,-7.25,-7.75,-4.5,5.75,-5.5,-13.5,-3.25,-5.25,-1
4325,9,9,-10.5,-5.5,-9.5,-3.75,-3,-3.75,-15.25,0,-2.75,3.25
4326,2,2,-2,-7.5,6,-0.75,-1.75,-15.75,-9.75,-0.75,-2.75,-5.75
4327,0,0,5,-12,-2.5,0.25,-13.75,1.75,-8.75,-6,-4.75,-3.5
4328,1,1,-5,8,-4,-7,-2.25,-6.25,-2.25,-3.25,-2,-5
4329,0,0,9.25,-9,-1.25,-5.25,-7.5,-3,-0.5,-6.5,-4.25,-3
4330,5,5,-7.75,-10.5,-6.5,-4.5,-8.5,6,-0.75,-15.75,1.5,-5
4331,1,1,-4.75,6.75,-2.25,-3.75,-1.75,-5.5,-4.75,0,-3,-3.25
4332,4,4,-6.5,-0.75,-7.25,-8.25,6.5,-9,-8.25,-1,-5.25,-0.25
4333,9,9,-8.5,-8.5,-12,-6,-1,-2.75,-9.75,-4.25,-5.25,5
4334,3,3,-5,-13.5,-4.75,8,-9.5,0.75,-16,-12.25,-4.25,-2.5
4335,3,3,-8.25,-7.5,-3.5,5,-6,-2.75,-17.5,-3,-2.75,1.5
4336,6,6,-0.75,-4.25,-3.25,-4.75,-1,-2.75,6.75,-9,-2.75,-5
4337,1,1,-6,6.75,-3.75,-5.5,-3,-6.25,-3,-4.75,-2.25,-5.75
4338,5,5,-6.75,-16,-8.5,-0.75,-8,8,-2,-18.5,-0.5,-3
4339,2,2,-2,-1.75,10.75,0.5,-12,-14.5,-13.75,1.75,-0.5,-7
4340,5,5,-6,-11.75,-8.5,1.25,-8,8.5,-5.75,-11.75,-3.5,0.25
4341,2,2,-3.75,-8.75,5.5,3,-3.25,-11.5,-13.75,-2.5,-1.75,-7.5
4342,2,2,-5,-3,7.25,0,-5,-13.75,-12.75,1,-2.25,-5
4343,0,0,8,-9.5,-2.25,-5.5,-8,-5.5,-4.25,-5,-0.25,-5.5
4344,9,4,-5.25,-8.75,-1.5,-3,0.5,-3,-5.25,-4.25,-2.75,0.5
4345,2,2,-3,-9,9,-5,-2.5,-14.75,-7,-4.25,-4,-10.5
4346,6,6,-3.25,-6,-3.25,-8,0.75,-2,9.5,-12.75,-3.25,-8.5
4347,6,6,-2,-5.75,-3.25,-8.25,0.5,-3.25,9.5,-12.25,-3,-8.75
4348,0,0,10,-9,-3,-10,-9.25,-3.5,2.25,-8.75,-4.75,-13
4349,1,1,-6.25,6.25,-5,-6.25,-2.5,-8.25,-4.25,-3.5,-4,-5
4350,2,2,-7.25,-0.25,3.75,-0.5,-8.75,-8.25,-11.5,-5.5,2,-11.5
4351,0,0,10.25,-9.25,-3.5,-8.25,-10.5,-1.25,-0.75,-6.5,-3,-6.5
4352,3,3,-5.75,-9,-1.75,8.75,-8.75,-5.75,-22,-3.25,-3,1.75
4353,0,0,7.25,-6.5,-0.25,-6.25,-5.75,-8.75,-1.25,-3,-1.25,-2
4354,2,2,-2,-2.25,7.75,1,-8,-14.25,-11,0.25,-1.5,-6.25
4355,5,5,-6.75,-13.25,-10,-1.75,-4.25,1.25,-9.75,-9.5,-1,0.5
4356,5,5,-7.75,-10.75,-8.25,-4.5,-6.5,3.5,-3,-11.75,0.25,-2.25
4357,7,7,-6.5,-6.75,-4,-0.5,-5.5,-5,-19,12.5,-5.75,3
4358,9,9,-7.75,-4,-5.25,-1.25,-2.5,-6.5,-15.25,1.75,-3.25,3.5
4359,5,9,-4.25,-6,-5.75,-0.5,-7,0.5,-12.25,0.25,-3.5,1.25
4360,5,3,-7.75,-8.25,-9.25,2.25,-6,2.25,-14.75,-16.25,-3,-3.25
4361,0,0,7.75,-6.75,-0.75,-6.25,-6.25,-7,0,-5.25,-1.25,-3.25
4362,8,8,-4.5,-8.25,-1.75,-2.75,-6.75,-4.5,-4.5,-8.5,4,-6.75
4363,9,9,-8.5,-16,-9.25,-6,-3.75,2,-6.75,-5.75,-2,6
4364,5,5,-5.25,-18.5,-10.5,-0.25,-9.5,8.25,-9,-10.5,-2,-0.75
4365,0,0,8.75,-6,-0.75,-7.5,-4,-12.25,-4.5,-2,-4,-1
4366,3,3,-5.5,-10.5,-2.75,10.25,-9.5,-4,-20.25,-5.5,-3,-0.75
4367,2,2,-5,1.75,9.5,-3.75,-4.25,-12.75,-5.25,-4.75,-4.5,-14.75
4368,5,5,-4.25,-11.25,-6.75,-1.75,-4.5,4.75,-1,-10,-0.75,-1.5
4369,9,4,-7,-2.25,-5.5,-3.75,1,-3.75,-8.5,-1,-1.5,1
4370,0,0,6.25,-1,-2.5,-8.25,-2.75,-8.25,1.5,-4.5,-2.25,-4.25
4371,8,8,-4.25,-0.75,-5.25,-4.75,-6.75,-5.5,-8.25,-5.75,3.25,-4
4372,8,8,-6.5,-10.25,-0.25,-1.25,-7,-8.25,-11.75,-3.75,5,-3.75
4373,4,4,-8.75,-5,-7,-8.25,4.75,-9,-7,-4.25,-3.25,-4
4374,5,5,1.5,-20.25,-4.25,-1.5,-8.25,2.5,-2,-10.75,-5.25,1.75
4375,8,8,-4.75,-5.75,-3.75,-3.75,-6.25,-2.75,-4.25,-10.5,5.25,-7.25
4376,8,8,-9,-13.5,-4.5,-2.75,-3.25,-5.25,-10.5,-6,4.5,-3.25
4377,4,4,-9.5,-5,-11,-10,7.25,-6,-7.75,-4,-3.75,1
4378,5,5,-10.5,-19,-13,-0.25,-10.5,13.5,-7.75,-17.75,-1.75,0.25
4379,4,4,-8,-5.75,-8.5,-9,6.75,-9.5,-11.5,-2,-6.25,0.25
4380,8,5,-8.25,-12.75,-9.25,-5.25,-4.25,3.75,-1,-11.5,2.25,-2.5
4381,5,5,-12.25,-24.5,-14.25,-0.25,-11,11.75,-10.75,-23,0.25,-0.25
4382,4,4,-11.25,-8.5,-10.75,-7,3.5,-4.75,-8.25,-6.5,-4.5,1.25
4383,9,9,-7.25,-12.75,-8.5,-4.75,-0.5,-1.5,-9.75,-3,-3,6
4384,2,2,-4.5,0.75,5.5,-1.75,-2.75,-10.75,-7.5,-3.25,-2,-12.5
4385,2,2,-2.75,-2.75,8.75,1.75,-10,-15,-13.5,-0.5,0.5,-8.25
4386,1,1,-4.75,7,-6.75,-8.5,-3.5,-4.75,-1.25,-3,-2,-3.25
4387,2,2,-5.75,2.25,6.75,-1.25,-3.25,-13.75,-11,-2.25,-4.5,-10
4388,6,6,-2.5,-11.25,-4.75,-5.75,-0.5,-1.25,7.75,-13,-3.5,-5.5
4389,8,8,-6.25,-1.25,-4.25,-5.5,-4.25,-3.75,-3,-5,1.5,-5
4390,8,8,-2.75,-10.75,0.5,-4.25,-7,-11.25,-9,-4.25,5,-4.5
4391,7,7,-2.25,-6,-7,-9.75,-2,-5,-9,7.75,-5,3
4392,0,0,12.75,-11.5,-1.5,-8.25,-11.5,-3.75,-1.75,-7.25,-7.75,-3.25
4393,3,3,-4.75,-5.25,-3.25,6,-9.75,0,-12.75,-10.25,-6.25,-3
4394,6,6,-2,-6,-3.25,-8.75,1.5,-4.5,7.75,-9.5,-3.75,-4.5
4395,6,6,1,-8.5,-4.75,-9.5,-1,-2.75,8.25,-12,-4.75,-6.5
4396,4,4,-5.75,-2.25,-8.5,-11.5,6,-10,-5.25,-4.25,-3.25,0.5
4397,3,3,-2,-11.5,-0.25,4.5,-4.75,-4.75,-8.25,-8.25,-3.25,-7
4398,8,8,-5.5,-8.25,0.5,0.25,-10.25,-8.5,-18.75,0.5,5,-2.5
4399,8,8,-1.75,-14.25,-6,-3.75,-5.5,-3.25,-2.5,-11.25,4,-1
4400,7,7,-10.5,1.25,-4,-2,-2,-6.25,-14.25,4.5,-5,-3.25
4401,2,2,-4,-1.75,5.75,1,-6,-11.25,-12.25,1.75,-3.25,-3.5
4402,2,2,-4.5,1.5,11.75,-1.75,-9.5,-15.25,-11.75,0,-3,-9.75
4403,0,0,5.75,-14.75,0.75,-6.25,-9,-0.5,-0.75,-8.25,-6.5,-1
4404,0,0,10.5,-11.25,-0.5,-6.75,-7.75,-5.75,-0.75,-6,-2,-4.5
4405,9,9,-10.5,-5.75,-7.5,-3.5,1.25,-5.5,-12.5,-1.75,-3.75,3.25
4406,3,3,-8.5,-15,-0.25,13,-14,-6.5,-27.5,-7.25,-2.5,-2
4407,9,9,-8,-8.25,-7,-2.5,-1,-4.5,-14.25,0.25,-1.25,6
4408,9,9,-0.25,-10.25,-2.75,-7.25,0.25,-8.5,-8.5,1.25,-5.25,5.25
4409,1,1,-4,6.25,-3.5,-6.5,-2,-6.25,-2.25,-2.25,-1.75,-4.75
4410,9,9,-7.5,-8.75,-5.5,-3.5,-0.75,-8.75,-14.25,0.25,-0.25,5.75
4411,8,8,-6.25,-8.75,-3.5,-2,-8.5,-2.25,-8,-4.5,4.25,-3.75
4412,6,6,-1,-2.25,-3.75,-6.5,-0.5,-4,6.25,-9.75,-4,-5
4413,6,6,-3,0.5,-7,-8.75,-1.25,-4.25,4.75,-11.75,-3.5,-6
4414,4,4,-9.5,-7.75,-10.25,-11,9.25,-7.75,-8,-3,-4.75,-1
4415,2,2,3,-7.75,7.75,-3.25,-8.25,-12,-7.75,-5,-4.75,-4
4416,6,6,1.25,-4.75,-3,-6.25,-2.25,-1,7.5,-9.5,-3.25,-6
4417,9,9,-8,-12,-9.75,-4.75,-0.5,-4.75,-14.75,-2.5,-3.5,8.5
4418,2,2,-0.25,-9,10.5,-0.25,-10.25,-16,-13.5,1.25,-2,-4
4419,8,8,-9,-5.75,-8.75,-6.75,0.5,-4,-5.5,-5.25,1.5,-6.75
4420,5,5,-2.25,-15,-10,-1,-9.25,6.5,-5.75,-11.25,-2.75,0
4421,4,4,-4,-7.75,-3.75,-8.25,5.75,-7,-5.75,-4.5,-5.5,-1.75
4422,5,5,-6.75,-15,-9,1.5,-8.5,5.75,-7.75,-11.25,-2,0.75
4423,7,7,-7.75,-5,-2.25,-1.75,-3,-11,-14.75,5.25,-1.75,-2
4424,9,9,-7.25,-7.25,-4.5,-2.25,0,-6,-11.75,-1.25,-2,4.25
4425,9,9,-9.5,-11.25,-10.25,-5.5,1.75,-4.25,-10.25,-7.75,-2.5,4.5
4426,9,9,-7.25,-3,-8.25,-5.75,0.5,-4,-7.5,-3,-2.25,3.75
4427,2,2,-2.75,-1.5,8.5,0.5,-12.25,-13,-13.75,1.75,1,-5.5
4428,1,1,-3.5,6,-4,-6.5,-2,-4.5,-0.75,-2.25,-1.75,-3.5
4429,8,8,-7,-12.75,-8.75,-7,-7.5,2,-1.25,-11.25,4.25,-3.75
4430,3,3,-7.5,-14.5,-2,9,-8.25,-3.75,-20.25,-9.75,-2.25,-3
4431,4,4,-12,-5.75,-11,-5,5,-3.5,-12.75,-4.25,-4.5,-0.5
4432,0,0,6.75,-5.25,-1.25,-5,-4.75,-6.5,-3,-3.5,-1.25,-3.25
4433,7,7,-7.5,-8,0.5,0,-2.5,-10.75,-11.75,2.5,-5.25,-7
4434,8,8,-9.5,-11.75,-5.5,-3.75,-4.75,-4.25,-8.5,-6.75,3.25,-4
4435,3,7,-7.5,-3,0,2.75,-7.25,-8.25,-15.25,3.75,-2.25,-0.75
4436,9,9,-8.25,-11.5,-7.25,-3.5,-1.5,-6.75,-17.25,0.25,-2.75,8
4437,3,3,-3.5,-5,1.5,6,-7.75,-6.5,-17,-3.25,-2.75,-0.75
4438,4,4,-4,-10,-5.25,-4.75,1.75,-4.5,-1.5,-8,-4,-1.75
4439,6,6,1.75,-6.5,-3,-7.75,-0.5,-4.25,4.25,-6,-2.75,-4.5
4440,5,5,-8.25,-18.5,-12.25,0.5,-10,8.5,-12,-10.25,-2.25,3
4441,6,6,1,-7.75,-4,-8.5,0.25,-3.5,7.75,-9.75,-4.25,-4
4442,2,2,-6.25,0.25,8.25,-0.25,-3.5,-15.25,-11.5,-2.75,-4.5,-10.5
4443,3,3,-2.25,-1.75,2,3.5,-6.5,-5.25,-10.75,-1.5,-1.5,-1.25
4444,9,9,-7.75,-11,-6.75,-4.75,2,-6.5,-12,-1.75,-3,4.75
4445,2,2,-4.5,-5.75,8.25,-1,-4,-12.5,-7.5,-3.75,-4.25,-8.25
4446,6,6,-3.25,-6.75,-4,-7.5,1,-2,7.5,-10.75,-2.75,-3.75
4447,0,0,8.75,-7.25,0,-6.5,-4.75,-13.5,-3.25,-0.5,-3.75,-1.5
4448,0,0,10.75,-10,-1,-6,-10,-6.25,-3.25,-3.5,-4,-3
4449,6,0,3.75,-7.75,-5,-8.5,-4.25,-2,3.75,-6.25,0.5,-6.5
4450,1,1,-4.75,6.25,-4.5,-5.5,-2.25,-4,-2.75,-1.75,-2.25,-2.5
4451,2,2,-3.25,-2.75,3.25,-0.75,-5.5,-6,-8,-0.75,1.75,-3.25
4452,8,8,-6,-6.25,-2.75,-0.5,-4,-2.75,-4.25,-8.5,3.25,-6
4453,7,7,-6.5,0.75,-2.25,-3.25,-5,-8.25,-15.25,8.5,-1.5,0.5
4454,9,9,-9.5,-3.5,-4,-2.75,-3.5,-4,-11.5,-2.75,-2,0
4455,8,8,3.5,-16.5,-3,-9.5,-5.25,-9,-1.75,-4.5,3.75,-0.25
4456,2,2,-2.25,-2.75,11.25,0.5,-11.25,-16.75,-13,-0.75,1,-10.5
4457,0,0,10.25,-12.75,-0.5,-8,-8,-10.75,-2.25,1,-2.5,-1.25
4458,4,4,-9.25,-5.5,-7.75,-7.25,7.5,-8.75,-13.75,-3.25,-7.5,-0.75
4459,7,7,-4.75,-4.5,1,1.5,-8.25,-10.5,-19.75,12.25,-3.5,1.25
4460,7,7,-5.5,-3.25,0.75,1.75,-7.5,-8.75,-16.75,7.75,-3,1.25
4461,5,5,-6.75,-8.75,-9.75,-0.75,-8.5,6.5,-11,-6.25,-2.5,0.5
4462,0,0,12.25,-13.5,-2,-7.75,-9.75,-3.5,0.25,-7.75,-5.75,-3.5
4463,5,5,-4.75,-16,-7.25,-2.75,-7.5,7,-2,-11.25,-1.25,-0.25
4464,6,6,1,-6.75,-3.5,-9,-1.25,-2.25,9.5,-11.5,-3.75,-5.25
4465,4,4,-7.5,-10.25,-6.25,-6.75,6.25,-6.5,-8.25,-2,-6.25,-1.75
4466,6,6,-2.75,-5.5,-5.25,-5,-1.75,-1,7.5,-11.25,-1.75,-6.5
4467,7,7,-10.5,-3.5,-6.5,-5.75,-4.5,-6.25,-17.25,8.5,-1.5,1
4468,4,4,-8,-2.5,-8.25,-10.5,8.75,-12.25,-9.5,-0.75,-5.5,-3
4469,3,3,-4,-4,0.5,3.75,-9,-5.75,-13.5,-4.5,-2,-2
4470,0,0,9.75,-8,-2.75,-8.25,-5.5,-11.75,-3.25,-1,-3.25,-2.25
4471,7,7,-2.5,-4.75,3.5,1.25,-7,-15.5,-19.75,11,-2.5,-0.5
4472,5,5,-6,-11.5,-9.25,-5.5,-8.25,8.5,-0.5,-11.75,1.25,-3.5
4473,0,0,8.25,-5,-0.75,-6.75,-6,-8.75,0.25,-4.25,-2,-2.75
4474,7,7,-5.25,-4.25,1,1.75,-8.25,-12.75,-24,15,-5.75,2.25
4475,4,4,-12.5,-10,-12.5,-11.75,8.75,-5.75,-8.75,-6.75,-4.5,1.25
4476,2,2,-3.75,1,7.75,-1.25,-6.5,-12.75,-7.5,-1.75,-2.5,-9
4477,0,6,2.75,1,-3.75,-6.25,-3.25,-4.25,3,-7,-3.25,-5
4478,8,8,-8.25,-7.5,-5.75,-4.5,-3,-3.25,-2.5,-9.25,3.75,-6.5
4479,9,9,-11,-6.5,-9.25,-3.75,-0.5,-3.5,-15.5,1,-5.75,3.25
4480,9,9,-9.75,-19.5,-10,-3.75,-3.25,0.5,-14,-2.25,-0.25,6.25
4481,4,4,-7,-2.75,-3.75,-5.25,3.5,-7.75,-7,-3,-3.5,-2.5
4482,2,2,1.75,-14.25,7.25,3.75,-12.5,-11.75,-18,-2.75,1.25,-3.75
4483,4,4,-10,-3.5,-9.75,-6.75,4,-3.25,-10.25,-2.75,-3.25,-0.25
4484,6,6,1.5,-5.75,-4.5,-9.5,-1,-3,9.75,-11.75,-5,-7.25
4485,7,7,-10.5,-5.25,-4.5,-4,-5.5,-8,-19,11,-0.75,-1.25
4486,8,8,-6.5,-11,-7.75,-5.75,-4.5,-0.75,-1.25,-11.5,4.25,-3.75
4487,7,7,-7.25,-7.25,4.25,2.75,-12.75,-11.5,-22.25,10.5,0.5,-2
4488,6,6,-5.25,-10,-5.5,-7,-1.75,0.5,6.75,-13,-0.5,-5.5
4489,9,9,-8.5,-12.75,-5.25,3.5,-3.5,-3.75,-20.5,-6.5,-1.25,4.5
4490,4,4,-6,-6.75,-7.75,-12,9,-9,-5.5,-3.75,-6.5,-2.25
4491,1,1,-6.25,5.5,-1.5,-4.5,-1.75,-5.25,-4.75,-2.5,-2.5,-5.25
4492,3,3,-7.75,-7.25,-2.5,4.5,-6.5,-5,-15.75,-3.5,-2.25,-2.25
4493,7,7,-5.5,-1,0.75,0.5,-5.5,-10,-16.5,9.25,-2.25,0.25
4494,3,3,-4.75,-6,-4.25,2,-4.5,-1.25,-8,-11.5,-6,-4.25
4495,0,0,11.25,-6.5,-2,-9.75,-6.25,-10.5,-1.25,-4.25,-3,-5.5
4496,8,8,-6.25,-7,-1.5,-2,-5.5,-4.5,-7.25,-6,3,-4.25
4497,8,7,-11.75,-5.75,-2.75,-1.5,-5.75,-9,-17,4.75,-1,-4.75
4498,7,7,-8.25,-8.25,-1,-0.5,-2.5,-12.25,-11.75,1,-0.75,-5
4499,6,6,3,-6,-4.75,-8,-3.25,-3.5,6,-6.75,-2,-4.25
4500,9,1,-7.25,3.5,-3.5,-3.25,-2.25,-5.25,-7.75,-2.25,-2.25,-2
4501,3,3,-6.25,-9.5,-4,9.75,-9.25,-1,-21.5,-12,-7.5,-2.5
4502,9,9,-11.5,-12,-9.75,-2.75,-1.25,-3.75,-17.5,-2.25,-4.5,7.5
4503,2,2,-3.25,2,8.25,-1.5,-10.75,-13.25,-9.5,0.5,-3.25,-8
4504,2,2,-5,-2.75,5.75,-2.5,-6,-8.75,-11.25,2.25,-5,-5
4505,9,4,-10.25,-15.5,-10.25,-2.75,0.5,-2.5,-10.5,-6.25,-3.5,0
4506,2,2,1.5,-7.5,6.75,-0.25,-7.75,-12.25,-12.5,1.25,-2.5,-5.25
4507,1,1,-6.25,3,-1.75,-3.5,-0.5,-10.25,-12.5,0.25,-3.75,-2.25
4508,8,8,-7,-10.75,0.25,0.5,-11,-5.25,-13.5,-2.5,4.75,-3.75
4509,3,3,-6,-5.25,2.5,5.75,-9.5,-9.5,-16.75,-0.75,-1.5,-2
4510,2,2,-3.25,0.5,8.75,-3.5,-8.5,-12.5,-11.75,-1.75,-5.5,-9.5
4511,9,9,-5.5,-6.75,-2.75,-4,2.5,-9.25,-13.5,-1.75,-5.25,2.75
4512,6,6,-2,-2.25,-2,-7.25,-1.25,-2.75,8.75,-11.5,-4.5,-9
4513,8,8,-5.75,-7.25,-6.25,-6.25,-8.5,-1.25,-3.75,-7,2.75,-3.25
4514,4,4,-10,-5.5,-10,-9.5,6.5,-8.75,-12.5,-2.5,-2,1.75
4515,0,0,8,-10.25,-0.75,-8,-5,-14,-3.75,1,-2.5,0.25
4516,1,1,-4.75,7.25,-5,-6.5,-3,-4,-0.5,-4.75,-2.75,-4
4517,2,2,-1.25,-11,12.5,-0.5,-5.5,-22,-14,-2.25,-4,-11.5
4518,8,8,-6.5,-13.25,-4.25,-2.25,-7.75,-6,-10.75,-8.5,7.25,-3.5
4519,4,4,-8.5,-3.75,-8.75,-7.5,6.75,-9,-10.25,-1,-5,-0.25
4520,5,5,-10,-16.75,-14.5,-4.25,-10.5,11.75,-10.5,-9.25,-1.25,1.5
4521,2,2,-5,-1.75,7.75,-0.5,-7.5,-14.25,-14.25,6,-5.75,-3
4522,7,7,-7.25,-3.5,-2.5,-0.25,-5.5,-8.5,-21.25,13.5,-5.25,2.5
4523,8,8,-4.75,-1,-6.5,-4,-8,-4,-11.5,-0.25,0.75,-4.25
4524,1,1,-5.5,7.5,-6.5,-8.75,-1.5,-7.25,-3.75,-1,-2.75,-3.5
4525,1,1,-6.25,8.25,-5.5,-7,-1.25,-6.75,-5,-1,-3.75,-3.25
4526,3,3,-7,-10,1.5,8.25,-9.5,-6,-17.75,-6.75,-1,-2.5
4527,0,0,10,-8,-2.25,-8.5,-9,-4.75,-0.75,-2.5,-2.75,-3.5
4528,3,3,-9.75,-15.75,-8.75,7.5,-12,5.25,-18.5,-16.25,-1.5,-3.5
4529,5,5,-6.75,-13.25,-10.75,-1.25,-8.75,9.75,-8,-9.75,-3,-0.75
4530,7,7,-7,-4.25,-4.75,-1.5,-5.5,-2.25,-14.5,9.75,-4.75,2.25
4531,0,0,8.75,-9,0,-5.25,-6.75,-6,-2.25,-2.5,-0.75,-2
4532,3,3,-7.75,-9.75,-4.5,10,-10.5,-1.75,-23.25,-7.75,-5.5,-1.75
4533,1,1,-4.25,6.25,-2.75,-4.75,-1,-5,-3,-1,-2.75,-3.25
4534,9,9,-4,-12,-4,-4.5,-3.25,-9.75,-14.75,3,-1.5,6.25
4535,3,3,-7.25,-12.25,-4,10,-10,-3.5,-24,-4.25,-3.75,1.25
4536,6,6,-3.5,-16.75,-8,-7.5,-6.5,3.75,4,-14.5,-0.25,-2.5
4537,3,3,-5.5,-10.5,-3,9.25,-10.75,-2.25,-19.25,-9.5,-2.5,-1.75
4538,1,1,-7.5,5,-3.5,-4.5,-2,-7.25,-7.75,-0.25,-3.25,-4
4539,7,7,-8.75,-5.5,-2,-0.5,-5.75,-11.75,-21.25,12.25,-2,0.25
4540,7,7,-7,-8,0.75,0,-8.5,-13,-21.5,7.5,0.75,-0.25
4541,3,3,-9.25,-12.25,-4.25,8.25,-11.5,-4.25,-22.5,-1.25,-4,-1.25
4542,0,0,11.75,-9,-1,-10,-8.5,-7.5,0.75,-6,-4.5,-6.75
4543,8,8,-7.25,-9.5,-0.25,0.5,-6.25,-7.5,-11.25,-3.75,3.75,-5.5
4544,4,4,-5.25,-4.25,-7.75,-10.25,6.5,-9.25,-4.25,-5.75,-6,-1.25
4545,8,8,-4.75,-4.5,-0.75,-0.75,-6.75,-6.75,-10.5,-1,2.5,-1.75
4546,2,2,-3.5,-2,6.5,-1.75,-7.5,-9.25,-6.75,-3.25,1.25,-8
4547,6,6,-2.25,-11.5,-4,-10,2.5,-3.25,8.25,-10.5,-4.5,-5.5
4548,5,5,-2,-6.25,-4,-4.25,-6.25,3.5,-0.75,-13.25,-4,-12.25
4549,2,2,-4.75,0.5,9.75,-1.5,-7,-15.5,-11,2.75,-4.25,-7
4550,9,9,-7.75,-12.5,-6.5,-4.25,0,-8.5,-15.75,1,-3,7.25
4551,7,7,-5.25,0.25,-8.5,-8.5,0.25,-3.25,-6.25,3.75,-2.5,-3.75
4552,3,3,-4.75,-15.25,-6.25,6,-8.5,-0.25,-16,-10,-2,-2.5
4553,9,9,-5.75,-16.75,-6,-1.5,-1.75,-6.75,-18.25,-0.25,-2.75,9.5
4554,0,0,11,-12.25,0.25,-5.25,-10,-5.75,-2.5,-5,-7.5,-1.75
4555,9,9,-12,-12.25,-10.25,-3.5,1,-2.75,-13,-6.75,-2.25,4
4556,9,9,-8,-6.75,-6.25,-2,-0.75,-1.75,-10.25,-3,-2,3.75
4557,6,6,1,-7.5,-4.75,-6.75,-1.5,-2.75,9.25,-11.5,-2.5,-6.75
4558,4,4,-4,-10.25,-6,-11.5,6.5,-10,-0.25,-8.5,-3,-3.25
4559,2,2,-2.75,-6.25,11.75,-0.25,-7.25,-20.75,-15.25,2.5,-2,-9
4560,9,9,-4,-11.75,-2.75,-5,-2,-6.75,-11,-1,-4.5,7.5
4561,7,7,-3.25,-2.25,-1.5,-1.25,-5,-6,-9.75,5.25,-2.25,1.5
4562,2,2,3,-9.5,9.25,-4.25,-9,-13.75,-8.5,-2.5,-2,-10
4563,1,1,-5.25,6,-1.5,-5.25,0,-8.75,-7.25,1.75,-4.5,-3.75
4564,1,1,-4.25,7.25,-6.5,-9.5,-2.25,-5.5,0.5,-5.25,-2.25,-6
4565,6,6,-3.75,-4.5,-4.5,-4.25,-1.25,-1.5,5,-11.25,-2.75,-6.25
4566,7,7,-7.25,-2.5,-0.5,-1.25,-2.25,-10.5,-10.25,6.75,-3.5,-4.5
4567,4,4,-10.25,-5.25,-8.75,-5.25,3.25,-4.75,-12,-2.25,-2.75,3
4568,7,7,-2,-2.75,2.25,0.5,-6.75,-9.75,-13.5,8,-2.75,0.75
4569,5,5,-9,-20.5,-9.25,-2.75,-7.75,7.5,-3.75,-17.25,0.5,-1.75
4570,9,9,-5.25,-12.5,-6,-5.5,-0.25,-6.5,-10,-3.5,-0.5,6
4571,6,2,2,-12.5,3.75,-3.75,-6.5,-8.5,-1,-9.5,-3.75,-3
4572,8,8,-6.25,-15.5,-4,-4.25,-2.75,-8.75,-13,-13,3.75,-4.5
4573,2,2,1,-5.75,9.25,2.75,-11,-14.75,-16.25,3.25,-2.5,-2
4574,1,1,-5.25,6.5,-4.75,-8.25,-3,-7,-1.25,-4.75,-2,-5.5
4575,4,2,-1.5,-4.5,4,-5.5,2,-12,-6,-3.5,-6.5,-6
4576,4,4,-8.5,-5.75,-9.25,-9.5,8.75,-9.5,-12.5,-1.25,-5.25,-0.25
4577,5,5,-6.5,-4.25,-8.25,-2.5,-7,5.25,-7.75,-2.25,-4.25,-1
4578,7,7,-7.25,-3.5,-4.25,-3,-2.75,-5.5,-12.5,3,-4.75,2.5
4579,6,6,-5.5,-5.75,-2,-6.25,-2.5,-1.25,6.75,-12.5,-0.5,-9.5
4580,1,1,-5.5,8.5,-6.5,-9,-1,-7,-5,-0.25,-3,-4.75
4581,3,3,-8,-10,-3.5,10.5,-10.5,-4,-21.5,-9.75,-3,-3.5
4582,2,2,-5,-2.5,7,-1.5,-3.75,-12,-9,-3.25,-0.25,-7
4583,5,5,-7,-6,-6.75,-5.25,-7.25,4.25,-5,-3,-2.75,-2.5
4584,9,9,-0.25,-8.25,-1.75,-5.25,-0.25,-9.75,-9.75,1,-4,5.75
4585,9,9,-6.25,-9.25,-6.25,-7.75,2.75,-6,-7.25,-5.25,-4.5,4.5
4586,3,3,-5,-9.25,-3.5,8,-9,-0.5,-17,-8,-3.5,-0.25
4587,6,6,-2.25,-11.75,-4.5,-9.5,0,-2.75,12.5,-15.75,-4.5,-6.25
4588,1,1,-6.75,8.5,-2.5,-5.5,-2.75,-7,-5,-2,-3.25,-6.5
4589,1,1,-4,6.25,-5,-7.75,-1.5,-4.75,-1.25,-2.25,-2.5,-5.5
4590,4,4,-7.75,-1.75,-8.25,-8.5,7.75,-9.25,-10,-1.75,-5.5,-0.5
4591,6,6,-0.75,-8.75,-2.75,-8.25,0.5,-4,10,-13.75,-7.25,-6.5
4592,9,9,-2.75,-16.75,-6.25,-8,1,-9.25,-17,1.75,-4.25,10.5
4593,7,7,-5.5,-6.25,-2.75,-0.5,-4.75,-7,-18,11.25,-6.25,3.75
4594,2,2,-0.75,-2.5,7.75,1.75,-9.25,-12.25,-15.25,3,-3.25,-2
4595,1,1,-5.75,7.75,-3.5,-4.75,-4,-8,-5.75,-1.5,-3.25,-4.25
4596,5,5,-12.5,-25.5,-13.75,-1.75,-12,13.25,-8.5,-19.75,-0.25,0.5
4597,1,1,-4.75,6.25,-3,-5.75,-1,-6.5,-4.75,0.75,-2.75,-3.25
4598,4,4,-10.25,-6,-8.75,-7.5,6,-6.75,-11,-3.25,-4,0.75
4599,6,6,-2.5,-2.5,-1.75,-5,-0.5,-3.5,5.5,-9,-3.5,-7.75
4600,3,3,-6.75,-12.25,-2,12.25,-11.75,-5.5,-25.25,-6.25,-3.5,0.5
4601,8,4,-11,-10.75,-6.5,-7.25,5.75,-10.5,-10.75,-5.5,2,-7.75
4602,1,1,-5,7.75,-3,-7.5,-1,-8.25,-3.25,-1.25,-3,-5.25
4603,1,1,-6.5,6.5,-4.75,-5,-2.25,-6.5,-6.75,-0.5,-3.25,-2.5
4604,0,0,8.25,-18.25,-3.75,-8.25,-7.25,-3.75,2.5,-5,-5.25,-1
4605,3,3,-7,-7.25,-2.25,5.5,-8.5,-4.75,-16,-6.5,-1.25,-1.75
4606,1,1,-4.75,7,-4,-6.5,-0.25,-6.75,-5.75,0.75,-3.5,-4.75
4607,6,6,-1.5,-5,-4.25,-8.25,-1.25,-3.5,7.75,-14.25,-1,-9.5
4608,8,8,-2.75,-12,-5.75,-4.75,-5.5,-2.75,-2,-15.25,3,-4.25
4609,4,4,-8.25,-2.25,-9.75,-10.25,6.75,-8.25,-6.25,-2,-2.75,-1.25
4610,9,9,-7.25,-12.25,-5.5,-2.75,0.25,-8.25,-17.25,0.75,-2.5,6.75
4611,0,0,13.25,-10.75,-1.5,-8.75,-9,-7,-0.25,-4.75,-6.25,-4.5
4612,7,7,-8.25,-0.75,-3,-2.75,-4.5,-9.5,-18.25,11.25,-2.25,-0.25
4613,3,3,-10.25,-8.75,-4,7,-7,-2.75,-23,-6,-5.25,0.5
4614,0,0,8.25,-13.25,-4,-4.25,-9.75,-1,0,-6,-9.75,-5
4615,2,2,-3.75,-12,4.25,-3.5,4,-16.5,-12,-4.25,-4.25,-8.25
4616,9,9,-6.25,-9.5,-6,-4,0.5,-6,-13.25,2,-5,7.25
4617,0,0,8.5,-13.5,-2.75,-5.25,-8.25,-2,-0.25,-4.5,-7.75,-1
4618,6,6,1.75,-5.5,-1.75,-8.75,-4,-2.25,8.25,-10.75,-1.75,-6.75
4619,6,6,-2.25,-10.25,-6.5,-7.75,-5.25,0.25,6.25,-11,0.75,-5
4620,6,6,2,-1.25,-0.25,-9.75,-4.5,-2.5,8,-10.5,-5.25,-13.75
4621,3,3,-6,-17.5,-2.5,14,-11.25,-3,-23,-11.75,-6.5,-2.25
4622,6,6,0.75,-8.5,-3.25,-3.25,-2.5,-0.25,7.75,-10,-3.25,-5
4623,7,7,-5.25,-6,-3,-2.25,-4.5,-7,-17.5,13,-5,2.5
4624,7,7,-4.5,-1.75,1.5,0.25,-5,-9.25,-14.75,9.5,-3.25,0.25
4625,2,2,-2.75,-3.25,9.25,3,-11.5,-12.75,-14.75,-0.25,0.75,-6.25
4626,8,8,-4.75,-11.75,-2.75,-5.25,-1.5,-9.25,-9,-6.5,3.75,-2.75
4627,6,6,0,-9.75,-4,-12.75,2.25,-4.75,10.75,-11.75,-5.75,-8.25
4628,0,0,11.75,-9.25,-3.5,-9.5,-9.75,-3.25,-1.25,-5,-4.5,-4
4629,8,8,-5.25,-17.5,-1.75,-4.25,-5.75,-6.75,-10.5,-8.5,8,-2.5
4630,3,3,-4.25,-6.25,-2.5,3.5,-4.25,-0.25,-8.75,-6.5,-1.25,-1.25
4631,0,0,12.5,-12.75,-1.5,-10,-9,-8.75,0.25,-3.5,-4.25,-3
4632,2,2,-3.5,-2.25,5,-1.75,-2.75,-11.5,-6.75,-2.5,-4,-9
4633,9,9,-6,-10.25,-6,-4.75,-0.5,-3.75,-10.25,2,-2.75,5.5
4634,8,8,-8,-6.25,-6,-4,-4.75,-2.25,-6.5,-5.5,3,-4
4635,3,3,-7,-7.75,-5.5,7,-10.75,2.75,-14.75,-13,-5.25,-2.25
4636,2,2,-9,-1.5,9.75,-3.5,-2.75,-16.75,-9.75,-3,-3.75,-14.75
4637,5,5,-9.25,-20.5,-11.75,-1.25,-12,13.75,-7.25,-17.5,-0.25,-1.75
4638,3,3,-3.25,-13,-3.5,9.25,-11.25,0.25,-16.5,-10.75,-5.75,-3.5
4639,8,9,-10,-13.25,-8,-2.75,-3.5,-1.5,-13.5,-3.5,0.25,2.5
4640,8,8,-5.75,-4.5,-0.25,-0.75,-7.5,-8.75,-13.25,-0.75,1.75,-2
4641,0,0,9.5,-10.75,-0.5,-6.25,-8.25,-4.75,-1.5,-4.75,-3.25,-4.25
4642,0,0,7.25,-6.25,-0.75,-5.75,-5.75,-4.75,0,-3.5,-0.5,-3.5
4643,1,1,-8.25,5.5,-5.75,-5.25,-2.5,-8.25,-7.5,-3,-3.25,-4.75
4644,9,9,-8,-9.75,-8.25,-4.5,-1.25,-6.25,-14.5,0.25,-1.5,7
4645,5,5,-6.75,-18.25,-11.5,-3.75,-10.75,11,-5.25,-14.25,1.5,-2.5
4646,1,1,-3.5,5.25,-3.25,-4.25,-1,-3.75,-2.25,-1,-2.25,-2.5
4647,3,3,-8.25,-9.5,-3.5,6,-7,-5.25,-18.25,-3.5,-3.75,-1
4648,9,9,-10,-7.5,-7.75,-2.75,-1,-3.75,-15.5,0,-3,5.25
4649,6,6,-2,-3.5,-2.75,-6.25,-1.5,-2.75,7.5,-10.75,-3.75,-6
4650,0,0,9.5,-9.75,-1.5,-6.5,-9.75,-1.5,0.25,-7,-7.5,-3.75
4651,1,1,-5.5,8,-5,-6.25,-1.25,-6.25,-4.75,-0.25,-3.5,-2.75
4652,4,4,-8.25,-5.75,-6.5,-7.75,7.25,-6.25,-7.5,-3,-3.75,-4.5
4653,1,1,-4.5,6.5,-3.75,-5.25,-1.25,-6.5,-4.75,1,-3.25,-2.75
4654,7,7,-7,-7.75,-4,-2.75,-3.25,-9.25,-14.5,10.25,-4.75,-0.5
4655,1,1,-4.5,6,-4,-5.75,-2.25,-3.25,-0.75,-3.5,-1.75,-3
4656,2,2,-9.25,-7.25,8,0.75,-4.5,-16.75,-17.5,3.75,-2.75,-7.25
4657,3,3,-5.25,-6,2.5,5,-10.75,-9,-15.5,0.5,0.75,-3.75
4658,7,7,-5.5,-4,2.5,1,-5.75,-13,-13.5,8,-3.75,-3.25
4659,9,9,-10.75,-12.5,-10.75,-4.25,0,-2.5,-13,-4.75,-4.25,5.75
4660,7,7,-8.25,-8.25,-1.75,1,-5.75,-9,-18.75,6.25,-3.25,1.75
4661,4,4,-9.5,-5,-10.25,-10.75,9,-9,-8.75,-2.25,-6.25,-1
4662,9,9,-12,-11.25,-13.25,-5.25,0,-2,-12.75,-3,-4.75,5.25
4663,9,9,-7.25,-12.75,-7.25,-1.75,-0.5,-6,-16,-2,-3,7
4664,3,3,-7,-10,-3.5,8,-7.5,-2,-17.5,-8.25,-3,-0.5
4665,9,9,-8.75,-6.25,-5.25,-2.5,-0.5,-2.75,-11.5,-3,-1.5,3.25
4666,2,2,-4.25,-0.5,7.25,0.75,-8.5,-12.5,-12.75,-2.25,1.25,-9.75
4667,8,8,-5,-13,-2,-2.25,-9.25,-6.75,-7.75,-10.75,7.25,-9.25
4668,2,2,-5.25,-1,5.25,-4.5,-1,-11.75,-4.75,-4.75,-3.75,-10.5
4669,7,7,-5.5,-2.5,-4.75,-4.75,-3,-6.75,-12.25,8.75,-2.75,2
4670,1,1,-4.75,8,-4.5,-7.75,-2,-6.25,-3.25,0.25,-2.75,-3.25
4671,8,8,-1.25,-17.25,-3.25,-0.5,-8.25,-4.25,-5.5,-12.75,3.75,-3.5
4672,0,0,7.75,-0.75,-2.25,-8.5,-2.5,-12.25,-2.75,-4,-4.75,-4
4673,9,9,-5.75,-12.25,-4.5,-5.5,-0.25,-10.5,-11.75,-1.25,-0.25,7.25
4674,1,1,-3.75,6.25,-1.5,-6.25,-1.5,-7.75,-2.25,-3.25,-2.75,-6.75
4675,0,0,9.25,-9.75,-1.25,-6.25,-8.25,-6,-0.75,-2.75,-1.5,-2.25
4676,1,1,-4.5,5.75,-3.25,-4.25,-1,-4.25,-3.75,0,-3,-2.25
4677,7,7,-6.75,-2.5,2.5,1.25,-8.25,-14,-21.5,12.25,-2,-0.75
4678,7,7,-5.75,-4.25,-1.75,0.5,-5,-8.5,-18.5,11.5,-5.25,2
4679,9,9,-6.75,-13.75,-11.25,-5.5,-3.25,-1,-13.75,0.25,-5.25,7.5
4680,6,6,-2,-8.5,-4.25,-7.5,-1,-1,10.25,-13.5,-4,-5
4681,9,9,-3,-10,-2.75,-7.5,1.5,-8,-5.25,-3.5,-5.75,3
4682,9,9,-10.5,-9,-6.25,-1.25,-1.25,-2.5,-14,-1.5,-2,4.5
4683,9,9,-5,-10.25,-3.5,-2,-1.5,-6.25,-13.75,1,-3,7
4684,2,2,-2.75,-5.75,9.25,0.5,-5,-15.25,-11,1,-0.75,-6.25
4685,1,1,-6.25,6.5,-3.75,-5,-1.5,-5.25,-4.25,-1.75,-3.25,-3.75
4686,6,6,2.75,-4.75,-4.25,-9,-1,-4,8.25,-8.5,-2.5,-5.5
4687,1,1,-4,7.25,-4,-6.25,-2,-6,-3.5,0,-2,-3
4688,3,3,-9.5,-14.5,-5.75,8.5,-9.25,-1.25,-20.75,-15,-1.75,-2.75
4689,5,5,-10.25,-15.75,-9.25,0,-7,8.5,-3,-20.75,-0.25,-4.75
4690,7,7,-1.5,-10,2.75,-2.75,-6.5,-9.5,-12.75,6.5,-6,2
4691,1,1,-4.5,6.5,-5,-8.25,-1.75,-7.25,-1,-4,-1.75,-5
4692,9,9,-2.5,-11.25,-6.5,-2.5,-1,-4.75,-12,0,-4,6.5
4693,7,7,-8.25,-9,-8.5,-5.25,-3.25,-3.5,-13,7,-6,4.75
4694,6,6,-0.5,-7,-4.75,-9,-2,-1.5,10.75,-14.5,-3,-7.25
4695,4,4,-10.5,-6.75,-12.5,-10.75,7.75,-7.5,-10.5,-4.25,-4.75,1
4696,5,5,-2.5,-10,-7.5,-0.5,-7.5,5.25,-4.5,-8.75,-2.75,-2.5
4697,7,7,-1.75,-7,2.25,0.5,-9.5,-12.5,-19.25,13.5,-4.75,0.75
4698,6,6,-0.75,-9,-6.75,-9.75,-0.25,-5.25,9.25,-12.5,-1.75,-3.75
4699,6,6,-2,2,-0.5,-4.75,-4.25,-3,3,-7,-0.75,-7
4700,9,9,-10.75,-11.25,-7.25,-2.5,-0.75,-4.25,-16.75,-0.5,-2.25,6.5
4701,9,9,-9,-14.5,-4.75,-2,-3,-6.5,-20.75,4.25,-2.25,8
4702,6,6,-2.5,-10.25,-3.75,-6.5,-5.5,1.75,6,-14,2,-5.5
4703,3,3,-4.5,-11.25,-2,7.75,-9,0.5,-13.5,-11,-5.75,-4.25
4704,6,6,-3,-5.5,-5,-5.75,-1.5,-2,5.75,-12.5,-5,-4.5
4705,2,2,-4,-1,9.75,-1,-9,-13.75,-8.25,-2.75,-1.25,-11
4706,9,9,-5.25,-10,-5.25,-7.25,3,-12.5,-14.25,2,-1.75,4.5
4707,8,8,-6,-6,0.5,-1.25,-5,-8.75,-11.25,-3.5,2.5,-1.75
4708,1,1,-5,7.5,-4.75,-6.5,-2.25,-6.5,-3.5,-1.5,-2.75,-3.5
4709,2,2,-2,-2,9.25,-1.75,-7,-14.5,-8.5,-3,-3.75,-13.25
4710,2,2,-5.25,-3.25,9.75,0.75,-14.5,-12.75,-16.5,-3.5,3.5,-13.75
4711,5,5,-8,-11.5,-10.5,-4.75,-10,10,-4.75,-14.25,2,-3.75
4712,5,5,-7.75,-16,-10.5,-4.5,-7.25,7,-6.25,-7.75,-0.25,1
4713,2,2,-3,-2.25,6.5,-4,-5.5,-9.5,-0.25,-8,-4.5,-16
4714,3,3,-5,-10.5,-3,10.25,-10.25,-1.5,-20.25,-10.5,-4.5,-1
4715,7,7,-3.25,-6,-0.5,-0.5,-7.25,-6.75,-17.25,11.5,-4.5,2.75
4716,2,2,-7.5,-4.5,7,-2,-5.5,-11.75,-9.75,-3.25,0.75,-9.25
4717,1,1,-4.75,7.25,-5.5,-8.5,-1.5,-4.5,-2,-0.5,-3,-4.75
4718,0,0,11,-9,-4,-11.5,-8.75,-4.75,0.75,-4.75,-2.5,-6
4719,1,1,-3.25,5.75,-3,-4.75,-1.25,-4,-2.5,-0.25,-2,-2.5
4720,0,0,7.75,-6.5,1.25,-6,-6.25,-13.75,-6.25,1,-2.25,-2
4721,4,4,-6.75,-7.75,-6.75,-7.25,6,-4.75,-4.5,-6.25,-4.25,0
4722,5,5,-4.5,-8.5,-5,0.5,-4.75,4.25,-6.25,-4.75,-4.75,0.25
4723,2,2,-5.5,-1.5,9.75,0.5,-10.75,-14,-15.25,2.25,-3.75,-5.25
4724,8,0,2.25,-18,-3,-2.25,-5.25,-6.75,-5.25,-13.75,2.25,-5.25
4725,2,2,-5.75,-1.25,10.75,0.5,-8.75,-16.75,-15,4.5,-5,-7
4726,8,8,-6,-1.75,-4,-4.5,-7,-3.5,-5,-5.5,2.5,-7
4727,3,3,-7.75,-6.5,-0.75,5,-8.25,-8.5,-16,0,-2.75,-4
4728,5,5,-4.5,-13.5,-6.75,0,-5.75,3.75,-5,-8,-2.5,-4.75
4729,1,1,-6.5,7.5,-5.75,-7.25,-2.25,-5.5,-3.25,-3.5,-3.25,-4
4730,7,7,-6,-5.75,-2.5,-0.75,-4.75,-8,-19.5,13.75,-6,3.25
4731,8,7,-6.5,-3,-0.5,-2.25,-5.75,-10,-12.25,1,0.75,-2
4732,1,1,-4.75,8.5,-4.75,-8.75,-2,-7.5,-3.75,-1.5,-2.25,-5.75
4733,1,1,-3.25,5.5,-5.75,-9.25,-2.25,-3.25,1,-4.5,-1,-5.5
4734,2,2,-2.25,-1.75,9.5,-2.25,-9.5,-14,-9.25,-2.5,0.25,-12.25
4735,9,9,-10.25,-8.25,-10.25,-4.25,0.25,-1.75,-12.75,-2.5,-7,4.25
4736,7,7,-6,-4.25,5,0.25,-6,-16,-18.75,11,-3.75,-4.25
4737,8,6,-6.75,-9.5,-4.25,-5.25,-6,1,3.5,-14.75,3.25,-5.5
4738,4,4,-8.25,-6,-7.5,-7.25,4.25,-5.25,-0.5,-8,-4.25,-5
4739,0,0,3.5,-14.75,0,-3.5,-4.75,-2.5,-1.75,-3.5,-7.5,-2.25
4740,3,3,-5.5,-1.5,-6,1,-4,0,-9.5,-5.75,-6.5,-0.25
4741,0,0,9,-7.25,-0.75,-6.25,-5.25,-5.25,0.25,-7,-3.25,-5.5
4742,7,7,-7.25,-3,-1,0,-2.5,-8.25,-12.5,6.5,-4.25,-0.75
4743,8,6,-4,-13.25,-6,-5.25,-3,-2.5,2.75,-13.5,0.75,-6
4744,8,8,-4,-4,-2.75,-4.5,-6,-4.5,-6,-5.25,3,-4.75
4745,4,4,-8.5,-8.25,-5.75,-2.5,2,-6,-12.25,-6.75,-4.75,-1.25
4746,7,7,-9.75,-2.25,-12,-9,0.25,-4.25,-14.25,7.75,-6.75,0.25
4747,7,7,-3.75,-5.25,-0.25,-1,-7,-10,-16.5,12.5,-3.5,0.25
4748,8,8,-6.5,-12.25,-0.25,-4,-7.5,-8.25,-11.75,1,5.5,-2.5
4749,5,5,-7.5,-9.75,-7.75,-3,-7.75,8.25,-2.5,-13.5,0.25,-2.25
4750,8,8,-4.75,-9,0.5,-0.25,-7,-8.75,-9.75,-6.25,4.75,-8.5
4751,4,4,-3.75,-2.75,-2.5,-6.25,1.75,-6.25,0.5,-6.5,-7,-5.5
4752,9,9,-6.5,-11.75,-8,-2.5,-1.25,-3.5,-13.5,-2.25,-3.5,6
4753,8,8,-4.5,-1.5,-2.5,-2,-5.25,-6,-8.25,-2.75,1.75,-3
4754,1,1,-4.75,7,-4.25,-6.5,-2.25,-8,-4.5,-0.75,-3,-4
4755,3,3,-6.5,-4.25,-0.75,2.5,-4.25,-6,-8.25,-6.75,-2.25,-5.5
4756,8,8,-5,-4.5,-0.5,-4.75,-6.5,-7.75,-10.25,-2.75,4.75,-3.5
4757,0,0,12,-12.25,-1.5,-9.75,-8,-9.75,-1.75,-2.5,-3.75,-2.5
4758,3,3,-7,-11,0.25,10.25,-11.25,-8.5,-24.25,-4.25,-0.5,-1.5
4759,1,1,-4.75,2.5,-5.25,-4,-0.75,-3.75,-4.25,-3,-3.25,-2.25
4760,7,7,-7.25,1.25,-0.75,-1.75,-5.75,-8.5,-14.75,8,-2.25,-1
4761,9,9,-8,-1,-10,-6.75,-0.75,-3.5,-10.5,-1.75,-1.25,-0.5
4762,5,5,-11.25,-22.5,-16,0,-11.75,14,-10,-21.25,-3.5,0.25
4763,5,5,-4.75,-3.25,-7,-5.25,-6,4.75,1.75,-15.75,-4.25,-8.5
4764,1,1,-4,6.5,-4.5,-7,-2.5,-5,-1,-1.75,-1.75,-3.5
4765,6,6,-0.25,-5.5,-3,-8.25,-3.75,-0.25,9.25,-12.5,-4.5,-5.75
4766,5,5,-8,-18.75,-11.5,-1,-11.75,12.25,-6.75,-17.75,-0.25,-2.25
4767,7,7,-0.5,-8.5,-2,-1.25,-8,-5.5,-14,11.5,-5.5,0
4768,4,4,-5,-16,-5.25,-11,7.75,-7.5,-3.25,-7.75,-4.75,-2.75
4769,9,9,-8.75,-11,-8.5,-3,-1,-2.75,-15.75,0.75,-4.75,6.25
4770,3,3,-6.5,-11.5,-2.75,8.25,-9,-3.5,-20.25,-6.75,-1.75,0.25
4771,5,5,-7.25,-10.75,-11.25,-4.5,-9.25,10,-4.75,-12.25,0,-1.5
4772,4,4,-10.5,-4.75,-9,-6.75,6.25,-6.25,-11.5,-3.5,-3.5,-1.25
4773,7,7,-6.5,-1,0.5,0.25,-5.75,-13,-19.25,10.75,-2,-1
4774,1,1,-5.5,7.25,-5.5,-6.5,-2.25,-5,-3.75,-1.25,-3.25,-2.5
4775,2,2,-0.5,-3.75,8.25,-1.25,-5.25,-13.5,-4.25,-1.75,-4.75,-10
4776,0,0,10.75,-16.5,-1.75,-6.5,-8.25,-6.5,-0.75,-2.5,-6.25,0.25
4777,8,8,-6,-0.5,-9,-7,-4.5,-0.25,-0.5,-8,0.5,-4.5
4778,1,1,-6.75,5.25,-3.75,-5,-1.75,-6.5,-5.75,-0.5,-3,-3.25
4779,6,6,-0.5,-8.25,-3.25,-10.25,-0.5,-1.75,10.75,-13,-5.5,-5.25
4780,0,0,8,-5,-1.25,-7.5,-4.75,-7.25,0.25,-3.75,-1,-4.5
4781,7,7,-6.25,-4.75,1.75,1.25,-8,-12.75,-20.25,12.5,-1.75,0
4782,3,3,-6.5,-8.25,-2.5,6.75,-7.5,-4.75,-20.25,1.25,-4.75,2
4783,4,4,-7.75,-10.75,-8.5,-6.75,3.75,-5,-6.25,-8.5,-5,1.75
4784,7,7,-6.5,-5.25,-3.75,-4.25,-4.5,-9,-17.75,12,-2.75,2.75
4785,3,3,-8,-12.75,-3.5,4,-9,-5.75,-19.25,-3,2.75,-0.25
4786,9,9,-4.5,-10.25,-3.5,-4.5,1,-10.25,-15.25,1.75,-1.75,6.5
4787,6,6,-2.25,-8.25,-3.25,-8,1,-4.25,9.75,-14,-5,-8.25
4788,0,0,6.25,-4.75,-1,-5.25,-4.5,-9.25,-4,-0.5,-3.25,-1
4789,8,8,-5,-13.5,-7,-5.75,-9.75,3.5,-2.5,-13.25,5.75,-8
4790,6,6,-2,-4.5,-2.75,-7.25,-2.25,-1,8.5,-12.75,-1.75,-8.75
4791,4,4,-8.75,-5.75,-6.5,-7,5.75,-7.25,-7.75,-8,-7.5,-4
4792,8,8,-8,-12.5,-3.75,-4.5,-4.75,-2.25,-3.75,-9,5.75,-4.25
4793,7,7,-7.75,-1.75,-1.75,-3.5,-6.25,-8.75,-15.5,11,-2,-1
4794,7,7,-10.75,-3.75,-9.25,-5.25,-1,-3.5,-14.75,6.75,-5.75,1
4795,9,9,-4.25,-13,-5,-4,-1.25,-9.25,-15,0,-1.75,8.5
4796,3,3,-5,-6.75,-1.25,6.5,-8,-4.25,-16.75,-1.25,-2.25,0.5
4797,8,8,-6.25,-9.75,-2.25,-3.25,-7.5,-5,-8.5,-5,4.5,-1.25
4798,6,6,-3.25,-2.5,-2.5,-6.75,-5.25,-0.5,4.25,-11,-2,-9.25
4799,9,9,-5.5,-8,-2.75,-3.5,-1.75,-6.5,-12.75,1,-4,7.25
4800,7,7,-4,-5,1,0.5,-7.5,-12,-19.25,12.5,-3.75,0.75
4801,2,2,-6.75,-1.75,8,-4,-0.75,-11.5,-4.5,-4.25,-3.25,-13.75
4802,3,3,-4.5,-4,-2.5,3.75,-5,-2.5,-12,-3.5,-3.25,-0.75
4803,4,4,-9.75,-2.25,-10.25,-10.25,9.25,-10.75,-12.75,-0.25,-5.75,-2
4804,0,0,11.25,-15,-0.75,-9.75,-7.25,-7.5,3,-5.5,-4,-7.5
4805,2,2,-4.25,0.75,9.75,-0.75,-8,-13.25,-9.75,0.25,-2.25,-8.25
4806,1,1,-5.5,6.75,-3.75,-6,-2,-6.25,-3.5,-0.25,-2.25,-3.25
4807,8,0,0.5,-6,-3.5,0.25,-8.25,-1.5,-6.75,-10.5,-0.75,-6.5
4808,3,5,-5.5,-9.5,-7.5,2,-7.5,3.25,-10,-10.5,-2.25,-1.25
4809,5,5,-8.5,-18,-15,-3.5,-9.25,10.25,-10,-9.25,-2.75,-0.25
4810,5,5,-5,-11.5,-11.25,-3.75,-10.25,9.25,-8,-6.25,-1.25,-0.75
4811,7,7,-3.25,-5,1,0.25,-7,-12.5,-21.25,14,-5,1
4812,2,2,-2,-0.25,7.25,-0.5,-9.25,-13.75,-9,-2.5,0,-8.25
4813,4,4,-5.25,-7.75,-6,-9.25,4.5,-8.5,-4.25,-5.75,-2,0
4814,6,0,5,-4,-1.75,-5.5,-1.5,-4.75,1.75,-4.75,-2.75,-4
4815,7,7,-7.5,0.5,-5.75,-5.75,-2.75,-7,-14,7.25,-2.75,0.25
4816,2,2,-1,-3.75,4,-1.75,-3.75,-7.75,-3.5,-3.5,-4.75,-7.25
4817,8,8,-5.75,-10.25,-3,-1.75,-6.25,-4,-5.75,-8.75,5.25,-4
4818,3,3,-9.5,-14.25,-1.25,11.5,-11.75,-6.25,-27,-7.25,-1.75,-2.25
4819,0,0,8,-5.25,-2.25,-8,-4,-8.75,-1,-2,-2.75,-4
4820,8,8,-8.25,-14.25,-7.5,-1.75,-8.25,0.75,-9.75,-4.5,4.5,-2.25
4821,7,7,-1.5,-7.25,-3.5,-3.75,-4.75,-7.75,-13.5,12.5,-5.5,2.75
4822,8,8,-3,-10.75,-6,-5.25,-3,-3.25,-4,-11,2.5,-2.25
4823,9,4,-7,-4.75,-6.5,-7.75,1.5,-3.5,-1,-7.5,-2.25,0.75
4824,0,0,6.75,-0.75,-3.5,-10.25,-3,-9.75,0,-4,-2.5,-2
4825,8,8,-9,-12.5,-4.5,-4.75,0.25,-6.25,-11.25,-5.75,2.75,0.5
4826,4,4,-8,-1,-4,-4.5,4.75,-7.5,-9.75,-2.5,-6.75,-4.25
4827,4,4,-11.75,-9.5,-10,-6.5,5.5,-4.25,-8.5,-6.25,-3.5,-2.25
4828,5,5,-7.5,-14,-8,-1.75,-5.5,6.25,0.5,-17.75,0.25,-4
4829,8,8,-5,-13.75,-6.25,-1,-10,-0.75,-8.5,-5.75,4.75,-6.5
4830,5,5,-8.25,-16.75,-8.5,0.5,-7.5,9,-7,-12,-2.75,2.5
4831,6,6,-0.75,-12,-8.5,-6.5,-3.25,0,6.5,-13.25,-1,-8.75
4832,6,6,-3,-2.25,-3.5,-6,-0.25,-3.75,5.25,-10,-4.25,-6.25
4833,3,3,-3.25,-16,4.75,7.5,-10.5,-14.75,-20.75,-0.5,-1.5,-6.5
4834,0,0,6.75,-14.5,-2.25,-4.5,-7.75,-1,-0.5,-5,-6.75,0
4835,9,9,-9.25,-17.75,-7.75,-4.5,-1,-5.75,-18.25,1,-0.75,8.25
4836,3,3,-5.25,-10.75,-4.25,5.5,-7.5,0.75,-13.5,-7,-1.75,-0.5
4837,7,7,-5.5,-1.25,3.5,0.75,-7.75,-15,-20.5,7.25,-1,-0.75
4838,6,5,-4.75,-8.75,-8.75,-6.75,-5.5,4,3.75,-15.75,-0.25,-6.75
4839,8,2,-2.5,-5.5,2.5,-2.25,-6,-11.75,-10,-2.5,2.25,-5.75
4840,9,9,-8.75,-10,-8,-4.5,-0.75,-4,-11.25,-4,-2.5,5
4841,3,3,-6.75,-7,2.75,5.5,-11,-10,-19,-3.5,0,-3.25
4842,4,4,-14,-14.75,-13,-8,5.75,-1.75,-11.25,-9,-3.5,-0.25
4843,9,9,-9,-11,-8.5,-2.75,-0.75,-3.75,-14,-2,-3.25,8
4844,5,5,-4.75,-12,-9,-0.75,-9,9.5,-2.75,-14.75,-4.5,-3.5
4845,8,8,-6.75,-7.25,-3.75,-2.75,-5.25,-5.25,-10,-2.75,4.75,-4.25
4846,9,9,-10.25,-10.75,-9.5,-6,3.25,-6.5,-14.25,-1.25,-4.25,6.25
4847,1,1,-5.75,6,-4,-6.25,-1.75,-3.75,-1.5,-3.75,-1.75,-4.5
4848,2,2,-5.25,-2.25,9,0.5,-11,-13.25,-13.75,-3.25,2.75,-12.5
4849,8,8,-5.5,-3.75,-3.75,-4.75,-4,-4,-1.75,-7.25,3,-6.25
4850,8,8,-5.5,-8.25,-1,-1.5,-4.25,-7,-10.5,-4.25,3.5,-0.5
4851,6,6,1,-2.5,-5.25,-8.75,-1.25,-5.25,6.25,-10,-2,-4.5
4852,8,6,-5.75,-12,-5.25,-4.75,-3.75,-0.25,4,-15.25,3.75,-8.75
4853,1,1,-4.75,7.75,-7,-10,-2.25,-6,-1,-3,-2.25,-4.25
4854,3,3,-5.25,-16.75,-8.25,9.75,-11.75,4,-20.25,-14.75,-5.25,-2.25
4855,7,7,-9.75,-9,-5.25,-2.25,-6,-4.25,-15.75,5,-2.5,2.5
4856,9,9,-8.75,-12.75,-5.5,-0.25,-2.25,-2.75,-15.25,-0.5,-2,4.5
4857,0,0,4.75,-5.5,-1,-2.5,-7.5,-6,-6.25,-1.25,-2,-0.5
4858,1,1,-4.5,7.25,-4.75,-6.5,-0.75,-6.75,-4.75,0.75,-2.75,-2.75
4859,1,1,-4.75,7.5,-4.25,-6.5,-1.5,-6.5,-4.25,1,-2.75,-2.75
4860,4,4,-6.75,-10.5,-9.75,-9.25,4.5,-11,-11.25,-2.5,-2.25,4.5
4861,7,7,-4.75,-1,-2,-1.5,-7.75,-10.5,-14.25,6.5,-1.5,-1
4862,0,0,11.25,-9.25,-5.25,-12.25,-8,-5.75,-0.25,-0.5,-4.5,-3.75
4863,8,8,-8.25,-7,-2.75,-2.25,-2.25,-7,-11.5,-2,0.75,0
4864,1,1,-3.5,5.25,-2,-3.75,-1.5,-5,-4.5,1.5,-2,-2
4865,7,7,-7.75,-4.75,-1.75,-1.5,-7.75,-11.25,-19.75,13,-1.5,-1
4866,4,4,-13.75,-10,-11.75,-7.25,6.5,-3.75,-13.5,-3.75,-4.75,-0.75
4867,5,5,-10.5,-20,-10.25,0.5,-11,13.5,-6,-23.5,-3.25,-2.5
4868,7,7,-6.75,-2.75,4,1.25,-8,-12.25,-19.25,9.25,-3,0.5
4869,1,1,-6.25,6.5,-5,-6.5,-2.25,-7.75,-5.5,-1.25,-2.75,-3.75
4870,2,2,-7.75,-2.25,10.5,-3.25,-4.25,-15,-8,-4.25,-1.75,-14
4871,1,1,-4,6.25,-2.5,-4,-0.75,-4.75,-3.75,0.25,-2.5,-2.75
4872,1,1,-4.5,6.75,-5.25,-8.25,-1,-4.25,-1,-1.75,-2.75,-4.5
4873,3,3,-6,-7,0.75,6.5,-11.25,-8,-19.25,0.75,-0.75,-0.25
4874,9,0,4.5,-11,-0.5,-7,-3.25,-7,-1.25,-2.75,-7,1.5
4875,6,6,0.25,-8.25,-4.75,-9.25,-0.75,-5,11.25,-13.75,-2,-7.5
4876,2,2,-1.5,-7.25,2,-2.5,0.5,-6.25,-1,-3.75,-4.5,-6
4877,1,1,-6,5,-5.5,-6.5,-1.5,-5,-2,-4.75,-3,-3.5
4878,2,2,-0.75,-9.75,6,-0.25,-7.75,-5.25,-5.25,-7.5,-0.5,-9.5
4879,8,8,-8.25,-7.5,-7.5,-5.25,-0.75,-1.5,-0.25,-11.5,0.5,-2
4880,0,0,3.25,-16.5,-7.25,-10,-5.75,-2,2,-10.25,1.25,-0.5
4881,7,7,-6.5,-7,1.25,-0.25,-8.25,-9.5,-17.75,11,-2,-0.75
4882,6,6,-1.5,-15.75,-2.5,-4.25,-9.5,0.25,4.5,-15.25,0.25,-2
4883,6,6,1.25,-7,-5.75,-6.25,-3.25,0.25,6.25,-9.25,-3.25,-7
4884,9,9,-11.25,-12.75,-9.75,-2.5,1,-3.75,-16.75,-4.25,-2.75,6.25
4885,3,3,-7.5,-9.5,-4,7.25,-9.75,-2,-18.75,-6.5,-1.75,-1.25
4886,7,7,-3.5,2.25,0.25,-2.75,-6.5,-11.75,-14.25,5.25,-0.75,-2
4887,0,0,7.25,-9.25,1,-5.25,-9,-7.25,-3.5,-0.5,0,-3
4888,5,0,2.75,-10,-4.5,-6.5,-4,0,2.25,-7.25,-1.75,-4.5
4889,2,2,-7,1.5,10,-1,-10.75,-14.25,-14.75,-4.25,-0.5,-17.25
4890,8,8,-4.25,-11.75,-2.5,-3.25,-6,-1.75,0.5,-17,1.75,-11
4891,0,0,8.75,-8,-2.5,-8,-7.5,-1.5,2.75,-8.5,-5,-5.5
4892,5,5,-10,-20.25,-14,-1.25,-9,13.25,-7,-18,-2,1
4893,4,4,-8.25,-5,-6.75,-4.5,4,-2.5,-7.5,-3.5,-2.5,-0.25
4894,3,3,-8.25,-9.5,-6.25,7.25,-11.5,0.75,-23.75,-9,-4,-0.25
4895,8,8,-6.75,-13.75,-2.25,-5.5,-5.5,-6.5,-6.5,-10,4.25,-2.75
4896,4,4,-4.25,-6.5,-1.5,-4.5,4.25,-8,-9.75,-3,-8.5,-1
4897,6,6,-2.5,-5.25,-6.75,-8.75,-2.25,-1.75,7.75,-13.75,-4.5,-5
4898,6,6,-3.5,-1.25,-6.25,-7.75,-1.25,-3.5,5.5,-11.25,-4.25,-6.5
4899,2,2,-2,-3.75,5,-2.5,-4.5,-8,-5.5,-3.75,0.25,-6.25
4900,7,7,-7.75,2.25,-2.5,-4.75,-5.25,-8,-14.5,9.25,-2.5,-3.5
4901,9,9,-7.5,-10,-4.25,-2.25,-0.75,-6.5,-15.75,1.5,-1.5,6.5
4902,5,5,-8,-8.75,-8.5,-0.25,-9,5.5,-9.75,-8.5,-3.25,0
4903,1,1,-7.25,5.75,-5.5,-6.5,-1.75,-5.75,-3.5,-4,-2.75,-5
4904,3,3,-6.75,-11.75,-4,8.75,-13.5,-2.5,-22,-9,-1,-3
4905,2,2,-5.25,-1,8,1.75,-9.75,-12,-15,-1.5,0.75,-7
4906,4,4,-6.25,-5.5,-8.75,-12.5,8.5,-9.5,-5,-6.25,-4.75,-4
4907,3,3,-6,-6.25,-4.25,4.75,-7.25,-2.25,-15.25,-1,-5.25,1
4908,6,6,-4.5,-9.75,-5.75,-8.25,-1.25,-1.5,9.5,-15,-1,-4.75
4909,1,1,-6.5,5.5,-3,-4.5,-1,-5,-4,-3,-3,-4.75
4910,9,9,-8.5,-9.5,-8.5,-5.25,0.75,-4.25,-11,-2,-5,4.75
4911,4,4,-5,-5.25,-5,-7.25,4.5,-9.75,-8,-4.75,-4,0.75
4912,4,4,-11.75,-8.25,-12,-11.5,10.75,-8.75,-11.5,-3.75,-4.5,-2.5
4913,7,7,-5,-2,0.25,-0.25,-5,-8.25,-15.75,9.25,-3,0.75
4914,6,6,-0.75,-11.25,-4,-8.75,-4.5,-0.5,10.75,-17,-3,-5.5
4915,5,5,-5.75,-17.75,-8.5,-6,-6.75,5.5,1,-13,0,1.75
4916,4,4,-11.75,-4.5,-10,-10,9.25,-7.5,-11,-3.25,-3.75,-2
4917,1,1,-4,7,-3.25,-6.75,-1.75,-5.25,-2,-0.75,-2.5,-3.75
4918,9,9,-4.5,-2.75,-2.25,-2,0.25,-7.75,-9.25,-0.5,-4.25,2.75
4919,9,9,-7.75,-9.75,-10,-5,-1.25,-3.5,-11.5,-4.5,-3.25,5.75
4920,2,2,-4.5,-6.5,12.25,-2,-6,-19.5,-13.25,0,-3.25,-10.5
4921,7,7,-6.5,-0.25,2,-1.25,-4.75,-10,-15.25,6.75,-1.5,0.25
4922,8,8,-9,-8.25,-4.75,-4,-4.75,-1.25,-3.75,-9.25,3.25,-5.25
4923,0,0,5.25,-11.25,-3.75,-6.25,-8.5,2,2.5,-7.25,-6,-3
4924,1,1,-6.75,5.5,-1.5,-4,-1.5,-8.5,-6.25,0.25,-4.25,-4.75
4925,3,3,-4.75,-12,-4.5,7.25,-9,-0.75,-13.5,-12.5,-2.25,-3.75
4926,6,6,-3.5,-5.75,-4.75,-6,-1.25,-1.25,7.5,-12,-3.5,-4
4927,1,1,-4.75,8,-4.25,-6,-2,-6.5,-4.75,-1,-3,-3.25
4928,3,3,-7,-6.5,-0.5,7,-7.5,-7,-18.75,-1.75,-3.25,-0.5
4929,4,4,-3,-0.25,-2.5,-4,1.75,-4,-2.5,-2,-2.75,-1
4930,1,1,-5.5,7.25,-2,-5.25,-2.25,-4.5,-2.5,-3.75,-2.5,-5.5
4931,1,1,-5.75,7.25,-5.25,-6.5,-1.25,-6.75,-5.75,0.5,-3.5,-2.25
4932,1,1,-4.5,7.5,-4.5,-7.25,-0.5,-6.25,-4.75,-0.25,-3.25,-5
4933,5,5,-8.5,-17.5,-11.75,-6,-10.5,11.25,-0.25,-17.25,0.75,-2.25
4934,6,6,-0.5,-14.5,-8.25,-7.5,-6.25,2,10.75,-19.75,-4,-5.5
4935,0,0,10,-7,-1.25,-9.5,-5.75,-8.5,1.75,-5,-2.75,-6
4936,7,7,-5.25,-6.5,3,0.75,-8.5,-14.25,-20.75,11.5,-1.5,0.75
4937,0,0,8,-8.75,-0.25,-2.75,-12.25,-3.5,-7.5,-2.75,-5.5,-1.75
4938,7,7,-7.75,-1,-0.75,0,-5.5,-9.75,-20,10.5,-4.5,1
4939,2,2,-2.5,-2,6,1.25,-9.75,-12.25,-13,3,-1.25,-4.25
4940,3,3,-4,-10,-2.25,8.5,-9.25,-2.75,-18,-8.25,-3.5,-3.75
4941,2,2,1.75,-7,6.5,0.25,-8.75,-13,-7.25,-3.75,-2.5,-8.75
4942,5,5,-7,-8,-7.25,-2.5,-6,4.5,-3.25,-13,0,-3
4943,2,2,-4,-3.75,6.25,0.25,-8.75,-9.25,-10,-1.25,0.75,-5.5
4944,2,2,-3.25,-5.75,11.5,0.75,-8.25,-17.25,-14.25,2.5,-4.25,-9.25
4945,9,9,-8.75,-11,-8,-4.25,0.5,-6.25,-14.5,-2.5,-3,7.25
4946,4,4,-8.5,-5.25,-7,-9.25,8.5,-11.75,-11.5,-2,-5.25,-4.75
4947,9,9,-7,-10.75,-4.75,-2.5,-0.25,-9,-18,-0.75,-1.25,7.25
4948,8,8,-8,-9.75,-3.75,-3.75,-0.5,-5,-7.25,-7.5,2,-2
4949,1,1,-6.5,6.5,-6,-6.5,-1.5,-5.25,-4.25,-3,-3.5,-2.75
4950,2,2,1.25,-7.5,4.5,0,-5,-11.75,-11.25,0,-1,-3.75
4951,1,1,-5.75,5.5,-4.25,-5.75,1.25,-7.75,-8.25,0.5,-3.25,-4.5
4952,6,6,-0.25,-9.25,-7,-8.25,-7.25,2.5,7.75,-13,1,-6.25
4953,1,1,-6.25,8,-4,-5.25,-1,-7.25,-6.25,0,-4.25,-3.75
4954,2,2,-3.75,-1.75,11.75,1.75,-13,-16,-16.5,1.75,0.25,-9
4955,7,7,-5.5,-5.5,-2,-0.75,-5.25,-8.25,-18.75,13.5,-6,3.25
4956,8,4,-10.25,-12.75,-9.25,-9.5,6,-7.25,-6.25,-9.75,0.25,-3.25
4957,0,0,10,-11,-2.75,-8.25,-8.75,-2.25,2.25,-7.25,-8,-3.25
4958,0,0,11,-9,-2.25,-10,-7.5,-7.25,1.75,-5.5,-4,-7
4959,0,0,7.5,-6.75,-1.75,-8,-6.75,-9.75,-2,1,-0.5,-2.5
4960,8,8,-2,-17.75,-6.25,-6.25,-5.5,-4.75,-1.5,-12.75,6.5,-4
4961,2,2,-3.25,-2.25,10.75,-0.5,-10.5,-17,-12.25,-2.5,1.5,-10
4962,2,2,-2.25,-0.5,9,-3.75,-5.5,-12,-4,-3.5,-3.75,-13.75
4963,9,9,-7.75,-9,-7.5,-3,-0.25,-2,-11.5,-1.25,-2.25,3.75
4964,2,2,-4.25,-0.5,7.75,0,-8.5,-13,-7.5,-3.75,-2,-9.5
4965,2,2,-1.25,-4.5,11.25,-0.5,-11.5,-17.5,-11.25,-0.75,-0.25,-10
4966,7,7,-8.25,-1,-5.25,-2.5,-2.25,-5,-9.5,0.5,-1,0.25
4967,9,9,-3.75,-9.25,-2,-3,-1.75,-5.75,-9.75,-1,-3.5,4.75
4968,9,9,0.75,-14,-1.5,-5,-6,-5.5,-10,4,-5.5,6.5
4969,2,2,-2.75,-0.75,9.75,0.75,-10,-14.75,-13.5,3,-1,-5.75
4970,7,7,-5.75,-1,0,-0.75,-5.25,-8.75,-15.25,8.5,-2.25,0.75
4971,5,5,-7.25,-15.25,-8.75,-0.75,-9.25,7,-3.75,-15.75,-1,-1.25
4972,1,1,-4.5,6.75,-5,-7,-0.5,-5.25,-2.75,0,-2.75,-3.5
4973,3,3,-7.25,-15.25,-1.5,12.75,-12,-6.25,-26,-7.25,-1.75,-2.5
4974,4,4,-2.25,-6,-3.5,-8.5,7.5,-11.25,-10.5,1,-8.75,1.25
4975,9,9,-6.25,-14,-4.25,-2.75,-0.75,-10.5,-18,1.75,-1.25,8
4976,4,4,-8,-5.25,-9.5,-8.75,7.75,-6.75,-12.5,0.75,-6.25,2.25
4977,1,1,-4.75,6.75,-4.25,-6.25,-2,-5.25,-3,-1.5,-2,-3
4978,8,7,-9.25,-5,-4.25,-2.5,-5,-7.5,-16,2,0.5,-1.25
4979,5,5,-3,-19.75,-8.75,-1,-8.25,6,-3.5,-13.5,-2.25,0.5
4980,6,6,1,-2.5,-3.25,-8,0.25,-4.5,8,-7.75,-2.25,-6.75
4981,2,2,0.25,-7.5,8.25,3,-14,-16,-15,-0.25,1,-8.75
4982,8,8,-4.5,-15.5,-5,-4,-3.75,-8.75,-11.75,-7.5,4.75,0.25
4983,3,3,-8,-15,-2.5,12,-10.25,-5.75,-27.5,-6.25,-5,1.25
4984,1,1,-5.5,6,-3.75,-5,-2,-5,-3.75,-2.5,-3,-3
4985,2,2,-4.25,-6.25,7.75,-1.5,-2.5,-13.5,-6.25,-3,-5.75,-12.5
4986,8,8,-8.75,-10.75,-6.25,-4.5,-4.25,-0.75,-0.25,-13,3.75,-4
4987,4,4,-3,-1.75,-2.5,-6.25,4.75,-7,-2.5,-4.75,-6,-5
4988,9,9,-5.5,-11,-4.5,-1.75,-1,-7.5,-18.25,3.75,-3.5,7
4989,9,9,-8.5,-12.75,-5.75,-2.5,-1.5,-6.25,-16,0.75,-0.25,5.5
4990,3,2,-3.75,-2.5,2.75,2.25,-9,-9,-10.25,-2.25,-0.5,-4
4991,7,7,-6,-1.25,-1,-0.75,-5.25,-10,-17.75,11.25,-3.5,0.75
4992,0,0,13.5,-12.5,-1.5,-8.25,-10.75,-3.75,-0.5,-8.75,-6.25,-5.25
4993,7,7,-9.25,-3.25,-3.75,-1.25,-4.25,-6,-17.5,10,-4.5,1.75
4994,7,7,-7.5,-7.25,-4.75,-2.25,-6,-4.75,-16,9.25,-6,3
4995,2,2,-0.75,-1,6.75,-0.5,-8.75,-10.25,-6,-0.75,-2.25,-6.25
4996,3,3,-3.25,-9.75,-1.25,7.25,-9.75,-1.5,-13,-10.5,-4,-3.25
4997,2,2,-1,-3.25,4,-1.5,-9,-10.75,-9.25,-5.5,0.25,-9.75
4998,4,4,-7.75,-5,-7.5,-7,4.75,-7,-4.75,-4.25,-3,-0.25
4999,0,0,13.75,-12.25,-5.5,-9.75,-14.5,-1,-2.25,-8.25,-5,-8
5000,3,3,-4.25,-11.75,-1.75,5.25,-5.5,-4,-13.5,-8.5,-0.5,-5.25
5001,9,9,-7.25,-12.5,-5,-4.75,0.5,-9.25,-13.75,-1.25,-0.5,5.25
5002,9,9,-6,-13,-7,-5.75,0.75,-10.25,-17.5,-0.5,-1.75,9.25
5003,8,8,-6.5,-13.25,-3.5,-5.25,-6.75,-6.5,-10.25,-7.75,7.25,-2
5004,4,4,-6,-7.25,-9,-14,10.75,-13,-7.25,-3.75,-4.5,-2.5
5005,1,1,-5.5,8,-5.75,-9.25,-0.75,-6.5,-5,0,-3.5,-5
5006,0,0,8.25,-3.25,-2.25,-11,-4.5,-7,4.75,-8.5,-7,-12.25
5007,6,6,1.25,-7.5,-3,-8.25,-1.75,-3.75,10.5,-13.5,-4.25,-8.25
5008,0,0,7.25,-6.75,-1.75,-10.25,-5.5,-5.75,1.5,-5,-6.75,-9.25
5009,9,9,-5.75,-12,-8.5,-6.5,-0.75,-3.5,-9,-1.75,-1.75,5.25
5010,6,6,-1.5,-6,-3,-7.5,-0.25,-5,8.5,-12,-5.5,-6.5
5011,8,8,-3.75,-3.5,-5,-5,-4.25,-4.25,-6.5,-3.75,1.75,-1.75
5012,6,6,2.25,-3.25,-2.75,-9.75,-1,-4.25,10.75,-10.75,-4.75,-8.25
5013,1,1,-4.5,7.5,-4.5,-8.25,-2,-6.5,-1.75,-3.75,-1.75,-5.75
5014,1,1,-4.75,8.25,-4.5,-8.5,-2,-7.75,-3.25,-1.75,-2.25,-5.25
5015,9,9,-5.5,-12.75,-3.5,-4.5,-0.25,-10.5,-14,-0.75,-0.5,6
5016,8,8,-5.75,-14.75,-2.75,-4.75,-3,-7.75,-7.75,-8.25,5,-1.75
5017,9,9,-2.5,-14,-4.75,-7.75,0.5,-8.25,-9,-0.75,-3.5,6.75
5018,2,2,-3.5,-7.25,11.5,-2.5,-1.5,-19.75,-9.25,-1.25,-6.5,-14
5019,3,3,-8.25,-10.75,0.25,10.5,-10.75,-5.75,-23.5,-10.25,-2.75,-2.5
5020,5,5,-9.25,-10,-9.75,-2,-8.25,7.75,-3.5,-18.25,-2.25,-4
5021,5,5,-12.25,-9.75,-11.75,-0.5,-10.5,10,-11,-16.5,-4.75,-1
5022,9,9,-5.5,-12,-5,-6,0.25,-8.5,-13.75,-0.5,-1.5,7.25
5023,4,4,-8,-6.5,-6.75,-8.5,8.25,-12,-10.5,-1.5,-2.5,-2.5
5024,2,2,-1.5,-3.75,11,-0.75,-8.25,-15.5,-10.5,0.25,-5,-10.25
5025,1,1,-6,9,-4.75,-8.25,0.75,-9.75,-8.75,0.5,-5,-6.5
5026,9,9,-8.5,-10.5,-9,-6,3,-9.5,-17,-0.25,-3,7.75
5027,4,4,-10,-2.5,-9,-7.5,6.5,-9,-12.75,-1.75,-4.25,-1.75
5028,3,3,-10,-11.5,-1.5,11.25,-12.5,-5.75,-27.75,-7.5,-1,-1.25
5029,9,9,-7.25,-14.25,-5.75,-4.75,1.5,-11,-19.75,1.5,-1.5,8
5030,6,6,1.5,-4.5,-0.75,-7.25,-1,-4,9.5,-12,-5.5,-9
5031,0,0,10.5,-6,-2.5,-10.5,-5.75,-9.25,-0.25,-4.5,-6.25,-9
5032,4,4,-10,-4.75,-9.5,-11,8.75,-11.25,-13.25,-0.5,-4,0
5033,0,0,9.5,-4,-3.25,-10.25,-4.75,-9.5,-1.25,-5.25,-5.75,-9
5034,6,6,-1,-7,-3.75,-7.75,-0.75,-3.25,9.25,-12.5,-4.25,-5
5035,0,0,11,-13.25,-2,-5.75,-7.25,-7,0.25,-2.25,-8,-4.75
5036,1,1,-4.75,8,-6,-8.75,-1,-7.5,-3.5,-1.75,-3,-7
5037,2,2,-4.75,-3.25,9,-3.75,-4.5,-12.5,-8,-3,-3.5,-13
5038,3,3,-4.5,-7.5,2.5,3,-6.5,-6.75,-14,-6.25,-3.5,-6.5
5039,4,4,-5.25,-4.25,-8.25,-11,8.75,-14,-8.75,-3,-6.75,-0.5
5040,7,7,-7.75,-1.5,-3,-2.75,-3.75,-8,-16.25,8.75,-2.25,0.75
5041,8,8,-5,-8,-7,-5,-8.5,0.75,-5.25,-7,5.5,-5.25
5042,9,9,-7,-12.5,-6.75,-1.5,-1.5,-3.25,-15.5,1,-2.5,6.5
5043,0,0,10.75,-11.25,-1.5,-5.75,-8.75,-5,-0.25,-5.25,-9.5,-7
5044,1,1,-5,8,-5,-8.5,-0.75,-8.75,-5.25,0,-3.5,-5.25
5045,2,2,-7.25,0.25,14,-1,-9.25,-19,-16.5,3.25,-4.5,-11
5046,3,2,-3.5,-6,2.5,0.75,-4,-6,-11.25,-7.25,-3.75,-7
5047,4,4,-11.75,-4.75,-8.5,-8.25,7.5,-9,-14.25,-1.25,-4.5,-1
5048,7,7,-7.5,-0.75,0.25,-3,-5.25,-10.75,-17.75,9.5,-2.25,-0.5
5049,8,8,-5.75,-5.25,-5.25,-6.25,-7.75,0.25,-0.25,-12.5,4.5,-7.5
5050,9,9,-7.25,-11.5,-6,-2.5,-0.5,-8.5,-18.5,1.5,-2.25,7.75
5051,0,0,7.5,-8.25,-1,-7.25,-4.5,-6,1.5,-3.75,-7,-10.25
5052,1,1,-5.5,7.25,-4,-7.25,0.25,-8.5,-7,0.75,-3.5,-6
5053,2,2,-5.25,-6.5,8.75,-2.5,-3.75,-14.25,-8.25,-2.5,-2.75,-12
5054,3,3,-3.75,-9.75,-3,3,-11,0,-12,-9,-1.5,-5.25
5055,4,4,-5.5,-3,-5,-9.75,7.25,-10.75,-4.75,-3.5,-6.5,-6.5
5056,5,5,-4.5,-8,-5.5,-4,-6,4.75,-1.25,-5.75,-2.75,-2.75
5057,6,6,2.5,-9,-4,-8.25,-2.75,-2.75,10.75,-13.75,-3.75,-7.25
5058,7,7,-8,-0.75,1,-1.5,-4.75,-11.5,-18.25,9.75,-2.25,-0.75
5059,8,8,-7,-4.5,-2.75,-3.25,-8.5,-3.25,-9.5,-6,5.25,-5
5060,9,9,-5.5,-14.5,-7,-6.25,-1.75,-3.5,-9.5,-0.75,-0.5,7.5
5061,8,8,-6.75,-7.25,-4.25,-2.5,-7.5,-2,-8,-5.25,3.5,-3.25
5062,3,3,-8.5,-12,-3,5.75,-8.25,-3.75,-19.5,-6.75,-1.25,-1.5
5063,4,4,-10.5,-5,-9.25,-8,6.75,-6.5,-11.25,-2.75,-3.75,-1.25
5064,7,7,-6,-1.5,-0.75,-1.25,-5.5,-9.5,-17.25,10.75,-2.5,0.25
5065,8,8,-7.75,-1.5,-3.5,-4.75,-7,-1,-2.5,-8.25,0.75,-5.75
5066,6,6,1,-9.75,-3.75,-5.5,-3.75,-2,7.5,-12.5,-2.75,-3.75
5067,3,2,-3,-6.75,3.5,0.5,-4.5,-8.75,-9,-5.75,-2.25,-7.5
5068,4,4,-9,-1,-7.5,-5.75,2,-6.5,-8.5,0.25,-4.25,-2.75
5069,0,0,10.25,-9.5,-2.75,-5.75,-7.5,-7,-5.5,-3,-8.25,-4
5070,9,9,-2.75,-11,-3.5,-6.5,1.75,-12.5,-15.25,0.5,-4,7
5071,7,7,-5,-4.25,-2.75,-2.75,-5.5,-9.25,-17.25,12.75,-4.75,0
5072,1,1,-5.5,8.25,-5.75,-8.25,0,-8.75,-6.75,0,-4,-6.25
5073,9,9,-6.75,-13.5,-7.75,-4.75,0.5,-7.75,-19,1.75,-2.25,8.75
5074,3,3,-10.25,-8.25,-6.25,6.75,-7,-1.75,-22.5,-7,-4.25,0.75
5075,8,8,-4.75,-3.5,-3.25,-4.25,-6.75,-2.5,-4.5,-5.75,3.5,-3.25
5076,4,4,-10.75,-4.25,-10.75,-11.5,9.75,-11.25,-13,-2,-3.75,-0.5
5077,7,7,-7.5,-1.25,-1.75,-2,-4.5,-9.5,-17.75,10.5,-3,0.25
5078,3,3,-4.5,-6.75,0.25,0.75,-4.75,-2.75,-8.75,-8.5,-3.25,-5.5
5079,0,0,9.75,-7.25,-3,-9.5,-7,-6.25,0.5,-6,-5.25,-10.5
5080,9,9,-6.25,-14.5,-6.25,-4.25,-0.25,-6.75,-15,-0.25,-1,9
5081,1,1,-5,7.75,-5.25,-8.75,-1.5,-6.5,-2.5,-2,-2.5,-4.75
5082,4,4,-10.5,-11.25,-8.25,-11.75,11.75,-12,-11,-4.25,-5.5,-3.75
5083,5,5,-5,-4.75,-6.5,-2.25,-7.25,4,-1.25,-7.25,-1.75,-4
5084,4,4,-12.5,-4,-10.25,-8,7,-8.5,-13.5,-1.75,-5.75,-1
5085,6,6,2,-10,-4.5,-5.5,-4.5,-2.75,7.5,-16,-2.75,-7
5086,2,2,-3.25,-10.5,5,-5.75,0.75,-14,-6,-6.25,-1.5,-8.25
5087,0,0,10.5,-11.25,-3.25,-9,-9.25,-4.5,-0.25,-7,-3.75,-9.25
5088,6,6,3.75,-13,-3.25,-6.25,-3.5,-4.25,7,-13.25,-2.25,-7.25
5089,2,2,-6.25,-4,8.75,-2.25,-4,-14.75,-16,-2.75,-4.75,-6.75
5090,1,1,-4.75,3.5,-4.75,-9,0.5,-9,-3.25,-2.5,-2.5,-6.5
5091,1,1,-4.25,5,-7,-10.25,0.25,-9,-4.5,-3.5,-2,-6.5
5092,1,1,-5,6,-3.75,-7,-1,-9.25,-6.25,-1.5,-3,-6.25
5093,1,1,-6.5,6.5,-5.25,-7.25,0.5,-10.25,-9.75,1.5,-4.25,-5.5
5094,7,7,-9.25,-2.25,-6,-3.75,-4.25,-6.5,-18,11.25,-5,1
5095,2,2,-3.25,-6.25,13,-0.75,-9,-18.25,-16.5,2.5,-5.25,-9.5
5096,4,4,-8.25,-3.25,-7.5,-8.75,8.5,-10.75,-10.75,-0.5,-5,-1.5
5097,7,7,-0.25,-6,-7,-7.75,-3,-7.5,-10.75,10.75,-6.5,1.75
5098,5,5,-7.5,-11.25,-9.25,-7,-9.75,9.5,-2.75,-12,1.75,-5.25
5099,2,2,-7,-0.75,8.5,-0.5,-5.5,-15,-19.25,-1.75,-3.25,-7.5
5100,9,9,-5.75,-9,-7.5,-5.5,0,-6.75,-10.75,-2.5,-1.75,5.25
5101,4,4,-9,-3,-9.5,-9.5,7.25,-10,-11.75,-0.75,-4,2.25
5102,5,5,-7.5,-15.75,-10.25,-3.5,-9.5,9.5,-6.75,-10.25,-3,-2.5
5103,8,8,-8,-11,-5,-4.5,-6.75,-0.75,-7.25,-5.75,5.25,-1.5
5104,4,4,-7.25,-5.5,-10.25,-13.25,9.5,-11.75,-6,-2.75,-4.5,0.25
5105,2,2,-3.75,-4.75,9,-3,-4.5,-15,-12.25,-3,-4.75,-9.5
5106,9,9,-4.75,-12.25,-6.25,-6.25,1,-10,-15.5,0.5,-1.25,7
5107,7,7,-7.25,-1.5,-3,-3,-4,-9.25,-17.25,11,-3,0.75
5108,0,0,9.25,-9.5,-3.75,-9.25,-6.25,-5,2.75,-6,-5,-10
5109,0,0,9.5,-7.75,-3,-8.75,-8,-6.25,-1.75,-3.25,-5.5,-5.75
5110,7,7,-7.75,-4,-0.25,-1.75,-5.25,-10.25,-19,11,-1.5,1.25
5111,5,5,-4.5,-10,-4.25,-0.75,-6.5,4.75,-2,-8.5,-3.5,-4
5112,1,1,-5.75,8.5,-6.25,-9.5,0.75,-9,-7,-0.75,-4,-6.75
5113,1,1,-5,7.5,-4.75,-8,-1,-7.5,-5,-0.75,-2.25,-5.75
5114,7,7,-4.25,-5,-1.25,-1,-5.75,-7.75,-14.25,10.25,-3.25,1.25
5115,6,6,2.5,-9.5,-5,-7.75,-3.5,-2.75,10.25,-14,-3.5,-6.25
5116,6,6,1.25,-7,-2.75,-7.75,-1.5,-3.25,10,-12.5,-6.5,-5.75
5117,6,6,2,-9.5,-3.5,-7.75,-3.75,-3.25,11.75,-16,-2.25,-8.75
5118,8,8,-7,-3.25,-4.5,-3.5,-8.75,-0.75,-5.25,-12.25,4.5,-9.5
5119,2,2,-8,-1.25,10.75,0,-8,-17.5,-17,-0.25,-1.75,-9
5120,2,2,-7,-3.5,10.5,-0.25,-5.25,-17.5,-16.75,1,-2.75,-9
5121,7,7,-10,1.5,-7.75,-7.5,0,-7,-14,7.5,-4.75,-0.25
5122,7,7,-7.5,-4.75,-0.75,-0.75,-5.25,-9.25,-18.75,10,-2.25,1.5
5123,4,4,-5.5,-7,-7,-12.75,9.5,-12,-3.25,-3.5,-4.5,-3.75
5124,0,0,11.75,-8.75,-1.75,-9.75,-7.5,-8.5,-0.75,-3.5,-7.5,-6.5
5125,2,2,-6.75,-1.75,8.75,-4,-3.5,-14.75,-13,-2.25,-5,-9.25
5126,4,4,-6.75,-0.25,-6.75,-9.5,7.5,-10,-8.5,-1.5,-6.5,-3
5127,2,2,-6.5,-2.25,8.5,-1,-7.5,-13.5,-15.25,4.25,-3.75,-8
5128,1,1,-4.5,7.75,-3.5,-7.5,-1,-6.75,-2.5,-2,-3.25,-5.25
5129,8,8,-7,-14,-8,-6.5,-9.25,3.25,-4.25,-9,6.25,-4
5130,9,9,-7.5,-8.25,-7.25,-4.5,0.75,-6.25,-15.5,1.5,-2.25,6.5
5131,6,6,1.5,-7.75,-5,-7.25,-3.25,-3.25,8.75,-15.25,-3,-6.75
5132,1,1,-5.5,8.75,-5.5,-9.5,0,-9.25,-6.75,-1.5,-3.5,-8.25
5133,0,0,11.75,-8.75,-2,-9.5,-7.75,-8.25,0,-6,-5.25,-9.25
5134,5,5,-0.25,-9,-5.25,-6.5,-6.5,1.75,0.5,-4.75,-2.75,-2.25
5135,9,9,-4.75,-11,-7.25,-5,0.75,-6.25,-12,0,-2.75,5
5136,6,6,2.5,-10.75,-4,-7.25,-3.75,-3.5,9.25,-14,-1.25,-6.5
5137,9,9,-9,-9.25,-7.5,-2.5,-0.25,-4.75,-16.5,1.25,-3,6.25
5138,8,8,-7.25,-5,-10,-7.25,-9.25,3.75,-5.75,-9.5,4.25,-7.75
5139,0,0,10,-7.25,-2.5,-9.25,-6.25,-8.5,-1,-5.5,-5.5,-7
5140,3,2,-3,-7.75,0,-1,-3.25,-2.25,-6,-7.75,-4.25,-5.5
5141,0,0,10,-10,-3.5,-9.5,-6.5,-5.5,1.75,-5.5,-4,-7.75
5142,8,8,-8.25,-8,-3,-4,-7.75,-2.75,-11.25,-7,6.25,-5.5
5143,3,3,-2.75,-12.25,2,3.75,-7.25,-7,-14.75,-8.25,-4.5,-5.25
5144,9,9,-9.25,-9.5,-9.25,-4.75,0.75,-4,-15,-1.5,-1.75,7
5145,6,6,5.25,-8.25,-5,-8.75,-3.75,-4,9,-11.25,-4,-6.5
5146,3,3,-12.5,-12.75,-5.25,4.25,-7.5,-2.25,-23.5,-6.75,-4,0.75
5147,0,0,10.75,-8.5,-3,-8,-10.25,-4.75,-2.75,-5.75,-5.5,-9.25
5148,1,1,-3.75,7.25,-5.5,-9.25,-1.5,-5.5,0.75,-5,-2.25,-7
5149,2,2,-2.5,-4,11.75,0.5,-11.75,-19.25,-14.5,-0.25,0,-10.75
5150,3,3,-8.5,-16,-1.5,12.75,-12.75,-6.25,-28.5,-9,-3,-3.75
5151,4,4,-11,-11,-8.75,-8.75,9.5,-7,-13.5,-2.75,-4.5,-2
5152,5,5,-13,-18.75,-12,3.5,-9.75,12,-12.75,-20.25,-1.75,-5.75
5153,6,6,0.5,-7.5,-3.5,-11.5,-0.25,-4,10,-11.25,-4,-6.5
5154,7,7,-5.5,-3.25,1.25,0.5,-6.75,-11.5,-18.5,10.75,-2.25,1.5
5155,0,0,6.75,-11.75,-3,-8.25,-4.5,-4.25,1,-3.75,-7.75,-5
5156,1,1,-5,8.25,-5.5,-8.75,-0.75,-6.75,-2,-1.5,-2.75,-4.75
5157,2,2,-2.75,-0.5,12.75,-1.75,-11.5,-15.5,-12.5,-3.5,1.5,-14
5158,3,3,-6.75,-8.5,-4.5,9.75,-8.75,-1.75,-23.75,-7.5,-7.75,-1
5159,4,4,-8.75,-8,-6.75,-6.25,3.25,-8.5,-14.75,1.5,-4.5,0.75
5160,5,5,-11,-19,-12.75,0.5,-8.5,12.25,-7.75,-18.5,-0.75,-3.75
5161,6,6,-1.75,-8.75,-4,-10,2.75,-4.5,8.5,-10.75,-5.75,-5
5162,7,7,-4.75,-1.75,-1,-1.5,-4.5,-7.25,-12,6.25,-2.75,1.5
5163,8,8,-9.25,-11.5,-2.75,-5,-5.25,-1,-5,-8.5,5.5,-5.75
5164,9,9,-5.25,-12,-5.75,-3.25,-0.25,-3.75,-12.75,-1,-2,5.5
5165,0,5,1,-8.75,-4.25,-0.75,-7.25,1.25,-4.5,-4.5,-5,-7
5166,1,1,-5.5,7.75,-5.25,-7.75,0.75,-9,-8.5,0.25,-3.5,-5.75
5167,2,2,-5,-5.25,7.5,2.25,-11.25,-11.75,-15,-5,1.25,-11.5
5168,3,3,-9.5,-12.5,-1,9,-11.25,-5,-24,-6.75,-2.25,-4
5169,4,4,-10.5,-7,-9.75,-8.25,9,-6.5,-11.75,-1.75,-4.5,-1
5170,5,5,-8.5,-16.5,-9.75,1.75,-8.5,10,-7.5,-15.5,-2.25,-2.75
5171,6,6,-1.25,-6.75,-3.25,-10,1.5,-4.25,9,-10.75,-5.5,-5.25
5172,7,7,-1.75,-5.75,-0.75,-3,-4.75,-7.25,-10.75,8.75,-4.25,1.5
5173,8,8,-8.25,-9.25,-4,-4.25,-5.75,0.75,0,-11.75,4.25,-7.25
5174,5,5,-9.75,-14.5,-12.25,-2.25,-6.5,9.75,-8.75,-12,-1.5,0.25
5175,4,4,-11.25,-7,-10.75,-7.75,7.5,-5.25,-12.5,-2.5,-4.75,0.75
5176,8,4,-6.75,-10.5,-4.75,-8.75,3,-7.5,-3,-5.75,1.75,-3.25
5177,7,7,-2.5,-5.5,-2,-5.5,-2.25,-11.25,-11.5,7,-2.75,2.25
5178,4,4,-8.75,-5.25,-8,-7.25,7.5,-7.75,-11,-1.25,-4.75,-0.5
5179,7,7,-5.25,-6.25,-2.75,-2,-5.5,-8.5,-18.25,13.75,-4.75,1.75
5180,7,7,-4,-5,-1.5,-0.75,-6.75,-6,-14,8.75,-4,2
5181,3,3,-8.5,-11,-2.75,8.25,-11.75,-4.5,-21.75,-5,-2.25,-5
5182,9,9,-9.25,-9.5,-7.25,-1,-1.25,-2.75,-14.25,-2,-2.5,5
5183,8,4,-8.5,-9.5,-6.25,-9.75,4.75,-7.25,-5.25,-7.25,1.5,-4
5184,8,8,-8.25,-10,-3.25,-5.5,-0.25,-6,-5.5,-5.25,3.5,-5
5185,3,3,-8,-13.5,-3.25,7.5,-10.25,-1.75,-19.25,-9.25,-0.5,-3.75
5186,1,1,-4.75,7.5,-4,-7.5,-1.75,-6.75,-3,-0.75,-2.5,-4
5187,5,5,-8.75,-15.75,-9.75,1.25,-9,10.5,-7.25,-16.5,-2.5,-2
5188,8,8,-8.25,-11.25,-4.75,-5.75,-5,-1.25,0.5,-12,5.5,-6.75
5189,2,2,-7,-0.25,9.25,0.5,-10.25,-15.25,-15.25,-6,0.75,-15.25
5190,7,7,-6.5,-3.5,1.25,-1.75,-5.25,-11.75,-16.75,9.75,-1.5,1.5
5191,4,4,-4,-9.25,-7.25,-13.25,7.75,-6.75,-2,-2.5,-6.25,-1.75
5192,2,2,-4.5,-1,10,1.5,-8.75,-15,-13.5,-1.5,0,-7.25
5193,1,1,-4.5,7.5,-3.5,-6.75,-0.25,-7.5,-4.75,0.5,-3.5,-4.5
5194,5,5,-9.5,-13,-10.75,-2,-2.25,6.75,-7.25,-12,-4.75,-0.5
5195,4,4,-3.75,-3.75,-7.5,-12,7.5,-10,-5.75,-1,-7.25,-0.75
5196,5,5,-10.75,-19,-13.75,0.75,-8.5,12.5,-9,-17,-1.75,-2
5197,5,5,-10.5,-16.5,-12.25,1.25,-8.25,11.25,-9.25,-16.5,-1.5,-1.75
5198,8,8,-7.75,-9,-5.25,-7.25,-1.75,-4.75,-2.75,-7.75,4,-3.25
5199,6,6,0.5,-4.75,-2.5,-7.75,2.75,-4.25,5.5,-6,-6.25,-5.25
5200,4,4,-11,-6.5,-10.25,-8.5,7.25,-4.75,-10.25,-3.5,-2.75,0.5
5201,4,4,-0.25,-6,-4,-11,5.25,-9.75,-3.75,-2,-7,-0.5
5202,4,4,-7.5,-8,-6.25,-9.5,9,-10.75,-11.5,-1.75,-7,0.75
5203,1,1,-4.75,5.75,-1.5,-3.25,-3.25,-8,-8.5,3.25,-2.75,-2.25
5204,8,8,-8.5,-7.5,-2.75,-5,-2,-4.5,-4.5,-4.5,2.5,-3.5
5205,7,7,-6.5,-2.5,3,-0.75,-6,-12.25,-18,9.5,-1.75,0.75
5206,5,5,-11.5,-18,-9.25,1.25,-10.75,12.25,-7.25,-20.5,-3,-3
5207,5,5,-11.75,-15.75,-10,1.5,-6.75,9.75,-7.5,-17.75,-4,-3
5208,1,1,-4.75,7.5,-4.75,-8.75,-1.25,-6.75,-1,-3.75,-2.5,-6.25
5209,8,8,-7.5,-13.75,-5,-6.75,-3.5,0.5,3,-16,4.75,-8.25
5210,9,9,-6,-12.5,-6.5,-0.5,-3,-1.25,-13,0.75,-2.75,2.25
5211,1,1,-4.25,8.25,-4.25,-7,-1.75,-7.75,-4.5,0.5,-2.25,-3.5
5212,3,3,-8.5,-10.5,-1.75,9,-11.25,-6.75,-24.75,-4.25,-1.75,-1
5213,6,6,0,-4.25,-2.25,-8.25,2.25,-5.25,7.5,-8,-5.75,-6.25
5214,3,3,-7.5,-12,0.75,9.75,-11.25,-10,-26.75,-1.75,-2,-1.5
5215,3,3,-7.25,-10.75,-0.5,8,-8.25,-7.25,-20.5,-4.75,-2.25,-4.25
5216,2,2,-4.5,-2.75,11.25,0.5,-8.25,-17,-12.75,-2.25,-1.25,-12
5217,2,2,-3,-1.75,7.75,0.25,-10.75,-14.75,-13.75,-2.5,3,-10
5218,6,6,1,-6.25,-3.75,-10.5,2,-4.5,8.25,-7.75,-6.5,-6
5219,9,9,-7.5,-11.25,-4.75,-3.25,-1.25,-7.5,-14.5,-0.5,0.5,6.25
5220,9,9,-6.75,-11.25,-8.25,-3.5,2,-5.75,-16,0,-4.25,5.75
5221,6,6,3,-8,-3,-9.75,0.5,-4,8.25,-7.25,-6.75,-4.75
5222,5,5,-7.5,-19,-11.5,0,-8.25,9.75,-9.75,-11.75,-2.5,2
5223,5,5,-9.25,-16,-11.25,0.5,-8,11.25,-8,-13.25,-3.5,-2
5224,3,3,-10.75,-13.5,-3,8.75,-10.75,-0.75,-19.5,-12.25,-2.25,-6
5225,3,3,-8.75,-11.25,-0.5,7.75,-9.75,-5,-19,-6.5,-3.5,-4.75
5226,8,8,-7.75,-11.5,-5.5,-6,-4.5,-1.25,-1.25,-10.5,5.25,-4.25
5227,1,1,-4.75,7.5,-5.25,-9.25,-1.75,-6.5,-0.75,-4.25,-1.75,-6
5228,6,6,0,-3.5,-1,-6.5,2,-5.25,6,-6,-5.25,-7.5
5229,5,5,-10.25,-7.5,-12,-0.25,-9.25,9.25,-8.5,-13.5,-3.75,-1.75
5230,6,6,-3,-8.25,-4.75,-8.5,0,-1.75,9.5,-13,-4,-3.5
5231,8,8,-8,-7.25,-7,-7,-1,-1.75,-1.25,-8.75,3.75,-4.5
5232,1,1,-4,6.75,-3.75,-7,-1.75,-6.5,-1.75,-3,-2,-5.25
5233,9,9,-7,-13,-5,-3,0.25,-8.5,-17.5,-0.5,-1.75,7.25
5234,7,7,-5.75,-1.75,0.5,-0.5,-6.5,-10.75,-17.5,11,-2.75,1
5235,6,6,-0.75,-6.75,-2.75,-10,3,-4.75,8,-9.5,-6.5,-6.25
5236,8,8,-8.75,-7.25,-9.75,-7,-0.5,-1.5,-2,-9.75,3.5,-4.25
5237,3,3,-8,-7,0.25,6,-8.5,-7.25,-21.5,-2.25,-2.5,-2.25
5238,7,7,-2.25,-5.25,2.75,1.5,-8.5,-10.25,-16.25,10,-3.5,1
5239,4,4,-11.25,-8,-8.25,-6,6.75,-6.25,-13.25,-0.25,-4.25,-0.5
5240,7,7,-6.5,-2.5,-2.25,-2.25,-5,-6.25,-12.25,7,-2.75,1.75
5241,0,0,9,-9,-2.75,-9,-8.25,-1.25,4.25,-9.5,-7,-6.5
5242,9,9,-9.5,-11.5,-6.75,-1.75,-1,-4.5,-16.25,0.5,-1.5,4.25
5243,0,0,5.75,-11,-3.25,-4,-6,-1.25,-0.75,-3.75,-8,-2
5244,0,0,5.75,-12.25,-2.5,-4.75,-7,0.5,1.25,-5.75,-7.5,-1.75
5245,3,3,-7.75,-6.5,-1.5,6,-8.75,-5.5,-19.25,-1,-2,-0.5
5246,7,7,-5.75,-0.5,4,0,-5.5,-14,-17.5,6.25,-2,0
5247,9,9,-7.25,-10.25,-5.5,-4,0.75,-6.75,-15,-0.25,0,6.25
5248,3,3,-8.5,-8.25,-3.5,7.25,-9.5,-1.5,-18.75,-7.75,-3.25,-1.25
5249,0,0,8.25,-8.75,-1.25,-6.75,-6.5,-3.75,1.5,-6,-8.25,-6.25
5250,2,2,-2.75,-5,7.75,-0.5,-8,-11.75,-7.75,-5.5,-1.25,-10.5
5251,0,0,5.75,-10,-2,-4.5,-4.75,-2,1,-4.25,-8.75,-3.75
5252,1,1,-5.75,8.25,-4.75,-8.25,1.25,-8.25,-7.25,1,-5.25,-5.75
5253,0,0,8,-1.25,-1,-10.25,-3.25,-11.75,-1,-4.75,-4.5,-8.5
5254,1,1,-3.25,6.5,-3.75,-7.75,-2.25,-6,-2,-5.25,-1.75,-6.25
5255,0,0,9,-0.5,-2.25,-11.5,-3,-11.5,2.25,-7,-6,-11
5256,4,4,-4.5,-6.75,-8.5,-14.75,9.25,-10.75,-3.75,-1.25,-6.5,-0.25
5257,0,0,8,1.5,-3,-12,-1.5,-11.75,1.25,-5.5,-5.5,-10.25
5258,1,1,-5,8,-4.75,-8.5,-0.25,-10.75,-8.5,-0.75,-2.75,-7
5259,0,0,9.5,-7.5,-2.5,-9.75,-7.75,-3.75,3.25,-7.5,-6.75,-9.5
5260,4,4,-5.25,-8,-5.25,-8.5,5.25,-11.75,-9.75,-0.5,-2.75,1.75
5261,7,7,-5.25,-2.25,3.5,0.75,-6.75,-11.25,-17.25,8.5,-2.25,1.25
5262,9,9,-9.25,-8.75,-7,-3,0,-3.25,-13.75,-1,-1.75,4.25
5263,6,6,0.5,-5.5,-2.5,-10,0.5,-3,9.75,-10.25,-6.5,-6.75
5264,2,2,-3.5,-4,12.75,1.25,-13,-18.25,-15.25,0.5,0.5,-10
5265,6,6,-2.5,-7,-2.75,-10,3,-4,6.25,-10,-5.75,-3.75
5266,2,2,-5.75,0.5,10,-1,-8,-15.75,-11.75,-5,0,-15
5267,2,2,-5.25,-4.5,8.25,1.25,-9,-14.75,-15.25,-2.5,0.25,-9.75
5268,9,9,-10,-15.5,-4.25,-5.75,-1.5,-7.5,-15,0.75,1,3.75
5269,9,9,-9,-7.25,-6.25,-4.75,-2.75,-4.75,-11.75,-1,-0.75,3.5
5270,0,0,10.25,-9.5,-4.25,-7.25,-7.25,-6.5,-2.5,-5.5,-2.75,-5
5271,1,1,-5.25,7.5,-6,-9,-2.5,-6.75,-2.5,-2,-2,-4.5
5272,2,2,-5.5,-4.25,11.75,0,-5.75,-21,-15.75,-1.5,-2.75,-11.5
5273,3,3,-4.75,-15.25,-3,8.25,-11,-4,-23,-9.5,-1.5,-2
5274,4,4,-12.75,-6.75,-11.5,-9.25,8.5,-8,-14.5,-2.25,-3.25,1
5275,5,5,-11,-22.25,-13.5,-2,-11.25,12,-6.75,-18.75,-1.75,1.25
5276,6,6,-4,-8.25,-5.25,-8.75,1,-3.5,8.75,-13.25,-3.5,-4.5
5277,7,7,-4.5,-4.25,2,1.5,-7.5,-14,-21.5,12.5,-2.25,0.5
5278,8,8,-1.25,-13,-3.25,-7.25,-4.25,-9.75,-9,1.5,4.75,1.75
5279,9,9,-9.75,-13.25,-9.5,-2.5,-1.25,-2.5,-16.5,-1,-3,6.75
5280,0,0,10.25,-11.5,-1,-9,-6.25,-9.5,1.5,-5.25,-2,-4.75
5281,1,1,-5,6.75,-5.5,-9.75,-0.5,-8,-2.75,-4.25,-2.75,-6.75
5282,2,2,-2.5,-8.5,13.75,-3,-3.25,-23.25,-11.25,-1.75,-5.5,-14
5283,3,3,-5,-17.5,-2,5,-7.25,-5.5,-16.25,-11.75,1,-6.25
5284,4,4,-6,-4.25,-7.75,-11.75,10.25,-12.5,-7.5,-2.25,-6,-3
5285,5,5,-10,-24.5,-13,-0.75,-11,12.5,-7.25,-19.25,-1.75,0.25
5286,6,6,-2.75,-8.75,-4.25,-8.25,-0.25,-2.5,10.5,-16,-4.25,-8.25
5287,7,7,-1.25,-8.75,-0.75,-0.75,-8.25,-11,-19.5,14.25,-5,2.25
5288,8,0,3.5,-11.25,-2.25,-9.5,-5.75,-10.75,-5.75,0,2.5,1.75
5289,9,9,-9.25,-16.25,-7.75,-2,-2.5,-5,-19,0.25,-2,8
5290,0,0,10,-12.25,-2.25,-9.5,-7.25,-7.25,0.25,-6.5,-2.5,-6.25
5291,1,1,-5.5,7.5,-5.25,-8,0,-9,-6.5,-0.25,-3.75,-6
5292,2,2,-2,-10.25,11,-1.75,-7,-16.25,-10.25,-2,-5.75,-8.75
5293,3,3,-6.5,-13,-4.75,8.25,-10.75,0.5,-21.25,-12.75,-4.25,-2.25
5294,4,4,-4.5,-7,-8.25,-14.75,10,-11.5,-1.75,-4.75,-5.75,-2.25
5295,5,5,-12.25,-24.75,-16.75,-1.5,-13,16.75,-8.5,-23.75,-1.75,-0.5
5296,6,6,-2.25,-8.75,-3.75,-7.75,-1.5,-2.75,10.25,-15.25,-2.75,-8.75
5297,7,7,-3.25,-8.25,2.25,1.5,-10.25,-12.75,-20.75,13,-2.75,0
5298,8,0,3.25,-11.25,-4,-9.75,-5.75,-8,-6,-1.25,3,1.25
5299,9,9,-8.75,-9.25,-7.75,-1.75,-3,-4.75,-18.25,3.75,-3.25,4.5
5300,8,8,-4.5,-3.5,-1.5,-3.75,-5.25,-7.5,-6,-4.5,2.75,-4.25
5301,0,0,9.25,-5,-2.25,-10.25,-4.5,-12.5,-0.25,-3.25,-2.25,-2.25
5302,5,5,-9.75,-15.5,-12.5,-0.25,-11.75,11.25,-8.75,-18.75,-3,-2
5303,6,6,-3,-5.75,-3,-6.75,1,-5.25,7.5,-11.25,-3.75,-8
5304,6,6,-1.5,-7.25,-3,-7.5,0.5,-3.5,10.25,-13.25,-5,-9.5
5305,0,0,12.25,-11.25,-2.5,-9.25,-9,-6.75,-0.5,-4.25,-2.75,-5.5
5306,8,8,-3.5,-2.25,-3.75,-6.25,-4.75,-5.5,-6.25,-2.5,2.75,-4.25
5307,0,0,10.25,-7.5,-3.25,-9.75,-6,-10,-0.25,-3.25,-2.25,-1.75
5308,2,2,-0.5,-18.5,10.75,0.5,-6.25,-17,-12.75,-5.25,-2.75,-10.25
5309,3,3,-6.5,-12,-4,11.5,-10.75,-3.5,-26.75,-7,-6.75,-1
5310,7,7,-0.75,-8.5,1.25,1,-9.25,-12,-21.25,13.5,-5.5,1.5
5311,9,9,-9.25,-8.75,-7.5,-3,-1.75,-4.5,-14.5,1,-2.75,3.5
5312,4,4,-5.25,-3.5,-9,-13,9.75,-12.5,-6.25,-1.75,-5.25,-1
5313,7,7,-2.5,-6.75,-0.5,-1,-6.5,-11.75,-19,13.5,-4.25,1
5314,1,1,-6,8.25,-5.25,-9.5,0.5,-7.75,-4.25,-1.25,-4.5,-6.5
5315,9,9,-7.75,-14.75,-7.75,-3,-1.5,-5.25,-15.75,-1.75,-1.5,7.75
5316,1,1,-5.75,7.75,-5.25,-8.5,-0.75,-7.25,-4.75,-1.25,-3.5,-6
5317,7,7,-0.75,-7.75,0.75,0.5,-9.25,-11.5,-19.25,13.5,-5.5,1.25
5318,1,1,-5.25,7.25,-6.25,-9.25,-0.5,-7,-3,-3,-3,-6
5319,4,4,-4.5,-4.75,-7.75,-11.75,9.75,-12.75,-6,-1.75,-6,-2.75
5320,0,0,11,-10.25,-3.5,-7.5,-8,-7.5,-4,-5.25,-1.5,-5.75
5321,0,0,11.75,-11.25,-2.25,-9,-7.75,-10,-1.75,-3,-1.5,-4
5322,4,4,-7.75,-2.25,-7.5,-6,6.25,-9,-10.25,0.5,-5.75,-1.75
5323,1,1,-6,7.5,-3.75,-7.5,0.75,-10.75,-9.75,2.25,-4.5,-5
5324,7,7,-2.5,-6.25,2,0.5,-7.5,-12,-19.5,12,-3.75,1.5
5325,5,5,-11,-19.5,-14.25,-0.75,-12,13.75,-8,-18,-3,0.75
5326,7,7,-3.25,-6.5,2,1.25,-8.25,-13.25,-21.75,13,-3,1.5
5327,1,1,-6,7.5,-4.25,-8,0,-8.75,-7,0,-4.25,-6.25
5328,3,3,-7,-16.5,-5.5,10.25,-11.75,-1,-25.5,-10,-4,1
5329,3,3,-6.25,-10,-3.5,7.75,-9.5,-1,-20.75,-11.25,-5,-2.25
5330,3,3,-5,-10.75,-2,7,-9.75,-2.25,-18.25,-8.25,-2,-2
5331,1,1,-0.75,4,-5,-9.75,-0.25,-5.25,3.25,-5.75,-4.25,-4.5
5332,6,6,0.75,-9.25,-3.75,-7,-2.5,-3.75,10,-14.75,-2,-6.75
5333,9,9,-8.25,-18.25,-8.5,-1.75,-2.25,-4,-17.25,-1.25,-2.25,8
5334,7,7,-2.75,-6.5,3,1.5,-9.5,-12.75,-20,13.25,-4,0.75
5335,4,4,-4.75,0.75,-6,-9.75,7.25,-10.25,-7.75,-2.25,-7,-1.75
5336,3,3,-5.25,-13.25,-1.5,9.5,-11.5,-5.75,-25.25,-6.75,-0.75,-1
5337,0,0,12.5,-13.75,-2,-9,-8.5,-7.5,0.25,-5.25,-3.5,-3
5338,2,2,-3.5,-7.25,9.75,-2,-6,-15.75,-13,-1,-1.75,-9.5
5339,5,5,-8.5,-15.25,-13.25,-1.25,-11.25,10,-11.25,-13,-2.75,0
5340,2,2,-3.25,-7.75,11.75,-2.75,-3.75,-18.75,-9.75,-2.75,-5.25,-13
5341,6,6,-4.25,-7.75,-7,-6.5,-1.75,-0.5,8.75,-14.25,-1.5,-6.25
5342,0,0,11.75,-11,-1.75,-9.5,-7.5,-9.25,1.5,-4.75,-3.5,-3.5
5343,8,8,-4.5,-3.5,-3.25,-5.25,-3.5,-8.25,-8.75,-2.5,2.75,-1.25
5344,9,9,-7.25,-13.5,-7.5,-2.5,-1.75,-5.25,-17.5,0.75,-3.75,8.75
5345,4,4,-7,-4.75,-6.25,-6.25,6.5,-9.25,-10.75,-1,-5.25,0.25
5346,3,3,-5.25,-10.75,-3.25,8.75,-9.25,-3.25,-21,-7.5,-2.75,-1.75
5347,5,5,-8,-20.25,-12.5,-3,-11.25,10.25,-8,-14.5,-1,0.5
5348,4,4,-5.25,-4.25,-5.5,-7.5,6,-8.5,-3.75,-2.75,-5,-3.25
5349,8,8,-3.75,-4.5,-2.75,-7,-2.75,-9.5,-8.75,-2.75,3.5,-2.25
5350,1,1,-5.25,7,-3,-6.75,-0.75,-9.25,-6,-0.5,-3.25,-5.25
5351,5,5,-9,-16.5,-13.25,0.5,-11.25,11.75,-9.75,-15.25,-4.5,-0.25
5352,9,9,-4.5,-16.25,-6.25,-2.75,-1,-7.25,-18.5,1.75,-2.5,9
5353,0,0,11.75,-10.25,-1.5,-11.25,-7.25,-10,2,-3.5,-2.75,-5.5
5354,6,6,-4,-7.75,-5.5,-8.75,0,-2.25,10,-14.75,-3,-7
5355,4,4,-3,-2.75,-8.25,-12.5,8.75,-11,-5.75,-2.5,-8.75,-0.25
5356,3,3,-9.75,-14.5,-3.75,10.5,-10,-5.5,-28.75,-7.25,-2.25,0.75
5357,6,6,-1.5,-4.25,-5.25,-7.5,0.25,-5.25,8,-13.5,-5.5,-6.5
5358,3,3,-6.75,-7,-6,6.5,-7,-0.75,-20,-8.75,-4.75,-1
5359,3,3,-10.5,-15.5,-3,10.75,-9.25,-4.75,-27.75,-9.25,-3.25,0.5
5360,8,8,-4,-6.5,-4.5,-5,-4.5,-6,-8.75,-1.5,2.25,-0.75
5361,1,1,-4.75,6.25,-4.75,-8.75,-0.75,-7.75,-3,-3.75,-2.5,-6.25
5362,4,4,-7,-3.75,-7,-9,9.25,-12.5,-11.25,1.25,-7.25,-2
5363,7,7,-3.25,-5.5,-1.75,-3.5,-3.5,-11.25,-16.5,10.25,-3.5,3.25
5364,5,5,-10.75,-26.5,-14.75,-3,-10.75,12.25,-6.25,-19.75,-0.5,1.25
5365,7,7,-2.25,-7,-2,-5,-5,-11.25,-15.75,13,-3.75,2
5366,2,2,-4.25,-7.5,12.25,-2.5,-3.25,-21,-13.25,-1,-6,-11.25
5367,2,2,0.5,-10.25,9,-0.75,-10.75,-11.5,-11.75,1.25,-6,-4.75
5368,0,0,12,-12,-1.75,-9,-8.25,-8.75,-0.5,-3.75,-1,-3.75
5369,0,0,13.25,-14,-3,-9.75,-10.5,-5.75,0.25,-6,-3,-4.25
5370,1,1,-5,8,-5,-8,-1,-8,-3.5,-2,-3.25,-4.5
5371,7,7,-3.25,-4.75,-1.75,-3.25,-2.75,-10.75,-16,9.5,-4,2.75
5372,7,7,-6,-4.25,0,-1.25,-4.25,-10.75,-18,10,-1.75,2.5
5373,9,9,-3.25,-16.75,-7,-4.75,0,-7.25,-17.5,0.75,-3.25,9.5
5374,5,5,-10.5,-15,-13.75,-0.25,-10.25,12,-11.25,-13.25,-4.75,0.75
5375,9,9,-11,-10.25,-9.5,-3.25,-0.75,-4.25,-16.5,-2.5,-1.5,6.25
5376,8,8,-2.5,-6.25,-2,-4.25,-6.25,-9,-9.75,-1.75,4.25,-1.75
5377,9,9,-5.5,-18,-5.75,-3.25,-2.5,-7.75,-20.5,4.75,-3.25,10
5378,6,6,-1,-7,-3.75,-8.5,0,-5,8.5,-13.5,-4.25,-7
5379,8,8,-2.75,-6.5,-4.25,-7.5,-2.5,-9.25,-9.5,-1.25,2.75,0.75
5380,8,8,-4.75,-7.75,-2.75,-4.75,-2.25,-9.5,-10.75,-0.75,2.5,-0.5
5381,2,2,1.5,-13.5,12.5,-2.25,-7.25,-19.5,-9.25,-2.25,-4.5,-12
5382,3,3,-4.5,-11.75,-2,9.25,-9.75,-2.75,-19.25,-8,-6.5,-2.25
5383,6,6,-4.25,-9,-7.25,-6.75,-1.25,-1.25,8.25,-13.5,-2.5,-5.25
5384,1,1,-5.5,8,-4.5,-8.25,-1.5,-8,-3.75,-1.25,-3,-4.25
5385,2,2,-3,-7,13,-2,-3.75,-22.5,-12.25,-0.5,-4.75,-12.25
5386,9,9,-6.25,-13.25,-6.5,-3.5,0,-7.75,-19.25,2.25,-4,9
5387,8,8,-2.75,-2.25,-4,-5.75,-6.75,-4.75,-4,-5.25,3.25,-3.75
5388,9,9,-8.75,-15,-7.5,-2.5,-0.5,-5.75,-18.25,-0.5,-2.75,7.75
5389,5,5,-6.75,-13.75,-11.25,-1,-10.25,8.25,-9.75,-12.5,-2.5,0
5390,2,2,-3,-13,9.5,-4,-2,-15.25,-7,-5.25,-5.5,-11.75
5391,6,6,-3.75,-5.25,-4.5,-9.25,-0.5,-1,9.75,-13.5,-2.5,-7.25
5392,2,2,1,-7.5,9.25,0.25,-5.75,-17.25,-14,1.75,-4.5,-5
5393,4,4,-6,-6,-6.25,-11.5,10.25,-11.5,-6.75,-2.25,-5.5,-2.75
5394,8,8,-3.25,-2.75,-4,-6.75,-3.25,-8.5,-9,-1.75,2.75,-1.5
5395,4,4,-5.5,-0.25,-6,-8.75,7,-11,-8,-1.25,-6.75,-3
5396,6,6,-2.5,-4,-2.25,-7.25,-0.5,-3.75,8.25,-11.75,-3.25,-9.25
5397,5,5,-8.75,-16.75,-10,-0.5,-12,11.25,-8.5,-19.25,-1.25,-2.25
5398,0,0,8.25,-5.25,-0.5,-8,-6.5,-10.5,-3,-0.25,-2.75,-3
5399,1,1,-4.75,8,-3.5,-7.5,-1,-7.5,-4,-1.25,-3.5,-5
5400,5,5,-8.75,-15.25,-12.25,-1,-9.75,11.75,-7.75,-13.25,-2.5,-1
5401,6,6,0.25,-5.5,-3.75,-5.5,-4.5,-2.25,7.25,-16.75,-3,-11
5402,7,7,-7,-2,0.25,0.5,-6.25,-11.75,-20.25,12.5,-2.75,0.25
5403,8,8,-7.75,-13.25,-4.25,-2.25,-2.5,-5.5,-9.75,-9,3.5,-2.75
5404,9,9,-8,-14,-8,-3.25,-3.25,-2.25,-13,-2,-0.25,7.5
5405,0,0,11,-13.75,-5.75,-11,-8,-5.25,-0.75,-1.75,-2,-5.25
5406,1,1,-5.25,7.75,-3.25,-7.5,0.5,-8.5,-6.25,0.75,-4.25,-6
5407,2,2,-7,0,11.5,-0.5,-8.5,-16.75,-16,5.75,-5,-7.75
5408,3,3,-5.5,-14.5,-4.25,10.5,-11.25,-0.5,-20.25,-12.25,-3.5,-3.25
5409,4,4,-1.25,-7.25,-4,-10.25,6.5,-9.5,0,-7,-6,-5
5410,5,5,-4.5,-15.25,-11,-5.25,-9.25,9,-3,-15.75,0,-5.25
5411,6,6,1.25,-9.25,-3,-9.25,-3.25,-3.5,9.75,-12.25,-2.5,-4
5412,7,7,-5.75,-3,-2.5,-2.25,-5,-10.75,-18.25,12.5,-2.5,-0.75
5413,8,8,-6.5,-10,-2.75,-1.75,-3.25,-4.25,-7.5,-7,4,-3.5
5414,9,9,-6.75,-10,-4.75,-2.5,-1.75,-7,-16.5,2.25,-1,6.75
5415,0,0,9.5,-8.75,-3.5,-7.25,-10.5,-1.25,-1.25,-5.25,-5.5,-3.25
5416,1,1,-4.25,6.5,-4.25,-6.5,-1.25,-8,-4,-0.5,-3.25,-4.5
5417,2,2,-5.5,-0.5,10.5,0,-10,-15,-15.5,2.5,-5.5,-6.25
5418,3,3,-5,-14.75,-1.75,9.5,-11.5,-4.25,-22,-6.5,-1.5,0.5
5419,4,4,-8.25,-5.75,-8.25,-11.75,8.5,-11.75,-6.75,-0.75,-4,-1.75
5420,5,5,-5,-14.75,-10.25,2,-8.5,7,-11.25,-13.25,-3.75,-3.5
5421,6,6,2.25,-7,-3.25,-7.25,-1.75,-3.25,10.25,-13.5,-4.25,-8.25
5422,7,7,-4.5,-8.5,-5,-2.75,-6.25,-4.5,-16.25,13,-5.25,1.25
5423,8,8,-7.25,-11,-3.75,-4.25,-1,-6.5,-10.75,-6,3.25,-1.25
5424,9,9,-5.75,-9.25,-4.5,-3.5,0.5,-10,-17,2.75,-2.75,6.5
5425,7,7,-8.5,-5,-5.5,-3.5,-5.25,-6,-16.5,10.75,-2.75,1.25
5426,4,4,-7.25,-4.75,-6.25,-10.5,9.5,-11.5,-7.5,-2.25,-5.5,-2.5
5427,2,2,-7.75,2,7.25,-0.25,-9.25,-10.75,-15,0.25,-3.75,-7.25
5428,0,0,12,-10.25,-4,-7.75,-9.75,-4.5,-1.25,-4.25,-7.5,-6.25
5429,9,9,-6,-8.75,-3.75,-2.5,-2,-10.25,-16.75,3.25,-1,7.5
5430,0,0,13,-12.5,-3.25,-11,-10,-5.5,2,-5,-6,-4.5
5431,1,1,-5.75,7.5,-4,-7.5,0.25,-9.75,-7.25,1.5,-4,-4.75
5432,5,5,-6.25,-21,-13,-2,-10,11.25,-3.75,-17.75,-1.5,-0.5
5433,8,8,-4.75,-4.75,-3.75,-3.5,-6,-6.5,-8.5,-5.5,4.75,-6.5
5434,8,8,-4.5,-4.25,-2.75,-2.5,-5.5,-4.25,-6.25,-5.75,3.5,-5.25
5435,0,0,9,-6.25,-0.5,-5.75,-7.5,-11,-3.5,-3.25,-2.25,-2
5436,2,2,-5.25,-1.25,11.5,-2.25,-7.25,-17,-12.75,-0.5,-6,-10.5
5437,7,7,-3.75,-5.75,-1.25,-1.25,-6.25,-10.25,-19,13,-3.25,0.75
5438,8,8,-7,-12.25,-3,-2,-4.75,-5.5,-9,-9.5,5,-4
5439,4,4,-5.25,-6,-4.5,-7.25,7.5,-10.75,-6.25,-1.5,-7,-5.25
5440,4,4,-7,-3.75,-7.25,-8.75,7,-11.25,-9.75,-2.25,-3.75,0.75
5441,6,6,-2.25,-6.75,-3.75,-8.25,-0.25,-2.75,8.25,-11.75,-4.5,-2.5
5442,1,1,-4.5,7,-4.25,-8.5,-1,-6.75,-2.25,-3,-2.5,-6.75
5443,0,0,11,-11.5,-2.75,-6.25,-9,-5.75,-1.75,-2.75,-7.25,-5
5444,4,4,-5.75,-5.75,-6.75,-9.25,8,-10.25,-6,-2.75,-5.25,-4.5
5445,5,5,-8.5,-18.25,-10,1.25,-8.25,10.25,-9,-14,-4.25,-1.75
5446,3,3,-7,-14.75,-5,7,-8.25,-0.5,-17,-10.25,-2,-2.5
5447,9,9,-8.5,-10,-8.75,-4,0,-5.5,-16,0.25,-3,6.5
5448,4,4,-7.25,-4.5,-8,-10.25,8.25,-12.5,-8.25,-1.5,-4.75,-1
5449,2,2,-6.25,-6.5,5.75,2,-10.5,-11,-18.75,2,1,-1.75
5450,0,0,5.25,-12.5,-6.75,-1,-10,1.25,-8,-3.5,-7.75,-1.5
5451,5,5,-9.25,-19.25,-13.75,-3.75,-11.25,14.75,-4,-19.25,-0.75,-1.75
5452,0,0,12.25,-10.25,-2.5,-9,-10.5,-4.5,0.75,-4,-9.25,-6.25
5453,1,1,-4.25,7.5,-4.5,-7.5,-2,-6.5,-2.25,-2.25,-2,-4.75
5454,3,3,-8.5,-13.25,-6,11.5,-10,0.25,-24,-13.5,-5.5,-1
5455,2,2,-2,-5,10.75,0.5,-10.75,-15.5,-11.75,1.25,-3.75,-7
5456,9,9,-5.5,-12,-4.75,-2.75,-1.5,-9.75,-18,2.75,-3.75,8.75
5457,1,1,-2.5,3.75,-2,-5,-3,-6,-1.5,-4.75,-0.25,-5.75
5458,6,6,0.75,-6.5,-4,-10.75,-0.25,-4,10.75,-11.75,-5,-6.25
5459,0,0,10.5,-13,-4.75,-7.75,-8.5,-3.75,1,-4.5,-8.25,-5.25
5460,1,1,-5.5,8,-5,-8.25,-0.25,-8,-6.25,1.5,-3.5,-4
5461,1,1,-5,8.5,-5.5,-9,-0.25,-7.25,-4.25,-1.75,-3.5,-6.5
5462,8,8,-9.5,-13.25,-4.5,-3.25,-6,-2.75,-10.25,-7,5.25,-2.75
5463,0,0,11.5,-9.5,-1.5,-7,-9,-7.5,-2.25,-5.5,-4.5,-9.75
5464,4,4,-7,-9.25,-7,-11.5,8.75,-11.5,-5,-2,-4.25,-2.5
5465,7,7,-4.5,-6.75,-0.75,-0.75,-7.75,-11.25,-21.75,15,-4.25,1
5466,7,7,-3,-6.25,-1,-1,-6.75,-10.25,-19.25,13,-3.5,1.25
5467,6,6,-0.25,-8.75,-4.5,-8.25,-1,-2.75,11.25,-15.5,-4.25,-6
5468,3,3,-8,-16.75,-3.75,9.25,-10.25,1,-17,-13.5,-4,-2.75
5469,6,6,3,-10.25,-4.5,-8.25,-3.75,-3,10,-13.5,-1.5,-8.75
5470,0,0,8.75,-13,-2.5,-5,-10,-4,-3.5,-2.5,-7,-5.5
5471,7,7,-7.5,0.25,1.25,-1.25,-6.5,-12.25,-18.25,11.5,-2.25,-1.75
5472,3,3,-5.75,-15.5,-4,12.5,-11,-3,-24.25,-8.75,-5.25,0
5473,5,5,-7.25,-19.25,-12.25,-3,-10.25,9.75,-2.75,-19.5,-1,-1
5474,4,4,-5.5,-9.25,-6,-10,10,-13,-6.5,-2.25,-6.5,-4
5475,2,2,-4.5,-4.75,12.5,0,-7.25,-19.5,-10.5,-0.25,-3.75,-14.25
5476,4,4,-5.75,-7.75,-6.75,-11.5,10.5,-13.75,-6,-2.25,-5.5,-4
5477,1,1,-5.25,8.5,-5,-8.25,0.25,-8.25,-5.75,0.25,-4.25,-5.25
5478,8,8,-6,-8.25,-2.25,-2.25,-5,-7,-10.25,-4.75,4.5,-3.25
5479,3,3,-7,-12.25,-6.75,10.25,-9.5,1.75,-21,-10.5,-7,0
5480,5,5,-6.25,-12.5,-10,-4.5,-7.75,9,1,-15.25,-0.75,-4
5481,6,6,-1,-7.25,-3.25,-8.75,-0.25,-2.75,9.5,-12.25,-5.5,-3.75
5482,7,7,-2.75,-6,0.5,-1.25,-5.5,-14,-19,13.25,-3.75,0.25
5483,0,0,9.25,-5,-2.25,-9.75,-4.25,-9.25,2.25,-3.5,-4,-7.75
5484,6,6,-1.25,-6,-3.75,-9,-0.75,-3,10.75,-13.5,-4,-6.25
5485,7,7,-4,-5,1.5,1.5,-9,-10.5,-19,11.5,-2.75,0.5
5486,1,1,-5.25,8,-5.25,-9,-0.75,-7.5,-5,-2,-3.5,-7.25
5487,2,2,-6.5,0.25,13.25,-0.75,-9.75,-20.25,-18,3.75,-5.5,-8.25
5488,5,5,-9,-18.75,-11.25,0,-12.25,13.75,-6.25,-21.5,-4,-3
5489,8,8,-4.75,-7.25,-2,-3,-9.75,-5.25,-9,-7,6.25,-5.5
5490,1,1,-5.75,8.25,-6,-8.5,0.25,-8.25,-7.5,0.75,-4,-5.5
5491,9,9,-4.75,-12.75,-5.25,-5.75,0.25,-10,-15.75,0.25,-1.25,8.5
5492,3,3,-7.5,-16,-2.5,11.75,-12.5,-3.25,-22.5,-11.5,-2.5,-3
5493,8,8,-8.25,-8.5,-4.25,-1.25,-7.5,-5.25,-13.25,-2.75,5,-6.25
5494,2,2,-5.5,-2,13.75,-0.75,-12.75,-19.25,-17.25,-4,1,-16.25
5495,8,8,-6.75,-9.25,-2,1.25,-9.25,-6.25,-15.25,0.75,3.75,-2.5
5496,7,7,-9,1.75,-2.5,-3.75,-4.25,-9.5,-18,10,-2.5,-2
5497,6,6,-3.75,-7.5,-2.5,-9.25,1.25,-4.75,9,-13.75,-3,-7.25
5498,7,7,-6.5,-3.75,0.5,0,-7.25,-13.5,-21.25,14,-2.25,-0.5
5499,1,1,-6.75,8.75,-5.75,-8.75,1.25,-9.5,-9.75,2.25,-4.25,-5.5
5500,4,4,-9.5,-7,-8.75,-12,10.25,-12.5,-9,-0.75,-3.5,-2.75
5501,6,6,-0.25,-9,-4,-8.5,-2.25,-2.5,11.25,-14.5,-3.75,-5.25
5502,2,2,-6.25,-3.5,12.75,-2.25,-6.25,-16.75,-10,-2,-3.25,-16.5
5503,9,9,-3,-12,-4,-2.5,-1,-8.5,-15.75,2.5,-3.25,7.5
5504,3,3,-4.5,-12,-4.5,9,-9.75,-0.25,-17.25,-9.75,-5.5,-2
5505,0,0,9.5,-9.5,-1,-6,-8,-5.75,-0.25,-6,-1,-3.75
5506,1,1,-6.25,8.75,-2.75,-5.25,-3,-7,-5.25,-2,-3.25,-5.5
5507,2,2,-3.25,1,7.75,-2.25,-7,-12,-5.25,-3.5,-3.5,-11.5
5508,3,3,-6.5,-13,-3.75,12.25,-9.75,-2.75,-23.5,-9.5,-6.75,0.25
5509,4,4,-10.75,-7.75,-9.5,-7.5,7.75,-6.5,-9,-4.5,-5.5,-1.75
5510,5,5,-8.5,-20.25,-11.25,1,-10,10.75,-6.25,-21.5,-2,-2
5511,6,6,-1,-5,-2.25,-6,-1,-2.75,9.75,-12,-4.75,-7.25
5512,7,7,-6.5,-8,-2.5,-2.25,-3.75,-9,-18.75,8.75,-2.5,3
5513,0,0,11.25,-11,-1,-6,-7.75,-6.5,0.25,-7.25,-3.25,-5
5514,1,1,-6.75,6.75,-3.25,-4,-1.5,-7.25,-8,0.25,-4.25,-4
5515,2,2,-2.75,-0.75,10.75,-2,-8.75,-14.25,-6.5,-3.5,-2.75,-12.25
5516,3,3,-4.25,-12.5,-4,9.5,-11.5,1.25,-17.25,-12.5,-6.5,-2.75
5517,4,4,-10.25,-8,-8.5,-7,8.25,-8,-12.25,-2.5,-6.25,-1.25
5518,5,5,-9,-20,-9.5,-1.25,-9.5,10.75,-1.75,-24.25,-1.75,-3.5
5519,0,0,7.25,-5.75,-2.75,-6.5,-5.25,-7,0.5,-7.25,-2.5,-3.5
5520,1,1,-7,8,-4,-5.5,-1.5,-7.5,-6,-1.25,-4,-5.25
5521,2,2,-1.75,-0.75,9.75,-2.5,-8,-14,-6,-4.5,-1.75,-14
5522,8,8,0.5,-19.75,-1.75,-2.75,-8.75,-6.75,-11,-10.25,5.75,-4
5523,9,9,-9.5,-11.5,-7,-2.5,-2.75,-3.5,-14.75,0.25,-2.25,7
5524,1,1,-5.75,7.75,-4.5,-5.5,-1.25,-7,-6.25,0.25,-4,-3
5525,4,4,-5.25,-6,-3.25,-5,2.75,-8.5,-4,-4.75,-5,-3.5
5526,0,0,7.75,-2.5,-3.25,-8.5,-6,-11.5,-6,-1.75,-2.5,-0.5
5527,9,9,-4,-8.75,-4.75,-3.25,-0.25,-7.25,-12.25,0.75,-5.5,6.75
5528,5,5,-5.5,-17.25,-10.5,-1.5,-9.75,7.25,-7,-15.75,-1.75,0.25
5529,0,0,10.25,-7.5,-2.5,-9,-6.5,-9.5,-0.5,-4.5,-0.5,-2.5
5530,8,8,0.5,-14.75,-6.5,-4.5,-7,-6.25,-9.25,-11,4.75,-3.25
5531,0,0,11.25,-11,-1,-9,-7,-9.75,-0.25,-3.75,-3,-5.75
5532,7,7,-7.5,-0.5,-7.25,-5.75,-1.25,-6.75,-13.5,5.75,-3.5,1.5
5533,7,7,-5.5,-4.5,-5.25,-6.25,-1.75,-10.25,-15.75,8,-2,3
5534,1,1,-5.75,8.25,-4.75,-7.25,-1.5,-8,-5.25,-0.5,-3.25,-4
5535,1,1,-6.25,7.5,-4.5,-5.5,-1.5,-7.75,-7.75,1.5,-4,-2.5
5536,2,2,-3.25,-1.5,9.25,0.5,-12.25,-12,-13.25,0,1,-9
5537,9,9,-5.75,-8.75,-5.75,-3.5,0,-7.5,-13.25,0,-5.25,6.75
5538,3,3,-7.5,-16,-2.25,12.5,-14,-5.75,-26.25,-7.75,-1.5,-3.75
5539,6,6,1.5,-4,-2,-9.75,-0.25,-8.75,6.5,-8,-2.5,-7
5540,7,7,-4.5,-5.5,1,0.5,-8.25,-10.75,-19.5,11.75,-2.75,2
5541,2,2,-2,-5.5,11.75,1.25,-14,-17.25,-16.5,-0.25,1.25,-9.25
5542,3,3,-6.75,-13.75,-4,8.25,-9.25,-3.75,-20,-3,-3.5,1
5543,8,8,-2.5,-16.75,-2.75,-3.75,-6.25,-8,-6.75,-11.25,5.5,-2.5
5544,1,1,-6.25,6.5,-5.75,-6,-2,-7,-6,-1.5,-3.25,-3.5
5545,2,2,-0.75,-4.75,10.25,-0.5,-8.75,-15.25,-11.25,0,-2.75,-10
5546,9,9,-4,-8.5,-2,-4,0.75,-9.5,-12,-3.75,-4.5,4.25
5547,8,8,-0.5,-16.5,-3.25,-1.25,-8,-5,-7.5,-11.75,4,-3.25
5548,8,8,-3.5,-15,-4.5,-2.5,-6.25,-5.25,-6.25,-15.25,5,-5
5549,7,7,-3.75,-5.75,0.25,-2,-5.75,-11.5,-17.75,11.5,-3.5,1.75
5550,1,1,-6.75,8.25,-5,-6.75,-1.5,-6.75,-4.75,-2.25,-3.75,-4.75
5551,7,7,-3,-8.25,-2.5,-4,-4.5,-11,-17.75,12.5,-3.5,3.75
5552,1,1,-5.75,7.5,-4.75,-5.5,-2.5,-7.75,-6.75,0,-4,-3.25
5553,1,1,-6.75,8.5,-5,-6.25,-1.25,-7.75,-5.25,-1.75,-4.25,-5.25
5554,0,0,12,-11.5,-1,-7.25,-8.25,-8.5,-1.25,-3.75,-1,-3.5
5555,3,3,-4.25,-15.25,-2.25,11.5,-13,-5.25,-23.5,-9,-3,-2.5
5556,4,4,-3.75,-8.75,-2.75,-5.5,3.5,-10,-5.75,-4,-7.25,-0.75
5557,2,2,-0.5,-4.75,9.75,-0.25,-13,-16,-13,-2.25,1.5,-12.25
5558,6,6,2.25,-12,-4,-10.25,-1.75,-4.5,11.5,-13.5,-3.25,-6.25
5559,4,4,-3.75,-8.5,-4.5,-5.25,3.25,-7.5,-7.5,-4.5,-7.75,0
5560,7,7,-1.75,-4.25,-5.25,-8.5,-1.75,-12.25,-13,7.25,-3.25,3
5561,4,4,-2.75,-9.25,-1,-5.75,3.75,-10.75,-7,-4.25,-6.5,-1.5
5562,2,2,-3.75,-4.75,9.25,0.75,-12,-14.25,-14.25,-3.75,4.25,-12
5563,7,7,-6.5,-2.5,2,1.5,-6.25,-15,-21.75,12.5,-2.75,-1
5564,4,4,-6.5,-9.25,-4.75,-8.5,5,-11.5,-4.75,-1.75,-2.75,-2.25
5565,9,9,-9.5,-12.75,-6.75,-3,-0.75,-7.25,-18,-0.5,-1.5,8.5
5566,1,1,-5.5,7.25,-5.75,-8,-1.75,-7,-3.5,-1.75,-2.5,-3.5
5567,0,0,8.5,-5.75,-2.5,-9,-5.25,-10.75,-0.25,-2.75,-2.5,-1.25
5568,6,6,-0.5,-8.75,-5.5,-9,-1,-3,10,-11.5,-1.75,-5.75
5569,8,8,-0.25,-19.25,-4,-3.75,-7.5,-6.75,-13.25,-10.25,5.5,-3.5
5570,5,5,-8.25,-24,-11,-1,-10.5,11.5,-5.25,-20.25,-3.5,1.25
5571,5,5,-12.25,-20,-14.5,0.25,-12,16.25,-7.25,-27,-3.25,-4.5
5572,5,5,-9,-25.25,-12.5,-1,-11,14.5,-4,-24.75,-4,0.5
5573,3,5,-9.5,-16,-11.25,7.25,-11.5,7.75,-16.25,-15.5,-4.5,-0.75
5574,5,5,-12.25,-22.5,-12.5,-0.25,-10.5,15.25,-3.5,-27,-3.25,-2.75
5575,9,9,-6.25,-14,-4.25,-3.5,-1.25,-10,-19.25,2.75,-1.5,8.75
5576,7,7,-6.25,-4.25,2.25,1.25,-7.5,-14.5,-22.25,13.5,-2.75,-0.5
5577,4,4,-6.75,-5.25,-5.5,-7.5,4.25,-7.25,-3,-5.75,-6,-3.75
5578,8,8,-3.75,-9,-6.25,-5,-4.75,-4.75,-7.25,-11,3.25,-1.75
5579,5,5,-7.25,-21.5,-11.25,-5.25,-9,8.5,-1.5,-16.25,0,-0.25
5580,9,9,-6,-12.25,-5.5,-4.5,0.75,-9.5,-16,1.5,-4.25,7.25
5581,6,6,-1,-8,-7.25,-8.75,-2,-1.75,10,-13.75,-1.25,-7.75
5582,9,9,-7.75,-11.75,-7.5,-5.25,0.25,-7.5,-15.25,0.25,-4,8.5
5583,3,3,-9.5,-14.25,-10.25,7.25,-10.25,3.75,-20.5,-10,-3.75,-1
5584,0,0,13.25,-12.25,-4,-10,-11,-4.5,-1.5,-5.25,-2,-5.5
5585,3,3,-7.75,-13.75,-5.25,12,-12.25,-1.5,-23.75,-8.75,-4.75,-1.5
5586,8,8,1.75,-8.75,-3.25,-6.5,-5.25,-9.25,-7.25,-9,2.5,-3.75
5587,9,9,-10,-15,-7,-1.5,-2,-5.75,-20.25,0.5,-1.75,8
5588,1,1,-5,7.75,-5.75,-8.75,-3.25,-5.25,0,-4.75,-1.75,-5.5
5589,8,8,-5,-10.25,-1,-4,-6,-8,-6.75,-7.75,5.25,-4.25
5590,1,1,-6,7.25,-4.75,-6.5,-2,-7.75,-5.25,-1.75,-3.5,-4.25
5591,6,6,-1.25,-6.5,-5.5,-9,-1.5,-3.25,10.25,-14,-2.5,-5.25
5592,0,0,10.25,-10.75,-0.25,-7.25,-8,-8.5,-0.5,-4.5,-0.75,-4
5593,0,0,9.75,-14.25,-2,-10.25,-8.25,-4,6,-8.5,-5.5,-6.25
5594,1,1,-7.5,5,-5,-7.25,-3,-6,-2.75,-4.5,-1.25,-5.5
5595,2,2,-2.5,-5,9.5,-3.25,-3,-14.5,-4.75,-5.5,-5.5,-15.5
5596,3,3,-6.5,-8.75,-3.75,6,-9.25,-1.75,-19.25,-10,-2.75,-1
5597,4,4,-9.75,-5.75,-4.75,-4.75,5,-8.75,-7.25,-5,-3.75,-5
5598,5,5,-9.75,-17,-13.25,-0.25,-10.25,11.75,-10.25,-15.25,-0.75,-4.25
5599,6,6,-5,-7.25,-6,-7.75,0.75,-1.75,7.25,-11.5,-2.75,-4.75
5600,7,9,-7,-0.75,-6,-5,-2,-5.75,-11.25,1.5,-3,1.75
5601,8,4,-7,-2.75,-4.25,-7,3.5,-9.75,-8,-5.5,0,-5.5
5602,9,9,-11.25,-10.75,-8.5,-2.75,-1.5,-3.75,-16.75,-1,-1.75,6.25
5603,0,0,10.25,-12.75,-1,-8.75,-10,-2,1.5,-6.75,-6.75,-3.5
5604,1,1,-7,7.5,-4.75,-5.75,-1.75,-7.5,-7.25,-0.25,-3.75,-3.5
5605,2,2,-1.25,-8,9.25,-2,-8.5,-16.75,-10,-4.5,-2,-11
5606,3,3,-7.25,-15.25,-3.25,11.5,-11.25,-3.75,-25.5,-9.75,-2.75,-0.5
5607,4,4,-9.75,-5.75,-5.5,-5,4.75,-7.5,-7.5,-4.25,-4,-4.75
5608,5,5,-5.75,-9.75,-4.5,-0.25,-6.5,3,-5.75,-5.5,-0.75,-2.25
5609,6,6,-1.5,-10,-4.75,-8.5,-2.25,-0.5,13,-16.5,-4.75,-5.5
5610,7,7,-1.75,-6.75,-5.5,-7.5,-3.5,-8,-12,10.75,-4.75,4
5611,8,1,-4.25,0.75,-4.25,-6,-1,-6.25,-2.75,-5.75,0.25,-7.5
5612,9,9,-10,-12.25,-6,-0.75,-2.25,-4,-17.75,-0.25,-2,6.75
5613,0,0,6.75,-13,-4,-8.25,-10.25,2.25,5,-9.75,-5.75,-3.75
5614,1,1,-6.75,7.5,-4.25,-7.25,-3,-6.75,-3.5,-3.75,-2.5,-5.25
5615,2,2,-2.25,-6.25,9.25,0.75,-11.5,-16.5,-12.5,-4.25,0.25,-10.5
5616,3,3,-3,-10.5,-0.25,6.25,-10,-4.75,-20.25,-8.5,-2.25,-4.25
5617,4,4,-11,-6,-8,-5.5,3.5,-4.5,-8.25,-5.5,-3.5,-1.5
5618,5,5,-12.25,-16.25,-9.25,-1.5,-8.5,11.75,-4,-19.5,0.25,-4.25
5619,6,6,-3.75,-7.5,-4.5,-9,2.25,-3.75,8,-11,-4.25,-6.5
5620,7,7,-2,-8,-5.75,-8.75,-0.25,-10,-13,8,-5.75,6
5621,8,8,-8.5,-4.75,-6.5,-6.5,1.75,-6.25,-6,-5.75,2.75,-8
5622,9,9,-10.75,-8,-7,-1.75,0.5,-4.5,-15,-2.75,-3.5,4.25
5623,3,3,0.75,-8.75,-0.25,1.75,-13,-2.5,-14.25,-7,-2.5,-4
5624,5,5,-9.5,-19.25,-12.25,-0.75,-11.25,12.75,-8.75,-17.75,-0.25,-5.25
5625,3,3,-8.25,-9.75,-4.25,10,-8.75,-1.75,-24.25,-12,-5.5,-1.25
5626,2,2,-3,-4,8.25,-0.75,-12.25,-13.5,-11.25,-3.75,0.25,-11.5
5627,9,9,-10.5,-9.75,-7.75,-2.25,-0.5,-4.5,-14.75,-3,-3,6
5628,3,3,-3.5,-9,-1.75,6.75,-12.25,-1.75,-20,-8.25,-4.75,-4.5
5629,2,2,-3,-2.5,11.75,-1.5,-10.75,-17.75,-12.75,-1.5,-1,-12.25
5630,1,1,-7.25,6.5,-4.5,-4.75,-2,-7.25,-9,1,-4.25,-2.25
5631,4,4,-8.5,-4.75,-4.5,-5,4.75,-7.75,-6.25,-3.75,-4.25,-5.5
5632,5,5,-11.5,-14.75,-15.5,-0.25,-11.25,13.5,-9.5,-18,-3.75,-1
5633,5,5,-5.25,-11,-9.25,-4.5,-10.25,9.25,-3.25,-11.75,0,-5
5634,2,2,0.5,-9.75,6,-0.25,-11.75,-11.5,-11.25,-6,0.75,-9.5
5635,3,3,-8.75,-16,-8.5,7,-9.75,1.75,-19.75,-12.25,-1.25,-2.25
5636,2,2,-2.75,-6.5,9.5,-0.75,-5,-14.5,-7.75,-4,-4.75,-11.75
5637,1,1,-5.25,7,-5.25,-7,-2.75,-5.5,-3.5,-1.75,-2.25,-2.5
5638,3,3,-3,-10.75,0.25,6,-8.25,-2,-10.75,-11.75,-4.75,-5.25
5639,9,9,-10.5,-9.75,-10.5,-2.75,-2,0.25,-11.5,-2.25,-3.75,4.75
5640,7,7,-3,-5.5,-4.5,-5,-3.5,-6.5,-14,11.25,-5,4
5641,2,2,-2.75,-5,9,-1.5,-7.25,-16.75,-11.5,-5.75,-4,-13.75
5642,1,1,-1.5,4,-5.75,-9.25,-2.75,-3.75,0.5,-1.75,0,-5
5643,2,2,-4.25,-5.5,10.75,-3.25,-9.75,-16.25,-8.25,-8,0,-17.75
5644,8,8,-7.75,-8.25,-7.5,-7,0.5,-4.75,-4.25,-8.75,2.5,-7.5
5645,9,9,-10.5,-8.25,-8.75,-1.75,-2,-3.25,-15.25,-3.25,-2.25,4
5646,1,1,-4.5,7.75,-2.75,-6.25,-2.5,-6.25,-1.75,-3.25,-2.75,-5.25
5647,8,8,-8,-6.75,-9.75,-8.5,0.75,-2.5,-1.5,-9.75,2.25,-9.25
5648,8,8,-9,-6,-5.25,-8,1,-9.5,-7.75,-6,3,-6.25
5649,7,7,-5.75,-4,-7,-5,-2,-7.25,-13.5,5.25,-4.5,3
5650,8,8,-9,-13,-10.25,-7.5,-3,-0.5,-2.5,-12.5,5.5,-8.5
5651,1,1,-6.75,7,-4.75,-5.5,-1.75,-8,-8.25,0.75,-4,-2.25
5652,0,0,10,-11.25,-0.5,-5.25,-7.5,-8.5,-1.75,-6.5,-2.5,-6
5653,0,0,8.5,-16.25,-2,-9.5,-5.5,-8.25,2.75,-5.5,-1,-3.25
5654,7,7,-5.75,-1.5,-1.75,-4.5,-4,-7.5,-11.25,2.25,-0.25,0.25
5655,7,7,-5.25,-3.5,-0.25,-2.75,-5.75,-10.5,-16,5.75,0.75,0.75
5656,8,8,-6.75,-4.75,-6.25,-4,-1,-4.5,-5.5,-11.25,3.5,-6.25
5657,7,7,-5.75,-4.25,-3.75,-6,-2.25,-9.25,-15.25,9.5,-2.75,2.5
5658,5,5,-8,-15.25,-10.5,-0.25,-7.75,9.75,-8.25,-11.25,-4,-1.75
5659,0,0,11.75,-10,-0.75,-7.75,-8.5,-7,0,-5.25,-4,-5.5
5660,6,6,-3.5,-7.5,-3.25,-7.5,-0.25,-1.25,9.5,-14.5,-3.5,-8.75
5661,1,1,-4.25,5.75,-4,-6.75,-3,-4.75,-1.25,-4.25,-2.25,-4.75
5662,5,5,-9.75,-9.75,-11.5,2,-11.5,10.25,-12,-18,-6,-3
5663,7,7,-2.5,-3.75,-5,-5.75,-3,-9,-12.25,6.75,-4.5,4
5664,4,4,-10,-8,-6.25,-6.5,6,-8.5,-7.25,-5.25,-3,-6.5
5665,6,6,-4.5,-7.5,-4.5,-6.25,-0.5,-1.5,8.25,-14.5,-2.5,-7.5
5666,1,1,-5.25,7.75,-5.75,-8.5,-1.5,-7,-3.5,-0.75,-2.75,-3.5
5667,2,2,-1.5,-4.25,9.25,-4,-3,-15.5,-5.5,-3.5,-5,-14.5
5668,5,5,-9,-23.5,-15,-1.75,-11.25,14,-9,-17.75,-1,-1.25
5669,0,0,13,-17.75,-4.75,-10.75,-12,-1.75,0.5,-9.5,-3.25,-5.25
5670,7,7,-4.75,-4.5,-5,-5.25,-2.25,-8.75,-16,11.75,-5.5,2.25
5671,9,9,-6.5,-9.5,-6.75,-3,-1,-7.5,-15,0.5,-2.5,8.25
5672,9,9,-10,-14.5,-8.75,-3.5,0.75,-6,-15.75,-3,-2.75,6.25
5673,0,0,7.5,-15.75,-8.75,-7.75,-12.75,4.75,-3.25,-13.75,-2.75,-6.25
5674,3,3,-1,-11.75,0.75,5.75,-11.75,-3.5,-18,-8.5,-2.75,-4
5675,8,8,-6,-2,-7,-6.25,-0.75,-5.75,-3.25,-8.75,2.5,-9.5
5676,4,4,-6,-4.25,-2,-4,4.5,-8.25,-6.5,-1,-3.75,-4.5
5677,4,4,-7,-4.25,-3.5,-5.75,3.75,-8,-0.5,-6.5,-5.75,-9
5678,8,8,-6.75,-2.5,-5.25,-5.5,-1.75,-2.5,-1,-7.25,0.25,-5.5
5679,1,1,-5.75,8,-4.75,-5.75,-1.5,-6.5,-5.5,0,-3.5,-3.25
5680,8,8,-3.5,-11,-7.5,-4.75,-5.25,-1.75,-4.25,-10,4.5,-5.25
5681,6,6,-3.75,-6,-4.25,-6.25,0.25,-2,8,-12.25,-4.25,-8
5682,5,5,-9,-22.5,-12.75,-5.25,-13,12.5,-2.75,-19.75,1,-1.75
5683,9,9,-11.75,-14.5,-9.75,-4.5,0.25,-2,-13,-4.5,-2.25,5
5684,0,0,12,-11.5,-1.75,-8,-9.75,-4,0,-7.5,-4.5,-6
5685,0,0,11.75,-10,-3,-10.5,-10,-4.5,-0.75,-4.25,-1.75,-7.5
5686,0,0,13.25,-14.75,-3.25,-10.75,-12,-3.75,-0.25,-5.75,-3.25,-2.75
5687,3,3,-4,-10.5,0.5,4.5,-10.25,-3.75,-16,-9.5,-1.25,-4.5
5688,7,7,-4.25,-5.5,-4.25,-4.25,-1.75,-7.75,-14.5,7,-4.25,3.75
5689,1,1,-6.5,7.5,-5.75,-6.75,-0.75,-7,-5.75,-0.25,-3.75,-3.25
5690,6,6,-3.25,-6,-4.75,-7,1,-3,7.5,-10.25,-3.75,-7.25
5691,4,4,-8.25,-5.25,-4.75,-5.75,5.25,-7.5,-6.25,-2.5,-4.25,-5
5692,2,2,-4.5,-3,13.25,-2,-7.5,-21.75,-13.75,-2,-1,-13.75
5693,6,6,-2.75,-5.5,-3.75,-5.5,-1.25,-1,8.5,-12.5,-3.5,-6.75
5694,6,6,-3,-6.25,-3.75,-8.25,-1,-2,9.75,-13,-4.75,-5.75
5695,0,0,8,-17,-7,-10.5,-10.75,1.75,0,-12.5,0,-6.75
5696,4,4,-5.75,-4,-2,-4.75,3.5,-6.75,-2,-6,-4.5,-7
5697,5,5,-9.75,-13.5,-10.75,-2.5,-9.75,9.75,-8.5,-15,-1.25,-0.25
5698,4,4,-9.25,-7,-4.75,-5,4.5,-6.5,-4.5,-6.75,-3.5,-7
5699,1,1,-6.25,7.75,-4,-5.5,-2.75,-7.25,-6.5,-0.5,-3.25,-3.75
5700,3,3,-7.75,-8.25,-3.5,7.25,-8.5,-2.5,-19.25,-8.25,-1.75,-0.75
5701,8,8,-8,-3.75,-2.5,-5,1.75,-9.75,-7.25,-7.5,2.25,-9.75
5702,6,6,-2.25,-7.75,-3.5,-9.25,2.5,-3.75,8.25,-10.25,-5.25,-6.5
5703,3,3,-7.5,-12.25,-4.25,7.75,-11.5,-0.25,-20.5,-10.75,-1.5,-3
5704,9,9,-9.5,-11.75,-6.25,-2.75,-1,-6.25,-17.75,0.25,-3.25,7.5
5705,9,9,-9.75,-10,-8.25,-2,-0.25,-2.75,-13.25,-3.75,-3,4.25
5706,5,5,-7,-15,-8.25,-5,-10,10.25,-4.75,-11.25,1,-2.25
5707,9,9,-7.25,-11.75,-4.75,-2,-1.5,-8,-16,1,-2,8.25
5708,3,3,-8,-12.5,-4.25,11,-12.75,-2.25,-26.75,-9,-4,-0.25
5709,7,7,-6.75,-3.75,-5.5,-5,-2.5,-7,-12.5,4,-2,4
5710,8,8,-7.25,-2,-4.75,-3.75,-2.75,-5,-5,-6,1.5,-6.25
5711,5,5,-11.5,-17.5,-13.25,-3,-11.75,12,-8.5,-17.75,-0.5,-1
5712,6,6,-2.5,-5.5,-3,-7.75,1.75,-3,7.75,-9.5,-4.5,-6.5
5713,4,4,-8.5,-9.5,-4.75,-5.5,6.5,-7,-5.5,-6,-5,-5.75
5714,7,7,-6.25,-4,-4.5,-5.25,-2,-9,-14.25,6,-2.5,3
5715,6,6,-4.5,-5.75,-5.5,-5.75,-0.75,-0.75,7.75,-13.5,-3.25,-6.5
5716,2,2,-2.5,-3,11.75,-0.25,-10.5,-19.25,-13.75,-0.25,-1,-11.25
5717,2,2,-2.75,-5.75,9.75,-1,-10.75,-17.25,-15,-2,2.5,-9.75
5718,0,0,8,-15,-5.5,-9.25,-8,-0.5,0.75,-9.75,0.75,-4.5
5719,9,9,-3.5,-10.75,-6,-5,-3,-2.75,-4.75,-0.5,-2.75,3.25
5720,4,4,-9,-5,-5.25,-3.5,3.75,-6.25,-8.75,-3.75,-4.25,-3.25
5721,0,0,10.25,-8.75,-1.5,-8.5,-6.75,-9.75,-0.5,-3.25,-1.5,-2.75
5722,1,1,-5.25,7,-4.5,-7.75,-1.75,-6.75,-2.75,-1.75,-2,-4.25
5723,2,2,-5.75,-2.75,9,-0.75,-3.5,-17.75,-14.25,-0.25,-1.75,-8.5
5724,3,3,-7,-10.5,-3.75,9,-9,-3.25,-19.5,-10.25,-1.25,-1.5
5725,4,4,-7.75,-11,-8.25,-10,9.5,-8.75,-10,-1.25,-6.5,0.5
5726,5,5,-6,-17.25,-9.5,-0.25,-8.75,7.75,-8,-13,0,1.25
5727,6,6,2.5,-1.75,-1.75,-10,1.5,-6.25,7.75,-7.5,-5,-9.5
5728,7,7,-6.25,-2.75,-9.5,-8.25,-1.75,-2.5,-8.75,7.5,-5.25,-0.25
5729,8,8,-4.75,-5.25,-0.25,-3.25,-7.5,-5.25,-5.25,-3,3,-2.25
5730,9,9,-7.25,-10.25,-4.75,-2.75,-2.75,-6,-13.75,1.75,0,7
5731,0,0,7.25,-4.25,-1.25,-6.75,-4,-11.5,-7.25,-1.25,-4,-2
5732,1,1,-4.75,7.5,-3.5,-6.75,-2,-7.5,-5.25,0.5,-2.25,-4
5733,2,2,-8.25,0,12,-2.75,-7,-16.75,-12,-1.5,-2.75,-14
5734,3,7,-9.75,-6.25,-3.5,-1,-5.75,-3.75,-12,2,-3.5,0.25
5735,5,5,-6.5,-2.5,-3.75,0,-2.5,0.5,-4,-8,-3.5,-4
5736,6,4,-3.75,-3.25,0.5,-5.25,2.25,-8,-2.5,-8.5,-5.75,-3.75
5737,0,0,9.25,-9.25,-3.25,-6.5,-8,-5.75,-5.75,0.25,-4.5,-0.75
5738,1,1,-4.75,7.5,-5.25,-8.75,-2.5,-6.75,-2.75,-2.5,-2,-4.25
5739,2,2,-6.75,1.75,10.75,-2.5,-3.5,-20.25,-15,-1,-5,-11.75
5740,3,3,-4.25,-11,-2,7.5,-9.25,-3,-16,-6.75,-2.5,-2
5741,4,4,-6,-7.5,-7.75,-11.75,7.75,-9.75,-5.75,-4,-3.75,-5
5742,5,5,-12.5,-14.25,-9.5,1.25,-9.25,10.75,-7.25,-17.5,-3,-3
5743,6,6,-1.75,-4,2,-5.25,0,-5,5,-9.5,-6.75,-10.75
5744,8,8,-8.25,-5,-4.75,-4.75,-7,-0.25,-2.5,-9,5,-6.5
5745,7,7,-6.5,4.75,-4,-6.75,-4,-9.25,-12.75,6,-1.5,-1.5
5746,1,1,-3,5.75,-3.5,-8.5,-2.25,-8.25,-2.25,-2.75,-1.5,-7.25
5747,3,3,-5.25,-12.25,-0.5,8.75,-9,-8.25,-22.5,-1.25,-3.75,-0.75
5748,2,2,-7.5,-4.25,10.25,-2.75,-3,-17.5,-11.25,-1.75,-2.75,-13.5
5749,8,8,-6,-10.75,-0.5,-5.5,-4.25,-2.5,1,-8.5,1.25,-6.25
5750,0,0,9.5,-6,-1.5,-10,-4,-11.75,-2.75,-2.75,-5.75,-4.75
5751,7,7,-5.75,-3.25,-0.5,-1,-6.5,-12,-19.5,13,-2.75,-0.75
5752,5,5,-9.5,-6.5,-8.5,2,-5.75,5.75,-8.5,-13.75,-8.25,-2.25
5753,9,9,-5.5,-17,-6.25,-4.25,-3.5,-3,-10.25,-3,-1,8.25
5754,9,9,-1.75,-11.25,-5,-5.25,-0.25,-5.25,-12,-1.25,-7.75,5.25
5755,6,6,-3.25,-7.5,-2.5,-9.75,0.5,-3.25,11.75,-15.25,-4.5,-8.25
5756,0,0,8.25,-6.5,0,-7,-2.5,-8.75,1.25,-4.5,-8.75,-5
5757,9,9,-3.5,-10.5,-5,-6,-1.75,-9,-8.5,1.75,-1.25,4.5
5758,4,4,-9.75,-6.75,-10.25,-12,10,-10.75,-9.75,-3,-3.25,-1.5
5759,1,1,-3.75,5.5,-1,-5.75,-0.5,-8,-3.75,-1.25,-3,-6.5
5760,3,3,-5.25,-7.75,-2.5,7.25,-10,-3.75,-20.5,-5,-5.75,0
5761,2,2,-4.25,-6.5,10,-3.75,-3.25,-13,-3.75,-5.5,-4.25,-16.25
5762,1,1,-5.25,7,-3.5,-7.25,-2,-7.5,-3.75,-1,-2.5,-4.5
5763,2,2,-4,-7,10,-3.25,-3.5,-13.25,-3,-5.5,-4.75,-15.25
5764,3,3,-5.75,-14.75,-1.25,11.5,-11,-7,-26.25,-5,-3.5,0
5765,8,8,-5.5,-9.25,0,-2.5,-6.5,-9.25,-10,-3.5,6,-2.75
5766,3,3,-7.25,-12.75,-1,12,-13,-7.5,-28,-5,-1.25,-0.25
5767,2,2,-7,-3,13.25,-1.25,-6.25,-20.5,-12.75,-1,-4,-13
5768,6,6,-1.75,-7.5,-1.75,-9.75,2.75,-4.5,6.75,-11,-7.5,-6.25
5769,5,5,-5,-18.25,-7.5,-4.5,-8.75,5.25,-0.25,-16.25,1.5,-1
5770,6,6,1,-4.75,-1.5,-9.75,1,-4,10,-10.75,-7,-10.25
5771,8,8,-6.5,-10.25,2.25,-3.25,-5,-6.75,-5.5,-6.5,3.5,-4.5
5772,2,2,-5.25,-1.25,10,-1,-5,-14.75,-10.75,0,-5.75,-10
5773,7,7,-10.5,-5.5,-6,-0.5,-7.5,-3.75,-20,9,-5,3.75
5774,4,4,-10,-6.75,-8.25,-5.75,7.5,-9,-16.25,-1.5,-5.5,0
5775,8,8,-6.5,-8,0.25,-3.25,-6.25,-6.5,-5.5,-4.25,4.25,-2.75
5776,1,1,-4.5,7.5,-3.25,-6.75,-1.75,-8,-4.5,-0.25,-2.25,-4.5
5777,8,8,-10,-17,-4,-4.75,-5.75,-2,-5.75,-10,5.75,-2.75
5778,0,0,8.25,-2,-1.5,-7.75,-2,-12,-1.75,-4.75,-5.5,-5.5
5779,5,5,-10.5,-16.75,-11.25,-0.5,-9.75,10.75,-8.5,-17.5,-2,-0.25
5780,3,3,-6.5,-6.75,0.25,8.25,-8.75,-8.25,-23.5,-0.75,-5,1
5781,9,9,-8.5,-9.5,-6.5,-0.75,-1,-5.25,-16.5,0.75,-4,5.75
5782,4,4,-7,-12.75,-8,-10.75,8.25,-8.25,-8.25,-4.75,-5,0.5
5783,1,1,-4.75,8,-4.5,-8.25,-2.5,-7.25,-2.75,-1.5,-2,-4.75
5784,9,9,-3,-13,-5,-6,0,-6.5,-9,0.5,-5.25,6.25
5785,2,2,-6.5,-3.5,10.5,-1.75,-4.75,-17.75,-9.5,-4.75,-5.5,-12.5
5786,1,1,-4.5,7.75,-3.5,-7.25,-1.75,-7,-2.75,-1,-2.5,-4.25
5787,9,9,-3.5,-13.25,-5,-4.25,-3,-2.75,-7.25,-1.5,-0.5,5.5
5788,6,6,-1,-6.25,-3.25,-8.75,-0.5,-2.75,11,-13.75,-3.5,-8.25
5789,7,7,-4.75,-4.5,1,0,-7.75,-11.75,-19.25,13.25,-3.5,0
5790,9,9,-7.75,-17.5,-6.25,-2,-2,-6.25,-18,0.25,-1.25,7.75
5791,0,0,10.5,-8.25,-0.25,-10.25,-4.5,-10.5,2.25,-6.25,-8.25,-7
5792,4,4,-5.25,-6.5,-8,-14.5,9.25,-10.75,-2,-5.5,-5.75,-2
5793,6,6,-0.75,-4.25,-2,-7.25,1,-3.25,8.5,-11,-5.5,-8
5794,1,1,-4.25,8.25,-4.25,-7.75,-1.25,-8,-4.75,-1.75,-2.75,-5.5
5795,7,7,-6.25,-4.75,0,0,-6.5,-12,-21.75,12.5,-2.25,1.25
5796,3,3,-7.25,-12,-3.5,12.5,-9,-3.5,-23.5,-10.5,-4.5,-0.5
5797,8,8,-8.75,0.5,-5,-5.75,-4.75,-5.5,-7.5,-9,4.5,-12.5
5798,7,7,-4.75,-3,0,0.5,-6.25,-8.75,-17,9.75,-2.5,0.25
5799,2,2,-6.75,0.25,12,0,-6.25,-21.5,-16,2,-5.5,-11
5800,9,9,-4,-12.75,-4,-5.5,0.25,-8.5,-13.25,2.75,-5.5,7.25
5801,6,6,4.75,-9,-4.25,-6.75,-3.5,-3.25,7.5,-12.75,-4.25,-10
5802,5,5,-6.25,-18.5,-9,0.5,-11.25,8.25,-11,-14,-0.5,0.75
5803,8,8,-8,-8,-1,-2.5,-6.75,-1.75,-4.25,-10.5,3.75,-11
5804,3,3,-7.75,-12.75,-6.75,9,-10.5,0.25,-22.25,-9.5,-4.75,1.25
5805,9,9,-7.75,-11.5,-6.5,-1.75,-1.25,-6,-16.25,-1,-2.25,6.5
5806,0,0,9.5,-7,-0.75,-8.25,-4.25,-10,1,-5.75,-7.5,-6.75
5807,5,5,-7.5,-15.75,-9.5,-2.75,-9.5,8,-7.5,-12.75,0.25,0.5
5808,7,7,-6.5,-1.75,-0.75,-1,-5.5,-11,-19,11.5,-2.75,0.5
5809,1,1,-4.5,7,-4.5,-7.75,-0.5,-6.25,-4,-1.75,-3.25,-5.75
5810,6,6,-2,-6,-2.25,-5.75,0,-3.25,7.5,-12,-4.75,-5.5
5811,1,1,-5,8,-5,-8.5,-1,-7.5,-3.5,-1.75,-3.25,-6.25
5812,0,0,9.25,-5.25,-1,-7.5,-3.75,-13.75,-4.5,-3,-4.5,-3.75
5813,9,9,-6,-14,-7,-3.75,-0.25,-7.75,-18.75,1.5,-2.75,9.5
5814,3,3,-2.75,-7.75,0,5.75,-9.5,-1,-9.5,-9.5,-8.5,-6
5815,3,3,-3.75,-11.25,-2.25,6.25,-10.25,1.25,-13.25,-11.25,-3,-5
5816,4,4,-4.5,-8.5,-5,-12,11.25,-14.25,-6.25,-3.75,-7.25,-5.25
5817,4,4,-6.5,-8,-7.25,-11,10,-12,-7.25,-4.75,-4.75,-4.5
5818,0,0,8.5,-5.25,-1.75,-6.25,-4.75,-10.25,-2,-5.5,-3.5,-4.25
5819,6,6,0.25,-2.75,-1.5,-6.5,0,-4.25,7.5,-9,-4.75,-8.25
5820,2,2,-5.25,-1.5,9.75,-0.5,-8.5,-14.75,-14.5,0.75,-4,-7.5
5821,5,5,-7,-7.5,-9.5,1,-8.75,7.25,-7,-14.5,-4.75,-3.25
5822,4,4,-6.5,-8.75,-8,-12.25,9.5,-10.75,-5.5,-6.75,-3.25,-3.5
5823,2,2,-1.25,-1.5,10.25,-0.75,-10.75,-14.5,-13,2.75,-4,-5.25
5824,3,3,-8,-9.25,0,6.5,-8.5,-9,-21.5,1.5,-2.75,0.25
5825,4,4,-5.75,-12,-4.75,-10.75,9,-9,-6.25,-4.75,-6.75,-4.25
5826,6,6,-3,-6.75,-3.25,-8,2.75,-4.75,6.25,-9.25,-4.5,-4.75
5827,0,0,6.25,-4,-0.25,-6.75,-2.75,-9.75,-1.75,-4.5,-5,-2.5
5828,0,0,6.75,-8.25,0,-5.25,-7,-4.25,1,-9.25,-5.25,-4
5829,2,2,-7.25,-5.5,11.5,-2.25,-1.75,-17.25,-8.25,-3.5,-5,-16
5830,0,0,4.5,-11,-2.75,1.5,-11,-1.25,-11,-6.5,-7.25,-3.5
5831,1,1,-4.75,6,-3,-7,-4.25,-6,1,-7.5,-1.25,-8
5832,4,4,-4.25,-12.5,-2.5,-6.75,5.25,-11.25,-9,-2.25,-3.5,-1.75
5833,5,5,-6.75,-15,-12.25,-2,-7.5,5.25,-14.25,-10.75,-3.25,0.5
5834,6,6,-1.25,-7.5,-3,-8.25,-1.25,-1.75,12.25,-15.75,-4,-9
5835,7,7,-3,-8.25,-1.25,-5.5,-1.5,-11,-9.5,4.25,-4,1.75
5836,8,8,-5.25,-6.75,-7.5,-7,-8,-2.5,-8.25,-9.5,5.25,-5.75
5837,9,9,-8.75,-10.25,-5.5,-2.25,1,-7,-18.75,1,-2.75,5.25
5838,0,0,7.5,-8,-1.75,-3.75,-7.5,-5.25,-5.75,-0.75,-7,-4.25
5839,1,1,-4.75,7,-6.5,-9,-1.5,-6,-4.5,-3.25,-1.75,-6
5840,2,2,-0.5,-6.75,8.75,-1,-6,-12.75,-7.25,-3.5,-3.25,-10.25
5841,3,3,-5,-10.5,-3.75,4.5,-6,2.75,-9.75,-10.75,-4.5,-3
5842,4,7,-4.25,-9.75,-4.75,-6,2.25,-8.5,-12.5,5,-5,1.25
5843,5,5,-3.25,-12.5,-6,-0.75,-10.75,9,-3.5,-14.25,-5,-5
5844,6,6,-1.5,-9.25,-3.75,-8.75,-3,-1,12,-15.75,-3.5,-5.25
5845,7,7,-4,-8.25,-2,-6.5,1.25,-13,-10,7,-3,1.5
5846,8,8,-7.75,-9.75,-3.25,-6.5,-7.5,-1.5,-3.25,-11,7.75,-10
5847,0,0,8,-2,-4.5,-9.5,-5.25,-11,-9.25,2,-6.5,-3
5848,1,1,-4.75,8.25,-5.25,-8.5,-2.75,-7.25,-4.25,-0.5,-2,-4.5
5849,2,2,-0.25,-4.25,8.5,-1.75,-8.5,-14.75,-7.25,-3.25,-2.75,-11.75
5850,3,3,-6,-12.75,-4.5,11.75,-11,-2.75,-25,-5,-8,-1.25
5851,4,4,-3.75,-6.5,-0.25,-6.25,3.25,-9.75,-3.5,-5.5,-6.75,-5
5852,5,5,-8.5,-9.5,-11.25,0.5,-11.25,10.5,-8.75,-19.25,-4.75,-4
5853,6,6,-3,-3.25,-2.75,-6.5,0,-4.75,8,-12.75,-5.75,-10.25
5854,7,7,-3.5,-8.25,-3,-6.5,0.75,-11,-8,5.5,-4,0.75
5855,8,8,-5.25,-2.5,-7.75,-7,-6.25,-0.75,-6,-6.5,4.5,-6.75
5856,9,9,-4.75,-9.75,-3.75,-4.5,0.75,-10.25,-16,3.25,-3.25,7.75
5857,8,8,-5,-7.75,2.75,0.25,-8.75,-10.25,-15.5,-5.75,4.5,-6
5858,7,7,-7.25,-5.25,-6,-6.25,1,-9,-8.75,3.25,-2.75,0.25
5859,1,1,-5.5,8,-3.5,-5.75,-2.25,-6.5,-4,-1.75,-3,-4.25
5860,3,3,-7.25,-11,-5.25,10.75,-10.5,-1,-22.75,-8.75,-6,-1.25
5861,7,7,-6.25,-4.25,-1.75,-4.25,-0.5,-9.5,-10.5,7.75,-3.5,-0.5
5862,5,5,-8.5,-15.25,-12.25,3,-13.25,13,-9.75,-21.25,-4.25,-3
5863,2,2,-2.5,-2,11,-2.25,-10.75,-16,-11.75,-2.75,0.75,-15.5
5864,8,8,-6,-12.25,-0.25,-2,-5.75,-10.5,-12.75,-4,6.25,-2
5865,0,0,10.75,-8.5,-0.5,-7.5,-7,-11,-4.5,-2.25,-4,-3.5
5866,7,7,-6,-9,-4,-5.5,1.5,-12.25,-13.5,8,-3.5,0.75
5867,5,5,-9,-14,-11.25,2.5,-13.25,12.25,-11.25,-20.5,-4,-3.75
5868,9,9,-7.25,-12.75,-6.5,-3.75,-3,-3.25,-10.75,-2,-0.25,6.75
5869,9,9,-5.25,-12,-6,-4,-1.5,-5,-12.75,-1.5,-2.5,6.75
5870,0,0,6.75,0.5,-4.5,-11,-3.75,-13.75,-7,1,-5.25,-3.75
5871,9,9,-4.75,-14.25,-7.25,-6.5,-2.25,-3.5,-7.5,-3.5,-2,8
5872,1,1,-5,8,-5,-8.25,-2.5,-5.75,-3.25,-0.75,-2,-3.75
5873,1,1,-4.25,7.25,-4,-6,-1.5,-5.5,-2.5,-1.5,-2.5,-3.5
5874,5,5,-7.5,-9.75,-9.25,2,-12.25,10.25,-9.25,-17.5,-3,-4
5875,8,8,-3.75,-6.75,0.75,-1.5,-7,-9.5,-9.75,-6,5.25,-4.5
5876,8,8,-6,-7.5,0,-2,-7.25,-8.75,-14.5,-3.5,5.25,-4
5877,6,6,4,-1.25,-4,-8.75,-3.25,-5.5,6,-7,-5.75,-4.75
5878,3,3,-7,-8.75,-2.75,6.25,-9,1.75,-14,-13.5,-2.75,-5
5879,2,2,-0.75,-4,9.75,-2,-7.75,-13.5,-5.5,-3.75,-3,-13
5880,1,1,-5.75,8.75,-3.25,-5.5,-1.75,-7.5,-5.75,0.25,-3.5,-3.75
5881,8,8,-4,-10,-0.5,-1.5,-7.5,-7,-9.5,-6.75,6.5,-3.75
5882,3,3,-9,-17.5,-4,9.75,-10.5,-3,-26,-13.25,-1.5,-0.25
5883,2,2,-0.75,-5.5,10.5,-0.5,-8.5,-14.5,-9,-1,-3.5,-10.5
5884,6,6,-1.75,-8.25,-4.25,-6.5,-1.5,-0.75,10,-13.25,-2.75,-4.25
5885,5,5,-8.25,-15.75,-9.25,1,-10.5,11,-8.25,-18,-2.25,-0.75
5886,6,6,-3,-3.25,-2.25,-5.5,-0.5,-5,7.5,-13.25,-4,-9.75
5887,7,0,4.5,-10.5,2.25,-7.5,-5.75,-12.25,-7.75,3.25,-2.75,-2
5888,4,0,2.75,-7.5,1,-8.25,1,-11.5,-0.25,-5.25,-6,-8
5889,1,1,-6,8,-4,-5.25,-1.5,-6.75,-5.75,-0.25,-4,-3.25
5890,0,0,4.75,-2.25,-4.5,-8.25,-3.75,-7,0.25,-3,-2.5,-2.5
5891,5,5,-1.75,-5,-1.25,-1,-10,3.25,-1.25,-11.75,-4.5,-7.5
5892,3,3,-4.75,-7.5,-1.25,6.75,-7.75,-1.75,-15,-9.5,-4,-3.25
5893,1,1,-4.5,7.25,-4.75,-6.5,-2.5,-4.5,-2,-2.5,-2.25,-3.25
5894,9,9,-8.25,-12,-5,-2.5,-0.75,-8,-19.5,3.25,-3.75,7.75
5895,2,2,-3.25,-0.5,10,-3,-6.75,-14.25,-6.5,-4.25,-2.5,-14.75
5896,1,1,-5.75,8.25,-4.25,-6,-2,-6,-4.75,-1.25,-3,-3.5
5897,9,9,-3.25,-12.75,-4,-4.75,-1.75,-6,-14.5,2.5,-6,7.5
5898,6,6,-2.5,-4.5,-3,-6.75,0,-2.25,8.75,-12.75,-5.5,-7.25
5899,0,0,7.5,-4.25,-1.5,-8,-3.25,-12,-1.25,-3.25,-4.75,-2.75
5900,4,4,-7.25,-9,-5.5,-8.25,9.5,-8.75,-8.25,-3.25,-5.75,-4.25
5901,6,6,-0.5,-3.5,-1.25,-6,0.5,-4,6.75,-8.75,-4.75,-7.5
5902,1,1,-4.25,7.75,-4.5,-7,-1.25,-6.25,-2.75,-0.5,-2.5,-4
5903,7,7,-5.75,-3.75,-5.5,-4.75,-0.75,-8,-12,6,-4.5,3.5
5904,3,3,-7.75,-10.5,-1.5,7.25,-9,-5.75,-20.25,-3,-3,-2.5
5905,8,8,-6.5,-8,-1.5,-2.25,-3.75,-7.75,-8.5,-5,4.75,-5.25
5906,7,7,-5.5,-5,-2.5,-4,1.5,-10.5,-12,6.5,-3.75,1.25
5907,2,2,-3.75,-1.75,7.5,-0.75,-9.5,-12,-11.5,-4.5,2.25,-10.5
5908,9,9,-6.25,-10.75,-7.5,-4.25,0.5,-4.75,-13.75,0.5,-3.5,7.5
5909,6,6,2.25,-7.5,-2,-8,-3,-3.5,9.25,-14.5,-2.5,-12
5910,5,5,-10.25,-9,-10.75,-1.75,-8.5,10,-6.25,-17.25,-2.5,-4.25
5911,8,8,-5.75,-10.5,-3,-3,-5.25,-5.5,-10,-5.5,4.5,-1.5
5912,3,3,-0.75,-8.5,-0.5,4,-10,-0.5,-10.25,-9.25,-7.5,-6.5
5913,5,5,-3.75,-5,-4.75,0,-10.5,5.75,-6.5,-12,-4,-7
5914,7,7,-4.75,-6.5,-4,-5.5,2,-8,-9,4.75,-3.75,0.25
5915,1,1,-4.25,7.25,-4,-6,-1.75,-5.25,-2.75,-1.5,-2.5,-3.5
5916,6,6,-2,-2.5,0.5,-4.25,1.25,-5.75,3.25,-5.25,-4.5,-7.25
5917,1,1,-6,8.75,-6,-7,-2,-6,-5.25,-0.75,-3.5,-2.75
5918,0,0,8.25,-10.75,-2.5,-8,-5.5,-10.75,-4.25,-4.75,1.25,-4.25
5919,9,9,-7.75,-10.5,-5.75,-4,0.5,-9.25,-15.5,-0.75,-2.5,7
5920,6,6,-2.75,-2.25,-2,-6.75,0,-4.5,7.25,-11,-3.75,-9.25
5921,2,2,-5.75,1.75,8,-0.75,-8,-13.75,-12.75,2.5,-2.75,-8.5
5922,5,5,-4,-11.25,-6,2,-10.75,6.5,-10,-14.5,-4,-3.25
5923,4,4,-5.25,-6,-3,-7.5,3.75,-7.75,-2,-4.5,-4.75,-5.75
5924,2,2,-5.75,1,9.75,-2.25,-6,-13.5,-9,-1.25,-2.75,-12
5925,3,3,-6.25,-11,-2.25,9.5,-7.75,-4.5,-21.75,-5.75,-4.75,-1
5926,4,4,-6.5,-8.5,-6.25,-7.5,4.25,-8.5,-7.25,-3.5,-3.75,1
5927,4,4,-5.75,-9,-5.25,-10.25,9,-8.5,-7.25,-3.25,-5,-3
5928,6,6,-3.25,-4.5,-3.5,-6,0.75,-2,7.25,-10.5,-4.25,-6
5929,0,0,10,-10.25,0.25,-6.75,-6,-11.5,-3.25,-3.25,-0.25,-4.5
5930,0,0,11.75,-10.5,-2,-8.25,-8.25,-6.25,-1,-6.25,-4,-5
5931,2,2,-4.5,-0.25,10,-2.25,-6,-15,-7.5,-1.5,-2.75,-13.75
5932,0,0,11.75,-12.5,-1.5,-6.5,-10,-4,-1.5,-8.25,-7,-4.75
5933,1,1,-8.25,6.75,-4.5,-6.5,-1.75,-6.5,-5.5,-1.75,-3,-4.5
5934,2,2,-3,-7.25,6.5,-4,-4.75,-11,-7.25,-2.75,-2.5,-6.5
5935,3,3,-7.75,-8.5,-5.25,1,-7,-0.5,-12.5,-12.25,-0.75,-2.5
5936,4,4,-11,-11.75,-10,-5.75,4.5,-5,-10,-4.25,-5.5,0.5
5937,5,3,-8,-12,-10.5,5,-8.5,5,-15.25,-16,-3.75,-1
5938,6,6,-2.25,-11.25,-6,-8.75,1.5,-3.75,8.25,-11,-2.5,-7
5939,7,7,-9,-4,-4,-2,-5.25,-4.25,-16.25,6.5,-3.75,3.5
5940,8,8,-3.25,-15.25,-2.5,-3.25,-5.25,-8.5,-7.5,-10.75,5.25,-3.25
5941,9,9,-11.25,-16,-9,-2.5,-1.75,-3.25,-18.25,-3.5,-2.25,7
5942,0,0,9.75,-14.5,-1.5,-5.75,-10.75,-2.75,-1,-5.5,-7.5,-2.25
5943,1,1,-8.5,5,-4.5,-7.25,-2.5,-6.25,-3.75,-4.75,-1.75,-6.25
5944,2,2,-5.75,-4.25,7.75,-5,-5,-13,-8.75,-2,-2.25,-8.5
5945,3,3,-8.75,-9.5,-4.75,3.25,-7.25,-2.5,-12.75,-13,0.75,-3.75
5946,4,4,-14.5,-11.75,-10.25,-6.5,7,-4,-13.25,-7.25,-3.75,-1.25
5947,5,5,-8,-21.75,-10.75,-2.25,-9.5,7.25,-5.75,-20.25,0.75,-1.5
5948,6,6,-2.5,-6.75,-5.25,-7.25,1.5,-4.25,7,-9.75,-3.5,-7.25
5949,7,7,-12.25,-5,-7.5,-2.75,-4.75,-5,-20.25,8.5,-6.25,4
5950,8,8,-6.5,-10,-4.25,-2,-5,-5.25,-4.75,-12.25,3.75,-5.5
5951,9,9,-12,-8.75,-8.75,-2.25,-1.25,-2.25,-16.25,-1.75,-4.75,5.25
5952,0,0,10.75,-12.75,-1,-6.5,-11,-3,-0.25,-7.5,-6.25,-5
5953,1,1,-6.75,5.75,-2.75,-4.5,-1.75,-5.75,-5.5,-1.75,-3,-4.5
5954,2,2,-5.25,-5.5,12.5,-1,-7.25,-18.5,-13.5,0.5,-5.75,-9
5955,3,8,-5.5,-13.25,-4.5,-0.75,-5.5,-3.25,-7.5,-12.75,2.25,-4.25
5956,4,4,-13.25,-12.25,-8.25,-7.75,9.25,-6.25,-12.5,-6,-4.75,-2.75
5957,5,5,-7.5,-22.75,-9.5,0.75,-11.75,7.5,-10,-17.75,2,-1
5958,6,6,-3.25,-11.75,-4.5,-8,2,-3.5,7.75,-12.5,-3.75,-8.5
5959,7,7,-9,-4.25,-4,-1.5,-5.75,-4.25,-16.75,7,-4.25,3.75
5960,8,8,-1,-16.25,-1.5,-2.75,-6.25,-9,-8.5,-7.5,4.25,0.25
5961,9,9,-10.75,-7,-7.75,-2,-2,-2.25,-16.25,0.5,-5,3.5
5962,8,8,-4,-17.5,-2.25,-1.75,-4.75,-8.5,-9.75,-7,4.5,-2.25
5963,6,6,-4.75,-8,-5.25,-7.75,1.25,-3,7.25,-11.5,-2.25,-9
5964,5,5,-7.5,-17.5,-10.75,3.25,-11,8.75,-12,-18.75,-2,-2
5965,0,0,10.75,-17,-2.75,-6,-11,-2,0,-7,-6.5,-1.75
5966,6,6,-2.25,-10.5,-4.75,-6.5,-0.75,-1.75,9.25,-14,-3.5,-8.25
5967,8,8,-4.75,-15.75,-3.75,-3.75,-3.75,-7,-7.5,-8.5,5,-0.25
5968,9,9,-10.25,-12,-7.5,-5,-0.25,-5,-14.5,-3.25,-2.5,7.5
5969,4,4,-13,-10.75,-7,-6.25,5.25,-4.25,-8,-10,-2.25,-3.75
5970,1,1,-6.5,5.75,-4,-6,-1.25,-4.75,-3,-3.25,-2.25,-4.25
5971,9,9,-11.5,-10.5,-8.5,-2.5,-1.75,-3.25,-15.75,-2.75,-2.5,6
5972,5,5,-7.25,-19.25,-10.75,3,-9,6.5,-14,-17.5,0.25,-0.75
5973,3,8,-4.25,-12.25,-4.25,-1.25,-5.25,-2.75,-6.25,-14,1.5,-2.75
5974,0,0,8,-8,-0.25,-5.75,-6.25,-9.75,-2.25,-3.25,-4.5,-0.5
5975,4,4,-12,-10.5,-8.25,-4.5,5,-2.75,-9.5,-7.25,-4.25,-0.75
5976,8,8,-6.25,-10,-2.5,-2.25,-4.5,-7.75,-8.25,-4.75,2.75,-3
5977,9,9,-11,-15.25,-11,-3.5,-0.75,-2.5,-15.5,-4.5,-2.75,6
5978,1,1,-7,4.25,-2,-3.25,-2,-6.5,-7,-1.25,-3,-5
5979,4,4,-14.75,-13.25,-7.5,-5,7.5,-4.5,-14,-8.25,-4.5,-4.5
5980,0,0,8.75,-12.25,-1,-5.25,-8.25,-3.25,-0.25,-10,-4.75,-5.5
5981,5,3,-4,-19,-7.5,2,-8.25,1.5,-11,-14.25,0,1.75
5982,5,5,-9,-15,-7.5,2.75,-9,5.75,-10,-17.25,-1.5,-3.75
5983,2,2,-2.5,-5.75,6,-3,-7.5,-9.25,-8.25,-2.75,-4.5,-6.75
5984,1,1,-6.5,4.5,-2.5,-4.25,-2,-6,-6,-0.75,-2.75,-3.75
5985,5,5,-4.5,-18.75,-5.25,1,-11,1.75,-6.75,-16.75,1.5,-2.5
5986,4,4,-13.5,-11.25,-6.75,-3.5,4.5,-3.5,-11.5,-7.75,-2.25,-1.75
5987,0,0,7.25,-15.75,0,-4.75,-8,-3,-0.75,-8.25,-4.75,-0.25
5988,7,7,-9.25,-2.75,-3.25,-2,-4.25,-6.25,-16.25,8,-4.75,2.75
5989,6,6,-5.75,-3.75,-3.25,-7.75,0.5,-4.5,6,-11.25,-2.5,-10.25
5990,0,0,11,-13.5,-0.75,-7.75,-6.5,-8.5,-0.5,-3.5,-4.5,-5.25
5991,1,1,-6.5,6.75,-3.75,-5,-1.5,-6.75,-6,-1.5,-3.5,-4
5992,7,7,-11.75,-6.25,-6.5,-0.75,-4,-4,-19,5.75,-6.25,2.5
5993,0,0,12,-13,-2,-9.75,-8,-5.75,2.25,-7,-6.5,-4.75
5994,6,6,-1.75,-5,-2.25,-7,0.75,-4,8.5,-11,-4.25,-8.75
5995,8,8,-5.5,-17.75,-3.25,-1.75,-7.5,-7,-12.25,-7.5,5.5,1.25
5996,9,9,-2,-16,-2.75,-4.5,-2.75,-7.25,-10.5,-2,-3.5,6
5997,5,3,-4.75,-19,-5.25,2.5,-10.25,1.5,-10.75,-13.5,1.75,-0.25
5998,1,1,-5.75,5.75,-2.25,-4.25,-1.75,-4.5,-4.25,-2.5,-2.5,-3.75
5999,7,7,-6.5,-5.75,-3.5,-1,-5.75,-3.75,-15.5,10.25,-4.75,3.5
6000,9,9,-10,-9,-9.75,-3.75,-1,-3.25,-16,1.75,-5.75,6.75
6001,8,8,-3.5,-10.75,-2.75,-2,-7.75,-6.75,-6.5,-11.25,4,-2.75
6002,6,6,-4,-3.75,-2,-3.5,-0.75,-5,2.75,-8,-4.75,-8.5
6003,0,0,9.75,-14.5,-1.25,-7,-8,-5.25,-0.75,-6.5,-4,-3.5
6004,8,8,-8,-13.75,-7.5,-4.5,-1.5,-4.5,-6.75,-8.75,2.25,-0.5
6005,1,1,-6,3.25,-3.5,-4.5,-1.75,-2.5,-2.75,-3.5,-1.25,-3.75
6006,7,7,-7.25,-1.25,-0.25,0,-6,-7.75,-15.75,8.5,-3.25,1.25
6007,7,7,-11.5,-5.5,-6.5,-2.75,-4.75,-4.5,-18.5,7.75,-5.75,4
6008,1,1,-7.75,4.75,-3.5,-4.75,-1,-6.5,-6.25,-2,-3.25,-5.25
6009,3,3,-5.75,-10,-4.75,2.75,-9,0.5,-10.5,-14.75,0,-2.75
6010,2,2,-5.5,-3,8.5,-4,-2.75,-14.5,-6,-2.5,-5,-10.5
6011,3,3,-1.25,-11,-3.5,1.25,-9.25,1.25,-6.75,-12.5,-1.75,-4.25
6012,1,1,-6.75,8,-2.25,-6,-2.25,-6.5,-4.25,-3.25,-3.25,-6.25
6013,4,4,-11.75,-10,-7,-5,6.75,-6.75,-12.75,-5.5,-4.25,-2.75
6014,2,2,-4.5,-0.5,10.25,-3.25,-5.25,-15.5,-8.5,-1.25,-5.25,-10.25
6015,0,0,8.75,-11.75,-2,-5,-11,0.25,-0.75,-11.75,-6.5,-6.25
6016,0,0,12.25,-13.5,-1.5,-5.75,-12,-3.75,-1.5,-7,-6.5,-6
6017,7,7,-5,-3.75,1.75,2.25,-9.5,-10.25,-20,11,-3,1.25
6018,8,8,-4,-16.5,-3.75,-3.75,-5,-8.5,-10,-7.75,6,1.25
6019,4,4,-12,-9.5,-7.25,-3,2.5,-2.25,-10,-5,-3.25,-1.5
6020,6,6,-4.25,-5.25,-2,-3.75,-0.25,-2.25,4.25,-9.75,-4,-6.5
6021,4,4,-10.25,-7.75,-6.5,-2.75,3,-2.25,-9,-6.5,-3,-1.25
6022,9,9,-10,-10.5,-6,-3.5,-1,-5.25,-13.5,-2.25,-1.5,6.25
6023,3,8,-7.5,-7.75,-5.5,0,-4.5,-0.75,-8.5,-13,0.25,-3.25
6024,8,8,-7.75,-12.75,-3.5,0.25,-5.5,-7,-12.5,-5.25,3.5,-0.5
6025,4,4,-12.5,-13,-5.25,-4.5,7.75,-7.25,-14.25,-7.25,-4.5,-4
6026,7,7,-7.75,-0.75,-0.5,-1.75,-5,-6.5,-13,5.75,-3.25,0
6027,2,2,-5.25,-2.75,4.75,-5,-2.75,-9.5,-5.25,-2.75,-1.5,-9.5
6028,5,5,-7.25,-12.75,-9,1,-10.5,7,-12,-18.5,-0.5,-5.5
6029,6,6,-4,-7.75,-3.75,-4,0,-2.25,5.25,-11.25,-4,-8
6030,3,3,-4.75,-8.75,1.5,3.75,-10.25,-2,-13,-11.5,-1.5,-6.5
6031,6,6,-3.75,-8,-5.25,-4,-2.25,-0.75,7,-14.25,-2.5,-8.75
6032,9,9,-11,-10.75,-8,-2.5,-1,-2,-13.75,-4.75,-2.5,5
6033,6,6,-4.75,-6.75,-4.75,-5.5,-0.75,-1.75,7,-13.25,-2.25,-8
6034,3,3,-9.75,-13.5,-7.25,6.25,-8.25,1.5,-18.5,-14.5,-1.25,0
6035,2,2,0.75,-2,3.75,-5.75,-2.75,-9.5,-3,-4.5,-4.75,-8.5
6036,2,2,-2.75,-8.5,8.5,-1.75,-3.5,-12.75,-5,-4.25,-3.75,-9.75
6037,4,4,-11.25,-9.75,-6.5,-3.5,3.25,-2.75,-11,-6.25,-2.75,-0.5
6038,6,6,-3.5,-10.75,-2.75,-6.5,1.5,-2.5,6.5,-12.5,-4.5,-9.25
6039,9,9,-10,-8.25,-7.75,-2.5,-1,-4,-15.75,-1,-4.75,6
6040,0,0,8.25,-10,0,-4.5,-10,-5.75,-3.75,-4,-2.25,-2
6041,2,2,-3.25,-3.5,6.5,-5,-3.5,-10.25,-2.5,-5.25,-3,-9.25
6042,5,5,-3,-22,-6.5,1.25,-11,2,-10,-16,1.25,-1.25
6043,5,5,-7,-21,-10.25,5.5,-11.25,6.25,-15,-18.5,-0.25,-0.25
6044,1,1,-7.25,6.25,-4.25,-6.75,-1.75,-6.25,-4.25,-2.25,-2.75,-4.5
6045,3,2,-2.5,-10.5,1.5,0.5,-7.25,-6,-10.5,-8.75,0.25,-2.5
6046,3,3,-6.25,-11.75,0.5,2.75,-8,-3.5,-8.75,-13.25,2,-5.75
6047,9,9,-11.75,-11.75,-8.5,-1.5,-2,-1.75,-17.5,-2.5,-3,5.5
6048,7,7,-5.75,-0.75,0.5,0,-6.5,-8.25,-14.75,9,-2.75,1
6049,8,8,-4,-9.5,-2.75,-2.25,-6.5,-6.25,-6.25,-9.25,3.5,-2
6050,7,7,-6.5,-3,-1.25,0.25,-6,-6.5,-16.75,9.75,-4.25,2.75
6051,2,2,-5.25,-2,7,-3.25,-3.25,-13.5,-7.5,-1.5,-1.75,-8
6052,2,2,-5,-1,6.5,-3,-3.75,-11,-4.75,-2.5,-3,-8.5
6053,5,5,-7.5,-18,-10,0,-5.5,3.75,-11.5,-13.75,0.25,0.25
6054,7,7,-8.5,-3,-2.5,-1.25,-5.5,-6.5,-18,7.75,-4.25,3.5
6055,9,9,-12,-13.5,-9.25,-3.5,-1,-4,-17,-1.5,-2.5,7.75
6056,8,8,-5.75,-19.25,-3.5,-0.25,-7.75,-4.5,-10,-13,5.5,-2.5
6057,2,2,-4.25,-6.25,5.25,-8.25,-2,-11.75,-1.75,-7,-2.5,-9
6058,1,1,-6.25,7,-4,-6.25,-2.75,-5.25,-2.75,-4,-2,-5
6059,3,3,-2,-8.5,-2,-0.5,-7.5,-0.75,-5.5,-10.75,-0.5,-4.25
6060,1,1,-7.5,7.5,-4.75,-7.5,-2,-6.25,-3.25,-4,-3,-5.5
6061,3,3,-5.25,-9,0,6.5,-10.25,-1.5,-15.25,-12.25,-3.25,-3.25
6062,0,0,12,-13,-1.5,-6.75,-7.75,-8.25,-2,-3.25,-6,-5.25
6063,1,1,-5,5,-4.75,-7,-2.75,-8.5,-3.75,-4.75,-1.75,-5
6064,2,2,-2.25,-5,13,-0.5,-11,-18.5,-11,-2.75,-1.5,-13.5
6065,3,8,-6.75,-11.25,-3.25,0.5,-7,-6.25,-11,-3.75,2.75,-6.75
6066,4,4,-10.25,-13.75,-7.5,-8.25,10.25,-9.75,-12,-5,-5.75,-5
6067,5,5,-11,-25.75,-14,-1.25,-11.5,13.75,-7,-20.5,-0.25,0
6068,6,6,-1.5,-12.5,-5,-11,0.25,-3.75,12,-15.25,-4.25,-3.75
6069,7,7,-10.25,-7,-4.25,-0.5,-6.75,-8.25,-21.5,10.75,-1.75,1.25
6070,8,8,1.75,-14.75,-3,-6.25,-6.75,-7.75,0,-12.5,4.5,-3.75
6071,9,9,-7.75,-21.25,-7.5,3,-7.5,1.75,-18,-13,-2,5.25
6072,0,0,10.75,-14,-0.5,-5.5,-6.5,-6.5,1.5,-5,-8,-6.5
6073,1,1,-6.25,4.5,-6.75,-7,-2.5,-6.5,-3.75,-4,-2.5,-4
6074,2,2,-1.75,-4,12.5,0.25,-12.75,-20,-14.5,0.75,-0.75,-11
6075,3,3,-8.25,-17.75,-11.25,6.25,-8,4.5,-15.25,-14.75,-3.25,-0.25
6076,4,4,-10.25,-10,-10.5,-10.75,11.25,-10.25,-13,-5,-6.25,-0.75
6077,5,5,-7.5,-20.25,-12,-6.25,-11.5,12.75,-2.75,-18.5,1.75,-6.25
6078,6,6,-3.25,-9.25,-4,-10.5,1.5,-3.75,11,-14.75,-4.5,-7.5
6079,7,7,-9.5,-4.5,-3.25,-1,-5.25,-9.5,-20.25,10.75,-3.25,0.75
6080,8,8,1.75,-23.5,-1.75,-6.75,-7.75,-7.5,-2.75,-13.75,4.25,-2.5
6081,9,9,-7,-23.5,-8.25,2.75,-7.25,2.75,-19,-13,-1.75,4.5
6082,0,0,10.25,-15,-3.75,-6.25,-9,-3,0.25,-5.25,-9.25,-4
6083,1,1,-5,5.75,-4.25,-7.5,-4.75,-6.25,-0.5,-6,-1.5,-5.75
6084,2,2,-4,-4.25,11.75,0.25,-12.75,-16.75,-15.5,-0.25,-0.5,-11.75
6085,3,3,-9,-14.75,-6,7.25,-11.75,-1.25,-18.75,-9.5,0.5,-3.25
6086,4,4,-10.75,-13.5,-9,-9.5,10.75,-9.5,-12.5,-5,-5.25,-3.25
6087,5,5,-3,-14.75,-6.5,-4.25,-7.75,4.25,-1.25,-8.25,-2,-5.25
6088,6,6,-1.5,-11.75,-4.25,-9.5,-0.75,-2.75,12.5,-16.75,-5,-6
6089,7,7,-8.25,-6.5,-2.5,-0.75,-7.5,-10.25,-20.75,10.25,-1,0.5
6090,8,8,0.75,-19.75,-5.5,-2.75,-9.75,-3,-7.5,-13.75,6.25,-5
6091,9,5,-5.25,-25.75,-8.75,0.25,-8.25,3.75,-14.5,-13.25,-1,3.75
6092,1,1,-5.75,7.5,-3.25,-5.25,-3.5,-9,-6.75,-0.75,-3.25,-4.75
6093,2,2,-3.25,-5,6.25,-4,-9.25,-11,-9,-4.25,2,-13
6094,6,6,-0.75,-7.5,-4.5,-8.25,-2.25,-2.25,12.5,-16,-4.25,-7.75
6095,5,5,-9.5,-17.25,-10.5,-4.5,-8.75,10,-4,-13.25,-2.5,-2.25
6096,3,3,-10.25,-13,-10,7.75,-9,2.5,-19.75,-13,-3.25,-2.75
6097,0,0,12,-12.75,-3.75,-7,-11.25,-3.25,-1.25,-7.5,-6,-7.75
6098,7,7,-9.25,-2.25,-4.5,-3.75,-5.75,-9.75,-18.5,9.25,-1.75,0.5
6099,0,0,11.5,-14,-3.75,-6,-10,-4.5,-2.25,-5.5,-7.25,-5.75
6100,4,4,-8,-11.75,-8.25,-9.5,9.5,-9.25,-8,-4.75,-5.5,-2.75
6101,1,1,-4.5,4.75,-3.75,-6.25,-4.5,-6,-1.25,-6.75,-0.5,-6
6102,4,4,-6,-11,-6,-10.75,11.5,-13.25,-9,-4,-6,-3.75
6103,3,3,-8.25,-17.25,-8.5,7,-8.25,0.25,-17,-12.5,-1,-2.75
6104,6,6,-1.25,-12,-5.5,-8.5,-3,-1.5,12.5,-16.5,-2.25,-4.75
6105,7,7,-9.5,-6.25,-6,-2.5,-7.25,-7.5,-20.5,10.5,-1,0.75
6106,2,2,-2.5,-2.25,12,-2.25,-9.5,-17.25,-9.75,0,-3.75,-13.5
6107,3,3,-8,-15,-6.75,7.5,-10,-1,-18.25,-9.25,-1,-2.75
6108,1,1,-4.25,7,-6.75,-10.25,-2.75,-5.5,-0.5,-5,-1.5,-6
6109,2,2,-5.25,-2,5,-3,-5,-11,-9,1.75,-6,-7.25
6110,1,1,-4.25,6,-4.25,-7.25,-4.25,-7.25,-2.5,-4.75,-0.75,-5
6111,2,2,-4,-4.5,9.75,-3.25,-9.5,-15,-14.75,-0.5,1.5,-9.75
6112,9,9,-1.25,-22.5,-6.75,-4.5,-6,-1.5,-8.25,-5.25,1,3.75
6113,6,6,1,-12.75,-5.5,-8.25,-3.5,-3,11.5,-16,-1.5,-6.25
6114,0,0,13.5,-12.25,-1.5,-10,-9.75,-8.25,0.25,-4.75,-5.25,-6
6115,1,1,-5.5,5,-7,-8.25,-1.75,-7,-4.5,-2.75,-1.75,-4.25
6116,3,3,-9,-12.75,-7.5,6.75,-9.5,-0.25,-18,-10.75,0,-3.25
6117,0,0,10.5,-13.5,-3.75,-8.25,-9.25,-4,0.25,-8.25,-5.5,-5.25
6118,2,2,-3.5,-4,11.5,0.5,-10.5,-17.25,-13,1.5,-3.75,-9.25
6119,7,7,-8,-4.5,-2.5,-2.5,-5.75,-11.25,-19.75,11.75,-1.25,-0.75
6120,5,5,-7.25,-20,-8,-5.25,-7.75,8.25,-0.75,-13.5,-1.25,-2
6121,7,7,-7.5,-6,-5.75,-2.25,-4.5,-6.75,-17.5,10.25,-4,-0.5
6122,6,6,-2.5,-11,-6,-8.25,-2.25,-0.75,13.25,-18,-4.25,-5.5
6123,2,2,-2.5,-4.25,13.5,0,-12.5,-20,-14,-0.5,-1.25,-12.75
6124,9,9,-1.5,-23.75,-5,-1.5,-7,-2.75,-13,-5.75,1,4.5
6125,1,1,-6.5,8.25,-5.25,-7,-2.25,-7.5,-5.5,-1.75,-3.25,-3.75
6126,9,9,-3.75,-23.5,-6.25,-0.75,-6.25,-2.25,-13.75,-7.75,1.5,6.5
6127,0,0,12.5,-13,-5.5,-8.25,-12.5,-1.5,-2.5,-8.5,-5,-6.75
6128,6,6,-1.5,-12.75,-6.5,-9,-1,-1.75,11.75,-15.25,-3.5,-7
6129,0,0,12.25,-15,-6.75,-11,-13.25,0.75,0.5,-11.25,-4.25,-7.5
6130,6,6,0.75,-12.5,-5.5,-9.75,-3,-2,13.25,-17.5,-4.25,-7
6131,0,0,13,-11.25,-2.75,-12.5,-10,-6.25,2.5,-6,-6.5,-7
6132,2,2,-3,-2.25,13,0,-12.5,-20,-14.75,0.75,-1.5,-11.5
6133,0,0,13,-12.5,-2,-9,-8.5,-7,1.25,-5.75,-4.5,-6.25
6134,6,6,-1.25,-11,-4.5,-6.75,-2,-3.25,8.75,-16.75,-3.25,-7
6135,1,1,-4.5,6.75,-3.75,-8.5,-3.25,-7.5,-2,-4.5,-0.75,-5.75
6136,5,5,-6.25,-16.25,-9.75,-0.5,-8.75,8.25,-7,-11.25,-3.25,-2.5
6137,8,8,-2.75,-20.75,-3.25,-5.5,-6.5,-7.5,-6.5,-14.25,5.75,-1
6138,4,4,-8.5,-7.75,-9.25,-11.5,11.75,-12.5,-10.25,-2.25,-6,-3
6139,3,3,-8.25,-8.75,-1,7.5,-13.75,-4.75,-20,-6.75,-2.25,-7.25
6140,0,0,11.75,-12.75,-3,-7,-9.75,-6.25,-1.75,-3.25,-8,-6.5
6141,1,1,-4.75,8,-6,-8,-2.5,-7.25,-3.75,-1.25,-2.5,-4
6142,5,5,-6.75,-16.75,-9.5,-0.5,-8,8,-6.75,-11.75,-2.75,-3.25
6143,4,4,-7.5,-8.25,-8.75,-10.25,9.75,-12.5,-7.5,-4,-3.75,-4.5
6144,4,4,-4.5,-8.25,-4.5,-10.75,11.75,-15.5,-8.25,-3,-6.5,-5
6145,8,8,-2.75,-11.75,-6.75,-5.75,-5.75,-5,-5.5,-11,4.25,-1
6146,5,5,-6.75,-23,-12.5,-5.5,-10,10.25,-2,-17.75,2.5,-3
6147,7,7,-11.5,-5.75,-5.75,-1.25,-4.25,-7,-22,12,-5,1.25
6148,5,5,-8.5,-18,-11.75,-2,-9.25,10.5,-6,-14,-2,-3
6149,7,7,-9,-3.5,-5.75,-3.75,-4.75,-8.5,-18.5,9.75,-2,1.25
6150,8,8,-2.75,-23,-4.5,-5.75,-7.75,-6.5,-8.5,-12.25,7,-0.75
6151,3,3,-9.75,-15.5,-6.5,10.75,-11.25,-0.75,-24,-12.5,-3.25,-3.5
6152,4,4,-9,-8.25,-8.5,-9,8.5,-9.25,-8,-5,-5,-2.5
6153,8,8,-1.25,-22.25,-0.5,-4,-8.25,-8.25,-8.25,-11,5.75,-2
6154,8,8,-0.25,-20.5,-4.25,-4.5,-8.5,-4,-5.75,-12,7.25,-4
6155,5,5,-13,-23,-12.25,-1.25,-10.5,13.75,-5.25,-24.5,-0.75,-4.25
6156,2,2,-2.75,-3.75,10.75,-1.5,-6,-16.5,-7.25,-1.5,-5.25,-13.25
6157,9,0,2.25,-20.75,-5,-6,-7,-2.25,-5,-5.75,0.75,2
6158,7,7,-8.75,-2.5,-3.5,-1.5,-7,-9.75,-21,10.75,-2.25,0.75
6159,1,1,-4.75,7.75,-3.5,-7.75,-2.75,-8.75,-4,-2.5,-1.75,-5
6160,3,3,-8.25,-13.5,-3,7.75,-13.75,-4,-18.5,-6.5,1.25,-6
6161,8,8,0.75,-21.25,-2.5,-5.25,-7.75,-4.25,-3,-15.25,4.5,-4.5
6162,1,1,-5.75,7.25,-5,-6.5,-1.5,-8.25,-5.5,-0.25,-3.75,-3.75
6163,0,0,11,-13,-2.75,-8,-9,-5,1.25,-4.75,-7,-6.5
6164,7,7,-10.25,-4.25,-4,-1.5,-5,-8.75,-21,11.25,-3.25,0.25
6165,5,5,-8.25,-22,-9.75,-2.75,-10.75,8.5,-5.5,-19,1.5,-2.5
6166,9,9,-5.75,-15.5,-4.25,2.25,-6.75,-1.75,-17,-9,-2.5,2.75
6167,6,6,-2.5,-10.25,-4.75,-9.75,0.75,-3.5,12,-15.75,-5.5,-6
6168,9,9,-5.5,-15.75,-4,-0.25,-3.75,-4.5,-16.25,-7,-2,3.75
6169,4,4,-6,-9.5,-9,-15,11.5,-13.75,-2.25,-6,-3.75,-4.5
6170,7,7,-9.5,-1,-4.5,-4.75,-4.75,-8.5,-17.75,9.5,-2.25,0.75
6171,7,7,-7.5,-3,-0.5,-1.25,-6.75,-10.75,-19.75,11,-1.75,0.25
6172,9,5,0.5,-22.75,-7.75,-4,-9.5,4,-5.5,-12.25,-2.25,2
6173,9,9,1,-18,-4.25,-7.75,-2.75,-6.75,-6,-2.5,-1.25,1.75
6174,3,3,-8,-18,-7.25,6.25,-10,3.5,-13.25,-17.25,-1.75,-4
6175,4,4,-8.25,-7.25,-9.5,-11.25,9.5,-11.25,-7,-3.75,-5,-2.75
6176,4,4,-7.5,-10,-7,-9.5,10.5,-12,-10.75,-3,-5.5,-2.25
6177,3,3,-9.25,-14,-9.25,9,-12,3.75,-18.5,-12,-3.75,-3.75
6178,8,8,-1,-20,0,-3.75,-7.75,-9,-7.75,-11.75,6.5,-4.5
6179,6,6,-0.5,-14.75,-6.75,-7.25,-6.75,1,11.25,-20,-2.75,-6
6180,2,2,-3.75,-1.25,9,-1.5,-7.25,-13.25,-7.5,-0.25,-5,-11.5
6181,0,0,7.75,-7.25,-6.5,-5,-8.5,-4.5,-7.75,-4.25,-6.75,-5
6182,1,1,-5,7.25,-4.25,-7.25,-2.25,-8,-5,-0.5,-2,-4
6183,2,2,-4,-6.5,12,-0.5,-6,-18.5,-13,-1.75,-2.5,-11.25
6184,3,3,-8.25,-15.25,-2.75,10.25,-10.75,-5.25,-25.25,-7,-2.5,0.25
6185,4,4,-11,-6.25,-12,-14.75,11.75,-11.25,-11.25,-3.25,-3.25,-1.25
6186,5,5,-12,-20.25,-13.75,-3.25,-12.75,14.25,-7.25,-21.5,-0.5,-1.5
6187,6,6,-0.5,-6,-2.5,-10.75,1.75,-5.25,10.25,-12.25,-6,-8
6188,7,7,-6,-6.25,-3.5,-5.25,-3.5,-10.25,-15,8.75,-3,3.5
6189,8,8,-5.75,-4.75,-2.25,-3.75,-3.5,-8.25,-5.75,-8.25,3.75,-8.5
6190,9,9,-10.25,-12.25,-8.5,-3.75,0.25,-5,-16.25,-1,-1.25,7
6191,0,0,11.25,-10.25,-3.25,-8,-9.75,-5.25,-3.5,-3.75,-6.25,-5.75
6192,1,1,-4.75,8,-5.5,-9.25,-1.75,-6.25,-0.75,-3.25,-2,-5.5
6193,2,2,-4.5,-5,11.25,0.75,-7,-17.5,-15.5,-0.5,-2.75,-8.5
6194,3,3,-8.75,-14.75,-4.5,10,-10.25,-3,-27,-10,-4.25,-2
6195,4,4,-7.5,-9,-9.25,-12.5,10.25,-9.25,-7.25,-5,-5.5,-1.25
6196,5,5,-10,-19.25,-12.75,-1.5,-11.25,11.25,-9.25,-19.25,-1.75,-1
6197,6,6,-2,-9.75,-5.25,-8.5,-1.25,-2.25,12,-14.75,-4.5,-5
6198,7,7,-5.5,-4.25,-4.25,-5,-4.25,-8.75,-14.75,8.5,-3.25,1.5
6199,8,8,-7.5,-15,-6.25,-3,-9.5,-1.75,-7.75,-13.25,8,-6.5
6200,9,9,-4.75,-15.25,-3.75,-3,-1.25,-7.75,-16.5,0.75,-2.25,8
6201,0,0,11.5,-8.75,-0.25,-6.5,-9,-7.5,-3.5,-5.75,-4.75,-6.75
6202,1,1,-4.5,7.5,-5,-8.75,-1.5,-6.75,-1.25,-3.25,-2.25,-5.25
6203,2,2,-6.25,-3.75,10,0.5,-7.75,-17,-20,0.75,-1.75,-6.25
6204,3,3,-4.25,-11.5,-2,8.5,-11,-5.75,-24,-6.5,-2,-0.75
6205,4,4,-9.25,-9,-11,-14.25,11,-10.75,-9.25,-3.5,-3.75,-1.5
6206,5,5,-9.25,-17.5,-12.25,1.5,-11.5,12,-11,-19.75,-3,-2.75
6207,6,6,-0.5,-9.75,-4,-8.25,-1.25,-3.5,10.75,-14.25,-3.75,-4.5
6208,7,7,-6,-4.5,-1.75,-2.25,-5.75,-9.75,-17.5,10.25,-2.5,2.5
6209,8,8,-4.25,-5.5,-2.75,-5,-6.25,-7.75,-8.25,-7,6,-6.75
6210,9,9,-6,-15.75,-4,-1.75,-2,-7.75,-16.5,0.5,-0.25,7.75
6211,0,0,11.75,-11,0,-5.75,-8.25,-9.25,-2.25,-4.25,-3.75,-6
6212,8,8,-6.75,-8.25,-3.5,-2.75,-5.75,-6.25,-9.25,-5.75,5,-5
6213,3,3,-9.25,-14.75,-5.5,9.5,-12.5,1.25,-22,-13.75,-1.75,-2.75
6214,9,9,-10.5,-10.25,-10,-4.75,0.75,-4.75,-17,-1.5,-1.25,6.25
6215,5,5,-9.5,-10.75,-11.5,-0.5,-9.25,9.75,-9.25,-15.5,-5.25,-1
6216,5,5,-9.75,-14.75,-11.75,-0.75,-11,11.25,-7.25,-20,-4.25,-2.75
6217,2,2,-4,-5.5,11,1,-6.75,-20.5,-16.25,0.5,-1.5,-9
6218,6,6,-0.75,-7,-3.5,-9.5,1.25,-4.25,9,-10.5,-6.25,-4.75
6219,8,8,-5.25,-5,-3.25,-2,-5.5,-6.25,-8.25,-8.25,4.5,-7.75
6220,4,4,-7.25,-8,-9,-11,9.75,-10,-9.25,-3.25,-5.25,-0.75
6221,9,9,-8.75,-11.75,-6.75,-3,-1,-7,-19,1,-1.25,8
6222,1,1,-5.25,7.75,-4.5,-7.75,-1.25,-7.5,-4,0.5,-3,-3.5
6223,7,7,-3.25,-4.5,-3.25,-5.5,-2.5,-10.5,-15.25,8.5,-3.5,2.5
6224,1,1,-4.75,8,-5.25,-8,-1,-7.25,-3.25,0.25,-3,-4.5
6225,2,2,-5.25,-5.5,11.25,-1.25,-3.25,-18.25,-11.75,-1.75,-3.75,-13
6226,3,3,-6,-13,-2.25,11.25,-10.5,-5.75,-27.75,-7.25,-5.75,-2
6227,5,5,-6.75,-12.25,-15.5,0.5,-9.75,7.5,-14,-11.75,-4.75,-3.25
6228,9,9,-7.5,-18.75,-6.5,-2.75,-3.5,-6.25,-20.5,1.5,-2.25,10.75
6229,6,6,-1.5,-6.5,-2.25,-8.25,1.5,-4.5,8.75,-11.75,-6,-7
6230,9,9,-8.5,-15.5,-8.5,-3.25,-0.75,-4.75,-16.75,-2.25,-1.5,8.75
6231,1,1,-4.25,7.25,-3.75,-6.5,-2.75,-7.25,-4.5,-0.5,-1.75,-5
6232,1,1,-4.5,8,-5.25,-8.5,-2.5,-7,-3.25,-1,-2,-4.75
6233,1,1,-5.25,8,-6.25,-9.25,-1.75,-5.5,-2.25,-1.5,-2.5,-4
6234,2,2,-6.5,-6.25,11.25,-0.25,-7,-16,-16,-0.25,-1,-9.25
6235,9,9,-6.5,-13.75,-5.75,-4.25,-1.5,-9.5,-19,1.5,-1.25,9.5
6236,5,5,-8.25,-14.75,-12.5,-2.25,-10.25,11.25,-9.5,-14.5,-2.25,-2.75
6237,6,6,-2.75,-7.5,-3.25,-9.5,1.5,-4,8.5,-11.25,-4,-5.75
6238,8,8,-4.25,-11,-2.5,-3,-9.25,-4.25,-4.75,-10.25,5.75,-11.75
6239,1,1,-5.75,6.25,-5.5,-8.5,-2.5,-5.5,-4.5,-1.25,-2,-5.25
6240,2,2,-6.75,-3.25,10.5,-0.25,-6.75,-16,-18.5,0,-3.25,-7
6241,0,0,8.75,-4,-2.75,-7.25,-4.75,-11,-4,-4.25,-5,-4
6242,7,7,-3,-4.75,-5.75,-6.75,-2.5,-8.25,-11.75,10.25,-5,1.5
6243,7,7,-3.25,-6.5,-10.5,-10.5,-1.75,-4.75,-8,7.5,-4,0
6244,5,5,-10.5,-14.75,-14.25,1.75,-9.25,11.5,-13.25,-14.75,-6.25,0.5
6245,8,8,-5.25,-4.25,-5,-6.5,-6.75,-5,-7.25,-7.25,5,-7
6246,2,2,-4.25,-8.5,13,-1.75,-5,-19.25,-10.25,-3,-2.75,-14.5
6247,9,9,-6.5,-16.25,-5,-3.25,-2,-9.25,-19.75,2.5,-0.75,9.5
6248,8,8,-5.25,-7.75,-2,-1.75,-9,-7.5,-11.25,-5.75,6,-4
6249,9,9,-6.75,-12.75,-5.5,-5,-0.5,-9.75,-17.25,2.25,0.25,8
6250,0,0,8.75,-7.75,-2.25,-6.5,-6.75,-6.75,-2.5,-7,-2.75,-6.75
6251,4,4,-8,-5.25,-7.75,-8.25,8,-8.5,-11.25,-0.75,-5,0.25
6252,6,6,-3,-5,-3.5,-8,2,-5,7.75,-10.75,-5,-5.5
6253,7,7,-5.75,-4.5,-1.5,-3.5,-5.75,-10,-17.25,11,-2.75,2.5
6254,1,1,-5.25,8.5,-6.25,-9.5,-1,-6,-2.25,-0.75,-3,-5
6255,3,3,-7.25,-11.25,-2,8.25,-11,-3.75,-23,-10.25,-2.5,-2.25
6256,4,4,-7.75,-6.25,-9.25,-12,10.25,-10.5,-10.25,-1.25,-5.75,-0.25
6257,5,5,-13,-22.75,-16,-0.75,-12,16,-10.5,-22.25,-2,0
6258,6,6,-2,-8,-4,-7.75,0.5,-3,10.75,-14.25,-5.5,-6.5
6259,0,0,11.75,-11,-0.25,-7,-9.5,-4.5,-0.75,-7.75,-5.5,-5.5
6260,3,3,-7.25,-14,-1.75,10.25,-12.5,-6.25,-29,-8.25,-0.75,-1
6261,6,6,-1.25,-6.5,-3.5,-9.25,0.75,-4,9.75,-12.5,-4,-5.75
6262,8,8,-5,-8.5,-7,-4.25,-6.25,-3.5,-9.25,-9,5.5,-5
6263,7,7,-1.25,-8.5,-2.25,-3,-5.75,-10,-17.75,13,-4.75,3
6264,0,0,11,-8.75,-2,-10,-6,-7.75,2,-5.5,-7.75,-4.75
6265,4,4,-6.75,-4,-9.75,-13.25,9,-11.25,-7.25,-2.5,-4,-0.25
6266,2,2,-4.75,-5.75,8,-0.75,-7.75,-11.25,-11.5,-3.75,-1,-7.75
6267,7,7,-7,-2.5,-2.75,-3,-4,-9,-16.75,8.75,-2.5,2.5
6268,4,4,-5.5,-6,-9.5,-13.5,9.25,-10,-5.25,-3.25,-5.75,-1.5
6269,7,7,1,-7,-6.25,-9.5,-2.75,-10.75,-11.75,11,-4.25,2
6270,5,5,-10.75,-18.25,-14.75,-2,-10.25,13,-9.25,-18,-2.5,-1.25
6271,4,4,-9.25,-6.75,-10,-11.75,10,-10,-10.5,-2.25,-3.5,0.25
6272,3,3,-7,-15.75,-4,8.25,-10,-3.75,-22.5,-12.75,-0.25,-2.25
6273,4,4,-0.5,-2.5,-6.25,-12.25,7,-10.75,-3.25,-1.75,-7.5,-2
6274,2,2,-3.25,-5.5,11,0.25,-8.25,-19,-18.5,1.25,-1,-8
6275,8,8,-4,-8.5,-0.5,-3.5,-5.75,-10,-8,-6.25,6,-4.25
6276,1,1,-4.5,7.5,-5.5,-8.75,-0.75,-6,-2.75,-2.5,-3,-6.25
6277,5,5,-7,-12.75,-10.75,-1,-10.75,9.25,-6.75,-16.5,-5,-3.5
6278,1,1,-6,7.75,-3.75,-7.5,0.25,-8.25,-6.75,-0.5,-5,-5.25
6279,2,2,-4.75,-8.25,9.25,-1.5,-3.25,-15.75,-11.25,-1,-4.5,-7.75
6280,0,0,11.75,-10,-0.5,-8,-6.5,-10.25,-0.75,-5,-2.5,-5.75
6281,2,2,-7.25,-7,10.75,-1,-4,-19,-14.5,-3,-3.5,-10.5
6282,5,5,-10,-19.75,-12,-5.5,-11.25,12,-3,-21,0.25,-3.5
6283,6,6,-0.5,-3.5,-3.75,-9,0.75,-5.5,7,-10.75,-3.75,-6.75
6284,4,4,-6,-3,-7,-11.5,9,-11.75,-8,-1,-5.5,-1.75
6285,3,3,-7.25,-14.5,-2.75,13,-12.25,-3.5,-27.75,-9.25,-6.5,-1.25
6286,0,0,11.75,-8.75,-2.5,-8.75,-6.75,-9.25,-1.75,-3,-6.75,-4.5
6287,0,0,11.75,-9.5,-3.25,-7.25,-8.5,-9,-6,-1.5,-6,-3.25
6288,0,0,11.75,-10,-1.25,-7,-8.75,-7.75,-2.75,-5.25,-5,-6.25
6289,3,3,-5,-16,-3.75,10,-12.5,-3,-24.75,-9,-2.75,-1.5
6290,3,3,-4.25,-15.5,1.75,7.5,-11.25,-8.75,-22.75,-8.75,-1.25,-4.25
6291,5,5,-5.5,-15.25,-11.75,-3.25,-10.75,9,-6,-17,-3,-4.25
6292,7,7,-2.25,-6,-0.25,-3.75,-4.25,-13,-16.75,12,-3.25,2.25
6293,0,0,10.75,-9.5,-0.25,-7,-7.25,-8.75,-2.25,-5.75,-3.25,-6.25
6294,6,6,-2.75,-7.75,-3,-9.25,0,-3,10,-11.75,-3.25,-5.75
6295,4,4,-8.25,-3.5,-11,-12.75,9.5,-9.75,-8.75,-2,-4,-1.25
6296,8,8,-5.5,-8.25,-6.25,-3.75,-8.25,-2.5,-6.5,-9.75,5.5,-5.5
6297,8,8,-6.75,-8.25,-6,-6.5,-2.75,-6,-4.75,-9.5,5.25,-8.5
6298,6,6,-2.75,-3.75,-4.5,-5.5,-1.25,-3.75,7,-13.75,-6,-7.25
6299,3,3,-8.75,-13.75,-4.75,13.5,-10.5,-2.25,-29.25,-12.5,-6.75,-0.5
6300,4,4,-6,-8.5,-10,-12.75,9.25,-9,-7.25,-2.5,-7.25,-0.5
6301,6,6,1.25,-7.5,-3.5,-9.25,-0.5,-4.5,9.25,-10.75,-3.75,-3.75
6302,9,9,-8.25,-16.75,-6.75,-4.5,-2.5,-6.5,-16,-1.25,1.25,8.5
6303,9,9,-5.75,-15.75,-4.25,-3.75,-3,-8.25,-17.25,3.25,-0.25,8.25
6304,8,8,-5,-4.75,-6.25,-3.25,-7,-1.5,-5.75,-11.25,3.25,-6.75
6305,2,2,-3.25,-12.75,8,-1.5,-7.5,-12,-12.25,-3,-2.75,-7.5
6306,7,7,-6.5,-4.25,-0.75,-2,-4.5,-12.25,-21,10.75,-1,2
6307,7,7,-5.25,-4.5,0.5,0.25,-7.25,-13.25,-21.5,13.75,-3.25,1.25
6308,1,1,-5.5,8,-6,-8.25,-0.75,-7.5,-6.25,0.5,-3,-4.75
6309,0,0,13,-12,-0.75,-8.5,-9.25,-8.25,0,-5,-2,-5.25
6310,1,1,-4.75,7,-3,-6.25,-2.25,-9,-5.5,-0.5,-2.5,-4.5
6311,2,2,-1.25,-12.5,12.75,-3.5,-5,-21.5,-9.5,-3.5,-4.5,-11.5
6312,3,3,-7.75,-13.25,0,7,-10,-8.25,-22,-2.25,-0.25,-1.25
6313,4,4,-10,-8.25,-8.25,-10.25,10,-10.25,-8.25,-3.75,-4.5,-3.75
6314,5,5,-9.25,-19,-10.5,-1.25,-13.25,13.75,-5.25,-23.5,-0.25,-6.25
6315,6,6,-1.25,-6.75,-4.5,-8.5,0.25,-4.25,9,-12.5,-3.25,-5.25
6316,7,7,-5,-6,0,1.75,-8,-9.5,-20,12.75,-4.5,2
6317,8,8,-3.5,-7,-1.25,-5.25,-7.75,-9,-10,-6.5,5.5,-4
6318,9,9,-8.25,-11,-8,-4.5,1,-8.25,-16,-1.75,-2.5,8.5
6319,0,0,11.75,-10,-1,-9.75,-9.25,-5.75,1,-6.75,-4.25,-8.25
6320,1,1,-5,8.25,-4.25,-8,-1.25,-8.25,-4.5,-0.25,-3,-4.5
6321,2,2,-2.75,-8.25,12,-1.25,-5.25,-18.75,-9.25,-1,-5,-11.25
6322,3,3,-8.75,-12.75,-2.5,8.75,-6.5,-3,-20.25,-9.5,-5.5,-2
6323,4,4,-9.5,-11.5,-8.75,-11,10,-7.25,-9.5,-3.75,-5,-1
6324,5,5,-11.75,-17,-7.5,-5,-7.5,11.25,4,-25.5,-2.75,-7.25
6325,6,6,0.25,-5.25,-4,-10,0,-4,10,-10.5,-3.5,-7.75
6326,7,7,-5,-8.5,-1,1.75,-9.5,-8.75,-21.75,13.75,-4.75,2
6327,8,8,-4.75,-7.25,-1.5,-5.75,-8,-7.25,-8,-9,5.75,-6.5
6328,0,0,9.75,-8,-0.5,-7.75,-5.25,-9.25,0.75,-5,-3.5,-6.25
6329,1,1,-4.25,7,-4,-7.5,-2,-6,-2,-2,-2,-4.25
6330,2,2,-2,-10,12.25,-2,-8,-18.25,-11.25,-1,-5,-8.75
6331,3,3,-6,-11.25,-1.75,8.25,-7.25,-1.75,-18,-10,-8.25,-2.5
6332,4,4,-7.75,-11.25,-7.5,-11.25,10.5,-10.25,-7.75,-4.5,-6,-1.25
6333,5,5,-14.25,-20.25,-12,-1,-12,15,-6,-27.75,-2,-4.25
6334,6,6,-0.75,-7.5,-3.5,-7.75,-0.75,-3.5,9.75,-13.25,-3.75,-4.75
6335,7,7,-4.5,-8.25,-3.5,-1.25,-7,-7,-19.5,15.25,-6.25,2.75
6336,8,8,-4,-7.5,-1.25,-3.75,-7.5,-7.5,-7.5,-6,4.5,-0.75
6337,2,2,-4.25,-7.25,10,-1,-4.75,-14.25,-10,-2,-5.5,-8.25
6338,1,1,-4.25,6.5,-2.75,-4.25,-1.5,-5.75,-4.75,1,-3.25,-2.75
6339,7,7,-4.25,-3.75,-2,-2,-4.75,-7,-15.75,11,-4,0.75
6340,2,2,-3,-8.5,11.5,-2.75,-1.75,-19.5,-8.25,-2.5,-5.5,-13
6341,5,5,-10.25,-19.75,-10.75,-1.25,-12.25,15.25,-4.5,-21.5,-1.5,-4
6342,0,0,10.5,-10.5,1,-8,-7.5,-11.75,-3,-2,-2,-5
6343,8,8,-4.75,-7.5,1.25,-2.5,-8.25,-7.75,-6.75,-7,4.75,-3.75
6344,0,0,10.5,-9.75,-0.5,-7.75,-5,-9.25,2.5,-3.75,-5.75,-3
6345,2,2,-0.5,-3.25,10.75,-2.25,-10.5,-15.25,-13.25,-0.25,-8,-8.25
6346,7,7,-5.25,-4.75,-2.75,-2.5,-5.75,-6.75,-16.75,12.25,-4.5,1.25
6347,8,8,-4.5,-4.25,-2.5,-2.5,-5.5,-2.75,-1,-12.25,0.75,-8.25
6348,8,8,-5.25,-15.25,-0.25,-7.75,-7,-7.75,-4,-10.5,6.25,-5.25
6349,3,3,-7.5,-16.5,1.25,12.5,-12.75,-5.25,-24,-12,-3.75,-3.5
6350,6,6,-1.75,-5.5,-4.25,-7,-1,-2.25,8.5,-11,-1.75,-4
6351,0,0,10.25,-9,-1,-10.25,-5.5,-8.5,3,-5.75,-6,-6.25
6352,2,2,1,-10.5,8.25,-4,-5.5,-11.5,-4.5,-4.75,-7.5,-9
6353,7,7,-7.75,-5.5,-6.75,-4.25,-3.75,-5.25,-17.25,13,-7,3.25
6354,6,6,-0.5,-9.75,-4.75,-6.75,-3.25,-1.25,10.75,-13.75,-2.25,-4.75
6355,6,6,-2,-7,-4,-8.25,-1.5,-2.25,11.75,-15.5,-2.25,-8
6356,1,1,-5.25,7.25,-3.75,-6,-2.25,-7.25,-5.5,0.25,-2.75,-3.5
6357,2,2,-2,-12.75,12,-2.75,-4.25,-19.25,-8,-3.25,-4,-12.5
6358,8,8,-5,-9.75,-3.75,-4.25,-5.75,-7,-7.25,-12.5,5.75,-9.75
6359,8,8,-4.75,-5.75,3.25,0.25,-11,-9.75,-12,-4.25,4,-5.25
6360,7,7,-6,-8,-7,-3.5,-4.75,-5,-17.5,14.25,-7.25,2.25
6361,7,7,-6,-3,-0.75,-2.5,-5,-9.75,-15.25,10.75,-3,0.5
6362,4,4,-7.5,-6,-6.5,-7,8.5,-10.5,-10.75,-1,-5.75,-2.25
6363,7,7,-3.25,-7,-6.5,-6.75,-3.75,-7.5,-15,14.5,-7.25,3.75
6364,7,7,-4.75,-6.5,-3.75,-3,-5.75,-7.5,-18,14.25,-5.5,2
6365,3,3,-7.25,-15.5,-0.5,13,-12.5,-6.25,-24.5,-10,-2.5,-2
6366,7,7,-4,-7,-2.5,-1.75,-6.75,-7,-17.5,13.5,-5,2.25
6367,4,4,-8,-8,-7,-8.75,9.5,-9.5,-10,-3.5,-6.25,-1.75
6368,5,5,-9,-14,-11,1.25,-11.5,11.5,-10.25,-15,-4.25,-2.5
6369,4,4,-9.5,-8.75,-6.25,-6.25,7.25,-9.5,-8.5,-2.25,-4.25,-3.25
6370,3,3,-4,-11.25,5.5,7,-12.75,-8.5,-15.5,-6.5,-1.25,-5
6371,3,3,-8.25,-13.5,1,9.5,-12,-9.25,-22.25,-5,0,-2.75
6372,8,8,-4.25,-9.25,-0.5,0,-10,-5.25,-7,-11.25,5,-6.25
6373,4,4,-8,-10.5,-6.75,-8.25,7.5,-6.5,-3.25,-6.25,-5.25,-5.25
6374,1,1,-5,7.75,-4.5,-8,-1.75,-7.5,-3.25,-2,-2.5,-4.25
6375,1,1,-5.5,7.5,-3.25,-5.75,-2.25,-8.25,-5.75,0.75,-3,-3.75
6376,9,9,-10,-7.75,-9.5,-3,0,-2.5,-10.5,-6.25,-3.5,3.25
6377,7,7,-6.5,-1.25,-4.25,-4.25,-2.75,-6.5,-12.25,7.25,-3.5,2.25
6378,4,4,-12.25,-13.5,-6.75,-6.5,9.25,-8.75,-13.75,-3.75,-6,-5.25
6379,3,3,-7.5,-10.5,1.5,8,-11,-9.75,-20.5,-2,-1.25,-3.25
6380,7,7,-2.5,-8.25,-2.5,-2.5,-6.75,-7,-15.25,12,-5,3.5
6381,3,3,-5.5,-10.25,1.75,8.25,-10.5,-6.5,-16.75,-8.5,-2.5,-3.5
6382,3,3,-6.75,-14,-0.75,12,-14.25,-5.75,-25.25,-7,-2.25,-0.25
6383,0,0,8,-6.75,0.75,-5.75,-7.75,-8.5,0,-6,-2,-5
6384,2,2,0.75,-13.25,11,-2.75,-5.5,-17.75,-5.75,-4,-5.25,-11.25
6385,5,5,-9,-17.75,-6.5,-2.5,-11.25,10.25,-0.75,-18.25,-4.25,-3.75
6386,5,5,-7.5,-22,-9.75,-3.5,-11,11.75,-0.25,-19.75,-1.75,-4.5
6387,6,6,-0.25,-7,-3.5,-9.25,-1.25,-3,10.25,-13,-3.75,-7
6388,6,6,1.5,-10,-4.75,-6.25,-3,-0.75,9,-14,-4.25,-7
6389,3,3,-3,-17.5,-0.75,9,-9.25,-7.25,-18.75,-10.25,-3.25,-2.25
6390,5,5,-6,-21.5,-7,-4.5,-9.25,6.75,-2,-13.75,0,-2
6391,2,2,-1.25,-20.75,6.5,-3,-2.25,-13,-7,-8.25,-5.25,-5.75
6392,5,5,-1.75,-19.5,-5.25,-5.75,-9.75,5.5,1.75,-12.5,-1,-5.25
6393,9,9,-7.25,-4.5,-6.75,-3.75,-0.25,-5,-9.25,-4,-4,3.75
6394,9,9,-6.75,-12.5,-7,-2.75,-0.25,-8,-16.75,-1.75,-2.75,7.5
6395,8,8,-5,-14,-1.5,-4.25,-5.25,-8,-9.25,-5.25,4.5,0
6396,4,4,-9.5,-6.75,-7.25,-6.25,6.5,-9.25,-7.5,-3.5,-3,-3.25
6397,1,1,-5.5,7.5,-4.5,-5.75,-0.75,-6.5,-5.5,0.5,-3.75,-2.75
6398,0,0,9,-10.25,-0.25,-6.75,-7.75,-9.25,-2,0.25,-2.25,-4
6399,6,6,-2.5,-5.25,-3.75,-8.25,2,-5.25,6,-9.75,-3.5,-5.25
6400,0,0,6,-2,-2,-8.5,1,-11.75,0.25,-4,-5.75,-3.25
6401,9,9,-8.75,-7,-8.5,-4.5,0.75,-4.5,-11.5,-2.25,-3,5.25
6402,6,6,0.75,-7,-4.25,-7,-0.5,-4.25,7.25,-10.5,-2.25,-5.25
6403,8,8,-3.5,-7.5,-2,-4.25,-7.5,-2.5,0,-11,5,-9.5
6404,8,8,-3,-9.75,0,-4.25,-9.25,-7.5,-6.5,-8.75,5.5,-3.75
6405,5,5,-13.5,-21.5,-11,-0.5,-11,13.5,-5.5,-26.75,-0.5,-4
6406,6,6,1.75,-10.25,-5.5,-8,-3.5,-2.25,10.25,-14.25,-2,-9.75
6407,1,1,-5.25,8,-6.25,-8.25,-1,-6.75,-3.75,0.75,-3,-3.25
6408,1,1,-5.75,6.75,-5,-6.5,-1.25,-5,-3.75,-1.75,-2.25,-3
6409,9,9,-8.75,-11.75,-8,-6,-0.5,-6.25,-14,-2.5,-2.75,8.25
6410,8,8,-1.75,-10.5,-1,-4.75,-7,-8,-2.25,-10.5,4.75,-4.25
6411,9,9,-6,-8.75,-6,-3.75,-0.25,-6.5,-12.5,-1.5,-2.25,5.25
6412,2,2,3.25,-13,9.25,-4.25,-10.25,-10.75,-3.75,-3.5,-7,-11.5
6413,3,3,-6,-12.5,-3.75,12.25,-11.75,-0.75,-22.25,-12.75,-5.75,-1.25
6414,5,5,-10.75,-18,-12.25,-2.25,-12,12.75,-7.5,-19.5,-1,-5.5
6415,5,5,-9.75,-17.5,-13,2.25,-12.25,13.25,-10.5,-19,-2,-3.25
6416,9,9,-4.25,-10,-6,-4.25,-3,-4.25,-12.75,0.75,-4,7
6417,4,4,-8.25,-4,-7,-7.75,6,-8.25,-4.25,-2.75,-3,-3.75
6418,2,2,-6.5,-9.5,3.25,-1.25,-1.25,-8.75,-6.5,-2,-3.5,-6.75
6419,1,1,-5,6.5,-3,-4.75,-1.75,-7.5,-6.75,0.5,-2.75,-2
6420,9,9,-8,-6.75,-8,-3.25,-0.25,-3.25,-10.75,-4.25,-4,4
6421,3,3,-2.25,-8,4.75,5.25,-9.5,-9,-12.25,-5,-4,-3.25
6422,9,9,-4.75,-10,-5,-3.25,-0.75,-6,-14,0.25,-3.25,6.75
6423,2,2,-2.5,-13,13,-3.75,-2,-21.25,-8,-2.75,-4.5,-14.75
6424,0,0,9.25,-10.25,-1.5,-11,-5.5,-8,3.75,-5,-5,-5.5
6425,6,6,2.5,-8.5,-3.75,-9.25,-2.75,-4.5,7.5,-10.5,-2,-9.5
6426,0,0,7.25,-9,-1,-7.75,-3.75,-7.25,2.5,-5,-4.5,-5
6427,4,4,-12.5,-6.75,-11,-8.5,8.25,-7.25,-12.5,-3.25,-4.25,-1.5
6428,0,0,7.25,-8.5,1,-6.5,-4.5,-9.75,-0.25,-4,-4,-3.5
6429,0,0,12.25,-9,-5.25,-11,-11,-2.75,0,-7.5,-4.25,-8.25
6430,1,1,-4.25,7,-3.75,-7.5,-2.25,-7.25,-2.5,-4.75,-1.75,-6.75
6431,2,2,-3.25,-4,11.75,-0.5,-7.25,-18.5,-14.75,-1.5,-2.5,-8.5
6432,3,3,-9.5,-12.5,-4,7.25,-8.5,-6.25,-26.25,-4,-0.75,1.75
6433,4,4,-7.5,-3,-4.5,-8.25,8,-12.25,-9.25,-0.5,-5.75,-6.25
6434,7,7,-4,-1.25,-8,-9.25,0,-9,-11,6,-4.25,1
6435,8,8,-4.5,-8.5,-3.5,-6.5,-5.75,-6.75,-8,-6.5,5.75,-1.75
6436,9,9,-7,-12.75,-6.25,-5,1,-10,-18.75,1.25,-2,8.75
6437,0,0,11.75,-9.5,-3.75,-8.75,-9.75,-4.5,-1.5,-5.25,-3.25,-5.75
6438,1,1,-5.75,8,-4.5,-8,0.25,-8.25,-7.25,0.25,-4.25,-5.75
6439,2,2,-7.75,-2.75,10,-1.75,-6,-16.25,-16,-2,-0.5,-8.25
6440,3,3,-9,-13.75,-2.25,13.25,-13,-4.5,-30,-9.5,-3.75,-1
6441,7,7,-3.25,-0.5,-8.25,-9.5,-1.5,-8.5,-10.75,8.75,-5.75,0
6442,8,8,-5,-8.75,-3.75,-5.75,-6.25,-5.5,-7.75,-7.5,7,-3.75
6443,9,9,-4.75,-10.75,-5.25,-6,2.75,-11.75,-15.75,1.25,-3.5,7.25
6444,0,0,9.5,-6,-1.75,-10,-4.25,-10.5,0.5,-4.75,-4.5,-4.75
6445,1,1,-4,8.25,-4.5,-9,-2.25,-8,-5.5,-2.75,-2,-8
6446,2,2,-1.75,-3.75,7.5,-3.25,-7.25,-10.5,-10.25,-3.75,-2.75,-8.75
6447,3,3,-6.75,-13.25,-4.5,11.5,-11.75,-0.75,-24.75,-12,-5.25,-2
6448,4,4,-6.25,-2.25,-5.25,-9.25,7,-11.75,-8.5,-1.75,-4.5,-4.5
6449,7,7,-2.5,-2.5,-5.75,-7.75,-1.75,-11,-13.5,8.25,-3.25,1.5
6450,8,8,-6.25,-3.75,-4,-7.5,-4.25,-8.5,-8.25,-9,4,-7.25
6451,9,9,-3.75,-14.5,-5,-4.25,-0.75,-9.75,-15.5,2,-1.75,7.75
6452,7,7,-3.25,-0.25,-10.25,-11.5,0,-6.75,-8.5,8.25,-5.5,-2.5
6453,3,3,-6.5,-12.75,-2.75,9.25,-10,-0.75,-19,-11.25,-3.25,-0.75
6454,0,0,10.5,-3.5,-1,-9.75,-5,-12.75,-2.75,-4.75,-5,-7.5
6455,3,3,-5.75,-13.75,-2.75,9,-9.25,-1,-17.5,-13.25,-5,-3.5
6456,1,1,-4.75,7.5,-3.75,-7.25,-1.5,-7,-4,-1.25,-2.75,-5.5
6457,8,8,-6.75,-8.5,-3.25,-5.25,-5.5,-6.75,-10.75,-5.5,5.5,-1
6458,7,7,-3.25,-3,-6.75,-8,-1.75,-7.75,-11.25,6.25,-2.5,0
6459,6,6,2,-7.75,-2.25,-7,-2,-3.75,10.25,-14.25,-4.25,-9.75
6460,4,4,-7.5,-7,-9,-9.25,7.75,-9.5,-7.5,-6.75,-3.75,-5
6461,0,0,11.25,-8.75,-0.25,-7.5,-6,-9.75,0.25,-5.5,-6.25,-6.5
6462,2,2,-6,-5.5,9.5,-1.25,-8.75,-13.75,-13.5,0.25,-2.25,-5.75
6463,6,6,1.25,-8.25,-2.5,-7.75,-3.25,-2.25,11,-14.25,-4,-9
6464,8,8,-6.75,-10.25,-3.25,-7.5,-6.25,-8.25,-10,-4.5,6.25,-1
6465,3,3,-3,-9.75,1,7,-13,-1.25,-16.5,-11.25,-7.75,-7.75
6466,2,2,-3.5,-0.5,10.5,-4.25,-10,-14.25,-13.25,1.25,-5.5,-11.5
6467,8,8,-4,-6.75,-5,-5,-7,-5.75,-10.25,-7,5.75,-3
6468,1,1,-5.5,5.25,-2.75,-7.25,0.5,-9.75,-6.75,-0.75,-3.25,-6.75
6469,2,2,-7.25,-1.5,10,-1.5,-7.25,-14.75,-13.75,-1,-4,-9
6470,0,0,6.75,-0.75,-3.25,-8.75,-2.5,-12.5,-7.5,-3.75,-5.5,-5.5
6471,7,7,-8.5,1.5,-8.5,-9.75,1,-7.5,-12,6.5,-4.25,-0.5
6472,1,1,-4.25,8,-5.5,-9,-0.25,-7.75,-5,-1.75,-3,-6.75
6473,0,0,7,-0.75,-2,-8.5,-2.75,-12,-5.25,-3.75,-5.25,-5.75
6474,4,4,-5,-2.5,-3.25,-6.75,5.25,-9,-4.75,-3.5,-6,-6.5
6475,4,4,-2.5,-3.75,-7,-14,10.25,-13,-3.25,-2.5,-6.75,-5.5
6476,5,5,-8.5,-18,-10,-2.5,-9.25,11,-5,-16.25,0,-4.25
6477,8,8,-5,-11,-4,-7.25,-3,-8.25,-7,-7,6,-1.5
6478,0,0,10.25,-4,-3.5,-8.25,-5,-10.25,-5.25,-4.5,-4.5,-6.5
6479,6,6,-0.25,-6.25,-5,-8.75,-0.75,-4,10,-15.75,-4.5,-8.75
6480,2,2,-2.25,-4.5,7.75,-3.75,-2.25,-12.5,-3.25,-2.75,-3,-15.25
6481,3,3,-4.75,-12.75,-3.25,8,-10.25,-3.75,-21,-12.25,-2.25,-5
6482,1,1,-5.25,8.75,-6.25,-9.5,-0.75,-7,-4.25,-1.75,-3.5,-6.25
6483,5,5,-12.75,-20.5,-13.5,-0.25,-9.75,14,-8,-21.25,-2,-1.75
6484,1,1,-4.75,7.75,-3.5,-7.75,-1.75,-7.25,-3,-2.25,-2.75,-5.75
6485,8,8,-1.75,-5.75,-3,-7.5,-3.5,-8.5,-2.75,-5.75,5,-4.25
6486,5,5,-11.5,-16,-12,-1.25,-8,12.25,-7.25,-15.5,-3.25,-0.75
6487,9,9,-3.75,-11.25,-4.25,-5,1.75,-12,-16,-0.25,-3.25,7.5
6488,4,4,-6.25,-2,-6.75,-9.25,6.75,-10.75,-7.25,-1.25,-6,-3.5
6489,0,0,11.5,-8.5,-1.25,-7.5,-7.75,-9,-3.25,-5.75,-5.5,-7.25
6490,7,7,-4.25,-2.25,-8.25,-9.5,-0.75,-8.75,-11.25,8.25,-4.25,0
6491,5,5,-12,-18,-12.25,-0.75,-7.75,12,-8.25,-16,-4.5,-0.25
6492,8,8,-1.5,-11.75,-1.5,-6.25,-2.75,-11,-8.25,-3.25,4.5,1
6493,8,8,-3.5,-7.75,-4.5,-6.5,-2.5,-7,-5.75,-8,5.5,-3.75
6494,3,3,-5.75,-13.5,-4.25,7.25,-9,-2.25,-21.5,-11,-3.25,-1
6495,8,8,-0.75,-12.25,-3,-8,-4.75,-6.75,-7.25,-1.5,1.5,1
6496,9,9,-8,-10,-5.75,-2.75,1,-9.25,-18.5,0.25,-1.75,5.75
6497,2,2,-4.5,-3,8.25,-2.25,-6.5,-12.5,-13,-1,-2.25,-8.25
6498,6,6,1.75,-9.5,-2.5,-9,-1.25,-3.25,11.75,-15,-5.25,-10.5
6499,2,2,-6.5,-6,9.75,-1.75,-7,-17,-16.75,-0.5,-0.5,-9.5
6500,5,5,-8.5,-16,-11,-4.5,-8.5,10.75,-4.75,-12,-1.5,-2.25
6501,3,3,-4.5,-15.75,-2.5,7.25,-8.5,-4.25,-20,-11.25,-3.5,-1.75
6502,1,1,-5.5,7.5,-5,-8.25,0.25,-9.75,-6.75,-1.25,-3.25,-7.25
6503,7,7,-5.75,-1.25,-8.25,-8.25,-1,-8,-13.5,8.5,-5,1
6504,3,3,-7.75,-10,-1.25,10.25,-11,-6.5,-24,-5.75,-1.75,-1.5
6505,9,0,6.25,-6.25,-2.75,-10.75,-2.5,-10.75,-3.25,-1.25,-7,-1.5
6506,1,1,-6,7.75,-4.5,-8.25,1,-10.25,-8.25,-1,-4.5,-7
6507,9,9,-2.75,-12,-2,-5.5,-1.5,-11.25,-12,-1,-1.5,7
6508,9,9,-7.75,-14.5,-5.75,-3,0,-7.75,-20.25,1.25,-2,8.25
6509,6,6,0.5,-8.5,-3.75,-8.5,-1.25,-3.25,12,-14.75,-4.75,-7.25
6510,0,0,10.75,-8,-0.75,-7.25,-8.25,-7.25,-2,-4,-6.75,-6.5
6511,3,5,-6,-13.75,-7.75,5,-11.75,6,-15.25,-17.25,-3,-5.5
6512,9,9,-2,-13.5,-3,-6.25,-0.5,-9,-11.75,-0.75,-2,6.25
6513,2,2,-8.25,0,9.75,-3,-5.75,-14.25,-13.75,-3.25,-3.75,-10.5
6514,8,8,-5.25,-8,-1.25,-6.5,-3.5,-11.5,-9.5,-6.25,4.75,-3.75
6515,1,1,-4.5,8,-4.75,-8.5,-1,-7.5,-4.75,-3,-2.5,-7.25
6516,4,4,-10.25,-3.5,-10,-12.5,10.25,-11.25,-9.75,-0.75,-4.75,-4
6517,3,3,-0.75,-6.5,1.25,3.75,-9.75,-4.25,-15,-6.75,-8.75,-4.75
6518,5,5,-9.75,-16,-13,-3,-9,12.25,-5,-14.25,-2.25,-1.5
6519,2,2,-4.75,-5.25,10.25,-1.75,-6.5,-15.25,-11.5,-2.25,-2.5,-9.5
6520,9,9,-6,-10.5,-6.5,-5.25,1.75,-9.75,-15.75,-1,-2.25,7.25
6521,2,2,-8.5,-4,11.75,-2,-7,-18.5,-16,0.5,-2.5,-9.75
6522,5,5,-5.5,-13.25,-9.25,-4.25,-7.25,7.25,-4.75,-8,-2.25,-2.75
6523,8,8,-4.25,-7.25,-2,-5,-1.25,-11.25,-10,-2,2.25,1.25
6524,9,9,-6,-14.5,-6.25,-4.25,0.25,-9.25,-18.25,1.25,-1.75,8
6525,5,5,-11.25,-19,-13,-1,-11.25,13.25,-8.25,-18.5,-1,-4
6526,0,0,10,-9.25,-1.75,-6.75,-8.25,-4.5,-0.25,-3.5,-5.25,-5
6527,1,1,-5.75,7.5,-3,-7.5,0.5,-10.5,-8.5,0.75,-4.25,-5.75
6528,2,2,-8.75,-2.5,6.25,-3,2,-17.5,-12.25,-3.5,-5.5,-14.75
6529,4,4,-5,-9.5,-3,-8,8.25,-14.5,-9.25,-1.75,-4.25,-2.5
6530,5,5,-6.5,-13,-9,-2.25,-6.75,7.25,-5,-6.25,-4,-0.5
6531,6,6,0,-6.5,-3,-6.25,-1.25,-1.25,8,-10,-2.5,-4.25
6532,0,0,6.25,-10.75,-6.5,-3.75,-10.5,1.25,-7.5,-0.5,-4.75,-3.25
6533,1,1,-4.75,7.25,-3.5,-7,-1.75,-6.5,-3.25,-1,-2.75,-3.75
6534,2,2,-4.25,-1.75,10.75,-0.75,-6.25,-16.75,-12.25,1.5,-5.5,-9.5
6535,3,3,-9.5,-11.75,-5.75,5.5,-9.25,-2.5,-21,-1,-3.25,0.5
6536,4,4,-9.5,-8.75,-5.25,-5.75,8.5,-9.75,-14.25,-2.75,-4.75,-2.25
6537,5,5,-6.75,-17.25,-10.25,-3.75,-8.25,9.5,-0.25,-15.5,-0.25,-1.75
6538,6,6,-3,-3.5,0.75,-4.75,0.5,-7,1,-8.5,-4.75,-4.5
6539,7,7,-6.5,-4.5,-3.75,-1.25,-6,-5.5,-16,10.75,-4.5,0.5
6540,1,1,-5.75,6.75,-3.75,-4.75,-1,-7.25,-7.25,2,-4.5,-2.5
6541,2,2,-4,-2.25,10,0,-5,-16.25,-11,0.5,-5.25,-8
6542,3,3,-6.25,-5.75,-5,2.25,-2,-3.75,-14.5,0.75,-8,-2.75
6543,4,4,-7.75,-9.25,-6.25,-9,9.5,-8.75,-7.25,-4,-7,-4
6544,5,5,-10.5,-10.5,-9.25,0,-6,7,-5.25,-16.75,-3.25,-2.5
6545,1,1,-5,6,-4,-7.25,-1.75,-8.75,-4.75,-1.25,-2.25,-4
6546,0,0,6.5,-8,-1.75,-5.5,-8,-3,-2.75,1,-6.75,-0.5
6547,4,4,-4.25,-5.75,-7,-14.75,9,-11.75,-3.75,-3.75,-5.25,-0.5
6548,5,5,-6.75,-13.5,-9.25,0.75,-9.5,11,-4.75,-14.5,-4.75,-2.5
6549,6,6,-0.25,-6.25,-2,-8,1.5,-4.25,6.25,-7.75,-5.5,-4.5
6550,6,6,-1.75,-6,-3.25,-6.75,-0.75,-2.75,9.25,-12.25,-3.75,-6
6551,3,3,-5.75,-10.75,-2,9.75,-7.75,-3.25,-18.5,-8,-4.25,-1.5
6552,4,4,-2,-3,-4,-9.5,6,-9,-4.5,-5,-7.5,-0.75
6553,4,4,-5,-6.75,-2.75,-5.25,3,-8.75,-4.75,-5.5,-3.5,-1.75
6554,2,2,-4,-6.75,6.25,-2.25,-5.25,-7,-5.5,-3,-2.5,-6
6555,8,7,-5.5,-15.25,-3,-3.5,-4.75,-5.5,-12,4,1.75,1.5
6556,1,1,-5.75,7,-4.75,-6.5,0.5,-7.75,-7.25,2.5,-4.5,-3.5
6557,0,0,7.25,-5,1.25,-3,-8.25,-8.25,-7.25,-2.25,-3.25,-5
6558,6,6,-1.75,-0.25,1.25,-2.25,-2.75,-2.5,1.5,-6,-3,-5.25
6559,4,4,-7.25,-9,0.25,-2.5,2.25,-9.5,-11.25,-2.5,-2.5,-5
6560,9,4,-7,-6,-6,-4,-0.5,-2.25,-9.25,-2.25,-3,-1.75
6561,7,7,-3.75,-0.25,0.25,-0.5,-5.75,-4.75,-9.75,5.5,-1.5,0
6562,2,2,-4.25,-3.5,7.25,-1,-3,-11.5,-7.25,-1.25,-4.75,-7
6563,3,3,-6.5,-8.5,-2.25,5.75,-4,-4.5,-17.25,-2.25,-6.75,0
6564,3,3,-5.5,-1.75,-3.25,1.25,-1.75,-1.75,-9.75,-1,-4.75,-0.25
6565,9,9,-7.75,-13.25,-5.5,-1.5,-1,-5.5,-14.5,-3.5,-2,4.25
6566,2,2,-5.5,-5.75,8,-3.25,2.5,-18.5,-10,-3.5,-4.75,-13.25
6567,0,0,7.75,-7,-0.25,-7.75,-5.75,-6.5,-1.75,-0.25,-6.25,-4.75
6568,9,9,-7.25,-7.25,-3.25,-1.75,-2.5,-1,-7.75,-4,0,1.25
6569,3,3,-4.5,-4.75,0,1.75,-5.5,-2.5,-7.5,-1,-2.25,-2
6570,3,3,-6.5,-7.25,-3,4.75,-5,-2.75,-12.75,-5.25,-2.75,-1
6571,9,7,-3,-2.5,-0.75,-0.25,-3,-4.25,-8.5,4,-1.75,1.75
6572,1,2,-2.25,-1,0.5,-0.75,-5,-2,-3,0.25,-0.5,-1.75
6573,5,5,-9.25,-14.75,-7.5,2.75,-10,10,-7.5,-15.5,-4,-1.75
6574,2,2,-3.5,-5.75,5.25,-3.25,2.25,-12,-6,-5.25,-4.75,-7.25
6575,3,3,-5.25,-9.5,-0.75,4.25,-3.25,-4.5,-12.75,-1.75,-5,-1
6576,7,1,-3.75,4.25,-2,-3.25,-1.25,-5.5,-6.5,2,-2.5,-2.5
6577,7,7,-6.25,1.25,0.75,-2.25,-3.75,-8.75,-11.5,4.75,-1.75,-2.5
6578,8,8,-6,-2,-2.25,-1.5,-5.75,-1.5,-4.25,-5.5,0.5,-3.5
6579,4,4,-7.25,-6.75,-3.25,-5.5,6.25,-10.75,-11.75,-0.5,-5.5,-1.75
6580,0,0,8,-11.5,-4,-2.5,-11,0.25,-7,-4.5,-6.25,-1.25
6581,2,2,-5,-1.75,10.25,-0.75,-4,-16.5,-10,-0.5,-7,-11.75
6582,4,4,-5.75,-2,-7.75,-13.5,8.75,-11.5,-5.25,-5.5,-3.5,-3.25
6583,0,0,10.75,-10.25,-3.25,-6.5,-10.75,-3.5,-2,-6.25,-4.5,-4.5
6584,2,2,-3.25,-2.25,7.75,2.25,-7.25,-13,-17.25,2.25,-6,-3.5
6585,4,4,-8,-4.75,-7.75,-10.5,9.5,-11,-8.75,-3,-5.25,-3
6586,7,7,-5.25,-3.5,0.5,0.5,-6.75,-10.25,-19,11,-2.5,1.25
6587,8,8,-2.75,-2.5,-2.25,-3.5,-7,-8.25,-10,-3.25,3.5,-3
6588,0,0,8.5,-2.75,-1.75,-8.5,-5.75,-14,-7,1.75,-4.75,-1.5
6589,7,7,-5.25,-3,2,1.5,-8,-11.75,-19,11.5,-4.5,0.75
6590,0,0,7.25,-9.25,-5.5,-7.5,-11.5,2.25,-4.25,-4,-3.5,-6.5
6591,6,6,-1.5,-9,-3,-4,-2,-0.5,7.75,-11.5,-3.75,-4.75
6592,9,9,-4.75,-5,-6,-4.25,0.75,-3.25,-5.5,-3,-3.25,3
6593,3,3,-6.25,-8,-0.75,4.75,-5.25,-5.75,-14,-1.25,-3.75,-2.25
6594,2,2,-5.75,-6.25,11.25,0.75,-4.5,-18.5,-16.25,1.25,-6.25,-9
6595,8,8,-9,-6,-5.25,-4.75,-0.5,-7,-9.5,-6,3.5,-4.5
6596,6,6,-2.75,-4,-0.75,-3,0,-2.75,3.25,-6.75,-1.75,-6
6597,0,7,0.75,-7,-0.25,-0.5,-7,-8,-15.75,9.25,-4.5,3.5
6598,5,5,0.5,-4.5,-1,-0.25,-8.5,1,-2.25,-8.25,-5.5,-6
6599,7,7,-8.75,1.5,-6.25,-4.75,-2,-5,-11.25,6.25,-3.25,-0.25
6600,5,5,-11,-14.75,-8.75,-0.75,-5.25,10.75,-5,-16.5,-2,-1.5
6601,1,1,-5.25,7,-2.75,-7,-2,-7.75,-4.25,-1.25,-2.5,-5
6602,0,0,9.5,-10,0,-5.5,-11.25,-6.75,-6.75,-0.25,-2,-4.5
6603,8,7,-2,-13.25,-2.25,-5,-2.75,-7.25,-9.5,2.75,1.75,0.5
6604,1,1,-4.5,7.5,-4,-7.75,-2,-6,-1.5,-2,-2,-4.25
6605,6,6,-0.5,2.5,-0.25,-5.25,-1.25,-3.5,3.75,-5.25,-4.5,-7
6606,7,7,-3,-6.25,-3.75,-4.25,-5,-5.5,-13,11.25,-3.75,1
6607,2,2,-5.5,-3.75,6.75,-1.75,1,-14.75,-12,-0.5,-3.75,-9
6608,9,9,-4.5,-8.5,-8,-3.25,-3,1.25,-4.75,-4.75,-2.25,3
6609,7,7,-6.5,0.75,-1,-2.5,-3.75,-7,-13.5,7,-2,-0.5
6610,9,9,-6.5,-11.75,-6.75,-2.75,-2,0,-7,-5.5,-1.5,5.75
6611,5,5,-4.5,-8.75,-4.75,-2,-4.75,4,-3.5,-4.75,-2.75,-1.5
6612,8,8,-4.5,-6.75,0.5,0.75,-6.5,-8,-11.5,0.25,2.75,-1
6613,6,4,-3.75,-5.25,-1.75,-6,2.75,-5.25,1.5,-6.5,-4.5,-3.5
6614,2,2,1.5,-6,7,-1,-10,-11.25,-11.5,4.75,-5.75,-4
6615,6,6,0,-4,-2.25,-6,1.5,-4.75,4.75,-5.75,-1.75,-5.25
6616,2,2,-1.25,-7,12.25,1,-7.5,-20,-17,1.5,-4.5,-7
6617,8,2,-5,-7.25,5.25,-1.5,-5.75,-14.5,-14.25,1.25,3.25,-2.25
6618,1,1,-3.75,4.5,-1.75,-5,-1.25,-5.75,-2.25,-2,-1.25,-4
6619,7,7,3.25,-7.5,-5.25,-8.75,-3.75,-11.5,-12,10,-6,4
6620,5,5,-4,-11.25,-6.25,-2.5,-7,4.75,-5.75,-6.5,-1.75,-1.5
6621,0,0,4.25,-7.5,-3.5,-3.5,-6.75,-7.5,-11.75,3.75,-5.75,1.75
6622,1,1,-4.5,5,-3.25,-5.25,-0.5,-6.75,-5.75,0.75,-2.5,-3
6623,1,1,-3.25,5,-2.5,-5.25,-1.5,-4.5,-1.5,-2,-1.25,-4
6624,3,3,-4.75,-12.25,-4,5.25,-8.5,-0.25,-15,-6.75,-2,-2
6625,8,7,-9.25,-0.25,-3,-3.5,0.25,-9,-8.75,1,-0.25,-3.5
6626,4,4,-10,-3.5,-9.25,-8,7.5,-8,-11.25,-3.25,-4.5,-2.25
6627,9,9,-6.25,-6.75,-8.25,-5,-1.25,-0.75,-4.75,-5,-1.25,2.25
6628,1,1,-5.25,6.5,-3.75,-5.25,-1,-6.25,-5.75,2,-3.75,-1.75
6629,8,8,-3.25,-13.25,-1,0.25,-12.75,-3.25,-9.75,-8,6,-6
6630,6,6,-2.5,-7.5,-2.25,-8.5,0.5,-3.25,9,-11.25,-2.25,-6.75
6631,8,8,-2.25,-6,2.25,-2.75,-6.25,-7.75,-6,-3.5,3,-3
6632,9,5,-5.25,-3.25,-4,-2.75,-3.25,0.75,-2.75,-3.5,-1,0.5
6633,0,0,10.5,-4.75,-2,-9.5,-4.75,-12.25,-1.5,-3.25,-5,-4.25
6634,1,1,-4.5,7.75,-4.25,-8,-0.25,-7.25,-3.5,-0.75,-3,-5
6635,2,2,-4.25,-5.5,9.25,-0.25,-6.75,-14,-12,-0.5,-0.5,-6.75
6636,3,3,-2.75,-9.75,-0.75,4.75,-11,-4,-14,-1.5,-1.25,-4.5
6637,4,4,-5.25,-0.5,-3.25,-6,5.75,-9.5,-7.5,-1,-5.5,-4.5
6638,5,5,-9.75,-14.5,-9.5,-0.75,-6.5,9.25,-5.5,-14.75,-3,0.5
6639,6,6,-1.25,-6.5,-4,-6.5,-2.5,-1.5,9.25,-13,-2,-5.5
6640,7,7,-3.5,-5,0.5,-0.75,-6.25,-11.75,-18,12.25,-3.25,1.25
6641,8,8,-5.25,-11,-7,-5.75,-8.75,4.75,-0.75,-14,5.5,-10
6642,9,9,-9.5,-8.75,-10,-6.25,-1.25,1.25,-7.75,-4.75,-0.75,3.25
6643,0,0,2.75,2,-4.5,-10,-1.5,-8,-4,-1,-3.5,-6.5
6644,1,1,-4.75,6,-3.5,-6.25,0.75,-6.75,-5.5,0,-3,-5
6645,2,2,-7.25,-8.75,4,-2.75,-3.5,-9.5,-10.5,-3.5,1,-4.5
6646,3,3,-4.75,-12.5,-3.75,10.25,-12,-0.25,-20.25,-7.25,-5,-2.5
6647,4,4,-7.75,-2.5,-8.25,-10.25,8.5,-9.5,-8.75,-2,-5.25,-1.75
6648,7,7,-4.75,-4.25,2.75,1.5,-7.25,-11.25,-18.75,10.75,-2,0.75
6649,8,8,-4.5,-10,-4,-3.75,-6.75,-2.25,-5.25,-8.75,6.5,-5.75
6650,9,9,-6,-11.5,-5.75,-6.5,0.25,-6.75,-12.75,1.5,1,5
6651,0,1,-4.25,-0.25,-4.5,-5,-2.5,-2.25,-4.75,-3.75,-2.25,-5.5
6652,1,1,-7,7.25,-5,-8.5,1.75,-8.75,-9,-1,-4,-8.5
6653,7,7,-4.5,-3,0.25,-1.75,-5.75,-11,-17.25,11,-2.25,-0.25
6654,8,8,-10.25,-8.75,-3.75,-5.25,-6,1,-3.25,-12.5,4.75,-8.75
6655,9,9,-4.75,-11.25,-5.75,-5.5,-1.25,-8.25,-16,3.5,0.25,7.75
6656,9,9,-6.25,-12,-5,-4.25,-0.5,-7.25,-16,0.75,1,7.5
6657,8,8,-3.75,-6.75,-2.25,-5,-8,-2.5,-3,-8.75,6,-10
6658,9,9,-7.25,-11.25,-7.75,-4.5,0.25,-5.25,-14.75,0.75,-1.5,5.75
6659,8,8,-2.5,-7.25,-4.25,-7,-6.25,-3.25,-5.5,-4,4.5,-3.5
6660,4,4,-6.25,-2,-6.25,-11.75,8.75,-11.5,-6,-1.5,-5,-4.5
6661,1,1,-8,6.75,-6.25,-10,0.5,-9.5,-8.75,-1.25,-2.75,-9.75
6662,7,7,2,-7.75,2.25,-0.5,-11,-6.5,-11.5,7.75,-4.5,-0.25
6663,7,7,-6,-4,2,1.25,-8,-11,-19.5,11.5,-1.75,0.75
6664,3,3,-5.5,-12.25,0,9.25,-9.75,-5.5,-21.75,-3,-2,-2.5
6665,3,3,-6.5,-12.25,1.75,9.5,-11,-9.75,-24,1.25,-2,-2.25
6666,7,7,-1.5,-5.75,-0.75,-1,-6.5,-9,-14.5,11.5,-3.5,0.75
6667,6,6,0,-4.25,-7.25,-10.25,-2.25,-2,7.25,-15,-2.5,-7.75
6668,6,6,-0.5,-9.25,-3.25,-6.5,-4,-0.25,6.5,-13.75,-1.25,-9
6669,6,6,-0.75,-10,-4.25,-5.5,-4,0,6,-13.5,-1.25,-5.5
6670,1,1,-6.25,8,-5.75,-8,0.5,-8,-7.75,0.25,-3.5,-6.25
6671,9,9,-6.25,-9.75,-6.5,-4.25,-0.5,-6.5,-15,1.5,-0.25,6.5
6672,0,0,6.5,-6.5,-2,-9.75,-4.75,-8.5,-3.25,-0.75,-7,-2.25
6673,1,1,-6,7.75,-6.5,-9,0.25,-7.25,-6.5,-0.75,-3,-6.75
6674,7,7,-1.75,-5.25,-2.25,-2.5,-5.5,-8.75,-14,11.75,-5,0
6675,6,6,0.75,-10.25,-3,-6.75,-4.25,-2.5,9,-14.75,-1.5,-7.25
6676,3,3,-3.75,-15.5,-0.25,11.5,-12.25,-6.25,-23.5,-7.25,-4,-2.75
6677,2,2,-6.25,-5.75,6.25,-1.25,-3.5,-10.75,-11,0.25,-4,-5.5
6678,1,1,-6,8.5,-5.75,-8.25,0,-7.5,-7,1.25,-3.75,-5
6679,7,7,-7.5,-2,1,-0.25,-7,-11,-18.5,11.25,-2.25,-0.5
6680,1,1,-5.75,9,-6,-8.5,0.25,-7.5,-7.25,1.5,-4,-5.25
6681,3,3,-4.25,-11.25,-2.5,7.5,-8.25,-0.75,-16,-7,-5.75,-0.75
6682,9,9,-5.5,-9.5,-5.75,-4.25,0.25,-7.25,-13.25,0,-1.25,6
6683,1,1,-6.25,8.75,-7,-9.75,0.5,-8,-7,1,-3.75,-5.5
6684,7,7,-3,-4.25,1.25,-1.75,-7.25,-9.25,-15.25,9.75,-1.75,1
6685,6,6,0.75,-6,-1.75,-8.25,-1.25,-3.5,10.25,-12.5,-2.75,-9.25
6686,8,8,-3.5,-3,-2.5,-4.25,-4.75,-4.5,-7.75,-4.75,2.75,-4
6687,4,4,-7,-2.5,-6,-9.25,7.5,-10.5,-7.25,-0.75,-4,-2.5
6688,1,1,-8.5,7,-3.25,-10.5,2.25,-12,-11.25,-1.75,-3.5,-13
6689,4,4,-5.5,-1.75,-5,-8,6,-9.25,-5.5,-0.75,-5.25,-5
6690,3,3,-5,-14,-3.75,9.75,-11.25,-2.75,-20.25,-7.75,-3,-2.25
6691,6,6,0.75,-13.25,-4,-7,-6.25,-0.25,6.75,-15.75,-0.75,-7.75
6692,9,9,-7.25,-15.25,-5.25,-5,-1.5,-4,-13.25,0.75,-0.25,4.75
6693,6,6,1,-9,-3.75,-6.75,-4.25,0,8.25,-11.75,-1.25,-6.25
6694,1,1,-8,7.5,-3.75,-10.5,1.5,-11,-9.75,-1.5,-2.75,-12
6695,4,4,-6.5,0.25,-5.5,-8.25,5.75,-9.5,-8,-1,-5.75,-3.5
6696,4,4,-9.25,-3.25,-8.5,-7.75,8.5,-10,-11.5,0,-6,-1.25
6697,7,7,-4.5,-3.75,1.5,0.25,-6.25,-11,-18.25,10.75,-2.25,1.25
6698,2,2,0,-8.25,7.5,-2.25,-6.75,-12.25,-9.75,-1.25,-3.5,-7.75
6699,4,4,-5,-3.75,-6.25,-11.25,7.5,-12.75,-6.75,-2.25,-3.25,-4.25
6700,4,4,-6,-1.25,-5.25,-9.25,5.5,-7,-4.5,-2.75,-6,-3.5
6701,0,0,11,-10.25,-2.5,-10.5,-5.5,-10.25,0,-2,-2.25,-4.75
6702,1,1,-4.5,7,-5,-8.5,-0.75,-9,-3.75,-2.5,-2.75,-6
6703,2,2,-4,-3.5,12.5,0.25,-8,-20.25,-18.5,3.5,-4,-6.5
6704,3,3,-6,-17.25,1.25,12.25,-14,-9.5,-29.5,-3.5,-1.5,-0.5
6705,4,4,-7.25,-8.25,-8,-8.5,9.25,-11.25,-9.75,-5.25,-4.25,-2.25
6706,5,5,-8.25,-6.5,-4.75,-2,-7.5,3,-9.75,-6.5,-7.25,-0.75
6707,6,6,1.75,-4.75,-2.25,-8.25,0.25,-5.25,10,-10.5,-7.25,-8
6708,7,7,-6.5,-5.5,0.25,-2.25,-6.75,-12.5,-20.75,10.5,-1.5,0.5
6709,8,8,-2,-10.75,-6.75,-6.25,-5.75,-1.75,-1.5,-7.5,4.5,-6.25
6710,9,9,0,-15,-2.5,-6.25,-2.25,-9.5,-9.75,-1.25,-0.75,5.75
6711,0,0,11,-12.5,-3.75,-6,-9.5,-5.75,-4.75,-5.5,-4,-6.25
6712,1,1,-4,6.75,-6,-10,-1.25,-7.75,-1.25,-4.75,-1.75,-6.5
6713,2,2,-4,-7.5,13.25,1,-9.75,-19.75,-18.75,3,-3.5,-7.75
6714,3,3,-6.5,-14.5,-2.75,12,-11,-6.5,-29,-2.75,-6.25,2.25
6715,4,4,-4.25,-8.25,-6,-11.5,8,-14,-4,-5.5,-3.75,-2.5
6716,5,5,-6.75,-11.25,-4.75,-2.5,-4,3.25,-4.5,-6.75,-4.25,-3.5
6717,6,6,0.25,-9.5,-3,-9.25,-0.5,-4,10.75,-14,-4.25,-7
6718,9,9,-1,-17.5,-5.5,-9,-3.75,-4.75,-4.25,-4.25,1.5,5
6719,0,0,9.75,-7.5,-1.5,-9,-5.75,-7.5,0,-3.75,-7,-7.5
6720,1,1,-5.25,5,-4.25,-8,-0.75,-9.5,-4.75,-3,-2,-6.25
6721,2,2,-9.5,-6.5,2.5,-2.75,0.5,-13.25,-12.25,-0.25,-2,-5.75
6722,3,3,-7.5,-12.5,-3.25,6,-8,-1.75,-20.5,-7,-6.5,0.25
6723,4,4,-1.5,-7.25,-4.5,-11,6.75,-13.75,-2.75,-4,-6,-0.25
6724,7,7,-7.25,-8,-3.5,-3.75,-5,-7.75,-17.25,8.5,-2.25,1
6725,8,8,-2.75,-8.75,-1.25,-5,-3,-7.25,-5.5,-4.25,1.25,0.5
6726,1,1,-5.75,7.75,-5.75,-8.75,0,-8.75,-6.5,-0.75,-3.5,-6
6727,3,3,-7,-17.5,-2.5,14,-12.75,-6.75,-30.75,-6.5,-4.25,-0.25
6728,5,5,-4.5,-12,-10.5,0.5,-10,6.5,-10.75,-11.5,-4.5,-2.5
6729,1,1,-5,8.25,-4.75,-9.25,-0.5,-6.75,-3,-2.75,-3.5,-7.5
6730,7,7,-10.75,-4.75,-7.75,-5,-3.75,-3.75,-15,5.25,-3,0.5
6731,7,7,-8.5,-1.25,-1,-2.5,-4.5,-11.5,-19.75,10.75,-2.25,0.25
6732,2,2,-5.5,-5.5,7.25,-0.75,-2.75,-13.5,-8.75,-1.25,-5,-13.5
6733,1,1,-5.5,7.25,-4.75,-10.5,1,-11,-6.25,-2.5,-3.5,-10.25
6734,4,4,-6.5,-8,-8.25,-13,9.75,-13,-5.25,-3.75,-3,-1.75
6735,8,8,-3.75,-7.5,-7.25,-6.75,-6.25,-1.75,-5.5,-3.25,3.75,-3.25
6736,3,3,-7.75,-16,-5,12.5,-12.5,-2,-28.5,-8.5,-5,-0.5
6737,4,4,-2,-8,-5.5,-12,6,-15.5,-1,-5.25,-1.75,-2
6738,4,4,-6,-10.25,-8.25,-13,9.25,-11.25,-3.75,-3.25,-3.75,-3.25
6739,3,3,-4.75,-11.5,1,8.5,-10.75,-9.25,-23.75,0.25,-3,0
6740,9,0,4.5,-16.25,-0.5,-5.25,-4.25,-8.5,-8.25,-1.75,-3.5,3.5
6741,7,7,-9.5,-6,-7,-5.25,-4,-4.25,-13.25,5,-2.75,0.25
6742,4,4,-2.5,-11.75,-2.5,-9.25,8.5,-13.5,-3.5,-4.75,-6.25,-5.5
6743,1,1,-6.75,6,-2.25,-6.25,0.25,-12.75,-13.75,1.25,-4.75,-5.75
6744,2,2,-10.5,-6,5.25,-3,-1,-12.75,-11.5,-2.75,-1,-9.5
6745,3,3,-8.5,-12.25,-7.75,7.75,-9.5,1.25,-22.75,-11.5,-5,0
6746,5,5,-6.75,-9.5,-4.5,-4.25,-2.25,0.75,-2,-7,-3.25,-4.5
6747,9,9,-5,-13.5,-6.75,-6.5,-0.75,-6.5,-12,-2,0.5,6.25
6748,1,1,-4.5,8.75,-8.5,-11.75,-0.25,-8,-4.5,-2,-2.5,-8.75
6749,6,6,0.5,-10.25,-4.25,-8.75,-6,0.25,8,-12,-1,-5.75
6750,0,0,10,-10.25,-2,-6.25,-5.5,-9.5,-4.5,-0.5,-9,-1.25
6751,1,1,-6.5,8,-3.5,-7.5,1.5,-11,-11,1.25,-5.5,-6.5
6752,0,0,12,-9.25,-2,-9.5,-8.25,-9,-2.25,-3.75,-4.75,-5.25
6753,0,0,11,-11.5,-2,-10.75,-7.75,-7.25,2.75,-3.75,-6.75,-3.5
6754,2,2,-7.75,-5,12.5,-0.75,-5.25,-18.25,-15.25,3,-3.25,-13
6755,8,9,-6,-5.5,-3,-2.25,-5,-7,-14.5,-1,-0.75,0
6756,7,7,-8.25,-4.5,-1.5,-1.25,-7.25,-6.25,-16.5,5.25,-3.25,0.5
6757,1,1,-5.5,9.5,-7.25,-10.25,0.25,-8,-5.75,-1.75,-3.75,-8
6758,1,1,-6.25,6,-3.75,-7.5,1,-11.5,-10.75,-1.25,-4,-8.5
6759,4,4,-6,-10.75,-5,-9.5,5,-12.5,-4.75,-4.25,-1.25,-0.75
6760,0,0,11,-12.25,-2.5,-10,-8.25,-6.5,2.75,-4.25,-7.5,-2.5
6761,4,4,-1.75,-8.75,-4,-9,5,-11.25,-4.25,-5.75,-4,-0.5
6762,7,7,-7.5,-4.25,3.75,1.75,-9.75,-14,-23.25,11.25,-1.5,-1.75
6763,3,3,-8,-13.75,-3,11,-10.5,-3.25,-26.75,-7.75,-6,1.25
6764,6,6,-3.25,-6.25,-3.25,-10,0.25,-3.25,9,-14.75,-3.75,-10.5
6765,8,8,-3.25,-4.5,-4.75,-6.25,-3.75,-2.5,0,-7.25,0.5,-5.5
6766,0,0,12.25,-8,-2.25,-9,-6.25,-10.5,-2,-3.5,-6.25,-6.75
6767,3,3,-4.75,-16.5,-1.25,12,-12,-7.75,-26.75,-3,-5,0.75
6768,7,7,-7.25,-1.25,4,-0.75,-7.75,-13,-20.5,8.25,-2,-2
6769,4,4,-7.75,-9,-7.5,-12,6,-12.25,-5,-5.75,0.25,0.5
6770,0,0,12.5,-9.25,-2.75,-10,-10,-5.75,1.25,-7,-6,-8.75
6771,6,6,1.75,-4,-1,-9,2,-7.75,7.25,-10.75,-7.75,-9.75
6772,9,9,-2.25,-13.75,-5,-5.25,-0.5,-9.25,-12,-2.75,-1,6.25
6773,2,2,-2.75,-7,13.25,1.75,-9.25,-21.25,-19,2.5,-4,-8
6774,6,6,0.25,-8.75,-2.25,-9.25,0,-6.5,8.75,-12,-4.25,-6.5
6775,5,5,-7.25,-3.75,-6.25,-4.25,-5.25,2.5,-5,-4,-4.75,-1.5
6776,8,8,-7,-9.25,-4.75,-8.25,-5.75,-2.5,2.25,-12.5,4.5,-3.75
6777,6,6,1,-11,-4.5,-10.75,-3.75,-3,11.75,-15.75,-0.25,-7.5
6778,9,9,-7.5,-13,-8.75,-6.5,0.5,-7.5,-14.25,-3,0.25,8
6779,0,0,10.75,-7.75,-2.75,-9.5,-5.25,-9.5,-0.5,-4.5,-5.5,-7
6780,4,4,-5,-10,-5.25,-8.5,4,-10.5,-7.5,-3,-2,2.5
6781,0,0,10.75,-8.75,-0.25,-7.75,-5.75,-9.25,-0.5,-4.5,-8,-5.75
6782,6,6,3,-12.25,-4,-9.5,-5,-2.25,10,-14.25,-1,-8
6783,1,6,-3.25,1.25,-4.75,-7.5,-1.75,-5.5,3.75,-9.75,-3.25,-9
6784,9,9,-1.75,-19,-4,-6.75,-1.75,-7.5,-6.75,-4.75,0.75,5.25
6785,2,4,-6.5,-8.75,1.25,-3.75,2.5,-8,-4,-3.25,-2.5,-9.5
6786,0,0,10.5,-5.75,0.25,-8.25,-6.25,-12,-2.5,-4.25,-5,-7.25
6787,9,9,-6.5,-5,-6.75,-6.25,1,-7.5,-11,-1.5,-0.75,3
6788,5,5,-8.5,-8.25,-8.75,-4.75,-3.75,4.5,-3.5,-6.5,-3,-2.5
6789,1,1,-5.75,8.5,-6,-9,0.25,-7.5,-5,-1.25,-4,-7
6790,3,3,-5.75,-9.25,0,6,-7.5,-7,-22.5,-2.75,-6,1.25
6791,7,7,-8.75,-4.75,-2.75,-3.5,-5.25,-8.75,-16.75,8.25,-0.75,1
6792,6,6,1.75,-6.75,-2,-9.75,-0.75,-5.25,10.25,-13,-4.25,-9
6793,9,9,-6.25,-9.25,-6.25,-5.25,0.75,-7.75,-12,-2.25,-0.5,4.75
6794,3,3,-7.25,-16.25,-2.25,13.5,-12.5,-4.75,-27.25,-5,-5.25,-0.5
6795,0,0,11.25,-8.5,-2.75,-8,-8.25,-7.5,-2.5,-5.25,-5.25,-6.5
6796,2,2,-6.25,-5.5,7.25,-0.75,-3.5,-13,-14,1.5,-6.75,-6
6797,2,2,-1.5,-5.75,12.5,-1.5,-12.25,-17.25,-16,3.25,-4.25,-7.5
6798,0,0,12,-13.75,-2,-5,-12.25,-3.25,-4,-5.75,-4,-1.75
6799,1,1,-5.25,7.75,-5.25,-6.75,-2.25,-6.5,-3.75,-1.75,-2.75,-3.75
6800,2,2,-2,0.25,9,-2.25,-7.5,-12,-4.25,-5,-2.75,-12.75
6801,3,3,-4.5,-9.5,-2,8,-9.75,0,-15.25,-12,-6.25,-2.75
6802,4,4,-8,-6,-7,-8.75,7.25,-8,-1.5,-5.5,-5,-5.25
6803,5,5,-10.75,-15.25,-10.75,1.75,-12,13.25,-8.25,-22.75,-5,-3
6804,6,6,-2.5,-7.25,-4.25,-6.75,-1,-1.25,9.75,-13.5,-3,-6.75
6805,7,7,-6,-1.5,0.75,1,-6,-11,-18.75,10.75,-3.75,0.75
6806,8,8,-6.75,-3.5,1.5,-2,-5.75,-9,-10.75,-3.5,2,-4.75
6807,9,9,-11.5,-8,-9.75,-2.5,-1.5,-3,-17,-0.25,-3.25,4
6808,0,0,9.25,-11.25,-0.25,-5,-10.75,-3.5,-1,-6.5,-2.5,-3
6809,1,1,-5.25,6.25,-3.25,-4.25,-0.5,-6.75,-6.75,2,-3.5,-2
6810,2,2,-2.25,-0.5,8.25,-1,-8.25,-10.75,-5.25,-2.25,-2.75,-8.75
6811,3,3,-6.5,-10.5,-3.75,7.5,-8,-0.5,-15,-11.25,-4.75,-2
6812,4,4,-9.75,-9,-5.25,-5,7.5,-9.5,-10.75,-3.75,-5.25,-5
6813,5,5,-8.75,-22,-9,-3,-8,9.5,-0.75,-23.25,-2.75,-0.75
6814,6,6,-3.75,-7.5,-4.75,-7,1.25,-2,6.75,-10.5,-3.75,-5.25
6815,7,7,-4,-5.25,0,0.25,-7,-9.75,-19.25,13.25,-4.25,2
6816,8,8,-4.5,-12.75,-5.75,-3.5,-7.25,-2.25,-7.75,-12.25,5.75,-5
6817,9,9,-10.75,-11.5,-8.5,-5.25,1.5,-4.75,-13,-2,-0.25,4.25
6818,0,0,8.75,-9.75,-0.5,-4.75,-9.25,-8.5,-4.25,-3.25,-2.25,-3.5
6819,1,1,-5,8.25,-5.25,-8,-1.25,-6.75,-2.75,-1.25,-3.25,-3.75
6820,2,2,-4,0.75,11.5,-1,-9,-16.75,-11.75,1,-3.75,-9.75
6821,3,3,-5.75,-10.5,-3,9,-9,1,-16.25,-12.75,-7.25,-1.75
6822,4,4,-8.5,-11.5,-6.25,-6.75,8.5,-7.75,-9.75,-4,-4.5,-5.5
6823,5,5,-13,-16.25,-10.25,0.75,-10,12.25,-8,-18.5,-4.25,-1.25
6824,6,6,-3,-7.5,-3.5,-6.5,0,-1.5,8.25,-12.5,-3,-4.75
6825,7,7,-6.5,-2.75,-0.5,-0.25,-6,-10.75,-19,11.75,-3,0.5
6826,8,8,-5.75,-11.75,3.5,-1.5,-6.75,-13.25,-15,-0.5,5,-2.25
6827,9,9,-11,-7.75,-8,-3,0,-2.25,-13.5,-1,-2.75,4
6828,2,2,-4.5,0.5,10,-1.5,-7.75,-12.75,-8,-3,-2,-11
6829,1,1,-5.75,7.25,-5,-6,-1.5,-6.25,-5.75,-1,-3,-2.5
6830,7,7,-3.5,-5,0.25,-1.5,-5.75,-8.5,-15.25,10.75,-3.25,1.25
6831,2,2,-3.5,0.25,11.5,0,-10.5,-16.25,-11.75,-1.5,-0.5,-11.5
6832,5,5,-6.5,-22.5,-8.5,0.75,-12.5,11.25,-5.75,-20,-2,-1
6833,0,0,12.5,-14,-2.5,-9,-10,-7.25,-0.75,-4.5,-4,-1.75
6834,8,8,-7.25,-9.25,0.25,-1.25,-7,-8.5,-13.25,-1.25,4,-3
6835,0,0,9.75,-11.25,2,-4.25,-10.25,-7.5,-5.25,-4.75,-7,-2.75
6836,2,2,-1.25,-0.25,8,-3,-5.75,-13,-2.25,-4.5,-5,-12
6837,7,7,-4.5,-5,1,-0.25,-6.5,-10.75,-18,10.5,-2.5,1
6838,8,8,-5.75,-12.75,-0.5,-0.75,-8.25,-8,-12.5,-5,6,-2
6839,8,8,-5.75,-12.25,1.25,0.25,-7.5,-10,-12,-6.75,5.75,-8.25
6840,3,3,-2.25,-9.5,0.75,7.25,-9.75,-2.25,-13.25,-7.75,-7,-3
6841,0,0,8.5,-11,2.75,-5.25,-7.5,-13.75,-7,-0.25,-3.25,-2
6842,6,6,-2,-6.75,-4,-5.25,-2.5,-0.25,9.25,-13,-2.5,-5
6843,0,0,10,-13,-0.75,-5.75,-9,-6.75,-1.75,-3.5,-2.25,-1.25
6844,2,2,-3.75,3,11.25,-3.5,-7.75,-14.5,-7,-3.5,-3,-14.75
6845,7,7,-4.75,-4.5,-0.25,1,-7.25,-8.25,-19,11.75,-4.25,2
6846,6,6,-3,-6.25,-5.5,-6,-1,-1.25,8,-12.5,-4.25,-6.5
6847,6,4,-3.75,-7.25,-3.75,-8.5,4.25,-5.5,3.25,-7.5,-4.5,-4
6848,1,1,-4.75,7,-3.5,-4.75,-1.75,-7,-5.75,0.5,-2.75,-3.25
6849,2,2,-3.5,0.5,11,-1.25,-10,-14.25,-9,-1.75,-3,-10.75
6850,8,8,-6.5,-15.5,-1.5,-3.25,-4.25,-10.25,-11.75,-6.75,6.5,-2
6851,8,8,-7.25,-5.75,0.5,-2.75,-5,-8.25,-9.75,-5,3.75,-5.25
6852,7,7,-5.5,-3.75,-0.75,-0.5,-6,-7.5,-17,8.25,-3.25,3.25
6853,7,7,-4.75,-4.25,1.75,2,-8,-10.75,-20.25,11.25,-3.25,1.25
6854,4,4,-10.5,-7.25,-9.75,-7.25,5.25,-5.5,-5.75,-5.5,-2.5,-2.25
6855,7,7,-5.75,-8.25,-8.75,-6.5,-4.5,-4.25,-14.5,12.75,-6,3
6856,7,7,-5.25,-4,-1.5,-1.5,-5.5,-7.25,-16,9.75,-3,2.25
6857,3,3,-7.25,-11.25,-1.75,9.75,-10.25,-3.75,-20.25,-9.25,-3.75,-1.75
6858,7,7,-8.25,-6.25,-5.5,-2.75,-5.25,-5.25,-18.5,11.25,-5.25,3
6859,4,4,-12.25,-7.5,-10.25,-7,7.5,-6.75,-12.25,-4.25,-5.25,-3.5
6860,5,5,-11,-19.5,-12,1.25,-13.5,14.5,-10.25,-22.25,-3.25,-2
6861,4,4,-12.25,-10,-10.25,-8.5,11,-9.5,-15.25,-2.5,-4.75,-2.75
6862,3,3,-7.25,-12,-2,10.5,-9.75,-2.75,-20.75,-9.5,-3.75,-0.5
6863,3,3,-6.25,-11.25,-2.75,9.75,-9,-2.75,-20,-10.25,-3.75,-1.75
6864,8,8,-4.5,-8.75,-2.25,-0.25,-8.75,-5.25,-11.5,-7,4.25,-4.75
6865,4,4,-8.5,-8.25,-6.25,-7,8.5,-9.75,-12,-2.75,-6,-2.25
6866,5,5,-11,-16,-11,2.25,-12.25,12.25,-10.25,-23.25,-4.75,-3
6867,4,4,-8.75,-4.25,-8.25,-6.75,5,-7,-6.25,-3.25,-2.75,-1.25
6868,1,1,-5,8,-4.25,-8,-1.5,-7.25,-2.75,-1.25,-2.5,-4.75
6869,1,1,-5.5,8,-4,-5.5,-1.75,-7.25,-6.5,1.25,-3.25,-2.75
6870,9,9,-10.25,-12.75,-7.75,-5.5,2.25,-5.5,-13.5,-1.75,-2,4.25
6871,7,7,-4,-4,0.75,0.25,-7,-9.25,-17.75,11.75,-4,1.75
6872,4,4,-1.25,-3,-1.75,-6,3.75,-11.25,-4.25,-0.5,-5.25,-6
6873,3,3,-5,-12.5,-1.25,10,-9.75,-3.5,-18.25,-10,-3,-2.25
6874,7,7,-5.25,-2.5,1,0.5,-6.5,-10.5,-18.5,10.75,-3.25,0.75
6875,3,3,-6.25,-13.5,-1.5,13,-11.5,-6.25,-25.75,-8,-4.25,-1
6876,3,3,-7.5,-9,-2.75,8.75,-7.5,-1.75,-18,-11.25,-6,-1.75
6877,0,0,9.25,-10,-1.5,-7.25,-6,-11,-1.75,-1.75,-3.5,0.75
6878,2,2,-3,1.25,7.5,-3.5,-5,-12.25,-1.75,-6,-5.5,-12
6879,5,5,-13,-22.5,-12,-0.25,-11.5,13.25,-7.5,-22.25,-1,0
6880,5,5,-9.25,-28.5,-12,-1.5,-12.75,11,-8.25,-18.5,-0.75,0.25
6881,6,6,-2.25,-9,-5.75,-7.5,-2.25,-0.25,11.25,-15,-3.5,-5.75
6882,3,3,-5,-8.75,-1.25,8.25,-8,-3.75,-16.75,-6.5,-3.25,-1
6883,1,1,-4.5,6.5,-0.5,-5.5,-2.5,-6,0.75,-5.5,-4,-9
6884,5,5,-12.75,-20.25,-13.5,1,-12.5,14.75,-10.25,-21.5,-1.25,-0.75
6885,2,2,-2.25,1.25,7.25,-2.25,-5.75,-11.75,-2,-5.5,-5,-11.5
6886,5,5,-7.75,-12,-6.25,0.5,-10,8.5,-4.5,-19.75,-4.5,-6
6887,9,9,-11.25,-14.5,-8.75,-3.5,-1.5,-3,-15.25,-4.25,-1.75,6.75
6888,9,9,-10.75,-11,-9,-2,-0.5,-2.5,-15.75,-2.5,-4.5,5.75
6889,8,8,-6.5,-10.75,-1.25,-3,-4,-10.25,-12,-2.5,4,1
6890,4,4,-11.25,-9.75,-6.25,-5.5,8.5,-9,-13.25,-2.5,-6.25,-5.25
6891,1,1,-5.25,8,-4.25,-5.25,-1,-6.25,-5.75,0.5,-3.75,-3
6892,0,0,10.25,-10.5,0,-6,-8.25,-6.75,-1.25,-5,-2.75,-3.25
6893,6,6,-1.25,-10.5,-6.75,-3.5,-3,1.25,7.25,-13,-3.25,-6.5
6894,0,0,7,-8.75,3.5,-2.5,-9.5,-14.5,-8,2.75,-2.75,-1.5
6895,9,9,-11,-5.75,-7.25,-3.25,-2,-4.25,-15.5,1.5,-2.5,3
6896,6,6,-2.5,-6.25,-5.5,-7.75,0,-2.5,8.75,-10.25,-3.25,-5
6897,8,8,-5,-14.75,1.25,-5,-6,-10.25,-10.25,-3.25,6.25,-1.5
6898,8,8,-7.5,-9.75,-2.25,-4,-5,-7.5,-12,-1,3.5,-0.5
6899,5,5,-11,-16,-10,-4.25,-5.25,6.25,-4.75,-13.5,-0.5,0.25
6900,6,6,-3,-5.25,-3.25,-4.25,-1,-1,6.5,-11,-2.5,-5
6901,1,1,-4.75,7,-4.5,-5.75,-1,-6,-4,-0.75,-3,-2.75
6902,1,1,-5.25,7.25,-3.5,-4.5,-1.25,-6.5,-6,1,-3.75,-3
6903,9,9,-10.25,-11,-10.5,-1.5,-4,-1,-16.5,-1.25,-3,5.5
6904,8,8,-4.75,-11.25,-0.5,-2.25,-5.5,-7,-10,-6.25,5,0
6905,9,9,-10,-6,-8.5,-5.25,-2.75,-1.25,-8.75,-4.75,-0.25,3
6906,2,2,0.25,-3,3.5,-3,-0.75,-7,2.25,-5,-7,-9
6907,3,3,-6.5,-10.75,-4,9.5,-10.5,-1.25,-20,-9.5,-3.25,-0.5
6908,5,5,-13.5,-23.75,-15.75,-0.75,-12,17.25,-9.25,-24,-1.25,-0.75
6909,5,5,-9,-17,-11.25,-3.75,-7.25,8,-8,-6.75,-1,1.25
6910,9,9,-10.5,-8.25,-7.5,-1.5,-2.5,-3,-15,-1.25,-3.5,5.75
6911,4,4,-8.75,-11.75,-6,-7.25,6.75,-8,-6.5,-5.5,-5,-3
6912,2,2,-2.75,-0.75,4.25,-2,-3,-8.5,-3,-0.75,-5,-7.5
6913,1,1,-4.5,7.5,-4.75,-6.25,-1.5,-5.5,-3.25,-1.25,-2.5,-3.25
6914,9,9,-10,-3,-7.25,-5,-0.25,-3.75,-9.75,-3,-2.25,2
6915,4,4,-8.75,-8.5,-5.75,-4.75,6,-7.5,-7.5,-5,-4.5,-4.5
6916,9,9,-7.5,-14,-5,-2.25,-1.5,-7.25,-15.5,-1.5,-1.5,7.75
6917,1,1,-5.25,7.75,-5.5,-7.25,-1.25,-6,-3.5,-1.25,-3.25,-3.25
6918,3,3,-7.5,-9.25,-2.75,9,-8.75,-2,-18.75,-11,-4,-1
6919,9,9,-9.25,-0.25,-6.5,-3.25,-3.25,-4.5,-12.25,1,-2.75,1.25
6920,2,2,-3,0,9.75,-1.75,-8.75,-11,-6.5,-2.75,-1.75,-11
6921,0,0,9.75,-10.25,1,-5,-9.75,-8.25,-6.25,-2.5,-3.5,-2.25
6922,6,6,-3,-3,-3,-4.25,-1.25,-1.5,6.5,-9.5,-2.75,-4
6923,0,0,8,-7.25,0.75,-6.25,-7.25,-12.5,-5.5,0.75,-2.5,0
6924,4,4,-9.5,-7.25,-5.75,-4.25,4.75,-5.5,-7.75,-3.25,-3.5,-2.5
6925,0,0,7.75,-6.75,0.75,-6.25,-7.25,-12.25,-5.25,1.25,-1.75,-0.25
6926,6,6,-5,-5.25,-4.25,-6,2.5,-3.25,2.75,-7.25,-2.5,-3.25
6927,0,0,9.25,-4.5,-2,-9.75,-5.25,-14.25,-3.75,-1.25,-3.75,-1
6928,1,1,-5,7.5,-5,-8.25,-2.25,-7.25,-3.25,-2,-2,-4.5
6929,2,2,-7.75,-3.75,12.25,-2,-4.25,-17,-11,-2.75,-2.5,-14
6930,3,3,-5.75,-12.75,-0.75,10.5,-9,-6.5,-23.25,-4.25,-4.75,0.5
6931,4,4,-9.75,-2.5,-10.25,-9,7.5,-10,-14,0,-5.75,1
6932,5,5,-10.5,-19.25,-12.5,1.25,-11.5,14,-7,-19.75,-2.25,-5
6933,6,6,-3,-7.25,-4.5,-8.25,0.5,-3.25,8.5,-12.75,-4.75,-4.25
6934,7,7,-4.25,-3,-4.25,-5.25,-4,-10,-14.75,10.25,-3.75,1
6935,8,8,-4.25,-10,-2,-3.75,-8,-8.75,-9.5,-5,6.25,-4
6936,9,9,-9.25,-13,-6.75,-2.25,-3.25,-4,-15.5,-0.75,-1.5,7.25
6937,0,0,10.25,-7.25,-0.5,-8.75,-7.25,-9.25,-2.25,-4,-5.5,-6
6938,1,1,-4.75,7.5,-4.5,-7.5,-1.25,-7.75,-4,-1.25,-2.75,-4.75
6939,2,2,-6,-6.25,8.5,-4.25,-5,-12.75,-8.75,-4.75,-2,-10
6940,3,3,-8.5,-11.75,-3,6.25,-5,-1.5,-18.25,-10,-7,-1.5
6941,4,4,-12.25,-8.25,-12.5,-12,10.75,-10,-12.25,-4.5,-4.75,-1.5
6942,5,5,-11.75,-20.5,-14,4,-11.75,14,-11.25,-22.75,-2.25,-3.5
6943,6,6,4,-4.5,-1,-7.75,0.5,-7.75,7.5,-8.75,-7.5,-7.25
6944,7,7,0.5,-7.75,-4,-5.25,-5,-9.5,-14,11,-5.5,3.75
6945,8,8,-4,-11,-6.75,-8.5,-5,-6.75,-10.25,1,3.5,2.25
6946,9,9,-8,-9.75,-7,-2.75,0,-7,-15,-1.5,-2.25,5.25
6947,0,0,12.5,-11.25,-1.75,-8.75,-10.5,-6,-1.25,-5,-5.75,-2.75
6948,1,1,-4.75,7.75,-5.5,-9,-1.5,-7,-1.5,-2.5,-2.25,-5.25
6949,2,2,-6.5,-5,12.25,-0.75,-8.25,-18,-15.25,-1.5,-2.5,-10
6950,3,3,-7.5,-14,-0.25,9.25,-9.25,-8,-27.5,-4.25,-5.5,1.5
6951,4,4,-11.5,-3.25,-11.25,-11,8.75,-9.5,-13.25,-2,-4.25,-0.5
6952,5,5,-7.25,-13.5,-8,-2,-6,6.25,-7.25,-9.5,-5,-1
6953,6,6,0.75,-9.25,-4.5,-7.75,-1.25,-3.75,11,-15.75,-5.25,-7.25
6954,7,7,-6,-2,2,-1.5,-7.75,-12,-16.75,9.5,-2.5,0.25
6955,8,8,-3.25,-6,-4.5,-6.5,-6.5,-6.75,-9.25,-4.75,5,-3.5
6956,9,9,-6.25,-13.25,-5,-3.25,-0.5,-10.25,-16.75,1,0.25,7.5
6957,3,3,-8.25,-12.5,-3.25,10.25,-11.75,-2.75,-23.75,-11.75,-1.25,-1
6958,8,8,-4.75,-3.75,-7,-8.75,-2.75,-7.25,-6,-5.25,3.75,-6
6959,0,0,9.5,-8,0,-7.5,-5.75,-11,-0.25,-4,-3,-3
6960,7,7,-6.25,-5,-1.5,-2.25,-6.75,-9.5,-18.25,10.5,-1.25,1
6961,1,1,-4.75,7.5,-5.25,-7.25,-1.5,-8.5,-5.5,0.25,-3,-3.5
6962,0,0,7.75,-7,-0.5,-8.25,-3,-11.5,0.75,-4.75,-4.5,-4
6963,7,7,-6,-5.25,-1.25,-1.75,-5.5,-10.25,-19,11.25,-2.75,2
6964,5,5,-8.5,-10.25,-9.75,0.5,-11.75,9.5,-10.25,-15.75,-7,-3
6965,5,5,-11.75,-15,-15.5,-3,-11.5,14,-9.75,-16.5,-3,-1.25
6966,6,6,-2.75,-5.75,-2.5,-7,1,-3.75,7.25,-12.75,-4.25,-6.75
6967,9,9,-6.5,-7.75,-6.5,-5.5,-0.75,-8,-12,1.75,-0.75,5.5
6968,0,0,9.75,-7.5,-0.75,-9.75,-7.25,-8.75,-1.25,-3.75,-5,-6.5
6969,1,1,-4,7.25,-4.25,-8.75,-1.5,-7,-2,-3.25,-2.5,-6.75
6970,0,0,9.5,-6.25,0.25,-6.5,-6.25,-13,-4.25,-2.75,-3.25,-1.25
6971,0,0,7.25,-7.5,1,-6,-5.75,-10.5,-1.5,-2.75,-2.75,-4.75
6972,8,8,-5.5,-12.25,0.5,-3.25,-5.75,-11.75,-11.75,-1,5.5,-0.25
6973,3,3,-6,-10.75,-3.25,10,-9.25,-2,-22.25,-5.25,-8.5,0.5
6974,4,4,-11.25,-7.5,-10.75,-10,9.75,-9.75,-13.75,-3.75,-4.5,-0.5
6975,3,3,-7,-14.75,-3.25,9,-7.75,-3.25,-24.25,-9.5,-6.75,1.25
6976,1,1,-4.5,7.5,-3.5,-7.5,-1.25,-6.75,-3,-1.5,-3.25,-5.75
6977,5,5,-9.5,-17.75,-15.75,1.5,-11.75,12.25,-13.5,-16.75,-3.5,-2
6978,0,0,9.5,-5.75,-1.75,-9.25,-4.5,-14.5,-2.75,-2,-3,-0.5
6979,0,0,10,-10.25,-0.5,-8.25,-6,-10.75,-0.5,-2,-2.75,-3.25
6980,9,9,-10.25,-6.75,-10.75,-4.75,-0.75,-4,-14.25,-1.75,-2.25,4.5
6981,5,5,-3.25,-10.75,-5,-3,-8,4,0.5,-13.25,-2.75,-3.75
6982,3,3,-8,-15.75,-5.25,12,-9.75,-2.25,-25.5,-11.25,-4,0
6983,4,4,-10.75,-1.5,-10.5,-7.5,6.25,-8.5,-14.75,0,-5.75,0.5
6984,9,9,-6.75,-10.5,-8.5,-4.75,-1,-7.75,-12.25,-3,-2,7.5
6985,3,3,-6.75,-15.75,-1.5,13.75,-11.75,-6.5,-28.5,-9.5,-4.25,0.75
6986,7,7,-7.25,-1.5,-0.5,-3,-5.25,-10.25,-16,8.75,-2.25,0.5
6987,6,6,-1.75,-6.25,-2.5,-8.25,0.5,-4,10.25,-14,-5.25,-9.5
6988,9,9,-8.25,-10.75,-9.75,-6.25,-0.5,-4.25,-11.5,-4.25,0.25,4.5
6989,2,2,-4.25,-9.75,10.25,-5,-2.75,-15.5,-5.5,-6.25,-2.25,-13.25
6990,4,4,-11.25,-4.25,-9.25,-6,4,-5.25,-12,-2.25,-3.25,-2.25
6991,5,5,-12.25,-22,-13.25,1.75,-11.75,14.5,-8.25,-24,-2.5,-4.75
6992,7,7,-0.5,-8.5,-3.75,-4.75,-6.5,-8.25,-13.5,12.75,-4.5,1.75
6993,2,2,-4,-9.5,11,-3.25,-4,-16.75,-8.25,-5.25,-3,-13
6994,6,6,0.75,-6.75,-4.5,-7,-2.5,-3.5,8.75,-16,-5.25,-9.5
6995,4,4,-10,-3.75,-9.5,-9.75,8.25,-10,-8.75,-3,-4.75,-3.75
6996,9,9,-5.75,-5.5,-4.75,-3.75,-0.5,-9.5,-11,0,-1.5,4.5
6997,4,4,-10.25,-1.75,-10,-8.75,4.75,-6.25,-11.25,-2.25,-2.5,-1
6998,9,9,-5.25,-10.25,-5.5,-5.25,-1,-9,-12.75,-0.75,-0.75,7
6999,4,4,-9.25,-1.75,-8.75,-7.25,6.25,-8.5,-11,-1.25,-5.25,-1.5
7000,1,1,-3.75,7,-2.75,-6.5,-1.75,-5.5,-1.75,-2.75,-2,-4.75
7001,2,2,-5.5,-7.75,6.75,-0.75,-4,-11.75,-8.5,-5,-0.75,-9.25
7002,2,2,-2.5,-6.5,8,-3,-5,-15.5,-11,-2.5,0.5,-7.75
7003,5,5,-7.5,-14,-10.25,1.75,-11,7.25,-11,-16.5,-3.5,-1.75
7004,8,8,-4.75,-6.25,-3.75,-1.75,-8.75,-3,-9,-6.75,4.5,-4
7005,1,1,-4.75,7.75,-3,-7,-1.25,-7.75,-3.75,-0.25,-3.25,-4
7006,3,3,-6.25,-13.75,-1,11,-12,-5.5,-23.5,-7.25,-2.75,-1.75
7007,2,2,-3.75,-8.25,11.25,-3,-4.75,-16.75,-7.75,-4.75,-2.25,-13.5
7008,9,9,-8,-12.5,-6.25,-3.25,0,-7.5,-14,-1.5,-2.75,6.75
7009,4,4,-7.25,-4.25,-7.25,-7.75,7.5,-10.75,-11.75,-2.25,-5.25,0.25
7010,3,3,-7.75,-10,-1,8.25,-11,-7.25,-23.75,0.5,-2.25,-0.25
7011,8,8,-5.75,-6.5,-4.5,-4.25,-6.25,-6.75,-10.25,-5,5,-5
7012,2,2,-2.25,-8.25,11,-2.5,-5.75,-17.5,-10.25,-2.25,-1,-10.75
7013,2,2,-5.25,-5.25,10.25,-2.75,-3,-16.75,-9.75,-4.75,-2.5,-10.25
7014,1,1,-4.5,6.75,-3.75,-7.25,-2.5,-7,-2.5,-3,-2.5,-4.5
7015,2,2,-4.5,-12.25,11,-2.25,-1.25,-19.25,-10.5,-4.75,-3.25,-12.75
7016,8,8,-3.25,-5.75,-1.5,-2.75,-7.5,-8.5,-8.25,-5.25,4,-6.25
7017,6,6,-2,-8,-4.5,-6,-1,-2.5,8,-13.25,-3.75,-5.5
7018,5,5,-12.75,-20.25,-11.75,-0.25,-12.5,13.5,-7.5,-23.5,-2.5,-2.5
7019,1,1,-5.25,7,-5.75,-7.25,-1.5,-7.75,-5,-0.5,-3.25,-3.25
7020,6,6,-2.25,-9.25,-5,-6.75,-2,-2.25,9.25,-15.75,-4,-6.5
7021,7,7,-5.5,-3.5,0.25,0.25,-6.75,-11.5,-20,10,-1.5,1.25
7022,2,2,-1.25,-9.5,12.5,-1.25,-4.5,-21.75,-11.75,-1.5,-3.25,-11.25
7023,1,1,-5.75,7.75,-5.5,-7.75,-0.25,-8.25,-7,1.75,-3.75,-3.5
7024,3,3,-6,-9.5,-3.5,9.25,-7.75,-4,-23.5,-3.75,-7.75,1.25
7025,9,9,-8.25,-9.25,-7.5,-4.5,-1.75,-8,-16.25,0.5,-0.75,6.75
7026,3,3,-4,-13.25,-4.25,11,-11.25,-1.5,-23.25,-6.75,-8.5,-1.5
7027,8,8,-7.5,-8,-5.25,-5,-5.25,-3,-8.75,-6.75,6,-3.25
7028,7,7,-4,-4,-2.75,-1.25,-6.5,-5.5,-14.25,10.5,-4,1.5
7029,5,5,-9,-13.75,-10,1.25,-11.25,11.75,-6,-17.75,-5.25,-2.5
7030,7,7,-7.25,0.5,0.25,-3.25,-6,-8.5,-14.5,7.25,-1.5,0
7031,0,0,6.25,-6.5,0.75,-2.75,-8.5,-9.25,-8.25,-5,-1.25,-4.25
7032,7,7,-4.5,-4,-6,-6.25,-3.75,-8,-12.75,6.5,-3,3.5
7033,4,4,-8.25,-1.5,-8.25,-7.25,5.5,-8.25,-10,-1.25,-4.5,-1.25
7034,8,8,-5,-11.25,-2.25,-5.25,-4.75,-8.5,-7,-9.25,6,-4
7035,8,8,-2.5,-5,-4.25,-2.25,-7,-3.75,-4.75,-11,1.75,-6.25
7036,5,5,-8.75,-21.5,-14,-3.5,-10.75,13,-4,-20,0.25,-3
7037,0,0,9.25,-4.25,-1,-7.75,-4,-10,2.5,-5.5,-4.25,-5
7038,6,6,-4.25,-7.5,-4,-8,0.25,-2.5,8.25,-12.25,-2.25,-4.5
7039,6,6,-2.25,-6,-4.25,-7.75,0.25,-4.5,8.25,-13.25,-3.5,-6
7040,3,3,-6.25,-12.75,-5.25,8.25,-11,-0.25,-18.5,-11.5,-5.5,-4.5
7041,7,7,-4.5,-5.5,0.75,-1,-8.5,-10.75,-18,13.5,-3,-0.5
7042,6,6,-0.25,-7.5,-3.75,-8.75,-1.5,-2.75,12.5,-14.25,-3.75,-8
7043,9,9,-6,-5,-6,-4.25,-2.5,-5.75,-8.75,-0.25,-3,4.25
7044,9,9,-8.5,-4.5,-10.5,-4,-1.75,-2.5,-12,-1.75,-2.75,3
7045,4,4,-8.25,-1.5,-9.25,-9.5,6.25,-9,-9.25,-3,-3.5,-1.25
7046,8,8,-3.5,-2.5,-5,-6.5,-5.5,-7.75,-8.75,-3.75,3.75,-2.25
7047,4,4,-10.5,-5.75,-10.5,-8.25,7.25,-7.75,-12.5,-3.75,-6,-0.25
7048,1,1,-5.25,7.75,-4.5,-8.25,-0.75,-7,-3.5,-2,-3.25,-6.25
7049,0,0,7.75,-4,-3.5,-9,-2.5,-10.25,2.5,-5.5,-6.25,-2
7050,6,6,2,-8,-4,-7.5,-1.75,-6.5,8.25,-13,-3,-5.75
7051,6,6,-1.5,-4,-1.25,-8.25,1.25,-7.5,5.5,-13.25,-4.75,-10
7052,0,0,11.25,-4.75,-3,-11,-3.5,-14,-1.75,-2.5,-5,-4.25
7053,1,1,-4.5,6.75,-6.75,-9.75,-2.25,-5.75,-1,-4.5,-1.5,-4.75
7054,2,2,-6,-3.25,8.5,-2.5,-4.75,-14,-13.25,4.25,-4.5,-8.25
7055,3,3,-7.5,-7.75,-2,8.25,-10.75,-6.5,-21.5,-0.25,-2.75,-2.25
7056,4,4,-11.5,-7,-10.75,-11,9.25,-9,-11.5,-2,-4.5,-3.25
7057,5,5,-6.25,-12.75,-11.75,-1.5,-8.75,8.25,-9.5,-5,-5.75,-0.25
7058,6,6,1.5,-5,-2.75,-10.25,0.75,-4,10,-10.5,-6,-8.5
7059,7,7,-3.75,-4.75,2,0.75,-8,-12.5,-19.75,11.5,-2,1
7060,8,8,-6,-9,-4.5,-3.75,-8,-2.25,-7.5,-7,5,-2
7061,9,9,-7,-4.75,-8.5,-6.25,0,-5.5,-10.75,0.75,-2,5
7062,0,0,10.5,-6.5,-2.25,-10.25,-7.5,-7.75,2.5,-4,-3.25,-5.75
7063,1,1,-4.75,8.25,-4.75,-7.5,-2.25,-8.5,-4.75,-0.25,-2.25,-4.25
7064,2,2,-6.75,-3,9.75,-3.75,-3.5,-12.5,-8.75,-1.25,-2.75,-14.25
7065,3,3,-5.75,-7,-1.5,7.75,-12,-5.5,-20.75,-3.25,-1.25,-1.25
7066,4,4,-11.75,-8.75,-12.75,-14.25,11.75,-11.75,-8.5,-4.25,-2.75,-3.5
7067,5,5,-10.25,-16,-14,-4.75,-10,13.5,-5,-15.5,-2.75,-1.75
7068,6,6,1,-7.5,-3.5,-8,-1.25,-5.5,9.5,-12,-4.5,-5.25
7069,7,7,-1.75,-10,-0.5,-0.75,-8.75,-8.75,-18,11.5,-3.5,0.25
7070,8,8,-1.25,-5,-1,-5.25,-7.25,-7,-9.25,-0.75,2.25,-1
7071,9,9,-6.5,-9.25,-7.25,-5,-0.25,-8.75,-14.25,0.75,-3,7.25
7072,0,0,9.75,-8,-1,-7.5,-6.75,-8.25,-0.5,-4,-4,-4.75
7073,1,1,-4.5,7.75,-4.25,-7,-2.25,-7.75,-4.5,-0.75,-2.5,-4.75
7074,2,2,-5.5,-0.75,11,-1.5,-7.25,-17.25,-14.75,4,-5.5,-8.75
7075,3,3,-10,-16,-4.75,10.75,-13.25,-0.5,-23,-10.75,-3.75,-3.5
7076,4,4,-10.25,-6.75,-10,-11.5,10.25,-11.75,-10,-1.75,-5,-1.75
7077,5,5,-5,-14,-12,-4.25,-9.75,9.25,-5.75,-9,-3.25,-1.75
7078,6,6,-2.5,-7.5,-3.5,-8.75,0.5,-3.75,10,-13.25,-5.75,-5.75
7079,7,7,-1.75,-7.75,-1.5,0.25,-9,-7.5,-18.25,11.25,-4,1.75
7080,8,8,-2,-7.5,-0.5,-5,-7,-9,-7,-3.5,5.25,-2.5
7081,9,9,-6.25,-8.25,-8,-5.5,0,-5.25,-9.25,-1.5,-2.25,3.75
7082,7,7,-5.5,-3.5,1,1,-8,-11.25,-19.5,11.75,-2.5,1
7083,4,4,-10.75,-6.25,-10,-8.25,7,-7.25,-10,-4.5,-3.5,-2
7084,0,0,5.75,-1.5,-2.75,-8.5,-2.75,-10,-0.75,-4.25,-4,-4
7085,4,4,-11.25,-7.25,-9.5,-7.5,7.75,-8.5,-13.75,-4,-4.25,-3.25
7086,0,0,9,-3.25,-0.75,-8.5,-4,-11.5,-1.25,-4.5,-4.75,-6
7087,1,1,-5.25,7.5,-4.25,-7,-0.25,-7.75,-5,0.75,-3.5,-4
7088,7,7,-6,-6.25,1.75,1,-8.75,-12,-21.5,12.5,-2.25,1.25
7089,9,9,-6.5,-9.5,-8.75,-4.75,-0.5,-4.75,-11,-2.5,-4.25,5.5
7090,5,5,-6.25,-9,-9.75,-3.75,-9.75,8.5,-1,-11.75,-0.25,-2.75
7091,1,1,-5,7.5,-5.25,-8.25,-0.5,-8,-5,-1.25,-3,-6
7092,4,4,-12,-8.5,-11.5,-12.75,11.25,-11.25,-9.75,-2.5,-4.25,-3.5
7093,2,2,-5,-2,9.75,-1,-7.75,-15.5,-15.75,4.75,-6.25,-7.75
7094,8,9,-7,-13,-6.25,-6.5,-4,-4.75,-12.25,-0.5,3.75,4
7095,9,9,-7.25,-6.5,-7.5,-5.25,0.75,-8,-15,0.75,-2.25,4.5
7096,4,4,-12.25,-8.25,-12.75,-14,11,-10.5,-8.25,-5,-3,-3.25
7097,3,3,-5.75,-10.5,-1.75,9,-13,-4.25,-21,-3.5,-3.25,0
7098,7,7,-4.25,-7.5,-4,-0.75,-7.75,-5.75,-18.5,11.5,-4.5,1.75
7099,8,8,-6.5,-6.5,-7,-5.25,-7.25,-0.25,-6,-6,3.5,-3.75
7100,2,2,-6.5,-2.5,11.5,-2.5,-5.75,-14,-11.25,2,-4,-14.25
7101,4,4,-12.5,-6.75,-11.25,-10.25,8.75,-8,-12.5,-2.25,-5,-1
7102,4,4,-10.5,-4.75,-10,-8,5.75,-7.25,-12.25,-2.75,-2.75,-0.25
7103,3,3,-6.75,-10.5,-1.5,8,-12,-4,-18,-3,-2.75,-2.75
7104,3,3,-7.25,-13,1.25,8.5,-11,-8.75,-20.25,-3.25,-1.5,-4.25
7105,6,6,-1.5,-7,-2.75,-8.75,1.25,-5,9.5,-12.25,-3.75,-6.75
7106,9,9,-9.75,-6,-9.5,-4.25,-0.25,-3,-13.5,-3.25,-1.5,3.75
7107,9,9,-8,-4,-9.75,-5,-0.25,-3.75,-12.5,0.25,-3.25,3.75
7108,5,5,-7.25,-13,-11.25,-3.25,-9.25,10.25,-3.25,-11,-2.75,-0.75
7109,8,8,-4.25,-5.75,-5,-6.25,-5.75,-6,-7,-5,5,-4.5
7110,6,6,-1.75,-6.5,-3.5,-6.75,-1,-2.75,9.5,-13.75,-4.25,-6.75
7111,7,7,-4.5,-4.5,1.5,1.5,-7.75,-11.75,-19.75,11.75,-2.25,0.75
7112,0,0,9,-1.75,-0.75,-8.75,-3.5,-15,-5.5,-0.75,-6.25,-4.5
7113,6,6,2.25,-5.5,-2.5,-10.75,0.75,-4.75,10.75,-10.75,-6.5,-9.5
7114,8,8,-6.5,-9.25,-3,-4.25,-3.25,-9,-9.5,-7.5,6.5,-5.25
7115,2,2,-8.75,-3.5,10.75,-1.25,-4.5,-15.75,-15,2.25,-2.5,-12.75
7116,6,6,-0.75,-6.75,-2.75,-9.75,0.75,-4.25,10,-12,-4.75,-6.5
7117,3,3,-7,-8,-0.5,7,-14.75,-6.5,-22.75,1,-0.75,-3.25
7118,9,9,-9,-9.25,-8.5,-4,-0.75,-4.75,-16.25,0.75,-2.5,5
7119,3,3,-8.75,-14.75,-3,10.5,-17.5,-2.25,-22.5,-6.75,-1,-3.5
7120,2,2,-7.5,-3.5,13.5,0.5,-6.75,-20.5,-18,2.5,-3.75,-11.75
7121,8,9,-5.75,-6.25,-5.75,-6.25,-0.75,-8.25,-12,0.5,0.75,2.25
7122,6,6,-0.25,-3,-5.25,-11,1.25,-6.75,7.5,-8.5,-2.75,-5.5
7123,1,1,-4.25,6.5,-4.5,-8.25,-1.5,-8.25,-2.25,-2.75,-2.25,-5.5
7124,7,7,-6.5,-3,1.25,0.25,-7.25,-12.75,-20.75,12,-2.25,0.75
7125,4,4,-12,-5,-12.25,-10.75,9.25,-9.5,-13.25,-2.5,-4.75,-1
7126,8,8,-4.25,-8,-2,-5.75,-4.5,-8.25,-6.75,-2.25,4.25,-2.5
7127,8,8,-6.75,-6,-3.75,-5.25,-5,-5.75,-9,-1.25,3.25,-3
7128,9,9,-8.25,-8.25,-7.25,-3.75,0.25,-6,-14.75,-1,-1.5,6.25
7129,0,0,9.75,-4.5,-2.25,-8.75,-5,-11.25,-2,-3.5,-4.25,-2.75
7130,3,3,-8.75,-7.75,-2.25,5.25,-9.25,-6.75,-22,0.25,0,0.5
7131,3,3,-7.25,-8.5,-2,8.75,-12.75,-6.5,-23.75,0.5,-3.25,0.5
7132,9,9,-6.75,-10,-8,-5.75,0,-7,-12.75,-1.5,-3.5,6.75
7133,0,0,7.25,-1.5,-2,-8,-3.75,-13.25,-6.25,-3.25,-4.5,-3.75
7134,5,5,-8.25,-14.5,-12.25,-4,-9.5,11.75,-3.75,-13,-2.5,-2.25
7135,2,2,-8.5,-5,8,-1.25,-3,-13.75,-11,1,-2,-10.5
7136,9,9,-6.75,-11.25,-7.25,-5.25,0.5,-8.5,-16,1.25,-1.75,6.5
7137,4,4,-10.25,-7.25,-8.25,-9.25,8.25,-11,-13.5,-1.5,-4,-1
7138,1,1,-5.75,8.5,-4.75,-8.25,1,-9.25,-8.5,-0.25,-4.5,-6.25
7139,0,0,8,-1.5,-1,-10.25,-2.75,-12.5,0,-5.25,-4.25,-7.5
7140,3,3,-8.5,-10.25,-3,9,-9.75,-3,-20.25,-8,-3.75,-1.75
7141,7,7,-5.25,-5.75,1.5,1,-8,-12.75,-21.75,12.5,-1.5,1
7142,5,5,-11.25,-18,-14,-2.75,-9.75,13.5,-5.75,-16.75,-1.75,-0.5
7143,8,8,-5,-6.25,-5.75,-5.75,-2.75,-6.5,-10.25,-2,2,-2
7144,7,7,-1.75,-6.75,1,1,-8.75,-11.5,-19,12.5,-3.5,0.75
7145,7,7,-1.5,-6.75,1.25,0.5,-9,-11.25,-18.25,12.5,-3.5,0.25
7146,8,8,-3.75,-10.25,-1.75,-4.75,-3,-9.75,-9,-4.75,3.75,-2.5
7147,2,2,-4,-7.5,12.5,0,-7.5,-21,-16,3.75,-1.75,-10.25
7148,9,9,-4.25,-12.25,-5.75,-8,0.25,-11,-14.75,2.25,-1,6.75
7149,7,7,-6,-5.5,1,-0.75,-8.25,-11.75,-20.75,12.75,-2,0
7150,1,1,-5.25,7.75,-4.75,-7.75,0,-9.25,-7.5,-1,-3.5,-6.25
7151,2,2,-6.5,-5,12.5,0,-6.75,-21,-15.75,2.75,-2.25,-12.5
7152,6,6,-0.25,-8.25,-3.5,-7.5,-2.25,-1.75,11.5,-14.5,-5.5,-5.75
7153,4,4,-10.5,-8,-10.25,-11.5,8,-10.75,-10.5,-2.5,-1.5,-1
7154,2,2,-6.75,-0.5,11.75,0.5,-11,-18.5,-21.75,6.75,-6.5,-7.5
7155,5,5,-5.75,-12.5,-10.5,-3.25,-9,9.75,-5.75,-9,-4.25,-1.25
7156,2,2,-5.75,-1.5,13.5,-1.25,-9,-19,-18.25,5,-6.5,-8.5
7157,3,3,-5.25,-6,0.25,7,-10.25,-8.25,-19.5,0.5,-1.25,-1.75
7158,6,6,2,-3.5,-1.75,-9.5,1.5,-6,9.25,-9.5,-7.25,-9.5
7159,6,6,0,-5.75,-3,-7.5,0,-5.25,7.75,-10.5,-5.5,-5.5
7160,5,5,-5.5,-11,-10.25,-4.75,-9.25,9.5,-1.75,-10.25,-2.5,-2.5
7161,0,0,8.5,-1.75,-4,-10,-2,-13,-0.25,-4.25,-5.25,-3
7162,0,0,5.75,-1,-2,-8.25,-3.5,-12.25,-3.75,-2.25,-3,-2.75
7163,2,2,-4.25,-4.75,11.75,0,-8.25,-17.25,-15,4.25,-3.75,-7.75
7164,8,8,-6.25,-6,-6,-8.25,-2.75,-7.25,-8,-3.75,4.25,-3.25
7165,1,1,-5.5,9,-5.5,-8.5,0,-9.25,-7.75,0,-3.5,-6.25
7166,6,6,1.25,-8.25,-1.75,-8.75,1,-7,8.75,-12,-6.25,-8.25
7167,1,1,-4.75,7.25,-4.75,-8.5,-1.5,-5.75,-2,-3.25,-3,-5.75
7168,0,0,10.25,-3.75,-3.25,-11.75,-3.25,-11.5,2.5,-6,-5.75,-7
7169,4,4,-11.75,-6.25,-10.5,-10.75,9.25,-10,-11,-3,-3.75,-3
7170,3,3,-6.5,-7.5,1,8,-13.5,-10.5,-26.75,4.75,-2,1.75
7171,1,1,-4.75,7.25,-5,-9.25,-1.5,-8,-3.25,-3.75,-2.5,-6.75
7172,6,6,-0.5,-7.75,-1,-9,1.25,-6,9.5,-12.75,-6,-8.5
7173,1,1,-6.5,8.75,-6,-9,1.25,-9.75,-8.5,-0.75,-4,-7.5
7174,9,9,-8.25,-6.75,-6.75,-4.75,1.75,-8.25,-17,1.25,-2,5
7175,0,0,9.5,-9,-5,-7.75,-9.75,-0.5,-0.25,-5,-5,-4.25
7176,1,1,-4.25,7.25,-3.5,-6.25,-1.5,-6,-2.75,-0.5,-2.25,-4.25
7177,4,4,-9.25,-3.25,-6.75,-5.75,5.5,-8.25,-14.75,-1.25,-4.25,-1.5
7178,5,5,-4.75,-9.5,-5.25,-2,-5.5,6,-2,-7.75,-4,-1
7179,6,6,-3,-7.75,-3.75,-5.75,-3.25,1.25,7.25,-14,0,-7
7180,7,7,-4,-4.25,-0.25,-2.75,-4,-9.5,-13.75,10,-2.5,1.5
7181,8,8,-5.75,-4.5,0.75,-1.75,-8.75,-7.5,-11.5,-3.75,4.75,-6.25
7182,9,7,-6.25,-10.75,-2,-0.75,-2.75,-10.5,-22.5,7.75,-4.25,7
7183,1,1,-3.5,6.25,-3.25,-5.5,-1.5,-5.25,-2.5,-0.5,-2,-3.5
7184,2,2,-2.75,-13.75,11.5,-2.25,-7,-15.25,-10.25,-2.5,-1.75,-13.5
7185,3,3,-3,-11.75,-1.5,9.25,-12.5,-2.5,-19.75,-6.5,-3.75,-1.25
7186,4,4,-8,-6.25,-5.5,-6,3.75,-7.5,-9.25,-2.25,-2,-0.25
7187,5,5,-4.75,-13.25,-5.25,2,-5.75,5.25,-7.75,-7.25,-5,-1
7188,6,6,-0.5,-7,-1,-6.5,-1.5,-1.75,9.5,-12.75,-4.25,-8.5
7189,7,7,-4.25,-3.25,-0.75,-1.5,-3.5,-8,-14,8.5,-2.25,1.75
7190,0,0,5.25,-7,-2.25,-3.25,-6.5,-1.25,-3.5,-1.25,-7,-2.25
7191,1,1,-4.75,6,-4.25,-6.25,-0.75,-6,-6,-1,-2.5,-5.25
7192,2,2,-3.75,-11.75,10,-1,-9,-14.5,-13.5,0.25,-0.5,-11.25
7193,3,3,-3,-9,-3.75,8.25,-10.5,-0.5,-17.75,-7.75,-7,-1.5
7194,4,4,-6.25,-5.75,-4.25,-9,7,-13,-7.75,-2,-4,-2.75
7195,5,5,-4.5,-7,-4,0.5,-4.25,3.75,-5.5,-4.25,-5,-1.75
7196,6,6,-3.25,-11.25,-2.75,-6.75,-1.5,-0.25,7,-15.75,-1.5,-10
7197,7,7,2.5,-8.25,-3.5,-6.25,-3,-7.5,-6,7.75,-4.5,1
7198,8,2,-5.5,-4.25,1.5,-2,-3,-13.25,-17.25,0.75,1.25,-4
7199,9,9,-5.5,-10.5,-4.75,-3,-0.5,-8.25,-18,4.5,-2.75,6.75
7200,8,8,-3,-5.5,0.25,-1.25,-6.5,-9,-10.75,-4,4,-1.5
7201,4,4,-8.25,-3.5,-7.5,-9.25,7.5,-11.75,-11,-1.5,-4.25,-2.5
7202,0,0,9.25,-8,-3.5,-8,-8.25,-3.5,-2,-1.5,-5.5,-4.75
7203,0,0,11,-5.25,-2.25,-9,-4.5,-11,-1,-4.25,-5,-7.5
7204,7,7,-5.5,-1.25,0.5,-3.25,-4.25,-12.5,-16.25,9.75,-1.75,0
7205,2,2,-8.5,-8.75,11.25,-0.25,-7.75,-15.5,-17.75,2,-0.25,-8.5
7206,4,4,-6.25,-6,-6.75,-11.75,8.5,-14.75,-9.75,-1,-3.75,-1.5
7207,3,3,-5.75,-14,-3.75,10,-13.75,-0.5,-21.75,-5.25,-4.75,0.25
7208,8,7,-7.25,-7.25,2,-1.25,-9.75,-6.5,-15,3.5,3,-0.75
7209,6,6,-5,-8.5,-7.5,-6.5,-4,1.75,5.25,-17.25,-1.5,-6.25
7210,6,6,-4.75,-7.25,-7.25,-5.75,-4.25,0,4.25,-15,0.75,-5.25
7211,3,3,-7,-13.25,-6.75,9.5,-10.25,3.75,-18.75,-11,-5.75,-0.5
7212,2,2,-7.5,-10,6,-1.5,-1,-14.25,-12.5,-0.5,-1.5,-8.5
7213,6,6,-4,-8.5,-0.75,-6.5,0,-3.25,6.5,-12.25,-1.5,-8.25
7214,3,3,-3.5,-13,-2.25,10.5,-12.5,-2,-20.75,-4,-5.5,-1
7215,3,3,-6.25,-14,-6.5,9,-14.5,2.25,-20.5,-11.25,-2.75,-3.25
7216,0,0,2.25,-5.75,-4.5,-2.25,-5.75,-0.75,-1.75,-3.5,-3.75,-2.5
7217,1,1,-6,7,-4,-6.75,0.5,-8,-9.25,0.75,-4,-5.5
7218,4,4,-9.5,-5,-7.75,-11.5,9.25,-12.25,-8.75,-1.25,-3,-5.75
7219,7,7,-0.25,-5.25,-3.75,-5.75,-3.75,-8.75,-12,10.75,-4.5,2
7220,8,8,-7,-4.25,1,0.5,-8,-9.5,-18,-2.25,2.5,-4.75
7221,0,0,11,-7.75,-2.25,-8.25,-8.75,-8.25,-4.25,-1.5,-3.5,-4.5
7222,3,3,-6,-15.5,-3.25,10.75,-13.25,-3.75,-22.5,-8,-2.25,-1.5
7223,1,1,-5,6.75,-4.75,-7.25,0,-5.5,-5.5,0.25,-3,-4.75
7224,9,9,-3.75,-9,-4.5,-5.5,0.25,-11.75,-16.25,5.25,-3,6.75
7225,0,0,8.75,-6.75,-2.25,-9.25,-5.25,-7,2,-5.75,-3.75,-6.5
7226,1,1,-5.25,6.25,-4.25,-6.75,0.5,-8,-7.75,0.75,-3,-4.25
7227,9,9,-6,-7.25,-5.25,-3.5,0,-7,-13.75,1.25,-2.5,5.5
7228,1,1,-4,5.5,-2.75,-6,-0.5,-6.25,-4.25,-1.5,-2.5,-5.5
7229,2,2,-5.5,-12,10.5,0.5,-5.5,-17,-14.75,0.5,-0.75,-8.5
7230,7,7,-3.75,-6,-1.25,-3.5,-5,-7.5,-13,8.5,-1.5,1.25
7231,0,0,10,-4.75,-3.25,-9.75,-5.25,-9.75,-2.5,0,-4.75,-6.25
7232,1,1,-4,5.5,-1.75,-5.25,-1,-5.75,-2.25,-1,-2.5,-4.25
7233,3,3,-5,-8.75,-4.25,4.25,-12.25,2.25,-13.25,-7.5,-3.25,-5.25
7234,8,8,-7.5,-6.75,-3.75,-6,-7.5,-3,-8.25,-6,4.25,-4.5
7235,2,2,-7,-11.5,7.5,-0.5,-3.5,-14,-15.25,0.75,-1.5,-9.25
7236,9,9,-2.25,-11.5,-2,-4.25,-1.75,-9.75,-13,3.75,-1,6.25
7237,2,2,-4,-13.5,8.75,-1.75,-7.5,-10.5,-10,-1,0,-9
7238,7,7,-5.25,-4,-2,-3.75,-3.5,-7.75,-13.5,7,-1,1.5
7239,6,6,-1,-7,-4,-9,-1.5,-3.5,9.5,-13.25,-3.25,-7
7240,5,5,-9.5,-9,-7,-1.5,-1.5,3.75,-7.25,-7.5,-5.25,-3
7241,5,5,-9.25,-8.25,-7.25,-2.75,-2.5,3.5,-5.25,-7.5,-4,-2.5
7242,9,9,-4,-13,-3.25,-3.25,-1.5,-11,-16.25,2.5,-1.25,7.5
7243,9,9,-4.75,-10,-2.5,-3.75,-1,-11.75,-16.25,3,-0.25,6.75
7244,8,8,-7.75,-13.75,-3,-4,-9.5,-1.75,-9,-6.75,6.75,-4
7245,2,2,-4,-13.25,8,-1.5,-8.25,-10.5,-11.75,2.25,-2.75,-6.75
7246,9,9,-4.25,-12.25,-2,-0.25,-2.5,-8.5,-18,3.75,-2,7
7247,1,1,-5.5,6.25,-3.25,-8,0.25,-8.5,-7,-1.75,-2.75,-7.75
7248,3,5,-8.25,-7.5,-7.25,2.75,-8.5,3.25,-15.25,-5.5,-5.75,0
7249,2,2,-1,-13.25,3,-3.25,-4.25,-5,-4.75,-2.5,-4,-6.75
7250,3,3,-5.5,-14.25,-4.25,11.75,-13.5,-1,-23.75,-9.5,-5.25,-2
7251,4,4,-8.25,-8,-8.75,-15,11.25,-14.25,-5.75,-2.75,-4,-5
7252,3,3,-4.75,-12.5,-2,9.5,-13.5,-1.25,-20.5,-8.75,-3.75,-4.5
7253,1,1,-6.75,6.5,-4.75,-8.25,1.75,-11,-9.75,0,-4.5,-6.5
7254,9,9,-4.25,-16.5,-2.75,-2,-3.25,-8.75,-18,2.75,0,8
7255,0,0,11,-5.25,-3.25,-9.5,-6,-10.75,-4,0,-5.5,-4
7256,9,9,-6.5,-12.75,-4.5,-1,-2.5,-8.5,-20.75,4.75,-2.5,7.25
7257,3,3,-4.25,-11.5,-2.5,9.5,-12.25,0.5,-17,-12,-8.25,-4
7258,6,6,-4.75,-12,-6.5,-5.75,-5,2.5,5.5,-21.25,-2,-9.75
7259,8,7,-7.5,-8.5,2.25,1.25,-9.25,-9.25,-20.25,3.5,2.5,-0.75
7260,7,7,-1.5,-7,-3.75,-6.75,-3.5,-10,-10.75,9,-2.5,2
7261,0,0,9.25,-7.75,-3,-7.5,-7.5,-5.25,-0.75,-4.25,-6.75,-5.75
7262,1,1,-5.75,7.25,-4.75,-11.25,-0.25,-11.5,-9.25,-1.75,-1.25,-12
7263,0,0,8.25,-3.5,-0.5,-6.75,-4.75,-10.75,-3.25,-4.5,-5.75,-7
7264,5,5,-6.5,-13.5,-8.5,0,-7.25,7,-9.5,-6.25,-5.25,0.5
7265,8,8,-6,-8.75,-0.25,0,-8,-9,-16,-4,2.75,-7.25
7266,2,2,-1.75,-11.25,10.75,-2.75,-10,-13.5,-11.75,3.5,-3.5,-12
7267,7,7,2.5,-9,-2.5,-5.25,-4.75,-7,-6.5,6.75,-4,1
7268,7,7,-7.25,2,-5.5,-7.75,2.75,-9.5,-11.5,4.75,-3,-0.25
7269,0,0,9,-3.75,-1.5,-8,-6.25,-13,-4.25,-1,-3.25,-0.5
7270,1,1,-5.25,8.25,-5.5,-8,-1.25,-6.25,-3,-1,-2.75,-3.75
7271,2,2,-5,-1.25,8.5,1,-7.75,-14,-15,0.5,-4,-3.5
7272,3,3,-7.25,-10.25,-4.25,7.5,-10.5,-2.75,-22,-6.5,-1.25,1.5
7273,4,4,-11.5,-7.25,-11.75,-9.25,8.5,-8.5,-10.25,-3.5,-4.25,-1.75
7274,5,5,-11.75,-14,-11.75,-2.25,-8.25,9.75,-7.25,-15.5,-2.75,0.25
7275,6,6,-2,-3.5,-1.5,-6.25,-0.5,-4.5,8.5,-11.75,-5,-9.75
7276,7,7,-6,-1,0.5,-0.25,-5.5,-12,-18.5,10.5,-2.75,0.75
7277,8,8,-6,-5,-0.75,-2.75,-4,-8.75,-10.25,-5.5,3.5,-4.5
7278,9,9,-11,-8.25,-8.5,-4.25,-0.75,-5,-16.5,-1,-1.75,5.25
7279,0,0,9.75,-9.25,1.75,-4.75,-10.25,-9.75,-6.75,-1.5,-3,-3.5
7280,1,1,-5,7.25,-4.75,-6,-1.25,-6,-4.75,0.25,-3.25,-2.25
7281,2,2,-4.75,-2.75,10.5,-0.75,-5.5,-17.75,-12.75,-2,-4.75,-8.75
7282,3,3,-6,-12.25,-0.5,8.5,-9.25,-6.5,-21.25,-7.5,-2,0.25
7283,4,4,-10,-8,-6,-8.5,7.25,-9.75,-8,-5,-3,-8.25
7284,5,5,-7.25,-16.25,-12,-3,-10.5,10.25,-4.5,-14.75,0.75,-4
7285,6,6,-1,-6.75,-4.5,-8.75,0,-5,8.75,-13.5,-4.5,-6.75
7286,7,7,-6.25,-4.75,-5,-4.75,-4,-8.5,-14.5,9,-2.75,2.5
7287,8,8,1,-8.25,2,-4.25,-7,-14.25,-10.25,-4.5,3.25,-3.5
7288,9,9,-10.75,-10.5,-10,-3.75,0.5,-3.25,-14.25,-5,-2.75,5.5
7289,0,0,12.25,-11.5,-1,-8.5,-9.25,-8,-1.25,-3,-4.25,-4
7290,1,1,-4.75,7.5,-5,-7.25,-2,-7.25,-4,-1.25,-2.5,-3.75
7291,2,2,-4.75,-2.5,7,-0.5,-9,-10,-12.75,-4.5,-4,-6.5
7292,3,3,-7.25,-12.25,-2,10.5,-11,-3.5,-24,-6.25,-3,2
7293,4,4,-11.5,-10.25,-9.25,-5.5,5.5,-4.25,-9.5,-6.5,-3.75,-2
7294,5,5,-10.75,-12,-11.5,0.25,-8,8,-5.25,-18.5,-4,-2.75
7295,6,6,-3.75,-6.75,-2.75,-8.25,1.5,-4.25,8,-12.75,-4.5,-6.75
7296,7,7,-5.25,-4,-3.5,-3.75,-4.25,-9.75,-16.5,10,-4.25,2.25
7297,8,8,-2,-7.25,0.5,-3,-5.75,-12.5,-11.25,-5.25,4,-1.75
7298,9,9,-11.25,-9,-9.5,-2.25,-0.75,-3.75,-17,-2.5,-3.5,5.5
7299,1,1,-5,8,-3.75,-6.75,-1.5,-8.5,-5.25,0.5,-3,-4.25
7300,7,7,-4,-5.5,-4,-4,-4.25,-8.75,-15.75,10,-4,2.5
7301,4,4,-8.25,-7,-6.5,-8,7.75,-11.75,-8.75,-4.25,-5,-4.5
7302,8,8,-3,-6.75,0,-3.75,-6.25,-9.5,-5.5,-7,3.25,-4.75
7303,1,1,-4.5,7,-4.25,-5.75,-2.5,-7,-4.75,-1.25,-2.5,-3.75
7304,5,5,-9.25,-10.25,-10.75,2.25,-10.25,9.25,-9,-19,-5,-3
7305,6,6,-2.75,-7,-2.5,-9,1.25,-5,7.5,-12,-5,-5.5
7306,5,5,-12,-14.75,-11.5,-1.75,-9.75,11.25,-5.75,-17.75,-2.25,-3
7307,7,7,-6.25,-3.25,-2.5,-2.25,-5,-7.75,-15.75,8,-2.75,2.5
7308,2,2,-3.75,-5.25,12,0.75,-9.75,-17.75,-16.25,-1.25,-3.5,-6.75
7309,8,8,0.25,-11.5,1.25,-3.75,-7.75,-11.25,-11.5,-3.5,5,-3
7310,6,6,-1,-5.5,-1.75,-9.25,2.75,-8.25,8.5,-12.75,-5.25,-10.25
7311,3,3,-6.75,-12.5,1,10.25,-11.75,-8.25,-24,-7.5,-1.5,-1.25
7312,3,3,-6.75,-13,-0.5,10.25,-11.75,-8.75,-24.5,-4,-1.25,-0.5
7313,8,8,-5,-13.75,-2,-2.25,-9.75,-5.75,-10.25,-6.5,7.25,-2.5
7314,6,6,-2,-4.75,-4,-10,1.75,-5.75,8.25,-12,-4.25,-6.25
7315,5,5,-11,-17,-13,-0.25,-8.5,10.5,-8.75,-18,-2.25,0
7316,4,4,-7.75,-7.25,-9.25,-8.5,8.25,-12,-11.5,-2.25,-4.5,-0.75
7317,0,0,10,-8.75,-2.5,-8,-7.25,-7.5,-1.5,-3.5,-6.25,-6
7318,9,9,-8.5,-15.25,-7,-2.75,-1,-6.25,-18.75,-0.75,-2.25,8.75
7319,1,1,-4.5,7.25,-3.75,-8,-3,-7.75,-3,-3.5,-1.75,-5.5
7320,7,7,-1.75,-8.5,-6.5,-6.25,-3.5,-9.75,-15.25,9.25,-2.5,3
7321,2,2,-7.75,-1,12.5,0,-9.5,-18.25,-19.5,0.75,-4,-10.25
7322,9,9,-9,-11.75,-7.75,-2.25,-1.25,-5.75,-15.75,-1,-2.5,7
7323,1,1,-5.25,7.25,-4.75,-6.75,-1.75,-7.25,-5,0,-3.25,-2.75
7324,5,5,-11.25,-19.75,-13.5,1,-10.5,12.5,-9.5,-19.25,-2,-0.25
7325,1,1,-3.5,6.25,-4,-7.5,-1.5,-7,-1,-3.25,-2.5,-4.25
7326,3,3,-7,-12.25,-1.5,12.5,-13,-5.75,-26.75,-9.5,-3.5,0.5
7327,2,2,-6.5,-2.75,11.25,2,-8.25,-18.5,-18.5,0.25,-4.75,-7.75
7328,2,2,-4.5,-6,11,0.75,-7.75,-18.25,-15.25,-1.5,-3,-6
7329,3,3,-7.25,-17,-2.25,11.75,-12.5,-5,-28,-7.75,-2.25,-0.25
7330,0,0,11.75,-11.5,-0.5,-8.5,-6.25,-11.5,-1.75,-2,-4.5,-4
7331,6,6,-0.5,-8.25,-2.25,-7.5,0.75,-5,8.75,-13,-6,-7.75
7332,4,4,-8.75,-5.5,-10.75,-9,5.5,-7.25,-7.25,-5.5,-3.75,-1
7333,3,3,-6.5,-12.75,-3.25,6.25,-8.5,-3.75,-20.5,-7.5,-0.5,2
7334,7,7,-6,-3.25,2.5,0,-7.25,-12.75,-19.5,10.5,-1.75,0.75
7335,6,6,-0.75,-5,-3.25,-7.75,1,-6.75,6.75,-11.5,-5,-6.75
7336,9,9,-8.5,-13.5,-7.5,-2.25,-1,-6.25,-16.75,-1.5,-2,7.5
7337,0,0,9.75,-7.25,-2,-8.75,-4.75,-11.25,0.75,-5.5,-2.75,-5.5
7338,4,4,-4.25,-4,-6,-9,4,-12,-5.75,-5.5,-2.75,-4.5
7339,8,8,-6.5,-8.5,-1.75,-2,-3.5,-8,-10.75,-5.75,3.25,-2.25
7340,1,1,-5,8.25,-5.25,-8.75,-1.75,-7,-2.5,-0.75,-2.25,-4.25
7341,4,4,-12,-4.25,-11.75,-10,8.75,-8.5,-12.25,-1.75,-4.25,-2.25
7342,0,0,11.5,-9,-2.25,-10.25,-6.75,-12.5,-2.25,-1.75,-2.75,-2.75
7343,6,6,-1,-2,-0.5,-7.5,0,-5.75,7.5,-10,-5.5,-9.75
7344,1,1,-5.75,8,-7,-9.5,-1.5,-6.75,-3.75,-1.25,-2.75,-4.5
7345,2,2,-4.75,0.25,9.25,1.5,-8.5,-15.75,-17.25,2,-4,-5.25
7346,6,6,-1.5,-8,-2.25,-9.5,1.5,-5,10.25,-13.5,-3.5,-10
7347,9,9,-8.25,-16,-6,-1.75,-1,-8,-20,0,-1.5,8
7348,2,2,-5.5,-1,9,0.5,-10.75,-13.5,-14.75,3.25,-3,-5
7349,2,2,-5.75,-1.25,8.5,-2.5,-7.25,-12.75,-12.75,-1.25,-3,-10.5
7350,3,3,-7,-9.5,-2,8.75,-10,-5.25,-22.5,-4.25,-2,1.75
7351,5,5,-11.5,-14.5,-12,1.5,-9.25,10.25,-8.75,-18.25,-6,-0.75
7352,5,5,-11,-11,-11.5,0,-7.25,8.5,-8.25,-15.5,-5.25,0.5
7353,1,1,-5,7.75,-4,-7.75,-1.5,-8,-3.5,-0.75,-2.75,-5.25
7354,0,0,9.25,-7,-2.25,-6.75,-5.75,-7.5,3.25,-6.75,-6.75,-4.5
7355,7,7,-4.75,-5.5,-2.75,-3.5,-4.75,-11,-18.25,11.75,-3.25,2
7356,7,7,-6.25,-5,1,-2.75,-5.25,-12.75,-17.75,9.25,-1,2.75
7357,9,9,-10.75,-10.5,-9.25,-4.25,-3.25,-1.75,-13.5,-2,-0.75,5.5
7358,6,6,0.75,-7,-1.5,-8,0.25,-6.75,9.25,-12.25,-6.25,-7.5
7359,2,2,-7,1,9.75,-0.25,-6.75,-15.5,-14.25,-1,-3.5,-9.5
7360,9,9,-8,-12.5,-7.75,-4.5,-0.5,-8,-17.5,0.25,-1.5,8.5
7361,4,4,-9,-6.75,-9.25,-8,6.5,-10.5,-13,-2.25,-2.25,0.25
7362,7,7,-6,-4.25,-0.75,-3,-5.5,-10.25,-17,11.75,-2.75,2
7363,0,0,9.25,-4.5,-0.5,-9.75,-3.5,-16,-2.25,-2.25,-5.75,-3.25
7364,2,2,-6,-5.25,11.5,1.25,-5.25,-19,-15.5,-1.75,-2.75,-11
7365,3,3,-5.5,-13,1.5,9.25,-10.25,-12,-25.25,-2.25,-1,-1.75
7366,4,4,-12.5,-6.75,-13.5,-10.25,9.25,-8.5,-14.5,-3,-4,0.5
7367,0,0,9,-5.25,-1.5,-7.75,-5.5,-12.5,-3.25,-2.25,-5.25,-2
7368,0,0,10.75,-6.75,-1.75,-8.5,-6,-12.5,-2.5,-3.25,-3.75,-3.5
7369,8,8,-4,-14.75,-1,-3.75,-6.75,-8.5,-9.25,-6.75,6.25,-1.75
7370,8,8,-1,-10.75,-4.25,-3,-5.25,-7.5,-10,-8,4,-2.25
7371,8,8,-3.25,-17,-1,-3.75,-7.75,-8,-11.5,-7,8,-4.25
7372,5,5,-8.5,-8.75,-9.75,-0.5,-10,8.25,-7.5,-14.75,-5.75,-2.25
7373,1,1,-5,7,-3.75,-7.25,-2.5,-8.5,-4.75,-1.75,-2.5,-4
7374,3,3,-6.25,-12.25,-2.75,11,-11.25,-4.5,-24.75,-5.25,-4,2.25
7375,7,7,-8,-1.75,1.25,-3,-5.5,-12.75,-18.75,10.5,-1.75,0
7376,4,4,-5.25,-5.5,-6.75,-12,7.5,-14,-4.5,-6,-1.25,-6.5
7377,9,9,-10.75,-9,-10.25,-4.75,-1.25,-3.25,-16.75,-0.5,-1.5,5.5
7378,8,8,-2.5,-10.25,2,-2.5,-8,-9.75,-12.5,-4.75,5,-4.25
7379,8,8,-4.75,-10.5,-1.25,-2.75,-5.25,-8,-9.5,-6.25,4.25,-3.75
7380,9,9,-9.5,-9,-9.25,-3.25,-0.25,-5.25,-15,-3,-2.5,5.5
7381,0,0,7.75,-5,-2.25,-8.75,-3.5,-14.25,-2.5,-2.25,-3,-1.25
7382,9,9,-11,-10.5,-10.5,-4,-1.25,-3.25,-16,-2.75,-2,6
7383,8,8,-3.5,-10.75,-2.25,-4,-6.5,-9.75,-9.5,-7.5,5.75,-3
7384,9,9,-10,-6.25,-9.25,-5.75,-0.25,-5.25,-13.75,-2.25,-0.5,4.5
7385,0,0,11.5,-10,-0.75,-8.25,-6,-10.25,0,-3.25,-4.75,-4.5
7386,2,2,-5,-5,9.5,0,-6.5,-16.25,-13.75,-1.25,-0.5,-7
7387,6,6,2.5,-4.75,-3.25,-10,1,-8.5,8.5,-11.5,-7,-6.75
7388,5,5,-12.75,-17.75,-14.25,2.75,-8.75,13.25,-9.75,-21.25,-3.5,-3
7389,6,6,-3.25,-6,-2,-8,2.25,-5.5,6.25,-12,-5.5,-7.25
7390,7,7,-5.25,-4.5,1.75,-2,-5.5,-13,-19,10,-1.75,2.5
7391,4,4,-9.5,-7,-10,-8.25,7.25,-11.25,-11.5,-4,-3.5,0
7392,7,7,-5.75,-4.5,-1.5,-3,-4.75,-10.75,-17,8,-1.75,2.5
7393,5,5,-11.5,-13.5,-11.75,-0.5,-11.5,11.5,-9.75,-18.5,-4.25,-2
7394,4,4,-6.5,-7.5,-6.75,-7,2.5,-9,-6.5,-5,-1.25,-3.25
7395,1,1,-4.5,6.25,-5,-8.75,-1.5,-7.5,-3.25,-3.5,-2.75,-6.25
7396,3,3,-7.5,-11.5,-4.75,10,-9.5,-3,-24.75,-7.5,-3.5,1.25
7397,5,5,-12.75,-20.5,-13.75,0.5,-9.75,13.75,-8.25,-20.75,-3,-1.5
7398,3,3,-9.75,-7.25,-4.5,6.25,-7.25,-2.5,-22.75,-5.5,-7,-0.5
7399,1,1,-5.75,7.5,-5.5,-8.25,0,-8,-6.75,-0.5,-3.5,-6
7400,2,2,-5.5,-7.75,8.5,0,-2,-18.5,-15,2.25,-1.75,-9.25
7401,3,3,0.5,-7.75,-3,3.75,-11.5,-2.5,-16,-1.75,-7.25,-1.5
7402,4,4,-9.5,-1.25,-8.5,-9.5,5.5,-6.5,-8.25,-2.75,-2.5,-2.75
7403,5,5,-9.75,-9.25,-8.25,-1.5,-8.5,7,-6,-14.25,-0.25,-2.25
7404,6,6,0,-2.75,-3.5,-9.25,0.75,-8.25,4.25,-9,-4.25,-3.75
7405,1,1,-5.75,7.75,-9.25,-11.75,-0.75,-4.75,-3,-3.25,-2.75,-7.25
7406,2,2,-3.75,-9.25,7.25,1.75,-6.25,-14,-16.5,-2,-2.25,-5.75
7407,3,3,-1.75,-8,-2.25,6.5,-7.25,-5,-19.5,0.25,-7.25,1
7408,4,4,-5.5,-2,-6.5,-9.75,5,-9.25,-5.5,-3,-3.25,0
7409,6,6,-0.5,-7.25,-4,-10,0.25,-3.5,11.25,-13.25,-3.75,-6
7410,0,0,5.5,-6.25,-3,-5.25,-6.5,-1.25,-3,-1.5,-7.5,-2.5
7411,1,1,-5.75,7.75,-6.5,-8.75,0.25,-7.25,-5.75,0,-3.5,-6.25
7412,2,2,-1.75,-9.25,8.5,-1.5,-0.75,-16.5,-11,-1.75,-3.5,-9.25
7413,4,4,-6.25,-1.75,-6.5,-9,4.75,-7,-4.5,-4,-4.25,-3.5
7414,5,5,-4.5,-11.5,-7,-1.75,-7.25,6.5,-6.25,-6.25,-2.5,-0.25
7415,6,6,3,-5.5,-2,-8.75,0,-6.75,8,-8.25,-5.25,-5.5
7416,7,7,-5.25,-2.75,3.25,-0.75,-7.5,-13.75,-19.75,11.25,-2,0
7417,8,8,-7.75,-6.5,-8,-7.5,-2.25,-2.25,-4.5,-6.25,4.25,-4.5
7418,1,1,-4.75,7,-4.5,-8,-0.5,-6.75,-4.5,-1.75,-3,-6.25
7419,7,7,-5.75,-1.25,2,0.5,-7,-10.5,-17.5,9,-2,0.75
7420,2,2,-5.25,-8.25,5.25,-0.75,-3.75,-10,-11.25,-3.5,-1.75,-6.5
7421,4,4,-7.25,-2.5,-9.25,-12.5,7.5,-9.25,-6.25,-3.5,-3.5,0
7422,1,1,-7,8.25,-6.25,-9.75,1.5,-9.5,-9,-1,-4,-8
7423,4,4,-10.25,-1.5,-9.25,-9,5.25,-6.75,-10.75,-2.75,-2.5,-0.25
7424,1,1,-4.5,7.25,-4.75,-8.5,-0.25,-6.75,-4,-2.5,-3,-7.5
7425,4,4,-8.25,-2.25,-8.75,-9.25,5.75,-8.5,-9,-3.25,-2.5,0.25
7426,9,9,-10,-9,-8.5,-4.75,-1.25,0,-7,-6.75,-2,3.25
7427,6,6,4,-4,-1.25,-7.25,-1.5,-4.25,9.5,-9.25,-7.5,-7.75
7428,8,8,-3,-7.5,-3.5,-3.5,-9.75,-3.25,-5.5,-8,5.75,-6.5
7429,4,4,-5.5,-5.5,-7.5,-10.5,6.25,-7.75,-3.5,-4,-3,-0.75
7430,5,5,-7,-7,-7.25,1.5,-5.5,5.5,-7,-11.75,-8.5,-1
7431,3,3,-3.25,-6.5,-3.75,6,-5.25,-6,-20.75,0.5,-8.25,1
7432,7,7,-6.75,0.75,0.5,-1.75,-5,-9.75,-14,3.25,-2.75,-2.5
7433,8,8,-5.5,-1.75,-2.25,-4.25,-4.5,-4.75,-4.25,-7.5,1.25,-10.5
7434,4,8,-7.25,-4.25,-4,-6,0,-4.75,-6.25,-3,0.75,-2.25
7435,3,3,-7.5,-12.75,-4.75,9.75,-12.25,-1.5,-23,-4.25,-4,0
7436,3,3,-8.75,-8,-2.25,5.5,-10.75,-6.5,-21.5,0.75,-1,0
7437,5,5,-4.25,-7.75,-7.75,-3.25,-6,4.5,-2.5,-7,-2,-3
7438,6,6,0.25,-3.25,-2.5,-10,1.5,-6.75,7.75,-9.5,-4.5,-6.75
7439,7,7,-6,-2.75,3.25,2,-8.5,-12.75,-21,11,-2.25,0.5
7440,0,0,6.75,-0.75,-3.25,-9,-2.25,-11.25,-4,-3.5,-3.25,-3
7441,6,6,0.75,-5,-2,-7.75,1.75,-6.5,6.25,-7.75,-5.75,-5.75
7442,1,1,-6,8.25,-4.25,-8.25,0.75,-9.25,-7.5,0.5,-4.75,-6.5
7443,6,6,-2,-6,-4.5,-10,2,-6.5,7.5,-10.75,-4.25,-3.75
7444,8,8,-8.5,0.5,-9.75,-11,-1.75,-1,-2.25,-7.75,2.75,-9
7445,7,7,-4.75,-2,2.25,-0.25,-7.25,-11,-18,8.75,-2,1.25
7446,0,0,5.75,-2.5,0.5,-8,-1.75,-11,-3,-3.75,-7.75,-8.75
7447,1,1,-7.25,7,-5.25,-8.75,1,-7.75,-7.5,-2.25,-3,-8
7448,5,5,-8.75,-15.75,-11.25,2.5,-11.5,12.75,-7.75,-18.75,-6.5,-2
7449,0,0,9.25,-4,-3.5,-10.75,-4,-10.75,-2.25,-2.5,-5.5,-5.75
7450,8,8,-6.5,-7.25,-5.5,-6,-6.75,-0.25,0.75,-9.75,5.25,-7
7451,5,5,-4.5,-3.75,-2.5,-1.5,-2.25,1,-1.5,-4.5,-2,-2.75
7452,0,0,6,-6.25,-1.25,-7.75,-4.75,-5.25,-2.25,-1,-7.25,-5
7453,1,1,-4.75,6.75,-3.75,-7.5,-1,-6.75,-4,-1.5,-2.75,-7
7454,5,5,-7.75,-6.25,-5.5,-4,-2.5,3.25,-4.75,-4.75,-3.75,-1.25
7455,8,8,-3,-3.5,-5.75,-4.5,-6.75,-1.75,-3.75,-6.25,4,-5.75
7456,4,4,-4.5,-4,-6.5,-10,4.75,-9.75,-5.25,-3.5,-3.25,1.5
7457,2,2,-2.75,-6.75,8.25,0.75,-8.5,-14.75,-16.25,3.75,0.75,-4
7458,3,3,-6,-9.25,-3.5,9,-8,-5,-22.75,-4,-5.5,-0.5
7459,9,9,-9,-11,-8.75,-6,-3.5,1.25,-6,-4.5,1,2.25
7460,7,7,-5.5,-2.75,3.25,1.5,-7,-12.5,-19.5,10.75,-2.75,0.25
7461,6,6,1.75,-4.75,-3,-8.5,-1,-1.5,10.75,-10.75,-5.75,-7.25
7462,9,9,-6.5,-10.75,-7.25,-4.5,-0.5,-4.25,-10.5,0.25,-2.25,5
7463,1,1,-7,8.75,-6.25,-9.5,1.5,-8.75,-8.5,-0.5,-4.5,-7.25
7464,9,9,-9,-12.75,-9.5,-4.5,-1,-1,-10,-4.75,-1.25,6.5
7465,0,0,7,0.75,-4,-13.25,-0.75,-11.25,2,-5.75,-6.75,-9
7466,6,6,-0.5,-2.5,-5.25,-9.75,-0.5,-3.75,8.75,-12,-5,-7.5
7467,7,7,-3.75,-3.75,2,-0.25,-6.25,-12.75,-18.75,11.25,-2.25,0.5
7468,1,1,-7,8.75,-6,-12.25,-0.25,-8.5,-7,-1.75,-1.75,-12.25
7469,2,2,-4.5,-11.25,5.75,-2,-1.25,-13,-11,-2,-2.25,-5.75
7470,3,3,-6.25,-9.75,-3,8.25,-10.25,-3.5,-21.75,-3,-5.25,-0.75
7471,9,9,-8.75,-10.5,-4.75,-3.5,-2.25,-2.5,-10,-3.25,-0.75,3
7472,2,2,-3,-8,7.25,-1,-4,-15.25,-14.5,4.75,-3.5,-3.25
7473,4,4,-6.25,-1.25,-9,-8.5,1.25,-4,-4.75,-2.5,-3.5,-0.25
7474,5,5,-9.5,-10.25,-9,-0.75,-5.5,6.25,-8.5,-7,-5.25,-0.5
7475,5,5,-11,-15.5,-12.25,-0.5,-10,11.75,-8,-15.75,-3.5,1
7476,3,3,-1,-2.5,2.25,3.5,-7.25,-9,-18.25,-1.25,-4.5,-1.5
7477,7,7,-3.25,-5.25,4.25,2.25,-7.25,-14,-20.25,10.75,-3,0
7478,5,5,-7.25,-12.25,-9.5,0.5,-9.25,8.25,-7.25,-15.25,-3.25,-2
7479,3,3,-5.25,-7.5,-5.25,6.5,-6.75,-0.75,-18.5,-6.5,-5.5,1
7480,1,1,-4.25,7.75,-5.75,-10.5,-0.25,-7.25,-2,-3.25,-3.25,-8
7481,8,8,-4,-5.25,-8.25,-7.5,-7,1.75,-1.5,-7.5,2.5,-3.25
7482,2,2,-2.25,-6.75,7.25,-0.25,-8.5,-15.25,-14.25,0.25,0,-5.25
7483,2,2,-7.5,-4.5,9.5,1,-7.25,-16,-19,4.5,-3.25,-4.5
7484,3,3,-6.25,-8,-2.25,8.75,-10.25,-4,-22,-2.5,-4,1.25
7485,0,0,10,-3.75,-1,-8.5,-3.75,-13.5,-3.5,-2.25,-6,-5.25
7486,2,2,-4,-7.25,7.5,1.75,-9,-13.25,-15.75,0.5,-0.5,-3.75
7487,9,9,-10.5,-12.5,-8,-4.75,0.5,-3.5,-12.75,-5.25,-0.5,4.75
7488,4,4,-5.25,-4,-4.75,-8.75,5.75,-9.5,-6.25,-1.25,-3.75,-1.25
7489,9,9,-9.25,-9.25,-6.75,-3.25,-1.5,-3,-12.5,-1,-0.5,4.5
7490,7,7,-5.75,-2.5,3.75,0.75,-8.25,-13,-20.25,9.25,-2.5,1.25
7491,0,0,4.5,-4.5,-2.75,-9.25,-3.25,-7.75,-2.5,-2,-5,-4.5
7492,2,7,0,-5.5,4.5,-1.25,-7.5,-10.25,-12.25,6.75,-3,-0.75
7493,7,7,-6.25,-1.5,1.5,1,-7,-9.75,-18.25,10.25,-2.25,0.5
7494,4,4,-0.5,4,-5.5,-13,4.25,-12.25,-3,-3.5,-6.25,-5.25
7495,9,9,-8.25,-3.5,-8.5,-5.75,-2.5,-2.75,-11.5,-1.5,-1,3
7496,9,9,-9.25,-7.25,-9,-4.25,0.25,-3.75,-11.25,-3.5,-2.75,4.75
7497,2,2,-7.5,-2.75,11.5,0.25,-4,-19,-15.25,2,-4,-12.5
7498,5,5,-7,-3.25,-6.5,1.25,-8,4.75,-8.5,-11.75,-7.5,-2.75
7499,9,9,-9.75,-6.25,-7.5,-3.5,-0.75,-3.5,-12,-1.75,-1.25,3.5
7500,8,8,-4.5,-3,-4.75,-5.75,-7,-3.75,-6.25,-3.25,3,-3.75
7501,3,3,-7.75,-9.75,-3.25,10.5,-9,-3,-23,-6.25,-6,-0.25
7502,8,8,-7,-1.75,-7,-7.5,-7,-0.75,-7.25,-6,4.5,-8
7503,6,6,4,-5.75,-1.5,-8.25,-4,-1.5,9,-10.5,-5.75,-9.75
7504,7,7,-6.25,-2.25,3,0.25,-7.25,-13.5,-20.5,10,-2,0.5
7505,0,0,7.25,-2.5,-3.25,-12,0.25,-12.25,1.5,-5.75,-6,-5.75
7506,0,0,11,-7.25,-1,-7.75,-6.25,-11.25,-1.5,-3.75,-4.25,-3.75
7507,1,1,-4.75,7.5,-3.75,-7.75,-0.25,-7.75,-4,-0.75,-5,-5.5
7508,2,2,-4.5,-1.75,11.5,-3,-9.5,-15,-8.5,-4,-0.5,-16.5
7509,3,3,-7,-16.5,-4,10.25,-11,-1.5,-23.25,-11.75,-3,-0.75
7510,4,4,-9.5,-4.25,-6.5,-10,9,-12.25,-11,-1,-3.75,-6
7511,5,3,-3,-8.75,-2.5,2.25,-10.5,0.5,-13.5,-5,-8,-2.5
7512,6,6,0.25,-5,-2,-7.5,0.5,-5.5,9.25,-13.25,-5.5,-11.25
7513,7,7,-6,-1.5,-8.25,-7.75,-2.25,-6,-11.5,9.5,-5.25,-1
7514,8,8,0.25,-17.75,-7,-5.25,-8,-1,-1.75,-14.25,3.5,-4.25
7515,9,9,-5.75,-12,-5.75,-4.5,0.75,-9.75,-14,-0.25,-1.25,8
7516,0,0,10,-3.75,-2.5,-9.75,-3.75,-11.5,-1.5,-5,-6.5,-7.75
7517,1,1,-5.5,8,-5.5,-9.25,-1.75,-5.25,-2.75,-4.5,-2.75,-7.25
7518,2,2,-3.25,-4.5,9.75,-1.25,-13.25,-13.75,-11.5,-4.25,1.75,-14.5
7519,3,3,-9.75,-14.5,-6.5,8.75,-10.75,2,-23.25,-11.25,-3.75,1.25
7520,4,4,-7,-5,-5,-10.25,9,-13.25,-9.25,-1.25,-5.5,-5
7521,5,5,-7.5,-10.75,-5.5,-3,-4.5,4.75,-2.25,-11.25,-4,-3
7522,6,6,-0.5,-4.25,0,-7.5,2,-8,5.75,-11.25,-6.25,-11.5
7523,7,7,-11.25,-0.75,-5,-6.25,-3.25,-8.75,-17,9.75,-1.75,-1.5
7524,8,8,1.25,-13.25,-3.75,-3.75,-7.5,-4.75,-5.75,-11.25,3.75,-5.5
7525,9,9,-9,-6.25,-8.5,-2.75,-1.75,-4,-15,-0.75,-2.25,3.75
7526,0,0,10.25,-3.75,-2,-10.25,-4.75,-11.75,-1.75,-4.25,-5,-6.5
7527,1,1,-3.25,7,-2.75,-7,-2.5,-7.5,-0.25,-5.25,-1.5,-7
7528,2,2,-2.25,-4.75,10,-2.25,-10.75,-13.5,-9.5,-4.5,1.75,-15
7529,3,3,-9.5,-12.25,-9,8,-6.75,2.5,-23,-13.25,-6.25,2
7530,4,4,-6,1,-4,-9.75,6,-12.25,-6.5,-3,-3.25,-7.25
7531,5,5,-6.75,-11.5,-5.25,0.5,-4.25,4.75,-7.25,-9.5,-6,-1.75
7532,6,6,1.25,-3.75,-1,-7.25,1,-6.25,6.75,-9.25,-7,-7
7533,7,7,-6.75,-2.25,-6.75,-6.25,-3.5,-7.75,-14.5,9,-5,0.5
7534,8,8,1,-13,-4.5,-6.5,-5,-7,-3.25,-11,3.75,-3.25
7535,9,9,-9.75,-8.25,-6.25,-4,1.25,-8,-17.75,1,-1,4.5
7536,0,0,9,-3.25,-3.25,-9.75,-5.75,-10.25,-5.5,-2.75,-2.75,-3.5
7537,0,0,11.75,-6.25,-2.5,-9.75,-6.25,-10.5,0.75,-6.5,-3.5,-7.25
7538,7,7,-8,-1,-5,-4.75,-3.25,-6,-14,7.5,-3,1
7539,2,2,-6,-5,6.75,-2,-5.5,-12.5,-11.25,-2,-1.5,-7.5
7540,6,6,0.25,-7.5,-2.75,-7.75,0.25,-4.5,9.25,-11,-4.75,-5.25
7541,5,5,-7.5,-7.75,-4.75,-1.5,-2,2.75,-5,-8.75,-5.5,-3.25
7542,5,5,-6.75,-9.25,-5.75,-2.75,-5.5,4.75,-3.25,-8,-3.5,-2.25
7543,3,3,-6.25,-13.5,-2,9.75,-10.25,-3.5,-24.5,-7.25,-4.25,1.75
7544,7,7,-8,-2.25,-1.25,-3.25,-4.25,-11.75,-19,11.5,-2.75,-0.25
7545,8,8,-4.5,-13,-5.5,-3.75,-0.25,-6.75,-11.75,-10.25,3.25,-2.75
7546,6,6,2.25,-2.5,-1.25,-7.25,0.75,-5.75,7.5,-8.5,-6.25,-7.75
7547,6,6,2.5,-3.25,-1.5,-8.25,0.5,-6.75,8,-9.5,-5.75,-8.25
7548,6,6,-0.25,-5.75,-2,-7.5,1.25,-5.75,7.25,-10.25,-5.25,-5.75
7549,6,6,-0.25,-1,-1.5,-6,-1,-5.25,6,-9,-6.25,-6.75
7550,4,4,-6.25,-4,-6,-10.25,8.75,-13.75,-8.75,-2,-2.75,-6.5
7551,3,3,-7.75,-11.5,-3.5,9.25,-10.25,-1.25,-22,-12.25,-3.75,-2.25
7552,8,8,-3.5,-7,-9.25,-5.75,-2.75,-4,-6.75,-9.75,2,-0.25
7553,8,8,-4,-5.5,-6.25,-5.5,-2.5,-7,-6.75,-11.75,1.75,-4
7554,3,3,-9,-10.25,-5,10.25,-9,-1.5,-25.25,-10,-6.25,0.75
7555,0,0,9.25,-5.25,-2.25,-8.75,-3,-10.75,0.25,-4.75,-6.25,-4.5
7556,1,1,-5.25,6.25,-3.5,-6.75,-0.75,-8.75,-7.25,-1,-3.75,-5.5
7557,9,9,-6.75,-8,-8,-3.75,-0.25,-7,-13.25,-1.75,-2.5,7
7558,0,0,5.75,-2.75,-0.5,-7.5,-1.5,-13.5,-3.75,-3.5,-4.5,-2.75
7559,5,5,-10.25,-13.75,-12.25,1.75,-12,12.25,-10.75,-19,-5.5,-1.75
7560,4,4,-10.25,-3.5,-7.5,-8,7.75,-10.5,-12,-0.75,-4.75,-4.5
7561,1,1,-4.5,6.25,-6.5,-9.75,-1,-6.25,-1.25,-5,-2.25,-5.75
7562,9,9,-8.75,-8.75,-7.25,-2.75,0.5,-5.5,-15.5,-2,-2.5,5
7563,1,1,-5.25,9.5,-6,-10.5,0,-8.75,-6.25,-1.75,-3.25,-9
7564,2,2,-6,-4.75,11.25,-2.75,-4.75,-16.5,-11.5,-0.5,-1.75,-13.25
7565,7,7,-5,-2.5,-10.75,-11,0.5,-5.75,-7.75,6.75,-5.75,-1.5
7566,0,0,10.25,-5.25,-2,-9,-3,-12,-1.75,-5.25,-6.75,-6.75
7567,1,1,-5.75,7.25,-4.5,-7.75,1.25,-10.5,-9.25,1.25,-4.5,-5.5
7568,3,3,-5.25,-11,-3.75,8,-8.5,-2.5,-20.5,-9.75,-4,0.25
7569,8,8,-2.75,-15.25,-8.75,-6.25,-3,-5.25,-7,-10.25,4,0.5
7570,2,2,-4,-3,10,-4.25,-7.75,-13,-7.75,-3,-1,-16
7571,9,9,-5.25,-14.5,-6.75,-4.5,1,-7.75,-15.25,-2.25,-2.5,7
7572,2,2,-4,-6,9.25,-0.75,-6,-12.5,-11.25,0.25,-2.75,-9.25
7573,7,7,-8,0.25,-4,-4.5,-4,-7.5,-15,7.75,-3.5,0.5
7574,4,4,-7.25,-0.5,-7.5,-9.5,5.5,-8.5,-6,-3.75,-3.5,-6.25
7575,2,2,-3,-3.25,9,-0.25,-10.5,-12,-9.5,-1,-0.75,-8.5
7576,6,6,0.25,-5.25,-5.25,-10.75,-0.5,-5,10.25,-13.25,-4.5,-6.5
7577,5,5,-7.25,-15.25,-6,1.25,-4.5,5,-7.25,-11.25,-5,-2.5
7578,5,5,-7.25,-10.75,-7,0,-4.75,7.5,-6.75,-9.5,-6.75,-1
7579,9,9,-6,-10.25,-7.5,-4.75,1.75,-7.5,-12.75,-3.75,-1.75,5.5
7580,9,9,-4.5,-9.25,-5,-5.75,1.75,-7.5,-11.75,-2,-3.5,4.25
7581,1,1,-6.25,8,-5.75,-8.75,0,-9.25,-8.75,-0.75,-3.5,-8
7582,1,1,-6.75,8.75,-6,-9,1.25,-9.25,-9.75,1.5,-4.25,-6
7583,5,5,-9.5,-8.75,-9,-1.25,-5.25,8,-6.5,-10.25,-5.5,-0.75
7584,7,7,-6.75,-3.25,-4,-3.5,-2.5,-8.5,-17,7.5,-3.25,1.75
7585,6,6,-2,-4.75,-3.25,-6.75,0.25,-4.5,7.5,-11.75,-6.25,-6.5
7586,8,8,-2.5,-18.5,-4.75,-5.25,-7,-5.5,-8.25,-9.5,4.75,2.25
7587,2,2,-2.25,-1.75,7.75,-2.5,-9,-13.5,-9.25,-4,0.75,-12
7588,9,9,-9,-2.75,-7.75,-5.75,0.75,-5.25,-12,-2,-1.75,2.5
7589,4,4,-6.5,-4.25,-6.5,-12.25,9.75,-13.75,-8,-3.75,-3.5,-6.5
7590,3,3,-6.75,-12.25,-3.5,11.25,-11.5,-2.5,-24.25,-7.5,-4.5,0.25
7591,1,1,-4.75,8,-3.75,-7.75,-1.5,-7.75,-3.25,-2,-2.5,-5.25
7592,9,9,-5.25,-7.75,-6,-5,2.25,-9.5,-14.5,-0.75,-4,6
7593,0,0,10.5,0,-3.5,-12.25,-2,-14,0,-4.75,-7.75,-9.5
7594,9,9,-6.25,-8,-6.25,-2.5,-1,-6.5,-13.25,-0.5,-2.75,5.5
7595,3,3,-7,-10.25,-3.5,5,-8,-3.75,-18,-10.5,1.75,-3
7596,6,6,1.5,-4.25,-1.75,-8.75,1.25,-6.75,8.75,-11,-5.25,-8.75
7597,8,8,-3.5,-11.25,-5.25,-2.25,-6.75,-4,-10.5,-10.25,5.75,-7.5
7598,7,7,-4,-4,-3.5,-4,-4.25,-10.5,-16.75,12.75,-4.25,0.5
7599,0,0,8,-0.75,-2,-9.5,-3.25,-14.25,-4.5,-3.5,-3.75,-4
7600,1,1,-6.25,8.25,-5,-8.25,1.5,-10.25,-9.25,1,-5,-6.5
7601,0,0,11,-5.5,-1,-8,-5.5,-12.75,-2.75,-3.75,-5,-5.5
7602,5,5,-5,-11.75,-6.75,-0.5,-7.5,7.25,-5,-10.75,-6.25,-0.5
7603,8,8,-0.75,-14,-6.5,-4.25,-6.75,-2,-6.25,-12.25,3.75,-4.25
7604,2,2,-2.5,-3.75,11.75,-0.75,-13.5,-14.5,-13.75,-0.5,1.25,-11.5
7605,7,7,-9.25,-0.5,-5.5,-3.75,-3.5,-7,-17,9.25,-3.5,0.75
7606,7,7,-7.75,2,-4.25,-5,-3.5,-6.5,-13.75,7.5,-2.25,-1
7607,0,0,10.5,-9.5,-0.25,-7,-6.75,-8.5,-0.75,-4.75,-1.5,-5.5
7608,1,1,-8.75,7.75,-3.25,-7.75,-2,-6.75,-2.75,-7,-3.25,-9.25
7609,2,2,2.25,-11.5,9.75,-1,-9.75,-16.75,-13.25,1.25,-3,-7.5
7610,3,3,-7.5,-14.5,-1.75,4.25,-5,-5.5,-14.25,-5.75,-0.25,-6.25
7611,4,4,-8,-6.25,-8,-10.25,10,-9.75,-9.25,-2.5,-6,-2
7612,5,5,-5,-14.5,-8.5,-2,-6.25,6.5,-0.25,-15.5,-0.75,-4
7613,6,6,0.5,-8,-4.75,-7.75,-3,-2.5,9.25,-12.5,0.25,-6.25
7614,7,7,-6.75,-0.75,-1.75,-2.25,-5,-10.75,-17.75,11.5,-2.5,-0.75
7615,8,8,-4.5,-12.25,-3,-1.5,-7.75,-5,-9.5,-8.25,6,-2.75
7616,9,9,-6.75,-8.5,-5.75,-4,1.75,-8.5,-15.75,0.25,-4,6.75
7617,0,0,10.75,-9.5,-3.75,-7.75,-10,-1.5,-2.5,-7.75,-5,-4.75
7618,1,1,-6.25,8.75,-4.25,-6.5,-2,-6.25,-3.5,-3,-3.25,-5
7619,2,2,1.25,-11.75,7.25,2.25,-10.5,-14,-13.75,2.25,-0.5,-4.5
7620,3,3,-6.75,-14.25,-3.5,4.75,-7.25,-3,-15,-6.75,-0.25,-3.75
7621,4,4,-6.75,-7.25,-7.25,-10.25,9.75,-9,-6.5,-4.75,-6.25,-1.5
7622,5,5,-5.75,-14,-11.25,-1.75,-7.25,8,-0.5,-17.5,-2,-3.25
7623,8,8,-6.5,-8.5,-2,-2,-4.25,-7.25,-8,-9.5,6.25,-6.25
7624,9,9,-6.75,-11,-7,-5.5,1.25,-8.5,-17.5,2.25,-4.25,8.5
7625,0,0,11.5,-10,-1,-7.75,-7.75,-7.5,1.25,-6.25,-2.5,-5
7626,1,1,-5.75,8,-4.5,-6,-1.75,-6.75,-4.25,-1.5,-3.25,-4.25
7627,2,2,4.75,-14.75,9,1.25,-10.75,-14,-9.75,-1.75,-4,-6.25
7628,3,3,-7.75,-12.5,-2,6.25,-7,-5.25,-16.75,-5.5,-1.25,-4.25
7629,4,4,-5.25,-5.75,-6.25,-9.25,8.75,-9.25,-8,-1.75,-6.25,-1
7630,5,5,-4.25,-16.5,-8.5,-3,-6.5,6.75,1,-16.75,-1,-3.75
7631,6,6,-1.5,-6.5,-4.25,-5.25,-2,-0.75,6.5,-12.75,-2.25,-4.75
7632,7,7,-5,-2.5,1,0,-6.75,-11.5,-18,12.5,-3.5,0
7633,8,8,-5.5,-6.75,-2,-1,-8.5,-3.5,-5,-9,5.5,-6
7634,9,9,-9,-10,-6.25,-3.25,-1.5,-3.5,-11.75,-2.25,-0.25,4.75
7635,2,2,-0.5,-10.25,7.5,-0.5,-4.25,-16.25,-14.5,-4.75,-5.5,-8.5
7636,1,1,-6.25,6.75,-4.5,-5.75,-1.5,-5.75,-5.25,-0.5,-3.75,-2.5
7637,2,2,4.5,-14.75,5.5,-0.25,-9.25,-10.5,-7,-6.5,-2,-7.75
7638,1,1,-7.5,8,-4.75,-7.25,-2,-6.5,-3.25,-4.25,-3.25,-5.5
7639,3,3,-6,-15,-5,8.25,-9,-0.25,-18.25,-9.75,-2.5,-2.25
7640,9,9,-9.25,-10.25,-6.5,-3.25,0.25,-3.75,-12.5,-4.25,-1.5,5
7641,9,9,-7,-9.25,-5,-4.25,-2.5,-4.25,-8.25,-4.75,0,4.75
7642,8,8,-5.5,-4.75,-2.25,-3.25,-7.25,-2.75,-3.5,-8.25,3.5,-6.5
7643,5,5,-7,-11.75,-8.25,0,-6.25,8,-1.75,-16.5,-2.5,-3.5
7644,3,3,-5.5,-14.25,-5.25,8.25,-9.5,0.75,-18,-7.75,-4.75,0
7645,7,7,-4.75,-4.25,-1.25,-1.75,-4.5,-7.25,-12,9.25,-4.5,-1.25
7646,0,0,8.75,-5,-0.75,-8,-5.25,-10.5,-1,-5.5,-2.5,-6.25
7647,7,7,-5.75,-3.25,2,0.25,-7.25,-13.25,-19.75,11.5,-2,0.5
7648,7,7,-5.75,-2.25,2.75,0.75,-6.75,-14,-19.75,10.5,-2,0.5
7649,5,5,-5.25,-15,-10,-4.75,-6.25,6,1.5,-15.5,-1.25,-1.75
7650,7,7,-6,-1.5,0.5,0.5,-7,-11.25,-19.5,11.5,-3,0.25
7651,9,9,-8.5,-7.5,-7,-5,0.5,-6.75,-11.75,-4,-0.75,4.25
7652,9,9,-4.75,-8.25,-4.25,-4.25,0,-9.75,-13.25,0,-2.5,6.75
7653,4,4,-4,-3.25,-7.75,-12.25,7.75,-8.25,-4.75,-2.75,-7,-0.75
7654,7,7,-4.75,-2,1,0.5,-6,-11.25,-17.75,11.25,-2.5,0
7655,0,0,12.25,-10.5,-0.5,-6.75,-8.5,-9.75,-2.5,-4.5,-1.75,-6.5
7656,3,3,-8.75,-12.75,-2.5,4.75,-5,-6.5,-15,-7,-1.25,-6.5
7657,4,4,-9.25,-5.5,-8,-9.25,7.5,-6.25,-6.75,-4.75,-5,-1.25
7658,1,1,-4.75,7.25,-2.75,-4.75,-2.5,-6.5,-4.25,-1.5,-3,-4
7659,5,5,-4,-20.25,-10.75,-2.25,-10,7.75,-4,-14.75,-0.25,-0.75
7660,8,8,-6.25,-8.25,-4.5,-2.5,-7.25,-3.5,-6.75,-11,6,-8.5
7661,1,1,-4.75,7.25,-5.5,-8,-1.75,-5.5,-1.75,-2.5,-2.25,-3.75
7662,4,4,-9.75,-4.25,-8.25,-7.25,8,-9,-11.75,-0.75,-4.75,-1.25
7663,8,8,-6.25,-5.5,-5.5,-5.5,-5,-5,-6.25,-8.25,6,-6.75
7664,4,4,-8,-6.75,-9.5,-12,9.25,-9.25,-8,-5.75,-6,1.25
7665,1,1,-5.25,8,-5,-7,-1.75,-7,-4,-1,-2.5,-3.75
7666,8,8,-5,-12,-3.25,-3.25,-6.75,-6.5,-6.5,-9,7.25,-5
7667,6,6,-0.5,-8.25,-5.25,-7.5,-2.25,-1,8.75,-11,-2,-5.5
7668,6,6,-0.5,-3.75,-1.75,-8.5,0.5,-2.75,8.75,-9.5,-4,-7.5
7669,4,4,-9.25,-6,-10,-10.5,10,-8.5,-11,-1.75,-6.25,0.5
7670,6,6,-2.5,-3.75,-2.75,-5.5,-0.5,-3.25,6.75,-9.75,-3,-6.5
7671,0,0,8,-9,-1.25,-5.75,-7.25,-4,1,-7.5,-1.25,-3.5
7672,5,5,-5.25,-16.25,-8.5,-3,-6,4.25,-0.5,-13.5,0.25,-0.25
7673,5,5,-6.5,-13.25,-7.5,-3.5,-6.25,4.5,-0.75,-11.25,-0.25,0
7674,3,3,-6,-12.75,-2,9.5,-9.25,-4.75,-21,-5,-4.25,-1.5
7675,3,3,-7,-8,-2.75,6,-6.5,-3.25,-16,-6.5,-2.5,-0.75
7676,5,5,-7.5,-13.75,-9,-1.25,-7,6,-3.75,-12.75,-1.5,0.5
7677,7,7,-4,-3.75,1.5,1.5,-8,-10.75,-19,11.5,-2.75,1.25
7678,2,2,-3.75,-9.75,9.25,-1.75,-5,-16,-12.5,-4,-4.25,-10
7679,5,5,-3.5,-11,-6.5,-3,-4.5,3.25,-0.75,-9,-1.25,-3.75
7680,9,9,-7,-9,-5.75,-3.5,0,-7,-13.25,-0.75,-1.75,6
7681,6,6,-2.5,-7,-4.25,-5.5,-1.25,-1.5,8.75,-12.75,-1.5,-6.75
7682,9,9,-7,-8,-7.25,-3.75,-2.25,-3.75,-10.75,-2.25,-0.5,5.75
7683,2,2,2.75,-11,5.25,-2,-6.25,-10.25,-8.25,-3.75,-1.25,-6.75
7684,6,6,-3,-4.5,-3,-7.25,-0.5,-2,9,-12.5,-3.75,-5.5
7685,2,2,1.5,-6.25,8.75,-2.75,-5,-15.75,-8.5,-1.75,-3.75,-9
7686,1,1,-6.5,8.5,-5,-6.25,-1.5,-7.25,-6.25,-0.25,-3.5,-3
7687,2,2,3.25,-7.5,7.5,-3.25,-10,-11.75,-10,0.75,-3.5,-6.5
7688,0,0,11.75,-11.75,-2,-8,-8,-7,-1.25,-3.5,-2.75,-3.5
7689,8,8,-4.5,-4,-2.75,-2.5,-5.5,-3.5,-4.75,-5.5,1.75,-4.5
7690,3,3,-6.5,-10.75,-0.5,6.25,-7.25,-5.5,-16.5,-4.5,-0.75,-2.75
7691,8,8,-8.25,-9.75,-4.5,-2.5,-2.5,-4,-5.75,-7,2.25,-6
7692,3,3,-6.75,-9,-2.75,3.75,-6.25,-1,-12.75,-7.75,-1,-1.5
7693,0,0,12,-11.75,-2.25,-8.25,-9.75,-3.5,-0.5,-6.75,-4.5,-4.25
7694,8,8,-8.25,-14.75,-6.75,-4,-3.75,-0.5,-3.75,-11.5,5,-4.5
7695,7,7,-6,-7,-2.75,-0.25,-6.25,-6.75,-19.75,13.25,-6.25,4.25
7696,4,4,-8.75,-7.25,-7.75,-8.25,8,-6.25,-8.75,-4.25,-4.75,-0.5
7697,9,9,-7.25,-4.25,-7.5,-5.75,1,-5.5,-7.25,-2.75,-2.5,4
7698,5,5,-3.75,-11,-7.75,-1.75,-6,4.5,-4,-8.75,-1.75,-2
7699,0,0,11.5,-9.75,-2,-7.75,-9,-4.75,-1.5,-5.75,-3.75,-4.25
7700,9,9,-7,-10.5,-5.75,-2.75,-1.75,-3,-12.75,-0.25,-2.25,6.5
7701,7,7,-2,-4.75,1.5,0.5,-7.75,-11,-16.25,11.5,-4,0.5
7702,0,0,10.25,-7.5,-0.5,-6.75,-6.5,-7.75,1.5,-7.25,-3,-5.75
7703,0,0,9.5,-8,-1.75,-8.5,-5.25,-10.75,-1.75,-3,-1,-3
7704,4,4,-7.25,-4.5,-6,-5,5.75,-6.75,-10.5,-0.75,-4.25,0
7705,6,6,0.25,-11.25,-5.75,-8,-2.5,-2,9.75,-11.5,-1.5,-6.5
7706,0,0,10.25,-9,-1.5,-8.5,-8,-7.5,-0.5,-5,0,-4.25
7707,9,9,-7.75,-7.5,-6.75,-4.5,0.25,-7.25,-12,-0.5,-1.25,6
7708,1,1,-6,8.5,-5.75,-9,0,-7.25,-5.25,0.25,-4,-4.5
7709,6,6,0.5,-10.75,-5,-8,-2,-2,10.25,-13,-2.25,-6.5
7710,2,2,2,-11.75,9,-1.25,-6.25,-16,-10.25,-2.75,-2.75,-9.25
7711,7,7,-5,-6.75,-4.25,0.25,-5.25,-1,-11.5,6.5,-5.25,-1
7712,6,6,-1.25,-10.25,-6,-10,-2,-1.5,10.5,-13.5,-1.75,-6.75
7713,8,8,-1,-13,-6,-6,-7,1.25,-0.25,-10,4,-6.25
7714,3,3,-6.25,-14.25,-1.75,5.5,-7.75,-3.5,-15.75,-6.25,-1.25,-3.5
7715,5,5,-7,-15.25,-10,-1,-7.75,9,-5.25,-14,-2.75,0.5
7716,2,2,-1,-8.25,8,0.25,-5,-15.25,-12.75,-3.75,-3.75,-8
7717,1,1,-5.25,7.25,-5.25,-7.25,-2,-5.25,-1.75,-4,-3,-4
7718,8,8,0.5,-14,-5.75,-8,-6,-0.5,0.75,-10.25,4.75,-5.5
7719,3,3,-5.75,-11.25,-2.75,8,-8.25,-3.5,-19.5,-4,-4.5,-1
7720,8,8,-5.75,-9.75,-6.25,-1.5,-5.75,1.5,-1.75,-12.25,3.75,-6.25
7721,6,6,-1,-8.25,-4.5,-6,-2.25,-0.5,8.5,-12.75,-2.25,-7.5
7722,1,1,-4,8,-3.5,-7.5,-2,-6.75,-1.75,-3.25,-1.75,-5.5
7723,0,0,11.5,-8.25,-2.25,-9.25,-7.5,-6,-1.25,-6.75,-5.25,-7.75
7724,2,2,2.25,-7.25,6,-2.75,-4.75,-13,-6.75,-2.5,-4.25,-8.5
7725,1,1,-5,7.75,-4,-6,-1.75,-6.5,-4.5,0.25,-2.75,-3.25
7726,4,4,-4.75,-2.75,-6.25,-7,7,-8.5,-7,-1,-6,-2.5
7727,0,0,12,-10.25,-0.5,-8.25,-6.75,-10.25,1.5,-3.25,-4,-4.5
7728,1,1,-4.5,4.5,-4.5,-7,-1.75,-9.25,-6.75,-1.75,-1.75,-4.25
7729,2,2,-1.25,-7.25,9.75,-1,-7,-17.5,-12.25,-2.75,1,-8
7730,3,3,-5.5,-8,-1.75,7,-9.25,-4,-21.25,-10.25,-4.25,-1.75
7731,4,4,-12,-6.25,-13.25,-10.5,8.75,-8,-12.25,-2.5,-3.25,-2.5
7732,5,5,-5.5,-17.5,-11.25,-7.75,-9.75,9,0.25,-15.75,3,-7.25
7733,6,6,-1.25,-9,-4,-9,0,-5,9.5,-14.75,-3.75,-8
7734,7,7,-8,-5.5,-5.75,-5,-4.75,-8.25,-17.25,10,-2.25,0.5
7735,8,8,-1,-10.75,-2,-5,-5.5,-6,-1.25,-11,4,-8.75
7736,9,7,-8.25,-2.5,-4.5,-6.25,-1,-7,-11,1.75,-1.75,0.25
7737,0,0,12,-11.5,-0.5,-8.5,-7.75,-8.5,-1.25,-5.25,-5.75,-8
7738,1,1,-4.75,4,-4.25,-7.25,-1.25,-9.75,-7.5,-1.5,-2,-5.75
7739,2,2,-4.5,-7.25,11.5,0.5,-9.5,-19.25,-20.25,2.25,-2.25,-5.25
7740,3,3,-5.75,-12.25,-0.75,12.75,-12,-8,-28.5,-4.5,-5.25,1.25
7741,4,4,-9.5,-9.75,-11.25,-12.5,10.25,-11.75,-9,-3,-3.25,-0.25
7742,5,5,-11.5,-16.5,-10,-4,-11.25,12.75,-2.25,-20,-0.75,-6.5
7743,6,6,0.75,-9,-3,-9.5,1,-6.25,9.5,-12.25,-6.25,-6.5
7744,7,7,-4.25,-7.25,2.75,1,-8.25,-13,-21,11.5,-1.5,0.75
7745,8,8,-4.25,-14,-0.75,-5.75,-7.25,-8.5,-4.75,-11.25,6,-8.5
7746,9,9,-7,-14.25,-6,-4,-0.25,-8.5,-17.25,-1,0.5,6.5
7747,0,0,10.75,-13.25,-1.5,-7.75,-7.5,-6.75,0.5,-2.5,-7.5,-3.25
7748,1,1,-5.25,5.75,-4.25,-7.5,-2.25,-8.25,-6.5,-2.25,-2.25,-6.25
7749,2,2,-4.5,-9.25,10,-0.75,-8.25,-18,-16.5,0,-0.25,-7.5
7750,3,3,-6.5,-9.25,-1.75,10.25,-9.5,-6.25,-27,-5,-7,0.75
7751,4,4,-7,-8.5,-8.75,-14.5,10.5,-13.75,-5,-3.25,-1.75,-2.25
7752,5,5,-6.5,-17,-7.5,-2.25,-10,9,-5.25,-12.5,-2.5,-5.25
7753,6,6,-1.25,-12,-5.25,-9.75,-1.25,-2.75,13,-17,-3.75,-6.75
7754,7,7,-5.5,-6,-1.75,-3.75,-3.5,-11.75,-17.75,10.75,-3.5,3.25
7755,8,8,-4.5,-11.5,-1.25,-5.25,-5.75,-8,-5.5,-11.5,5.75,-9.5
7756,9,9,-9.25,-6,-6.5,-4.25,-2.5,-6.75,-16.75,2.5,-0.5,3.5
7757,7,7,-6.75,-4.25,-2.5,-3.5,-3.25,-10.25,-18.25,8.25,-2.75,0.75
7758,6,6,-2.75,-11.5,-6.25,-10.75,0.25,-3.5,11.5,-15.75,-3.25,-5.5
7759,4,4,-8.5,-6,-9.75,-8.5,8.5,-11.5,-12.5,-0.5,-4.75,-0.5
7760,7,7,-8.25,-3.25,-8,-6.75,-2,-7.25,-16.25,10,-5,2
7761,6,6,0.25,-7.75,-3.75,-9.5,-1.25,-3,13.5,-15.75,-4.75,-9
7762,2,2,-4.25,-9.25,11.75,-0.75,-5.25,-21.5,-16.25,-0.75,-2.75,-9.25
7763,3,3,-5.25,-11.75,-2.75,11.25,-9.75,-5,-25,-7,-7,2
7764,4,4,-9.5,-6.5,-9.5,-10,8.5,-12.75,-13.25,0.25,-3,-0.5
7765,8,8,-2.75,-11.25,-2.25,-5.25,-4,-10.25,-7.25,-8.25,5.5,-3.25
7766,7,7,-1.75,-6,-7.5,-11,-2.75,-9,-9.75,10.25,-4.5,1.75
7767,8,8,-6.5,-13.75,-4.5,-3.25,-6,-5.25,-6.5,-13.25,6.5,-8
7768,6,6,-1,-6,-1,-7,0.75,-6.25,9,-13.5,-6.5,-10.75
7769,9,9,-8.25,-13,-7,-4.25,0,-9.5,-20,-0.25,0,7.75
7770,8,8,-6,-8,-1.5,-4,-4.25,-7.75,-5.5,-10.25,4.5,-9.5
7771,3,3,-6.5,-11.25,-0.75,11.25,-10.5,-6,-25.75,-5.75,-5.5,1.5
7772,2,2,-2.75,-9,12,2,-6.25,-21.5,-18.5,-0.5,-2.25,-9.75
7773,2,2,-7.5,-2.5,12.25,0.25,-9.25,-19.5,-20,2.25,-2.5,-9.5
7774,8,8,-8.5,-14,-5,-8.75,1.75,-9,-7.25,-9,4.5,-7.5
7775,4,4,-7.5,-7,-8.25,-12.25,10.75,-13.75,-8,-1.25,-4.5,-3
7776,8,8,-4.5,-13,-3.25,-4,-7,-7,-5.5,-12.75,6.5,-8
7777,5,5,-7,-13.75,-6.25,-0.5,-12.25,9.25,-5.25,-17.5,-3,-7.25
7778,6,6,0.5,-9.75,-1.75,-8.75,-1,-5.5,11.5,-15,-4,-9.5
7779,5,5,-6.25,-11.5,-3,-1.5,-8.5,4.5,-4.5,-12.75,-5,-5.5
7780,0,0,12.5,-12,-1.25,-8,-8.75,-8.25,-1.75,-3.5,-6.75,-5.5
7781,2,2,-3.5,-9.5,12,2,-8.5,-20.5,-18.75,0.75,-2.5,-8.25
7782,0,0,10.5,-13.75,-2,-5.75,-9,-5.75,-2.5,-2.5,-8,-3.25
7783,1,1,-5.25,4.75,-4.5,-7.5,-3.5,-8.5,-7.25,-1.25,-1.5,-4.25
7784,1,1,-6,6,-3.75,-7,-0.75,-9.5,-9.25,0.5,-3.5,-5
7785,2,2,-5.25,-6.25,14,1.25,-10.75,-21,-19.25,1.75,-3,-9.25
7786,9,9,-9,-13.25,-7,-1.75,-4.25,-5.75,-19.25,3.25,-1.5,7
7787,6,6,-2.25,-11,-4,-10,0.75,-3.75,12.25,-16,-4.5,-8
7788,8,8,-6.75,-11.25,-1,-4.25,-2.5,-9.25,-7.75,-10.25,3.25,-6
7789,2,2,-7,-3.25,12.5,0,-10,-19.25,-22.25,3.75,-3.25,-6.25
7790,1,1,-5,4.75,-5.25,-8,-2,-8.25,-5,-3,-1.25,-4.75
7791,0,0,10.75,-12.5,-1.5,-7,-7,-5.75,1.25,-4,-9,-4.75
7792,6,6,-1,-11.75,-5,-10,-2.5,-1.75,14,-17.75,-3.75,-6.75
7793,5,5,-10.25,-17.25,-12.5,-4.5,-11.5,12.75,-5.75,-16.5,0.5,-6.25
7794,2,2,-2.5,-10.25,12.25,1,-5.5,-20.5,-12.25,-0.25,-5,-12.75
7795,9,9,-6.75,-11,-6.5,-5,1,-9.75,-14,-0.25,-2.25,6.75
7796,7,7,-6,-6.5,-3.25,-4,-5,-10.25,-18.25,10.5,-2.25,3.25
7797,5,5,-9.25,-11,-3,-6.25,-7.25,4,0,-15.25,-2.25,-7
7798,3,3,-6,-11.25,-0.25,9,-10.25,-5.5,-23.25,-9.5,-3.5,-2
7799,9,9,-9.5,-11.5,-7.75,-4.75,-0.5,-8.5,-19,1.75,-0.25,6.75
7800,3,2,2.5,-9,4.5,2,-11.75,-6.5,-9.5,-5.75,-6.25,-7
7801,7,7,-5.5,-6,-3.5,-2.25,-4.75,-8.5,-17.25,10.75,-5,2.5
7802,1,1,-4.25,4,-4,-7.25,-1.5,-10,-5.5,-3,-1.5,-5.75
7803,8,8,-1.5,-16,-0.5,-1.75,-8,-7.75,-7.25,-12,5.25,-7.25
7804,3,3,-1.5,-10.25,2,7.5,-10.5,-8,-21.25,-5.5,-5,-1
7805,8,8,-3.25,-14.25,-4,-6,-7.5,-5,-2.5,-12.5,6.75,-9.5
7806,1,1,-4.75,4.5,-4.75,-8.75,-1.5,-9.25,-5.25,-4.5,-1.75,-6.5
7807,9,9,-7.75,-14.75,-6.75,-3.5,-0.5,-8.5,-19,-0.75,0.25,7.25
7808,5,5,-8.25,-13.25,-7.5,-5,-8.25,8.5,-3.25,-9.75,-3,-2.75
7809,5,5,-7.75,-13.75,-6,-4,-8.5,8.75,0.5,-14.25,-2.75,-5
7810,0,0,11.75,-12.75,-0.75,-10,-6.75,-8.75,2.25,-4,-4.75,-6.5
7811,1,1,-4.75,5.5,-5,-7.75,-2,-8.5,-7,-1.5,-2,-5.25
7812,1,1,-4,2.75,-4.25,-6.25,-2.5,-10,-8,-3,-0.75,-3.25
7813,9,9,-10,-12.25,-7.25,-5,-1.25,-7,-17.75,2,1.5,5
7814,8,8,-6.25,-18.25,-3,-4.25,-6.75,-7.5,-12.25,-10.25,8.5,-5.25
7815,2,2,-2.25,-8.5,12.75,-0.25,-9.25,-21,-18.75,2.5,-2.75,-7.5
7816,6,6,-1.25,-10,-3,-10.75,-0.5,-4,13.25,-16.5,-4,-10.25
7817,0,0,12,-12.25,-1.75,-7,-9.5,-6.75,-0.5,-3,-8,-6
7818,4,4,-7.75,-8.5,-8.25,-13,10.75,-12.25,-4.75,-3,-3,-5.75
7819,5,5,-8,-14.25,-7.25,-2.25,-7.25,6,-6.25,-7.25,-3.25,-3.5
7820,0,0,10.75,-13.5,-2,-6.25,-7.75,-4.75,1.75,-4.5,-9,-5
7821,3,2,0.75,-8.75,5.5,3.75,-10.5,-7.75,-13.25,-3.75,-7,-5
7822,1,1,-2.75,4.5,-4,-9.5,-2,-8.5,-1.25,-6,-2.25,-6.75
7823,8,8,-4.25,-11.25,2,-1.5,-8,-6.75,-7.75,-10.75,3.25,-11.75
7824,6,6,-2.25,-16,-6,-10,-2.25,-1,13,-19,-5.25,-4.25
7825,7,7,-5,-6.75,1.25,1.25,-7.5,-13,-21.5,11,-1,0
7826,5,5,-8.75,-9.5,-6,-1.75,-5.25,5,-4.5,-8.5,-4.75,-7
7827,9,9,-7.75,-14,-5.75,-3.75,-0.25,-10,-20,2,-1,8.5
7828,9,9,-6.75,-10.25,-6.5,-5.75,1.5,-11,-15.75,0.25,-2.25,7.5
7829,3,3,-4.5,-8.5,2,9,-10,-9.75,-24.75,-6,-4.75,-1.25
7830,0,0,10.75,-17.5,-3,-7.75,-8.5,-4.25,1.75,-5.5,-7,-1
7831,3,3,-3.25,-10.25,1.75,8.25,-10.5,-7.75,-24.25,-5.25,-6,-0.25
7832,1,1,-5.25,7,-5.25,-8.25,-0.75,-8.25,-5.75,-1.75,-3.25,-6.5
7833,4,4,-11.75,-5.5,-12,-11.5,11,-11.25,-13.75,-1.75,-5.25,-1.25
7834,4,4,-12,-5,-12.25,-9,8,-9,-13.5,-1,-4.5,0.5
7835,0,0,10,-10.75,-1,-7.25,-8,-6,-1,-5.25,-7.75,-9
7836,4,4,-6,-7.75,-7.75,-12,10.75,-12.25,-6,-2.5,-5.5,-3.75
7837,9,9,-10.25,-7.5,-9,-6.5,0.25,-5.25,-14.75,-0.25,-0.25,4.75
7838,0,0,11.25,-16.5,-1.75,-9,-7,-10.5,-0.25,-1.75,-2.5,-1.5
7839,1,1,-2.75,2.25,-5.5,-9.25,-1.75,-9,-1.75,-6,-0.75,-4.5
7840,2,2,-2,-8.25,10,-1.75,-3.75,-18,-10,-3.25,-6.25,-9.5
7841,3,3,-7,-13.25,-5.5,5,-8,1,-18,-14.5,-2.25,-2.25
7842,5,5,-4.25,-15.25,-6.5,-3,-6.75,3,-1.75,-9,-1.25,-4.25
7843,6,6,1.25,-10,-3.25,-10,0.25,-6.25,9.25,-11,-3.5,-5.25
7844,7,7,-2.75,-10.5,-5.75,-5.75,-3.75,-8.5,-11.5,7.5,-2.5,2.25
7845,8,8,0.5,-13.5,-2.5,-5.75,-5.75,-8.25,-6,-6.25,7,-5.25
7846,0,0,11.25,-12.25,-1.75,-8.5,-6,-9.75,-0.75,-4.5,-3,-5.75
7847,1,1,-3,0.25,-2.5,-7.5,-1.5,-11.25,-7.25,-4.75,-1,-7.5
7848,2,2,-3.25,-8.75,8.75,-2.25,-1.75,-17,-14,-3,-5.75,-5.75
7849,3,2,-5,-10.25,-0.5,-0.5,-3.5,-4.25,-9.5,-8.25,-4.75,-0.75
7850,5,5,-4.25,-15.5,-4.75,-3,-6.5,2.5,-1.5,-9.75,-3,-7.5
7851,6,6,5,-11,-2.5,-9.75,-5.5,-1,9,-11,-6.25,-7.25
7852,7,7,-5.75,-9.25,-3.5,-1.75,-5.75,-7.75,-17.75,9.5,-2,1
7853,8,8,1.25,-10.5,0.25,-5.75,-5.25,-10.25,-4.25,-7.75,4.25,-8.25
7854,9,9,-3.75,-15,-7,-4.75,0,-8.25,-12.25,-4.25,-0.75,5.75
7855,0,0,11.25,-12.75,-4,-7.75,-8.75,-6.5,-3.75,-2.5,-4.75,-4.75
7856,1,1,-3,0.75,-2.75,-7.5,-1.5,-10.5,-6.75,-4.5,-1,-7.5
7857,2,2,-5,-8.75,6.75,-2.25,-0.5,-16.75,-10.5,-4,-4.75,-10.75
7858,3,3,-3.75,-12.25,3.75,4.25,-7.75,-9,-16,-6.75,-2.75,-2
7859,5,5,-6.5,-10.25,-6,-2.25,-4.5,4.25,-1.5,-8.75,-5.25,-6.5
7860,6,6,4.25,-10.5,-1.75,-9.5,-3.75,-2.25,9.5,-11.75,-4.75,-9.75
7861,7,7,-6.75,-7.75,-1.75,-2.25,-5.25,-10.25,-19,9.75,-0.75,0
7862,8,8,-0.5,-11,0.25,-5.25,-6,-9.75,-5.75,-8.5,5.25,-7.25
7863,9,9,-8.25,-11.25,-10,-6,0.5,-4.25,-12.25,-4.5,-0.25,5.25
7864,9,9,-5,-13,-5,-4.5,-0.75,-10.75,-13,-0.5,-2,7.5
7865,7,7,-6.75,-8,-5.5,-4,-3.75,-8.5,-17.25,8.25,-1.75,3
7866,0,0,11,-14,-0.75,-8,-6,-10,-0.5,-3.25,-5.5,-2.25
7867,9,9,-4.25,-14.75,-5.5,-4.75,-0.5,-10.75,-14.75,-0.75,-0.25,7.5
7868,0,0,9.5,-12.5,-4.25,-6.5,-7.5,-6.25,-3.75,-5,-3.75,-6
7869,1,1,-4.5,5,-4,-8.5,-1,-11.25,-8.75,-2.25,-2,-8.5
7870,5,5,-7,-13,-5.25,-2.75,-4.5,3,-7.25,-6.25,-5,-1.75
7871,8,8,-4,-13.75,0.25,-5,-8.75,-8.25,-7.5,-9,6.25,-11.25
7872,8,8,-0.25,-12.25,-1,-5,-6,-8.75,-5,-9.5,6.75,-9
7873,0,0,12.75,-12,-1.75,-8.25,-6.5,-10.5,-1.75,-1,-6.75,-3.25
7874,9,9,-1.5,-14.5,-5,-6.75,-2.75,-6.75,-6.75,-3.5,0,6.5
7875,3,3,-6.25,-10.25,-2.25,3.25,-4,-3.75,-15.5,-11.5,-5.75,-2.25
7876,2,2,-5,-9.25,6,-3.5,0,-13.25,-9.25,-4.5,-4.5,-6
7877,7,7,-8.5,-4,-3,-4.5,-3,-10.5,-18.75,9,-1.75,0.75
7878,8,8,-2.25,-14.75,0,-5.25,-7,-9.5,-8.25,-7.5,7.25,-7.75
7879,4,4,-9.25,-6.75,-7.25,-12.5,11.5,-14.5,-9.5,-1,-5,-7.25
7880,6,6,2,-6,-0.75,-8,0.75,-6.75,8.75,-11.25,-7.5,-9.25
7881,1,1,-5.75,8.25,-6.5,-9.25,-0.25,-8,-6.75,-0.75,-4,-7.25
7882,0,0,12,-7.75,-2,-9.75,-5.75,-11.5,-2,-3,-5.75,-6.25
7883,4,4,-5.25,-5,-4.25,-9,9,-13.5,-7,-1.25,-7,-8
7884,9,9,-3.25,-15.25,-5,-5.5,0,-11.25,-15.75,0,-0.75,7.75
7885,4,4,-4.5,-7,-5,-12.75,10.75,-12.5,-3.75,-5.25,-6.75,-6.75
7886,2,2,-6.75,-16,4.5,-1.25,2,-15,-12.75,-5,-4,-8.5
7887,0,0,10.75,-15.75,-1.75,-7.75,-7.5,-7.25,0.5,-3.25,-5.75,-1.5
7888,5,5,-7.75,-9,-6,-3.25,-3.5,2.75,-5,-7.25,-4.75,-1.75
7889,0,0,11.75,-15,-3,-5.75,-9.25,-5.5,-1.25,-4.25,-7.75,-4
7890,1,1,-5.75,6.5,-6,-8.5,-1.25,-8.5,-8,0.5,-2.5,-6.25
7891,6,6,-0.25,-13.25,-4,-9.25,-0.5,-5.25,9.25,-13,-1.25,-5
7892,9,9,-8.25,-11.5,-9.75,-4.25,-0.5,-5.25,-13.75,-4,-0.75,5.75
7893,3,3,-6.75,-12.5,-3,6.5,-6.25,-3.25,-19.5,-12.25,-3.25,-3.25
7894,2,2,-3.25,-11,10.25,-0.5,-4.25,-19.25,-14.25,-0.75,-4,-7.5
7895,9,9,-3.75,-13.75,-6.5,-5.75,0,-9.5,-11.75,-2.25,-1.5,7
7896,1,1,-4.5,4,-4.75,-8,-0.5,-10.5,-7.75,-0.75,-2.25,-6
7897,6,6,0.5,-9.5,-4.25,-8.75,-2.5,-3.25,10.5,-15,-3,-7.5
7898,0,0,10.25,-16.75,-1.25,-7.75,-6,-7.75,1.5,-4.75,-4,-3
7899,1,1,-2.5,0.75,-5.25,-7.75,-2.75,-9.25,-5.5,-2.25,0,-4.25
7900,1,1,-3,2.5,-5,-8.75,-1.25,-10.75,-6.5,-3.5,-1.25,-7
7901,8,8,-0.75,-10.5,0.5,-4.75,-6,-9.75,-7.75,-5.5,5.75,-8
7902,7,7,-8.25,-8.75,-4.5,-4.5,-3.75,-7.75,-16.25,5,0.5,0.75
7903,7,7,-5.25,-8,0.5,-2.25,-5.5,-12.25,-18.25,9.25,0,-0.25
7904,6,6,0.25,-13.5,-4.25,-9,-2.25,-3.5,10.5,-14.5,-3.25,-4.25
7905,3,3,-3.25,-12.5,1.75,3,-7.25,-7.25,-13.5,-10.75,-3.5,-2
7906,6,6,-1.25,-10.5,-4,-9,-0.25,-4.75,8.5,-13.5,-3.25,-5.25
7907,0,0,10,-14,-1.5,-6.5,-6,-7.25,-0.25,-4.5,-5.75,-2.75
7908,7,7,-7.5,-7.5,-5.25,-5.25,-3.75,-8.75,-16.75,8.25,-1.5,2.25
7909,2,2,-4.75,-10,6.75,-3.75,-2.5,-14,-11.5,-5.75,-2.75,-5.25
7910,4,4,-3,-10.5,-5,-11,9.75,-14.5,-6,-2.75,-4.5,-4.5
7911,1,1,-5,3.5,-3.75,-8.25,-0.25,-11,-8.5,-2.75,-2.5,-8.75
7912,7,7,-8.75,-5.75,-4.25,-4.5,-4.25,-8.5,-18,7.75,-0.5,1
7913,0,0,11,-12.25,-1.25,-8.5,-5.5,-11,-0.25,-3.25,-2.75,-4.25
7914,6,6,1.25,-12.5,-3.75,-9.5,-3,-3,9.25,-13.25,-2.75,-5.25
7915,7,7,-9.25,-10.5,-6.5,-3,-5.25,-4.75,-16.75,3.25,0.25,2
7916,1,1,-4,2.5,-4.5,-9.25,-1.5,-8.5,-5.5,-5.25,-1.5,-7.25
7917,2,2,-2.75,-17.5,8.5,-1.5,-1.75,-16.75,-10.75,-6,-2.75,-7.25
7918,5,5,-6.75,-8,-4.5,-2,-5.5,2.25,-1,-9,-3,-7.75
7919,8,8,-2,-13.5,0,-3.75,-7.75,-7,-7.75,-7.75,6.5,-7.5
7920,1,1,-4,2.5,-3.5,-8.25,-1.75,-10.75,-8,-3.75,-0.75,-8
7921,8,8,-3.5,-5.75,-3.5,-3.5,-6.25,-4.5,-2,-6.75,-0.75,-4.5
7922,2,2,-1.75,-12,9.25,-2.75,-2.25,-17,-8.75,-4.5,-3,-8
7923,8,8,-2,-10.5,1,-4.25,-8,-8,-6.25,-6.75,4.75,-9.75
7924,7,7,-7.25,-7.25,-4.75,-4.5,-3.75,-7.5,-16.5,7.25,-1.75,0.5
7925,6,6,0.75,-10.25,-3,-9.5,-0.75,-5,9.75,-13.75,-2.25,-7.75
7926,8,8,-1,-12.75,-0.75,-5.75,-7.75,-7.75,-6,-8.5,7,-8.75
7927,7,7,-9.25,-2.75,-3.75,-3.75,-4,-9,-17.5,7,-1,0
7928,1,1,-2.5,0,-4,-7.5,-1,-10.25,-6.75,-5,-1.75,-7
7929,6,6,2.25,-8.5,-1.25,-11.25,0.5,-7,10,-12,-4,-10.25
7930,2,2,-5.25,-6.75,7.75,-3.5,-2,-15.25,-8.25,-5.75,-3,-11
7931,9,9,-9.75,-14,-8.5,-1.75,0,-6.25,-19.5,-2.25,-1.25,6.5
7932,3,3,-10,-16,-4.25,10,-9.5,-1.25,-24,-13.25,-6.5,-1.75
7933,0,0,10,-9.25,-1.25,-7.75,-8.25,-6,-3,-2.5,-7.25,-3.5
7934,1,1,-5.25,4.5,-8.5,-9.25,-3.5,-4.5,-0.75,-5.75,-0.5,-5.75
7935,2,2,-3.25,-8,13.75,1.75,-8.75,-21.75,-17,3,-3.25,-10
7936,3,3,-6.75,-11.75,-1.75,10,-11,-7,-23.25,-8.25,-1.75,0
7937,4,4,-7.75,-7.5,-9,-10.5,10,-11.75,-8.75,-2,-5.25,-3.25
7938,5,5,-11.25,-23,-12.75,-4.5,-10,12.5,-1.25,-22.75,1.25,-3.75
7939,6,6,-3.5,-9.25,-4.25,-9.75,0.75,-2.5,10.75,-15.25,-3.25,-8
7940,7,7,-3.5,-7.5,2.25,1.75,-10.25,-12.25,-20.75,13.5,-3.5,1.25
7941,8,8,-1,-10.5,-2.75,-7.75,-5,-11.25,-6.25,-9.25,6,-3.25
7942,9,9,-10.25,-11.75,-9.5,-3.5,-2,-2.75,-15.25,-2.25,-0.75,5.75
7943,0,0,10.25,-12,-1.25,-7,-11.75,-3,-1,-3.5,-8.5,-2
7944,1,1,-4.5,5,-5,-9,-1.75,-7.5,-2.5,-4.25,-1.75,-6
7945,2,2,-1,-16.75,6.5,0.5,-2,-12.5,-8.75,-7,-5.25,-7.5
7946,3,2,-7.25,-12,6.25,6,-8.75,-11.75,-20.75,-7.25,1.25,-6.5
7947,4,4,-7.25,-6.25,-8.25,-10.25,9.25,-11.75,-8.25,-2,-5,-2.75
7948,5,5,-8.25,-20.5,-11.75,-5.25,-12.5,13,-4.5,-19.5,2.5,-4.75
7949,6,6,-1.5,-8.5,-5.25,-8.5,-1,-2,9.5,-14,-5.75,-5
7950,7,7,-3.25,-7.75,3.75,1,-9.75,-13.5,-19,12.25,-2.25,-0.5
7951,8,8,-6.5,-8,-4.75,-4,-5.5,-6.5,-7.75,-4.5,3,-1.25
7952,9,9,-10.75,-5.25,-8.25,-2.75,-2.5,-3.75,-16,-0.25,-2.75,4
7953,0,0,12.25,-8.75,-2.5,-11.25,-9,-6.25,2.25,-7.25,-6.75,-7.5
7954,1,1,-4.5,5.5,-6.5,-9.25,-1.75,-6.75,-3.25,-3.5,-1.25,-5.25
7955,2,2,-4,-13.25,8.25,-0.5,-1.5,-17,-13.75,-3.5,-4.5,-9.5
7956,3,3,-6.75,-15.75,-1.25,12.5,-12,-2.75,-23.25,-13.5,-5,-3.5
7957,4,4,-10.5,-6.25,-10.25,-10,8,-10,-12,0,-3,-0.25
7958,5,5,-8,-20.25,-11,4.25,-9.5,9.25,-13.75,-14.25,-4.5,-0.5
7959,6,6,0.75,-11.25,-6,-8,-4,-0.75,12.75,-16.75,-5.25,-5.25
7960,7,7,-4.25,-6,3.75,1.25,-9.25,-15.75,-22.25,12.25,-1.75,-0.5
7961,8,8,-3.75,-9,-1.75,-5,-6,-9.25,-8.75,-4.5,5.75,-2.25
7962,9,9,-11.75,-12.75,-9.5,-4,-0.5,-5,-18,-0.25,-1.25,7
7963,8,8,-3.25,-14.5,-1.5,-4.25,-6,-9.75,-9.5,-5,6.5,-1.75
7964,9,9,-11.5,-8.75,-9.75,-5,-1.25,-4,-15.5,-1.75,-0.75,4.5
7965,5,5,-11.25,-26.5,-15.75,-1,-13.75,16,-11,-22.5,-1.75,0.25
7966,7,7,-4,-5.75,4,1.75,-8.75,-14.75,-22,12.5,-2.75,0.25
7967,0,0,12.5,-12.5,-0.75,-9.75,-7.25,-9.25,0.5,-6,-5,-7.75
7968,3,3,-6.75,-17,-0.5,14.25,-13.5,-7.25,-31.25,-8.75,-3.75,-1.5
7969,1,1,-5.5,8.25,-5.5,-9.75,-0.5,-6.75,-2,-3,-3.5,-6.5
7970,6,6,-0.25,-7.25,-2.75,-7.25,-0.75,-3.25,10.75,-13.25,-5.5,-8.25
7971,8,8,-3.75,-10,-4.75,-8.25,-3.25,-12.25,-13.5,0,5,1.75
7972,4,4,-9.5,-3.25,-10,-11.25,10.5,-12.5,-11.5,0.5,-5.25,-2.25
7973,1,1,-5.5,6.5,-3.75,-7,-0.5,-9.75,-8.25,0,-3.5,-5.25
7974,5,5,-7.25,-17.5,-11.5,0.75,-8.25,8.75,-11,-10.25,-4.25,-0.25
7975,6,6,-1,-12,-5.75,-9.5,-1.25,-2,11.5,-17.5,-2.5,-8.5
7976,4,4,-3.25,-6,-5.25,-12.5,10.5,-13.75,-4.75,-4.25,-7,-5.5
7977,2,2,-4.25,-6,13.5,0.25,-7.75,-21,-13.75,2,-5.75,-12.5
7978,7,7,-1.75,-8,6.75,1,-12.25,-14.75,-18.5,9.75,-1.5,-3.5
7979,8,8,-2.25,-14.5,1.25,-3.5,-6.75,-13,-12,-3.5,7.25,-1
7980,1,1,-4.75,7.25,-3.75,-7.5,-2.75,-8.25,-4.25,-2.25,-2.5,-4.25
7981,3,3,-8.5,-16.25,-2.25,12.5,-11.5,-3.75,-27.75,-10.25,-5.5,-0.5
7982,4,4,-9.75,-4.75,-11,-8.25,6,-7.5,-11.5,-3.5,-3,-1
7983,3,3,-9.75,-15.25,-8,9.75,-10.25,3,-23.5,-17.5,-4.25,-1
7984,4,4,-7.25,-4.25,-8.5,-9.75,7.5,-11.75,-9.75,-2.5,-4.5,-1.25
7985,7,7,-5.25,-5.75,3.25,-0.5,-6.75,-14.75,-20.25,9.5,-0.25,-1
7986,2,2,-0.25,-11.5,8.5,2.25,-7.5,-17.25,-13.75,2.25,-0.5,-4.75
7987,0,0,10.75,-13.75,-1,-9.25,-6.5,-9.75,0.75,-4.5,-3.5,-4
7988,5,5,-8.5,-19,-9.75,-3,-7,9.5,-5,-13,-4,-0.75
7989,0,0,10.25,-11.75,-0.75,-6.75,-5.25,-8.75,-0.75,-3.75,-6,-3
7990,1,1,-3.75,3,-8.5,-10,-3.5,-4.75,-1.5,-6.25,1,-5.25
7991,9,9,-9,-9.75,-7.5,-5.25,-2.25,-5.25,-11.25,-1.5,1.5,3
7992,2,2,-5,-5.5,12,-0.5,-4.25,-18,-10.5,-1,-4.75,-13.25
7993,3,3,-5.75,-14.5,-5.25,11.75,-10.75,-0.25,-24.75,-10.75,-6.75,-1.5
7994,2,2,-2.25,-12.25,10.25,2,-6.75,-17.5,-15.25,0.25,-3.5,-6.5
7995,3,3,-9,-14.75,-3.25,12.75,-10.5,-4,-29,-10.5,-5.25,-0.25
7996,5,5,-7.25,-9.5,-7.25,-3,-6.25,6.25,-3.25,-7.5,-3,-4.25
7997,5,5,-9,-14,-11.75,1.75,-11,9.5,-12.75,-12.25,-4.25,-3.75
7998,7,7,-6,-8,1.25,-2.25,-7,-11.25,-15.75,10.5,-1.5,-2.25
7999,8,8,2.25,-17.75,-2,-8,-6.75,-8.75,-5,-1,5,-1.25
8000,4,4,-2.5,-4.75,-1.5,-10,8.75,-14,-6,-6,-11,-7.5
8001,9,9,-8.75,-15.75,-6.25,-0.75,-1.25,-8,-22,0.5,-2,8.5
8002,9,9,-10.5,-9.75,-9,-1,-2.5,-3.75,-18.25,-0.75,-2.75,5.25
8003,7,7,-7,-0.75,2,-0.25,-8,-13.5,-21.5,9.75,-1.5,0
8004,1,1,-2.25,5.75,-3.75,-9.25,-2.25,-7.5,-0.25,-4.75,-1.5,-6.75
8005,1,1,-5.5,8,-4.5,-8,0,-9.25,-6.75,1,-4,-5
8006,9,9,-10,-14,-10.25,-2,-3,-2.5,-17.25,-1,-1.75,6.5
8007,0,0,11.25,-11.25,-1.25,-11.25,-7.25,-9.25,3,-4.25,-5.25,-6.25
8008,7,7,-4,-6.5,6,0.25,-10.5,-14.25,-19.75,11,-1.25,-1.5
8009,8,8,-5,-16.75,1,-3.25,-8.25,-12,-14.75,-4.75,8.5,-1
8010,3,3,1.25,-14.75,4,6.25,-11.5,-10.25,-16.75,-6.75,0,-3
8011,4,4,-7.25,-7,-9.5,-8.5,7,-8.5,-5.75,-4,-4.25,-4
8012,8,8,-1,-9.25,-2.5,-7.25,-3,-9.5,-6.5,-5,5,-5.75
8013,6,6,0.5,-12.25,-4.75,-10,-1.75,-2.5,12.5,-15.25,-4.5,-5.75
8014,3,3,-4.25,-12.75,-0.5,9,-11,-3,-19.5,-10.5,-3.5,-2.75
8015,8,8,-1.25,-16.75,1.25,-5.75,-10.75,-7.75,-9.75,-3.25,7.25,-1
8016,0,0,8,-15.5,-0.5,-4.5,-4.5,-6.75,-2.75,-3.25,-7.25,-0.5
8017,9,9,-9.75,-15,-10.25,-3.5,-1.75,-4.5,-17,-1.5,-1.75,8.5
8018,6,6,-1.75,-7.25,-2.5,-10,1,-4.25,10.5,-13.5,-6.25,-7.5
8019,2,2,-1.75,-11,10.5,1,-7.25,-18,-13.5,0.25,-1.5,-9
8020,1,1,-3.5,3.75,-4.5,-7.5,-1.75,-6,-0.5,-2.5,-0.5,-5
8021,0,0,11.25,-12.75,-1.25,-8.25,-6.75,-7.5,1.5,-3.75,-7.25,-4
8022,1,1,-3,4,-5.75,-9.25,-2,-7.75,-0.75,-5.75,-0.75,-6.25
8023,0,0,11.75,-12.75,-0.5,-7.5,-6.5,-10.25,-2.25,-2.5,-4.5,-4.5
8024,6,6,-0.5,-8.25,-2.25,-11,1.25,-4.5,12.25,-14.5,-5.75,-10.75
8025,2,2,-1.25,-14.25,11,-0.5,-1.5,-20.25,-9.25,-2.75,-4.25,-12.25
8026,3,3,-8.25,-14.75,-0.5,13.5,-12,-6.5,-30.75,-11.5,-4.25,-1.5
8027,8,8,-2.75,-15,0,-4.5,-7.25,-11.25,-8.75,-6,7,-2.25
8028,9,9,-10.5,-7.5,-9.75,-5.75,-0.25,-4.5,-12.5,-2.5,-1.25,3.75
8029,0,0,11.25,-12.75,1.5,-8.25,-4.75,-13,0.5,-4,-3.75,-5.5
8030,7,7,-2.75,-8.25,4.75,0.5,-10,-14.25,-18.5,11,-3,-1.5
8031,2,2,-5.5,-5.75,11,-1,-4.5,-16.75,-11,-0.5,-7,-13.25
8032,3,3,-8,-16.5,-5.5,11.5,-11.5,-1,-25,-13.75,-3.5,-1.25
8033,4,4,-11,-7.25,-8.5,-9.25,9.25,-10,-11.5,-3.25,-4.25,-4.75
8034,5,5,-13.25,-24,-15.5,1.25,-12.5,15,-13.5,-24.5,0.75,-3.75
8035,5,5,-12.5,-21.25,-13.75,1.25,-11.75,12.25,-14.75,-20.25,0.75,-3.75
8036,2,2,-4,-14.25,10,1.25,-3.25,-16.5,-9.5,-4.25,-3.5,-11.75
8037,8,8,-0.5,-15.25,1.75,-2.75,-8.75,-11.5,-10.75,-3.5,6.75,-2
8038,5,5,-4.5,-19.5,-12.25,-6.25,-11.5,10.5,-3.5,-16.25,1.5,-5.75
8039,4,4,-9.5,-6.25,-11,-11.5,9.25,-11,-11.5,-1.75,-3.75,0
8040,6,6,-2,-10.75,-3.5,-8.75,0.5,-3.5,9.5,-13.75,-4,-6
8041,6,6,-1,-9.5,-5.25,-9.5,-0.5,-3.25,11.25,-15,-4,-6.75
8042,6,6,-0.5,-7.5,-3.75,-9,0.5,-3.25,11,-14,-5,-8
8043,7,7,-6.25,-6.5,5.75,1.5,-9.75,-15.75,-21.25,11,-0.5,-0.5
8044,9,9,-9.25,-4.25,-7.25,-3.5,-2.75,-6.25,-14.25,0.25,-1.75,2.25
8045,1,1,-5,6.5,-4.75,-8.75,-1.5,-8.5,-4.75,-3.25,-2.75,-7
8046,8,8,-4.5,-7.25,-2.75,-5,-5.5,-9.5,-11.25,-1,5,-0.75
8047,2,2,-1,-13,6.25,-0.25,-6.5,-12,-9.75,-3.5,-2,-7.25
8048,1,1,-5.25,6.75,-4.5,-7.5,-2.5,-8.25,-4.5,-2,-2,-4
8049,5,5,-9.75,-23.75,-11.75,-5.75,-12,12.75,-1,-22,2.5,-4.25
8050,3,3,-1.5,-11.75,2.75,6.25,-8.25,-8,-17.5,-9.75,-5.5,-4.75
8051,4,4,-8.25,-6.25,-9.75,-8.5,8.75,-10.5,-9.5,-1.5,-5.75,-3
8052,7,7,-5.75,-8.25,3.25,0.25,-8,-14.25,-21,11.25,-1,0.5
8053,9,9,-9.5,-17.75,-7.75,-2.75,-2.25,-7.25,-19.75,-0.5,0.25,8.5
8054,4,4,-8,-5.5,-10,-13,10.75,-13.25,-9,-2.5,-4.5,-1
8055,0,0,11,-12.25,-0.25,-6.75,-6.5,-9.75,-0.75,-3.5,-4.25,-4.5
8056,0,0,11.75,-11.25,-1.5,-7.25,-9.5,-6.75,-2.75,-4,-6,-5
8057,0,0,10.5,-10.75,0.25,-8.5,-9.25,-8.75,-3.25,-2.25,-7.25,-2.5
8058,1,1,-5.25,5.5,-5.25,-7,-3.25,-7.75,-5.25,-2.25,-2.5,-3.25
8059,2,2,-7.75,4.25,5.5,-3.5,-7.25,-11,-7.5,-5.25,-2.5,-13.25
8060,3,3,-8.25,-11.25,-4.75,9.75,-9,-3.5,-25.25,-7.5,-4,1.25
8061,4,4,-4.75,-10.5,-4.75,-6,2.25,-7,-2.5,-9.5,-3.75,-3.25
8062,5,5,-2.5,-9.25,-8,-7,-9.25,4.25,0.75,-11.75,1.75,-5
8063,6,6,-3,-0.5,-3.25,-7.25,-1.75,-5.75,4.5,-12,-4,-8.75
8064,7,7,-7.25,-2.5,0.75,-0.25,-9,-12,-21.5,10.5,-0.5,-1
8065,8,8,-2.75,-7.5,-6,-6.5,-2.5,-5.5,-3.25,-8.75,2.75,-2.5
8066,9,9,-9.5,-5.75,-9.75,-2.75,-2.75,-3,-15.5,-2.75,-2.75,3.75
8067,0,0,10.75,-12.5,-0.25,-8.75,-8,-9.75,-2.75,-3.5,-3,-7.25
8068,1,1,-4.75,5.75,-6.25,-7,-3.25,-7.75,-5,-2.5,-2.25,-3.5
8069,2,2,-5.75,2.25,7.75,-0.25,-7.75,-12.25,-10.5,-1,-3.75,-9.25
8070,3,3,-7.25,-14.25,-2.5,13,-10,-5.5,-27.5,-8.5,-6.25,0.5
8071,4,4,-5.75,-5,-7.25,-7.5,2.5,-4.75,-2.75,-8.5,-5.75,-3
8072,5,5,-11.25,-14.25,-16.25,1.5,-11.5,12,-15,-16,-4.75,0
8073,6,6,-1.75,-5.5,-6.25,-7.5,-1.5,-3.5,6.75,-15.25,-3.75,-7
8074,7,7,-9.25,-1.75,-6,-3.25,-4,-6.75,-18.75,9.5,-4,1
8075,8,8,-1.5,-4,-5.75,-6,-5,-6,-4,-9,2.75,-3.75
8076,9,9,-9.75,-7.75,-10.25,-6.5,0,-4.75,-13,-3.25,-1.25,5.5
8077,0,0,9,-12.5,-1.75,-9.5,-5.5,-12.75,-1.75,0,-1.25,-1.75
8078,1,1,-5.75,5.75,-4.25,-5,-3.5,-8.75,-7.25,-1.25,-2.5,-3.25
8079,2,2,-6.75,2,9.25,-0.75,-9.5,-15,-12,-4,-2.25,-13.75
8080,3,3,-7.5,-14.25,-0.25,12.75,-11.75,-8,-29.75,-4.75,-4.5,1
8081,4,4,-2.75,-7,-2.25,-8,2.5,-7.5,2,-9.25,-5.25,-7.5
8082,5,5,-10.5,-21,-16,0,-10.25,12.75,-8.25,-19.5,-1.5,0
8083,6,6,-1.75,-8.25,-4,-9.5,-1.25,-3,11.25,-14,-2.75,-7.25
8084,9,9,-9,-11.5,-9.75,-3.75,1.25,-5.75,-14.5,-4,-3.25,5.75
8085,0,0,11.75,-11.5,0.25,-9.25,-7,-11.5,-0.25,-3,-3.25,-4.75
8086,1,1,-5.25,7.25,-5.5,-7.25,-1.75,-8.5,-5.75,-1.25,-2.75,-3.25
8087,3,3,-6.5,-13.25,-1.5,11.75,-12,-6.25,-25.5,-4.75,-2.75,0
8088,1,1,-4.5,5.5,-5.75,-7.5,-4.5,-6.75,-4.25,-1.75,-1,-3.25
8089,5,5,-11,-17.25,-14.5,-4.25,-11.25,13.25,-8,-16.25,0,-1.75
8090,1,1,-5.25,5.75,-5,-8,-2.25,-8,-3.5,-3.25,-2,-4.5
8091,2,2,-2,-4.25,2.25,-5,-6,-7.5,-3.5,-5.5,0,-7
8092,4,4,-6.25,-6,-5.75,-5.75,3.25,-8.25,-4.25,-7.25,-4.75,-5
8093,9,9,-9.5,-9.5,-9.75,-4.25,-0.25,-4,-13.25,-4.5,-1.25,4.25
8094,2,2,-7.5,-1,0.75,-4,-5,-8.25,-9.5,-5.75,0.25,-7.75
8095,4,4,-6,-2,-3,-6.5,1,-8.75,-2.5,-7,-4,-7.25
8096,6,6,-0.25,-6,-3.75,-7.75,-0.5,-6.5,7.25,-12.25,-4.75,-6.75
8097,8,8,0,-20.25,-5,-4,-5.5,-6.25,-8.5,-10.5,5,-0.75
8098,0,0,9.75,-11.5,-3,-10,-7.25,-5.5,2.75,-5.25,-6,-5.5
8099,1,1,-5.5,7.75,-4.25,-7.75,-1,-7.75,-4.5,0.25,-2.75,-4.5
8100,1,1,-5,6,-5,-7.75,-2.5,-8,-3.5,-3,-2.25,-4.25
8101,9,9,-7.75,-11.75,-10,-5,-0.5,-4.75,-11.25,-5.75,-1.5,5.75
8102,2,2,-4.75,-0.75,7,-1.25,-9.5,-12.5,-10.5,-2,-0.75,-10.5
8103,6,6,-2.75,-3.25,-3.25,-5.25,-1.75,-5.25,5.5,-11.75,-5,-7.75
8104,6,6,-1.25,-5.25,-5.25,-9.25,-1.25,-4.25,7.25,-13,-2.75,-7.5
8105,8,8,0.25,-7,-3.75,-5.5,-3.5,-8.5,-4.5,-7.25,2.25,-3.5
8106,7,7,-7.5,0.75,-1,-4,-6.75,-11.75,-18.25,8.5,-0.75,-0.75
8107,4,4,-3,-11.25,-4.75,-4.25,1.5,-7,-4,-8,-5,-2
8108,2,2,-6.25,-2.25,11.25,-3.25,-4,-17.25,-11.25,-0.25,-4.5,-11.75
8109,9,9,-9,-9.25,-10.25,-5.25,-0.25,-5,-13.25,-3.25,-1.25,5
8110,7,7,-8.75,-1.25,-5.5,-4.5,-5.5,-6.5,-15,5.25,-1.25,2
8111,0,0,11.75,-13.25,-0.75,-10.25,-7.25,-9,1.25,-4,-4.75,-5
8112,2,2,-3,-2.5,8.75,-0.75,-10,-14.75,-12,0.5,-0.75,-8.75
8113,1,1,-4.75,8.75,-5.25,-8.75,-1.75,-8,-3.5,-1.5,-2.5,-5.25
8114,0,0,11.25,-13.5,-1.75,-6,-8.5,-7.25,-2,-3.75,-7,-5.25
8115,3,3,-4.75,-15.75,-8,1.5,-4.75,-0.25,-9.5,-12.25,-0.25,-1
8116,6,6,-0.75,-13,-4.5,-10.5,-2,-2.25,13.25,-17,-2.75,-7.25
8117,0,0,11.75,-7.25,-3.25,-11.5,-9.25,-4.25,3.75,-9.25,-7.5,-9.75
8118,1,1,-5.25,8.25,-6,-9.5,-0.5,-8,-5,-3.5,-3,-8
8119,2,2,-5.75,-9,7.25,-1,-1.75,-14.25,-9.75,-1.25,-2.75,-9.25
8120,3,3,-8.75,-12.5,-0.75,9.75,-13,-7.75,-28.25,-0.5,-1.5,-0.75
8121,4,4,-8,-4.75,-5.75,-10.25,8.5,-10,-4.25,-4,-5.25,-8.75
8122,5,5,-6.5,-13.75,-8.5,-4.25,-7,6.5,-6,-7.75,-1.25,0.25
8123,6,6,-2.25,-9.5,-1.25,-8.5,-1,-2.25,7.5,-12.75,-5,-6.5
8124,7,7,-3.25,-6.5,1.25,-0.25,-7.25,-11.5,-19,12,-2.5,2
8125,8,8,-6.25,-16.25,-1.75,-8.75,-3.75,-7.5,-5,-9.5,6.25,-5.75
8126,9,9,-4.25,-17,-7.75,-5.75,-2.5,-3,-12.5,0,-1.5,8.25
8127,0,0,12.5,-10.75,-1.75,-9.25,-9.75,-6.25,0.75,-6.5,-3.75,-6.75
8128,1,1,-4,5.5,-2.75,-8.25,-1.25,-6.75,2.25,-7.25,-4.75,-9.25
8129,2,2,-6,-7,10.5,0,-4,-18,-11.5,-2.75,-3.5,-13.25
8130,3,3,-6.25,-13.75,-4.25,11.5,-10,-3.75,-25.5,-5.75,-7,0.75
8131,4,4,-8.75,-7,-9.25,-12.25,10.25,-12.75,-9.5,-3,-4.75,-3
8132,5,5,-5.25,-11.75,-6,-2.75,-5.75,5,-4.25,-7.25,-3.5,-3.25
8133,6,6,-1.75,-12.5,-4.25,-8,-2.5,-0.5,12.25,-17,-4,-5.25
8134,7,7,-5.5,-3.75,1.5,1.25,-7.25,-13,-20.25,12.5,-2.25,0
8135,8,8,-6,-14.25,-3.25,-7.5,-2.5,-6,-3.75,-8.5,4.75,-3.5
8136,9,9,-5.25,-12.75,-4.25,-5,0,-12.75,-17.5,4,-0.75,8.5
8137,0,0,11.5,-9.25,-2.5,-8,-8.25,-8,-3.75,-3.25,-4.25,-4.5
8138,1,1,-3.75,8,-3.5,-7.5,-1.25,-10.25,-7,-3.25,-1.75,-7.5
8139,2,2,-6.5,-4,9.75,-1,-6,-16,-13.25,1.75,-3,-11
8140,3,3,-7.75,-19.75,-1.75,14.5,-14.5,-5.5,-31,-11,-1.5,-2.5
8141,4,4,-6,-6.5,-6.75,-10.25,7,-12,-9.25,-1.25,-4.5,-1.25
8142,5,5,-9.75,-14.75,-8.75,-4,-4.5,8,-4.5,-11.5,-5.75,-2
8143,6,6,-0.25,-9.25,-2.25,-7,-4,1,8.5,-13.25,-5.5,-11.25
8144,7,7,-5.5,-2.25,1.5,-1,-7.75,-13,-20.5,11.5,-1.75,0.5
8145,8,8,-5.25,-11,-4,-6.25,-6.75,-3.5,-5.25,-10.75,7.5,-7.75
8146,9,9,-8.25,-7.25,-6,-1.25,-2.5,-5.75,-16.25,-1.25,-0.5,4.25
8147,8,8,-4,-11.25,-3,-4.75,-6,-4.25,-5.25,-6.5,4.75,-1.25
8148,6,6,-2,-10.5,-3.75,-7.75,-0.75,-1.25,11.25,-15.25,-4.75,-4.75
8149,5,5,-9.25,-17,-13.25,-3.5,-8.75,10.5,-10,-10.5,-2,1
8150,9,9,-8,-13.25,-6.5,-2.25,0.25,-6.75,-19.75,-0.25,-2.5,6.75
8151,7,7,-8.25,0.25,2.5,-0.75,-6.25,-12.25,-19,10.5,-3.5,-1.5
8152,0,0,11.5,-9.5,-2.75,-10.75,-7.75,-6.75,1.5,-6.25,-5.75,-7.25
8153,2,2,-6.25,-3,8.75,-1,-4.25,-13.5,-11.25,-1.25,-6.25,-9.75
8154,3,3,-6.5,-13.25,-5.75,9.25,-10.75,-3,-24,-4.5,-4.75,0.25
8155,4,4,-6.25,-5,-9,-11.75,8.25,-11,-4.5,-4,-4.25,-2.25
8156,3,3,-8.75,-18,-4.75,8.25,-12,-4,-28.5,-3.75,-2.25,2.25
8157,8,8,-5.25,-14.75,-3.5,-6.75,-10.25,-1,-6,-8.25,7,-1.5
8158,5,5,-6.5,-15.25,-4.5,-1.5,-4.5,5,-6,-8.75,-4.5,-3
8159,1,1,-6,7.75,-4.75,-7.5,0.75,-9,-8.25,1.25,-4.25,-5.25
8160,5,3,-3.5,-10,-5,1.75,-4.75,1.5,-10.5,-7.5,-6,1
8161,2,2,-6,-6.75,11,-1.75,-1.75,-19.5,-11.75,-1.5,-3.75,-12
8162,3,3,-6.5,-16.75,1.75,10.25,-12.25,-8.75,-25,-6.75,-1,-4.75
8163,0,0,7.25,-9.25,-1.5,-8.5,-5.75,-3.75,0.75,-2,-7.25,-4
8164,1,1,-7.25,7.25,-3.5,-7.5,1.5,-11.25,-12.25,-0.25,-5,-8
8165,2,2,-4.75,-5.25,2.75,-2.25,0,-6.75,-3.25,-3.75,-2.25,-9.25
8166,1,1,-4.25,8,-4.75,-7.75,-1.75,-6.75,-4,-5.25,-2,-7
8167,3,3,-7.25,-17.75,-3.25,13.75,-14.25,-4.25,-29,-7.25,-4.25,0
8168,2,2,-6.25,-3.5,8.75,-0.75,-5,-16.25,-12,1.75,-4.25,-11.25
8169,6,6,-0.5,-13,-4.5,-8.25,-4.25,-0.25,12.75,-18,-4.5,-4.5
8170,5,5,-4,-10.5,-6,-4.25,-5,3.25,-1,-7.5,-3.25,-4
8171,3,3,-7.75,-13.25,-9,8,-8,0.75,-23.25,-10.75,-6.25,0.25
8172,0,0,10,-10,-2.75,-9,-8,-5,1.75,-4.5,-6.75,-4.5
8173,7,7,-8.75,-1,-0.25,-2.5,-4.75,-12.5,-18.75,11.25,-1.75,-2
8174,2,2,-4.25,-7,9.25,0.5,-5,-15.75,-11.25,-0.75,-6.5,-10
8175,7,7,-7.25,-4.5,1.25,-1.25,-6.25,-12.25,-19.75,11.25,-1.5,1.25
8176,4,4,-9,-5.75,-9.75,-12.75,10.5,-12.75,-9,-1.5,-3.5,-0.75
8177,6,6,-2.5,-11.5,-4,-7.25,-2.75,-0.25,11,-16.75,-5.25,-4
8178,4,4,-6,-8,-4,-8.75,7,-14.75,-9.75,-2.25,-4,-1.75
8179,0,0,10,-8.25,-3.5,-11,-11,-1.5,3,-8.25,-6.5,-8.5
8180,5,5,-7.5,-18.5,-9.25,-2.5,-6.5,8.25,-5.25,-13.25,-3.5,-0.5
8181,9,9,-8.25,-18.5,-7.5,-5.25,-3.75,0,-10,-3.25,1,5.25
8182,9,9,1.5,-13.75,-2.5,-8.25,-1,-10,-7.75,0.75,-1,4.75
8183,8,5,-6.5,-8.5,-6.25,-4.5,-2.75,0.5,-3.5,-11.25,-0.5,-5.5
8184,9,9,-6.5,-15,-5.75,-6,-0.75,-7.25,-15.25,0.25,0.75,7.75
8185,5,5,-11.5,-11.75,-11.75,-0.5,-10,10.75,-7.75,-20.75,-3.25,-4.5
8186,3,3,-9.25,-17.5,-4.5,11,-13,-3,-27.25,-6.5,-2.75,-0.75
8187,1,1,-6,8,-5.25,-8.5,1.25,-11.5,-11,1.75,-4,-5.5
8188,7,7,-1.25,-7.5,2,-2.75,-6,-14.5,-16.75,11,-2.5,1.5
8189,4,4,-5.25,-6.25,-8.75,-14,10,-10.75,-4.5,-2.75,-5.75,-2.5
8190,7,7,-5,-4.5,3.5,0.5,-6.5,-13.5,-19.5,10.5,-2.25,0.75
8191,6,6,0.75,-6.5,-1.75,-9.75,-2,-3,10.5,-13,-5.5,-10
8192,5,5,-9,-20.75,-8.25,-3.75,-8,9.25,-1.5,-17,-1.75,0
8193,4,4,-3.75,-6,-4.75,-9.25,6.5,-10,-6.25,-3.5,-7.25,-2
8194,0,0,7.75,-1.25,-2.25,-10,-1.25,-10.5,2,-6.25,-7.5,-10
8195,0,0,11,-7.5,-1.75,-10.25,-9.75,-4,1.75,-7,-7,-6
8196,6,6,3.25,-7.75,-0.25,-8.5,-5.25,-2.25,6,-10.5,-5.25,-5.5
8197,6,6,0,-14.25,-3.75,-6.5,-6,-0.25,9,-16.75,-2,-6.25
8198,2,2,-6,-8.75,4.75,-2.25,0.25,-12.25,-9.75,-1.25,-4.25,-7
8199,0,0,8.5,-6.25,-2.75,-9,-5.5,-6.75,-2.5,-1.75,-8.75,-6.5
8200,6,6,0.75,-12.5,-3.75,-8.5,-2.75,-2.25,11.75,-17,-3.75,-10.5
8201,3,3,-9,-17,-3.5,11.25,-11.5,-2.5,-25.75,-7.5,-4.75,0.75
8202,7,7,-5,-3.5,-0.75,-3.25,-2.75,-11,-14.75,8,-1.25,1.25
8203,7,7,-0.25,-5.75,-2,-5,-4,-10.75,-11.75,9.5,-3.75,2.75
8204,4,4,0.25,-6.25,-3.25,-10.75,7,-12.25,-3.5,-2.75,-8,-2
8205,4,4,-3,-7,-4.5,-9.5,6.75,-8.5,-5.25,-4.25,-8,-2.75
8206,3,3,-8.25,-17,-1.5,13.25,-14.25,-5.5,-31,-8.25,-3.25,0.25
8207,9,9,-7.25,-14,-7.5,-5,0,-3.75,-11.75,-3.5,-1,6.75
8208,2,2,-4.5,-5.5,10,-1,-7.5,-15.5,-14,0.75,-6,-6.5
8209,8,8,-4.5,-2,-0.75,-5.75,-6,-9,-6,-8.75,4.25,-7.75
8210,9,9,-3.25,-10.75,-6.75,-6.75,0.5,-6,-10.25,-3,-3.5,6
8211,6,6,-2.75,-10,-3.75,-8.25,-0.75,-1.25,12.25,-16.75,-4.75,-6.75
8212,0,0,7,-9.25,-0.75,-7.5,-3.5,-6,-0.25,-3,-7.5,-2.25
8213,9,9,-2.5,-14,-4.5,-5.75,-1.75,-6.25,-12.25,-2.25,-3.5,8.25
8214,5,5,-10,-21,-12,-0.75,-8.5,12.75,-5,-19.5,-1.5,-1.5
8215,3,3,-10.25,-16.25,-6,11,-11,-2,-29.25,-8,-4.25,1
8216,8,8,-6.75,-10.5,-0.75,-3.75,-4.5,-6.75,-8.25,-11.25,5.75,-7.75
8217,8,8,-5.25,-17.25,-3.25,-3.75,-4,-5.5,-13.25,-5.5,4,1.75
8218,7,7,-7,-2.5,0,-1.75,-4.5,-10.5,-17.75,9.5,-1.75,1.75
8219,1,1,-5,8.5,-5.5,-9,-0.75,-8,-4.75,-3,-3,-7.75
8220,4,4,-9.25,-6.25,-8.25,-12,10,-11.5,-7,-2.25,-4,-4
8221,0,0,10.5,-8,-1.75,-7.5,-8.25,-5.75,-2,-6.25,-6.5,-7.75
8222,4,4,-7,-6.25,-9.5,-12.5,10.25,-11,-6,-3.5,-5.25,-2
8223,8,8,-6,-13,-2,-5.5,-7.5,-4,-6,-9.75,6.5,-5.5
8224,5,5,-7.25,-20.5,-9.75,-1.25,-9.5,11,-4.5,-16.75,-0.5,-2.25
8225,2,2,-6.75,-2.25,9,-0.75,-6.5,-15.25,-15.5,2,-5,-5.25
8226,3,3,-3.25,-18.25,3.25,8.5,-12.5,-10.5,-24.75,-6.75,1,-3.5
8227,9,9,-3.5,-14.25,-5,-5.75,-0.5,-6.75,-12,0.5,0.25,6
8228,0,0,5.5,-5,-1.5,-10,-1.5,-7.5,1.75,-4.5,-8,-7
8229,1,1,-5,7.5,-8.5,-11.75,-0.25,-7.5,-5,-1.5,-1.75,-9.25
8230,9,9,-4.75,-12.75,-3,-4,-1,-8.75,-13.25,2,0.5,6.5
8231,1,1,-5.5,8.25,-4.75,-10.75,0.75,-11,-8.5,-0.75,-2.25,-10.25
8232,5,5,-8.5,-13.75,-8.5,0.5,-5.25,7.25,-9.25,-9.75,-5.5,-1.25
8233,1,1,-5.5,8.5,-8,-11,0,-8.25,-6.5,-1,-3.25,-8.75
8234,7,7,-5.75,-3.75,0.5,-0.25,-5.75,-10.75,-18.5,10.5,-2,1.75
8235,4,4,-3,-8.5,-4,-11.25,8.75,-10.25,-3.5,-3,-5.75,-3.5
8236,8,8,-4.75,-5,-2.75,-7,-0.75,-6.25,-1.5,-9,1.25,-5
8237,6,6,-1.25,-11.5,-6,-9,-4,-0.5,12.5,-17.5,-2.25,-5
8238,2,2,-4.25,-8.75,9.25,-1,-4.5,-15,-13.25,1.75,-3,-5.5
8239,1,1,-4,8,-4.5,-7.5,-1,-8.75,-6.25,-3.5,-2.25,-8
8240,6,6,-1.25,-10.25,-5.25,-7,-3.75,-1.5,10,-18.75,-2.25,-8.75
8241,8,8,-2,-5.25,-2.5,-7.5,-4.5,-9.25,-5.75,-7.75,3.75,-3.75
8242,8,8,-3.75,-1.5,-5,-10.5,-4.25,-5.75,-0.25,-7.75,4.25,-8.5
8243,0,0,7.5,-9,1,-6,-4.25,-7.25,1.5,-5.75,-6.25,-7.75
8244,1,1,-6.75,5.5,-3,-9.25,0.5,-10,-6.25,-3.75,-4,-13
8245,2,2,-5.25,-4.5,8,-1.5,-4.5,-13,-14,-0.5,-6.25,-6.75
8246,3,3,-6.5,-16.75,-10,4.5,-7.5,3,-14.25,-12.25,-1.25,-1
8247,4,4,-6.5,-9.75,-7,-9.75,8.25,-10,-9.25,-2.5,-4.25,1.25
8248,7,7,-4.25,-5.75,2.25,1.5,-9.25,-12.75,-21.5,12,-2.25,-0.5
8249,8,8,-2.5,-12.25,-1.5,-7,-8.25,-5.5,-8.25,-3.5,6.75,-3
8250,9,9,-5.5,-15.25,-6.75,-4.75,-0.75,-5.25,-12.25,-2.5,-1,7.75
8251,0,0,8.25,-8,-1.5,-4.75,-9,-3.75,-2.75,-8,-8,-9.75
8252,1,1,-6.5,8.25,-5,-8.75,1.75,-10.75,-9.25,1.75,-5,-5.75
8253,2,2,-7.5,-9,7,-1.25,-1.5,-15.75,-16.25,0.75,-3.5,-6.25
8254,3,3,-8.5,-15.25,-8.5,9,-8.75,2,-21,-12,-4.75,-0.25
8255,4,4,-6.5,-9.25,-3.75,-6,3.75,-9,-6.25,-4,-4.75,-4.5
8256,6,6,0,-8,0.5,-9.5,0.5,-3.5,10.75,-14.5,-8.75,-14
8257,7,7,-4.5,-3.25,2.25,0.5,-8.75,-13.25,-20.25,10.75,-0.75,-1
8258,8,8,-5.5,-11.25,-2.25,-3,-4,-3.25,-3.75,-6.75,2.25,-2.25
8259,9,9,-7.25,-21.75,-8,-3.25,-5,1.75,-9.25,-6,-0.25,6.25
8260,0,0,6.5,-9.75,-1,-4,-6.5,-2.5,-0.5,-3,-8.25,-3
8261,1,1,-5.75,9,-5.5,-9,0.25,-10.25,-8.75,-1.5,-3,-7.75
8262,2,2,-8,-3.75,6.25,-2.75,-2.25,-14,-11.75,-0.5,-1.75,-8.75
8263,3,3,-7.5,-11.75,-6,8,-10,-0.75,-21.5,-9.25,-3.5,0.5
8264,4,4,-3.75,-7.5,-5.5,-10.5,8.5,-12,-6.75,-2,-4,-1.75
8265,7,7,-1,-6.5,1.5,-0.25,-9.5,-8.25,-13.5,8.75,-4.25,-1
8266,8,8,-5.75,-12.25,-1.25,-3.75,-10.25,-7,-11,-4.75,6.5,-5.25
8267,9,9,-6,-17.5,-5.25,-5.5,-3,-4.5,-10,-1,1,6.75
8268,1,1,-8,7.75,-4,-9.5,1.5,-10.75,-10.25,-1.5,-3.75,-10
8269,4,4,-6.5,-4,-6.5,-8.25,7.25,-11.25,-11,-2.5,-5.75,-1.5
8270,5,5,-2.5,-10,-6.25,-6.5,-6.5,3.25,-4,-2.5,-2.5,-1.5
8271,3,3,-8.5,-15,-11,7.25,-11,4,-20.25,-11,-4.5,0
8272,3,3,-9.5,-11.5,-6.5,3.25,-8.75,0.75,-11.25,-13,2.25,-7.25
8273,0,0,4.75,-14.25,-1.5,-4.25,-5.25,-4.5,-6,-0.25,-7.75,2
8274,9,9,-6.75,-16,-6.75,-3.25,-2.75,-3.5,-13.75,1.25,0.75,6.25
8275,5,5,-3,-10.5,-4.75,-3.5,-4.25,2.75,-3,-4.75,-2.75,-2.25
8276,4,4,-3.75,-3.75,-2.75,-8.25,4.25,-10.5,-6,-4.75,-5.25,-5.25
8277,3,3,-7.75,-14,-9.75,4,-5,2,-14.75,-14,-2,-1
8278,0,0,3.75,-11,-0.5,-4.75,-3.5,-3,-1,-2.25,-9.75,-4.75
8279,8,9,-6.5,-8,-3.5,-5.75,0.25,-5.75,-6.25,-2.25,0.25,1.75
8280,4,4,-7.25,-2.75,-8.25,-12.5,7.75,-11.25,-7.75,-3,-1.25,-2.75
8281,6,6,0.25,1.25,-1,-8,-1.25,-5.75,6.75,-10.5,-6.25,-13
8282,7,7,-6.25,-3.25,4,1.75,-9.75,-14.5,-22,11.5,-1.5,-2
8283,0,0,6.5,-9.25,1,-4.75,-3.75,-5.75,0.5,-3.5,-9.25,-9.5
8284,7,7,-3.75,-8.75,-2.75,-0.5,-8.5,-3.75,-13.5,8.5,-4.5,-0.75
8285,7,7,-7.5,-0.75,1,-0.5,-6.5,-11.5,-19.5,10.75,-2,0
8286,1,1,-5.5,6.75,-5,-6.75,-1.5,-8.75,-11.5,1,-2.5,-5.75
8287,6,6,2,-4,0.75,-7.25,-0.5,-5.75,7.25,-10,-7,-11.5
8288,9,9,-4.75,-15.25,-6.5,-6.25,-1.25,-4,-6.75,-5,-2,6.25
8289,1,1,-5.75,8.75,-5.75,-8.75,0,-9,-8,1,-3.75,-7
8290,3,3,-5,-10.5,-3.5,4.5,-9.75,-0.25,-16,-10.5,-0.25,-4.75
8291,6,6,1.25,-1.75,0.25,-8.25,-1,-5.25,7.5,-10,-6,-12.25
8292,2,2,-0.25,-5.5,7.5,-2,-6.25,-14.5,-12.5,3,-5,-4
8293,3,3,-8,-14,-6.25,6.75,-8.75,-0.75,-21.5,-7,-2.75,1
8294,8,8,-5.75,-12.75,-3.75,-4.75,-1.75,-6.5,-9.75,-1.75,2.25,-1.25
8295,2,2,-5,-8,9.75,2.25,-7.25,-18.5,-19.75,4,0,-6.75
8296,3,3,-7.5,-12.5,-4,7.25,-10,-1.5,-18.5,-10.5,0,-3.75
8297,8,8,-5,-11.75,-2.25,-4.75,-7,-3.75,-8,-3.25,4,0.25
8298,9,9,-5.75,-12.25,-7.25,-6,-2.5,-2,-5.25,-4,-0.25,6
8299,5,5,-3.25,-7.5,-7,-6,-6.25,3.5,-2.5,-4.75,-1.75,-4.75
8300,8,8,-5.25,-14.25,-3.25,-4,-7,-8,-12.75,-1,6,-1.75
8301,8,8,-5,-13,-2.75,-3,-7.75,-4,-9,-4.25,5.25,-0.25
8302,7,7,-1.25,-7.75,1.25,1.5,-9.75,-10.25,-18.5,12,-5,0.5
8303,1,1,-6.75,8.25,-7.5,-10,-0.5,-6.75,-7.25,-3.5,-3,-8.5
8304,7,7,0.5,-8.25,2.5,1.5,-11.25,-11,-18.25,11.5,-5.75,0
8305,1,1,-6,8,-4.5,-9.75,-1.25,-9.75,-9.25,-2,-3,-10
8306,1,1,-5.25,8.25,-5,-8.25,0.25,-9.25,-8,-1.5,-3.5,-7.5
8307,0,0,8.25,-7,-2,-6.5,-8.25,-2.25,-0.25,-7.25,-7.75,-6.25
8308,3,3,-8,-13.75,-8,6.25,-7.75,2.5,-16,-11.75,-1.5,-2
8309,4,4,-7.75,-5.25,-8.5,-11.25,8.25,-12,-11.25,-2.75,-2.25,-1
8310,2,2,-5.75,-1.5,5,-5.75,-0.75,-10.25,-4.5,-5,-4.25,-12.75
8311,6,6,-2,-8.5,-0.25,-10.75,3.75,-6.25,8,-12,-7.75,-9.25
8312,4,4,-10,-5.75,-9,-12.5,9,-9,-9.25,-2,-3.5,-1.5
8313,7,7,-2,-5.75,4.5,2.5,-10.25,-13.5,-20.5,10.25,-2.75,0.75
8314,4,4,-3.5,-2,-5.75,-8.75,5,-11.75,-8.5,-0.75,-5.25,0
8315,2,2,-5.75,-6.5,10,0.5,-6.75,-15.25,-16.25,2.5,-3,-5.5
8316,7,7,-3.25,-6,7.25,3.5,-12.5,-15.75,-23.25,9,-2,-1.5
8317,4,4,-5.5,-9.5,-5.75,-8.75,4.5,-10.75,-10,-1.75,-2.75,1.75
8318,2,2,-0.5,-6.5,6.25,-1.75,-4.75,-15,-13.5,0.25,0.5,-6
8319,9,9,-5.25,-12,-6.75,-6,-2.75,-4,-7,-4.75,-1.5,7
8320,2,2,-7.25,-4.5,9.25,0.75,-7.5,-16,-18.25,6.25,-1.75,-5.5
8321,7,7,-0.25,-9.5,0,2.25,-12,-7,-16.5,9,-4.5,0.25
8322,9,9,-4.25,-14.75,-5,-5.5,-3.75,-1.75,-4.5,-2.75,-1,4.5
8323,2,2,-1.25,-9,8.5,0.25,-7,-14.25,-14.5,-1.75,-0.75,-7
8324,1,1,-7.5,8,-4.5,-9.25,1,-10,-9.75,-1.75,-4.25,-10.25
8325,0,0,4,-0.5,-2.75,-8.75,-0.25,-8.25,2,-7.5,-7.25,-7.5
8326,6,6,-0.25,-2.75,1.75,-7.5,0,-5.75,6.25,-11.25,-7.25,-16.25
8327,5,5,-9.5,-4.5,-6.75,-0.75,-7.25,3,-11.75,-4,-5.5,-2.25
8328,3,3,-6.75,-13,-1.75,12.25,-12.75,-4.25,-26.75,-10,-3.5,-2.25
8329,4,4,-2.75,-1.25,-5.75,-11.5,5.75,-10.25,-4,-5.25,-6,-3.75
8330,8,8,-4.5,-17,1.25,-2,-9,-6.75,-9.25,-7,5.75,-5
8331,5,5,-3.5,-11.25,-6,-1.75,-7.25,6,-2.75,-7.5,-3,-4
8332,9,9,-7.25,-17.25,-8.5,0.25,-6,-1.75,-17.5,-0.25,-2.75,4.25
8333,6,6,1.75,-4.5,-2.5,-12.5,0.25,-4.5,10.25,-10.25,-6,-9.25
8334,9,9,-8.5,-15,-8.75,-6.25,1.25,-3.5,-10.25,-5,-1.75,5.25
8335,0,0,5.75,-7.5,-1.5,-5.5,-7.5,-2.5,-1,-6,-7.75,-8
8336,6,6,-1.5,-8.25,-0.25,-8,0,-4.25,7.5,-12.25,-6.75,-6.5
8337,3,3,-8.75,-11.5,-5.5,7.75,-9.25,-0.75,-20.75,-9.5,-1.5,-2.5
8338,0,0,9.75,-7.25,-2,-9,-8.25,-3.75,1,-7,-7.25,-8.25
8339,8,8,-4,-11.25,-1.75,-4.25,-0.5,-4.5,-1.5,-6.25,1.5,-2
8340,1,1,-5.5,8.25,-4.5,-7.5,-1,-7.5,-6,-1.5,-3.25,-6.75
8341,6,6,-0.25,-10.25,-4,-8.5,-3.25,-0.75,12.25,-16.25,-4.75,-6.25
8342,0,0,8.25,-8,-0.5,-8.75,-4,-7,1,-3.5,-8.25,-6.75
8343,0,0,11.25,-5.25,-2.75,-9,-6.25,-8.75,-1,-5.25,-7,-8.25
8344,1,1,-4.75,6.75,-3.25,-6.5,-1.5,-9.5,-5.5,-1,-3,-5.25
8345,2,2,-3.25,-6.75,8.75,-2.5,-3.75,-14,-8.5,-1.5,-3.25,-7.5
8346,3,3,-7,-15,-4.5,10.75,-10.25,-4,-26.75,-6.25,-5,1.25
8347,4,4,-6.5,-6.75,-7,-7.5,8,-11.5,-13.25,-1,-6,1.25
8348,5,5,-8.5,-17.25,-7,-4,-9,10,-0.5,-16,0.5,-4.75
8349,6,6,-3.5,-8.25,-2.75,-10.75,3,-6,7.75,-13,-6.5,-5.25
8350,7,7,-5.25,-4.75,-3.5,-5.75,-3.75,-11.5,-16.5,11.5,-2,2.5
8351,0,0,5.75,-8.5,-0.75,-7.25,-7,-2,-0.25,-1.5,-7.5,-3.25
8352,1,1,-5,6.5,-5.5,-9,-1.75,-7,-3.25,-2.5,-2,-5.25
8353,2,2,-4,-9.5,4.75,-2.75,2,-12,-3.75,-6,-4,-11.75
8354,3,3,-5.25,-14.75,-6.75,8.75,-11.25,2.75,-18.75,-15,-4.5,-2.25
8355,4,4,-7.25,-7.75,-7,-8.75,9.25,-10.75,-12.75,-2.75,-5.25,-0.5
8356,7,7,-1.75,-8.5,-2.25,-5.75,-5.75,-11,-15.5,12.25,-2.25,2.5
8357,8,8,-4.75,-5.5,-5.25,-5.25,-6,-4.75,-5.25,-9.5,4.75,-8
8358,9,9,-11.75,-10,-10.5,-3.25,-1.25,-1.75,-17.25,0.5,-3.25,4.75
8359,0,0,6.5,-8,-1.5,-9,-6.25,-3.75,0.5,-3.5,-6.25,-6
8360,1,1,-5.75,6.75,-5.5,-8.5,-1.5,-6.75,-6.75,-1,-3,-6.25
8361,2,2,-3.5,-8.75,6.5,-2.75,-2.75,-12,-8,-2.5,-4.5,-5
8362,3,3,-7.25,-12.5,-6.5,9.5,-9.25,1.25,-22.5,-12.75,-6.25,-1.75
8363,4,4,-7.25,-11.5,-7.75,-11,10.25,-9.5,-8.5,-4.5,-4.25,-1.5
8364,7,7,-4.75,-4.75,2,1.5,-8,-14.25,-22.5,13.5,-2.5,1
8365,2,2,-8.25,-6.5,10,-2.5,-4.75,-16,-10.5,-5.5,-1,-14.25
8366,5,5,-11.75,-23.5,-17,-1,-9.25,13.75,-9.25,-21.5,-0.25,-1.5
8367,1,1,-4.25,6.75,-2.5,-6.25,-1.75,-7.25,-3.5,-2.75,-2.75,-6.25
8368,6,6,1.5,-6,-0.5,-8.5,0.25,-4.75,10.25,-12,-7.25,-10.5
8369,4,4,-8.5,-3.5,-8.25,-8.75,7.75,-8.75,-9.75,-1.75,-3.75,-1.25
8370,3,3,-7.25,-12.75,-3.25,11.75,-11.5,-3.75,-26.75,-10,-4.75,-2.5
8371,9,9,-6.75,-18,-8.25,-3.5,-1.25,-3.5,-16,-2.5,-1.5,8.5
8372,9,9,-6.25,-16.25,-7.75,-3,-0.5,-6,-16,0,-2.75,5.75
8373,0,0,8.25,-7.5,-0.5,-6.5,-5,-6.25,-0.25,-3,-9,-7.5
8374,9,9,-4,-16.25,-2.5,-1.75,-3.75,-7.75,-16.75,-1,-0.25,6.25
8375,7,7,-7,-4.25,-7.5,-5.75,-2.75,-7.25,-12.75,5.5,-3.75,2
8376,1,1,-6.5,4.5,-6.25,-7.25,0.75,-6.75,-3.5,-1.75,-4.25,-4
8377,6,6,2.25,-5.25,1,-8,0.25,-7,9,-11.5,-6.75,-12.5
8378,4,4,-9.25,-4.5,-10,-11.5,8.25,-11.25,-12.5,-2.75,-2,0.75
8379,3,3,-4.25,-17,-5.25,6.25,-9.25,-4.5,-20,-8,-0.75,1
8380,6,6,-2,-8.5,-3,-10,2.5,-5,10.25,-13.25,-6,-7
8381,2,2,-5.25,-6,5.75,-3.75,-1.75,-10.75,-7.25,-2.25,-4.5,-9.75
8382,0,0,4,-11.25,-0.25,-1.75,-9,-2,-2,-4.25,-6.5,-9
8383,9,9,-7.25,-20.75,-7,-4.5,-4.25,-1.5,-13.75,-5.25,0.25,8.75
8384,8,8,-5,-9,-5.5,-6.25,-10.25,-1.75,-7.25,-7.25,6.5,-5.5
8385,6,6,0.75,-6.5,-0.25,-9.75,2.5,-7.75,9.75,-11.75,-6.25,-11.75
8386,5,5,-8.75,-19.75,-9.75,-1.25,-8.75,9.25,-4.5,-16.25,0.75,-4.25
8387,7,7,-1.75,-6.5,-4.25,-7.75,-2.75,-9.75,-11.75,7,-1.5,1.25
8388,0,0,7,-5,-0.75,-8.5,-2.5,-10,-2.25,-2,-7.25,-5.25
8389,0,0,7.75,-4.25,-2.25,-10.25,-1.75,-9,2.25,-5,-7.5,-8.75
8390,1,1,-5.5,8,-6,-7.75,0,-6.25,-6,0.75,-3.75,-4.75
8391,7,7,-3,-4.5,-6,-7,-3.75,-5.5,-8.75,8,-4.25,-4.25
8392,4,4,-7.25,-6.25,-7.5,-11.5,9.5,-11.75,-7.5,-3.75,-2.75,-3.5
8393,3,3,-6,-13,-2.25,9.75,-10,-6.25,-25.5,-5,-3,-0.25
8394,2,2,-4.25,-8.75,9.25,-3.25,-6,-13.75,-10.75,-0.25,-1.75,-6.5
8395,4,4,-6.5,-2.75,-9,-12,9.75,-12.5,-8,0,-6,-0.75
8396,1,1,-3.75,7.75,-2.75,-6.75,-2.25,-7.25,-3.5,-2.75,-2.25,-6.25
8397,3,3,-1.5,-9.75,-4,5.75,-12.5,1.5,-15,-8,-6.25,-4.5
8398,7,7,-4.75,-3.25,0.25,-3,-5.5,-11.25,-16.75,10,-0.75,-0.5
8399,6,6,-1,-6.75,-2.75,-8.25,0.5,-5,9.75,-13.5,-5.5,-8
8400,4,4,-8,-9.5,-8.5,-9,10.25,-9.25,-13.5,-4,-5,0.75
8401,7,7,-3.25,-4.75,0.75,-0.5,-6,-11,-17.75,11,-2,0.75
8402,7,7,-1.5,-7.25,-5,-8.75,-4.75,-6.25,-8.75,8.75,-2.5,-1.75
8403,7,7,-1.25,-5.25,-5,-6.5,-4.75,-7.75,-11.75,9.75,-4.25,-0.25
8404,9,9,-5.5,-14.75,-10.5,-4,-1.25,-3.5,-13.75,-0.5,-4.75,7.5
8405,8,8,-1.25,-11,-3.75,-6,-5.5,-5.25,-6.25,-2.5,4,-0.5
8406,4,4,-8,-10,-7.5,-8.25,7.25,-9.75,-15,-2,-4,2.75
8407,3,3,-7.25,-15.25,-5.5,10.5,-11.25,-1.5,-24.5,-12,-3,-3.25
8408,8,6,-3.75,-5.5,-2.25,-2.75,-1.75,-1.5,0.25,-5.5,0,-4.75
8409,2,2,-5.25,-4,8.5,-1.5,-4.5,-13.5,-12.25,-2.5,-4.75,-6.75
8410,8,6,-7,-7.75,-4.5,-4.75,-5.75,1.25,3.5,-15,2,-8.75
8411,3,3,-5.75,-12.25,-1.75,8.75,-11.75,-7,-26.25,-5,-2,-2.25
8412,5,5,-8.75,-11,-9,0.25,-4.5,6.25,-9.5,-7.5,-5.75,-0.75
8413,8,8,-3,-7.75,-8.5,-6.5,-6.25,-0.25,-2.25,-8.75,4,-5.75
8414,0,0,9.5,-6.75,-2,-13,-3.5,-9,5.75,-5.75,-7,-10.75
8415,5,5,-10.25,-15.75,-8.5,-0.25,-6.5,10.5,-6,-13.5,-5.5,-2.25
8416,4,4,-7.25,-5.75,-8.75,-7.5,4,-3.25,-4.5,-5.5,-2.25,-2.5
8417,7,7,-1.25,-8.25,-5.5,-6.25,-4.75,-6,-11,12,-6.25,1.75
8418,1,1,-4.75,7.5,-4.5,-8,-1.5,-8,-4.25,-1.75,-2.75,-6
8419,3,3,-7.5,-14,-6,5.75,-8,-0.5,-18.25,-8.75,-1,-1
8420,1,1,-4,7.5,-4.5,-8.5,-2,-6.25,-1.5,-2.75,-2,-5.25
8421,7,7,-3.5,-5,3,1.25,-9.75,-13.5,-20.75,12,-2,-0.25
8422,9,9,-9.25,-13,-8.25,-2,-2,-1.75,-16,-0.5,-2.25,5.75
8423,6,6,1.25,-3.5,0.5,-10,1.75,-8.5,7.5,-10.75,-6,-12.5
8424,2,2,-5,-5,11.25,-4.25,-5.5,-17.75,-8,-4.75,-3.25,-11.25
8425,0,0,10,-4,-2.25,-9,-4.5,-8,1,-3.5,-7.25,-7.75
8426,9,9,-0.25,-18.5,-3.5,-4.25,-2.75,-3.5,-10.5,0,-3.75,4.5
8427,1,1,-3.75,8,-6,-10,-0.75,-5.5,-0.5,-3,-3,-6.75
8428,7,7,2.5,-8.75,-5.5,-9.75,-4.5,-9.5,-9.25,10.25,-3.5,2.25
8429,3,3,-7.75,-10.75,-6.75,6.25,-9.25,0.5,-20.5,-7.75,-3.25,0.75
8430,3,3,-6.75,-15.25,-9.5,6.25,-9.5,1.25,-20.25,-13.5,-2.25,-1
8431,9,9,-6.75,-19,-9.5,-3.25,-3.5,0.75,-13.75,-1,-2.75,6.5
8432,1,1,-4.5,8.25,-5.5,-8.75,-0.5,-7.25,-4,-1.75,-3.5,-6.75
8433,6,6,2,-4.75,0,-9.75,1.5,-7.25,10,-12,-6.75,-12.5
8434,4,4,-4.5,-8.75,-7,-11.75,9.5,-8.5,-5.5,-2.5,-7.5,-3.5
8435,3,3,-4,-9.75,-2.75,6,-7.5,1.5,-12,-10,-7,-2.75
8436,9,9,-6,-15.5,-3.75,-2.5,-3,-7.5,-18.5,1.75,-0.5,8.5
8437,8,8,-6.25,-13,-4.5,-4.25,-7.75,-0.75,-3.25,-11.25,5.5,-2.75
8438,2,2,-4,-8.5,10.5,-2.75,-5,-15.25,-8.5,-1.75,-2.25,-9.5
8439,1,1,-5.5,8,-4.25,-6.5,-0.5,-7.75,-6.5,0.75,-4.25,-3.5
8440,8,8,-5.5,-12.25,-4.25,-3.5,-7,-1.5,-6.75,-5.25,5.75,-1.5
8441,6,6,-1.75,-5.75,-1,-8.5,2.75,-6.25,8.25,-11.25,-6.25,-8.25
8442,4,4,-3.75,-6.25,-2.25,-8,6.25,-10.75,-6.25,-3.25,-5.5,-2.5
8443,1,1,-3.75,7.25,-3,-7.5,-2.5,-7,-1.5,-3.25,-1.75,-6
8444,5,5,-7.25,-9.25,-4.5,-2.75,-2,3,-4.5,-5.25,-3.5,-3.25
8445,5,5,-7,-14.75,-7,-0.25,-5.25,6.25,-7,-7.5,-4.75,-1.25
8446,6,6,-0.25,-9,-3.25,-8.25,-1,-3.5,12.25,-16,-4.25,-8.5
8447,5,5,-9.5,-19.5,-16.5,-0.5,-10.75,12.75,-10.75,-16.75,-1,-2.5
8448,0,0,12.75,-11,-2.5,-9.5,-8.25,-6,0,-5.75,-3.75,-5.25
8449,1,1,-5.5,8,-4.25,-7,-3,-5.75,-1.25,-4.5,-2.5,-5.75
8450,2,2,-6.25,1,10.75,-2,-5,-16.75,-14,-1.25,-5.25,-9.75
8451,3,3,-6.25,-10.5,-3.5,9,-8.5,-2.25,-20,-10.25,-3.5,-1
8452,4,4,-7,-7,-6.75,-8.25,6.5,-7.75,-6,-1.5,-5,-5
8453,5,5,-10.5,-13.75,-8.75,-0.25,-5.75,6.25,-6.5,-18.75,-2,-5
8454,6,6,-2,-9.75,-5.25,-9.75,-0.5,-1.5,12.5,-15.5,-4,-6.75
8455,7,7,-4.25,-3.75,2,0,-7.75,-14.5,-20.25,12.75,-2.75,-0.75
8456,8,0,4.25,-15.25,-2.5,-6.5,-4.75,-7.75,-2.75,-12.5,3.75,-9
8457,9,9,-7,-18.5,-8.75,-1.25,-3.5,-2.75,-16.75,-3.25,-1.5,7.75
8458,0,0,13.25,-13,-3.25,-7,-11.75,-3.75,-0.75,-7,-7,-3.5
8459,1,1,-6.75,6,-6,-7,-2.25,-8,-5.5,-2.75,-2.75,-3.75
8460,2,2,-2.25,-8,13.25,-1,-7,-20.75,-13.75,-2,-3.5,-10.5
8461,3,3,-8.25,-9.75,-1.75,10.5,-10.5,-5,-25,-7,-3.25,0
8462,4,4,-11.5,-11,-11.25,-8.25,7,-7.5,-8.25,-4,-3,-3.25
8463,5,5,-6.75,-12.5,-8.25,1,-9.25,6.75,-10,-7.75,-5.5,-1.5
8464,6,6,1.25,-11.5,-4.75,-10,-1.75,-2.5,12.75,-15,-4.25,-6.25
8465,7,7,-7.25,-3.5,0.5,1,-9,-12.25,-21.75,11.25,-2.25,-0.25
8466,8,8,-3.25,-18.25,-4,-3.25,-6.5,-8.5,-12.5,-12,5.75,-2.75
8467,9,9,-8,-15.75,-8.75,-3.25,-1.5,-5,-17.25,-1.25,-4.75,9.75
8468,0,0,12.25,-12.25,-2.75,-9,-11.5,-2.75,1.75,-7.25,-8,-3.25
8469,1,1,-7.25,5.75,-4,-5.5,-3,-8.75,-5.75,-4.25,-3,-7.25
8470,2,2,-3.5,-7.5,11.25,-2.5,-3,-19.5,-7.75,-3.5,-6.5,-13.25
8471,3,3,-8.25,-15,-1.75,12.75,-11.25,-6.75,-29,-8.25,-3,0.25
8472,4,4,-8,-12,-7,-4.75,6.25,-9.5,-11.5,-4.5,-4,-1.5
8473,5,5,-11,-16.5,-14,1.25,-9.5,11.5,-13.25,-17.5,-4.5,-1
8474,6,6,-2.75,-10.75,-4.5,-10.25,0.5,-3,11.75,-15.75,-4,-7
8475,7,7,-6,-6,-0.25,-1.5,-6.75,-12.25,-20.5,12.25,-1.25,0.25
8476,8,8,-6,-13,-5.5,-7.5,-5.75,-2.75,-3,-17.5,3.5,-11
8477,9,9,-7,-15.75,-4.25,0,-4,-8.5,-21.5,2.25,-0.75,7.75
8478,6,6,-1.75,-5.75,-5.75,-9,-0.75,-3.5,9.25,-12.5,-3.5,-5
8479,9,9,-9.75,-15,-7,-1.5,-1,-6.5,-19.5,-1,-2.5,7.25
8480,7,7,-8.25,-5.5,-2.75,-1.25,-7.75,-10,-21,13,-2.25,0.5
8481,0,0,13,-13.25,-0.5,-6.5,-11,-6.5,-4.25,-4.75,-4.25,-3.5
8482,2,2,-2.5,-8,11,0.25,-6.25,-18,-13.5,-2,-6.5,-7.75
8483,3,3,-6,-12.75,0.25,10.5,-11,-6,-23.25,-9.25,-2.5,-0.75
8484,4,4,-12.75,-8.75,-12.25,-9.25,10.5,-7.75,-13.75,-4.25,-5.5,-2
8485,3,3,-4.5,-9.25,1.5,5.75,-11.25,-8.5,-17.25,-5.75,-0.25,-2
8486,8,8,-2.5,-16.75,-5.25,-4.5,-4.75,-7,-12,-13.5,5,-3.75
8487,5,5,-6,-19.75,-8.75,-0.25,-8.25,7.75,-5,-17.5,0,-5.5
8488,1,1,-5.5,6,-3.75,-7.25,-3.25,-7.75,-3.75,-3.5,-0.75,-4.5
8489,3,3,-3.75,-9.5,3,6,-8.75,-8.5,-19,-6.75,-2.5,-3.25
8490,0,0,9.5,-13,-1.5,-5.75,-6.5,-6,-1.25,-2.5,-9,-1.5
8491,1,1,-7,4.75,-4.75,-5.25,-3.5,-8.25,-7,-1.25,-2.75,-4.25
8492,2,2,-5.25,-2.25,8,-2.25,-3.25,-13.5,-6.5,-1.25,-6,-12.5
8493,1,1,-5.5,3.75,-4.5,-6.75,-4,-7.25,-3.5,-3.75,-0.5,-4.75
8494,3,3,-6.75,-9.75,-3,7.25,-7.25,-3.5,-20.75,-8,-4.25,-0.25
8495,2,2,-3,-3.25,9.5,-0.25,-10,-14.25,-8.25,-5.5,-2.5,-12.25
8496,0,0,12.5,-14,-2,-9,-10,-6.5,0,-4.75,-8,-0.5
8497,7,7,-6.5,-1.5,0,0,-9.25,-12,-19.25,10,-0.5,-1.75
8498,2,2,-5.25,-3,11,1.75,-9.25,-16.75,-15.5,0.75,-3,-9.5
8499,6,6,-1.75,-9.25,-4,-9.5,0.75,-4.25,9.5,-12.75,-3,-6
8500,4,4,-14,-13,-11.75,-11.25,11.25,-7.5,-12.75,-5,-5.25,-3.75
8501,0,0,11.25,-10.25,-0.5,-7.75,-5.25,-9,0.5,-5.25,-3.25,-5.25
8502,5,5,-10.25,-18,-13,0.25,-9.75,9.75,-14.5,-16.5,0.25,-2.5
8503,9,9,-9.75,-13,-8.75,-3.5,-2.75,-0.75,-11.5,-3.25,-1.5,5.75
8504,9,9,-10,-14.25,-11.25,-3.75,-5,4,-8.25,-6.5,-2.25,4.5
8505,8,8,0.5,-10.75,-2.75,-7,-8.25,-7.25,-6.5,-7,6.25,-4.25
8506,9,9,-10.5,-11.25,-8.5,-2.25,-1.25,-3.75,-15,-4,-3,5.75
8507,5,5,-5.75,-14.25,-10.25,-3.75,-8.25,6.75,-4.5,-8.75,-2.5,-1.75
8508,3,2,-0.75,-0.25,1.5,0.75,-8,-9,-18.25,-4,-5.25,-6
8509,1,1,-6,4.5,-4.5,-5.75,-3.75,-8.25,-5,-3.75,-1.75,-4.75
8510,7,7,-6.5,-1.5,0.75,0.75,-7.75,-13,-19.75,10.25,-1.75,-0.5
8511,4,4,-7,-10.75,-6.25,-6.25,8,-11.25,-13,-2.75,-6,-2
8512,7,7,-6,-3.75,2.25,2.5,-9.25,-14.75,-23.25,12.75,-1.75,-0.5
8513,0,0,7.75,-15.25,-4.75,-6,-7.75,-2.25,-0.5,-4.25,-7.75,0.25
8514,0,0,11,-10.5,-0.5,-4.25,-8.75,-7,-6,-5.25,-5.5,-2.75
8515,6,6,-2.5,-8.75,-4.5,-10.75,0.75,-3.25,9.75,-12.5,-3.25,-8.75
8516,6,6,-3,-11.5,-5.75,-10,0.5,-3.5,10.25,-13.75,-1.75,-6.5
8517,6,6,-3.5,-11.75,-4.75,-9.25,1.5,-3.75,9.25,-12.5,-2,-7.75
8518,3,3,-8.75,-11.5,-0.75,11.5,-10,-6.25,-28.25,-9.5,-5,-1.5
8519,7,7,-8.25,-1,-1.25,-1.25,-8,-11,-18.5,7.75,-1,-1
8520,4,4,-12,-6.5,-9.5,-7,2.5,-6,-12.25,-3.25,-2,1.5
8521,2,2,-5.25,-1.75,7.25,-1,-4.75,-14.75,-11.5,-3.25,-4,-6
8522,8,8,-5.5,-16.25,-3.25,-9.25,-2.5,-3.75,1.75,-11,3.25,-6.5
8523,9,9,-11,-12.5,-8.75,-4.25,-1,-1,-10.5,-3.5,-2,4.25
8524,8,8,-4,-10.75,-1,-6.5,-4,-9.75,-2.75,-10.5,3.75,-3.75
8525,7,7,-6.25,-0.75,-0.5,0.5,-8.5,-11.25,-19,10.25,-2.25,0.25
8526,1,1,-7.5,5.5,-4.75,-6.5,-2.5,-7.5,-5.25,-2.5,-2,-5
8527,4,9,-8.25,-11,-9.25,-4.75,-0.75,-2.75,-5.75,-7,-2.25,0.75
8528,0,0,13.75,-14.25,-2.75,-9,-10,-5.25,-0.25,-6.75,-4.75,-5
8529,4,4,-8,-14,-8.5,-10.75,8.5,-7.5,-6.25,-7,-4.75,-3.25
8530,8,8,-1.75,-13.5,-3.5,-7,-2.5,-9,-8.75,-11.25,3.5,-6.25
8531,5,5,-13.75,-15.25,-12,-1.75,-10.75,11.25,-8.25,-19.25,-1,-2.75
8532,2,2,-0.75,-3.25,8.25,-0.75,-7.75,-13.75,-4.5,-5.5,-5.25,-10.5
8533,3,3,-4,-9.5,0.5,8.5,-10.5,-6,-20,-7.75,-1.5,-2.25
8534,9,9,-6.5,-11,-5.75,-4.75,0.5,-10,-16.25,1,-4.75,7.25
8535,0,0,12.25,-11,-2.5,-8.5,-13.75,-1.75,-0.5,-8.75,-8.5,-6.75
8536,1,1,-8.5,6,-4,-5.5,-1.75,-7.25,-6.5,-1.75,-3,-5.25
8537,9,9,-9.75,-10,-10.25,-6,0.25,-4.5,-11.25,-4.75,-3.25,6.5
8538,1,1,-8.5,6.5,-3.75,-5.75,-3.25,-9,-7.75,-1.5,-3,-5.75
8539,5,5,-4,-10.75,-10.75,-2.75,-12.25,8.25,-8.25,-14.5,-2.75,-5
8540,1,1,-8.25,7.25,-4.25,-5.5,-2,-7.75,-6.75,-2.25,-3.75,-5.5
8541,7,7,-8,-0.5,-0.25,-0.75,-8.25,-11.5,-19.75,10.25,-2.5,0.5
8542,6,6,-3.25,-4,-3.5,-4.5,-2.25,-3.5,6.5,-13.5,-4.5,-9.25
8543,1,1,-8.5,7.25,-4.25,-6.75,-2,-7.5,-6.25,-2.25,-3,-5.75
8544,2,2,2.75,-11,7.5,-3.5,-5.5,-11.75,-5.25,-3.25,-7.25,-9
8545,1,1,-8.5,6.75,-3.75,-5.75,-2.25,-8,-6.75,-2.25,-3.5,-6
8546,6,6,-3,-7,-2,-6,0,-5.75,6.25,-12,-2.75,-9
8547,8,8,-4,-17,-4.25,-6.25,-9.5,-1.5,-5.5,-12.5,6.5,-6.5
8548,0,0,13,-12.25,-3,-9.25,-13,-1.5,-0.25,-8.25,-5.25,-5.5
8549,1,1,-5.75,7.5,-3.75,-5.75,-2.75,-7.75,-4,-2.5,-3,-5.75
8550,2,2,-5.25,-1,12,-0.75,-6.25,-18.5,-15.25,2,-7,-8.75
8551,3,3,-6.75,-14.25,-3,11.75,-11.5,-2.25,-24.5,-11.5,-5.5,-2.5
8552,4,4,-9.5,-9.75,-8.75,-10.5,10.5,-8.25,-9.75,-3.25,-5.5,-3.25
8553,5,5,-2,-11,-8.5,-3.75,-8.25,6.75,-5.25,-12,-4,-2.75
8554,6,6,1.25,-7.5,-5,-10,-0.25,-4,10.5,-9.75,-3.25,-6.75
8555,7,7,-3.5,-6.5,-1.75,-2,-6.5,-9.25,-19.25,13,-4.25,2.25
8556,8,8,-6.75,-13,-4.75,-4,-6,-5,-9.25,-6.25,5.75,-1.5
8557,9,9,-5.25,-14.5,-8,-5.75,1.5,-8.25,-19,1.5,-4.75,9.5
8558,0,0,8.75,-8.5,-2.25,-9,-8.5,-2,2.75,-7.25,-2.25,-4.5
8559,1,1,-5,8,-5.5,-9.25,-2.25,-6,-0.75,-3.75,-1.5,-5.25
8560,2,2,-3.5,-6.25,9,-1.5,-4.5,-15.5,-13,-3.75,-3.25,-8.5
8561,3,3,-10,-13.75,-8.5,8.5,-8.75,0.5,-24.75,-7.75,-5.25,0
8562,4,4,-7,-7.5,-4.5,-9.5,9.5,-10.5,-9.75,-1.25,-7,-6
8563,5,5,-4.5,-18,-10.75,-2.5,-10.5,10,-5.75,-12.75,-3.5,1.5
8564,6,6,2.5,-3,-3.75,-11,-0.75,-4.25,8.5,-8.5,-2.75,-8.75
8565,7,7,-6,-0.25,1,1.5,-6.5,-11.5,-19,10.25,-3.25,0.5
8566,8,8,-6.5,-13,-5.25,-1,-7,-3.25,-9.25,-10.25,6,-2
8567,0,0,10,-7.5,-3.75,-11,-8.5,-3.25,0.25,-6,-3.25,-7
8568,1,1,-5.75,8.5,-3.75,-6.25,-2.25,-6.75,-3,-3,-2.5,-5.5
8569,2,2,-1.5,-9.25,11.25,-0.25,-6.25,-17.5,-13.75,0.5,-3,-8.25
8570,3,3,-4.75,-11,-1,7.25,-12,-4,-21.25,-5,-2.75,-4.25
8571,5,5,-2.5,-12.75,-9,-3.75,-9.25,9.75,-1.25,-15,-3.75,-3.75
8572,6,6,1.5,-4.5,-3,-9,0,-4,9,-9.5,-3.25,-10.25
8573,7,7,-2.75,-8,-2.75,-0.75,-7.25,-7.75,-19.25,14.25,-5.75,3.5
8574,8,8,-7,-13,-5,-2.5,-7.25,-3,-9.5,-5.25,5,-0.75
8575,1,1,-5.5,6.5,-3,-3.75,-2.75,-9.5,-9.5,2.5,-3,-2.5
8576,0,0,11.25,-9.75,-1,-7.25,-7.25,-7.25,1.25,-6.25,-3,-5.75
8577,4,4,-9.5,-6.5,-6.75,-5.5,8,-8.75,-15,-0.5,-6.75,-3.5
8578,5,5,-3.25,-10.25,-6.5,-2.25,-7.75,6.75,-1.5,-12.25,-4,-4
8579,6,6,2.5,-5.25,-3.5,-10.25,0.75,-5.25,8.75,-9,-4.25,-7.5
8580,6,6,1.25,-3.75,-1.75,-6,-0.5,-4.5,8,-8.75,-3.5,-5.5
8581,3,3,-6.25,-8.75,-0.25,6,-7.5,-8,-21.25,-5.25,-0.25,-5.25
8582,4,4,-11,-7.75,-9.75,-8.5,9.75,-8.75,-16.25,0,-7.25,0.25
8583,4,4,-6.25,-4.5,-6.5,-7,8,-8.75,-11.75,0.75,-7.25,0
8584,2,2,1.25,-12.75,3,0,-8.25,-6,-10.5,-3,-5.75,-3.25
8585,8,8,-6,-11,-2.5,-1.5,-7.75,-6.25,-10,-7.5,6.25,-2.5
8586,1,1,-4.75,8.25,-5.25,-8,-1,-8.25,-3.75,-0.25,-3,-4.5
8587,0,0,10.5,-7.75,-1.5,-9.25,-7,-6.25,1.5,-6.25,-2.5,-7.5
8588,6,6,2.5,-5.25,-3,-10.75,1.25,-5.25,8.25,-7,-5,-7.25
8589,4,4,-9.75,-8.5,-8.25,-6.75,8.5,-8,-14.5,-0.75,-6,-1
8590,9,9,-6.5,-12,-6.25,-3,-1,-7,-15.5,0.5,-2.75,8
8591,7,7,-5.75,-0.75,-0.5,-1,-6.25,-8,-14.5,9.5,-2,-0.25
8592,2,2,-2.25,-3.75,7,-0.75,-7.5,-12,-13.5,-0.25,-4.75,-5.25
8593,9,9,-5,-9.75,-5.25,-4,-0.25,-6.5,-11.25,-2.25,-3.25,6
8594,2,2,-5,-5.25,9.5,1.5,-6.75,-14.5,-15.25,-2,-3.25,-7.75
8595,0,0,12.5,-10.25,-3.5,-9.75,-9.75,-4.5,0.5,-7,-3.5,-7.75
8596,9,9,-4.75,-8.75,-5.25,-3.75,0.75,-6.5,-13.75,1.25,-5.5,6
8597,3,3,-8,-12.5,-2,7.25,-9,-6.75,-23.5,-5.75,0,1.25
8598,3,3,-6.75,-15,-1.75,8.25,-10.5,-4.75,-21.75,-8.75,-1.5,-1.75
8599,9,9,-6.75,-15.5,-8,-3.75,-0.75,-4.5,-16,-0.75,-3,9.75
8600,1,1,-5.5,7.75,-4.75,-7.5,-2,-7.25,-4.25,0,-2.5,-3.75
8601,5,5,-5.5,-16.75,-12.75,-1.75,-9.25,8.5,-8.75,-12.5,-1.25,-1.25
8602,2,2,-0.75,-7.25,7.25,-1.25,-10,-12,-15.75,3.25,-3.5,-5.25
8603,3,3,-2.25,-11,-1,7.25,-9.75,-3.75,-16.25,-9,-2,-6
8604,1,1,-4.75,7.75,-3.75,-6,-2.25,-6.5,-4.5,0,-2.5,-3.25
8605,6,6,1.5,-4.25,-3.75,-9,-0.5,-4.25,8.75,-10,-2,-6.75
8606,7,7,-5.25,-0.5,1.25,1,-7.25,-10.5,-17,9.75,-3,0.75
8607,3,3,-5.5,-10,-5.75,4.25,-9.5,0.25,-17.75,-7.75,-1,-1.25
8608,7,7,-5.5,-3.25,-0.25,1.5,-5.75,-9.25,-19.5,11.5,-5.25,2
8609,8,8,-7.75,-14,-3.25,-5,-4,-6.5,-9.5,-5.5,5.25,0.5
8610,4,4,-9,-7.5,-8.25,-8,9,-9.25,-14,1.5,-6.5,-0.25
8611,0,0,10.75,-8,-2.75,-9.25,-7.5,-6.5,-0.75,-4.25,-1,-5.5
8612,2,2,-5,-5.75,10.5,-1.75,-2.75,-18,-12,0.5,-5,-9.25
8613,4,4,-10.25,-8,-9.5,-8,8.5,-6.75,-15,1,-7.25,1
8614,0,0,9,-4.25,0.25,-9.25,-6.75,-9.25,-0.25,-5.75,-1.5,-8
8615,2,2,-3.75,-7.75,6.75,2.75,-5.25,-14.75,-20,-2,-3,-4.75
8616,4,4,-6,-4.25,-3.5,-5.5,5.75,-7.5,-7.5,-1,-4.25,-2.75
8617,7,7,-4,-3.5,-0.25,-2.25,-3.25,-10.75,-16,10,-4,1.5
8618,8,8,-5.75,-7.25,-2.75,-3.75,-5.5,-6.25,-7.75,-5.25,5.5,-4.75
8619,0,0,11.75,-9,-4,-9.75,-10.5,-2.75,0.5,-8.5,-4.5,-8.25
8620,7,7,-5.75,-4.5,-2.5,-3.5,-3.75,-6.75,-13.5,10.25,-3,1.75
8621,0,0,8.25,-7.5,-1.5,-6.75,-6.25,-5.25,-1,-6.75,-1.75,-8
8622,6,6,1.75,-3.25,-3.25,-8,-1,-3.5,9.75,-10.5,-4,-7.5
8623,9,9,-5.25,-8.25,-6.5,-4.75,0.75,-4.5,-10,-0.5,-2.75,6.25
8624,3,3,-3.25,-9.25,-4.25,5.25,-10.5,1.25,-16,-9.25,-3,-3.5
8625,2,2,-6.25,-7.25,8,-3.25,-3.5,-14,-11.25,-5.5,-1.75,-8
8626,4,4,-8,-7,-6,-6.5,8.75,-9.25,-11.75,-0.75,-5.5,-4
8627,8,8,-6.5,-9,-1.25,-3,-5,-6.75,-9.5,-4.25,5,-1.5
8628,6,6,2.75,-5,-3.75,-9.25,-1.5,-4.5,6.5,-8,-2.25,-6.25
8629,0,0,8,-4.75,-0.75,-8.25,-5.25,-6.25,1.75,-7,-3.75,-9.75
8630,5,5,-8.25,-17.25,-11.25,-3.25,-10.5,10.5,-5.5,-17.25,-1,-1.75
8631,7,7,-2.5,-6.5,0.5,0,-6,-11,-19.75,12.5,-5,2.75
8632,5,5,-7.75,-13.75,-8.5,1.25,-10.75,12,-4.25,-20.5,-5.5,-4.25
8633,1,1,-5.25,8,-4.75,-6.5,-3.75,-8.25,-7,0.75,-2.25,-2.75
8634,0,0,9,-7.75,0.25,-6.5,-7.75,-7.25,-0.25,-5.75,-1.25,-5.75
8635,8,8,-7.5,-9.25,-4.75,-1.75,-6,-4.5,-10.5,-4.5,4.25,-4
8636,1,1,-6,7.75,-3.75,-6,-2.75,-8.75,-5.5,-0.5,-3.25,-4.25
8637,6,6,3.25,-11.25,-4,-10.25,1.25,-5.75,7,-8.75,-5.5,-3.75
8638,7,7,-4,-5,-1.25,-1.5,-3.5,-11.5,-19.25,12.75,-5.25,2.25
8639,2,2,-1,-9.75,5.75,2.25,-7.25,-12,-18.25,-0.5,-3.25,-2.75
8640,9,9,-6,-10.5,-7,-2.5,-1.5,-1.75,-10.5,-3,-2.75,6.5
8641,7,7,-4.25,-3.25,1,0.5,-5.75,-11,-17.75,10.5,-2.25,0
8642,9,9,-4,-11.25,-4.25,-4.5,-0.25,-10.25,-15.5,3,-2.25,8.5
8643,5,5,-4.25,-14,-11.25,-1,-10,8.75,-8.5,-13.25,-2.5,-1.25
8644,6,6,-0.5,-4,-4.25,-8.25,-1,-2.5,8.25,-10,-1.75,-4.25
8645,5,5,-4.5,-11.25,-8,-3,-7.25,6.5,-3,-10.25,-2,-1.75
8646,2,2,-1.5,-3.25,10,-0.25,-5.75,-17,-15,0.5,-4.5,-7
8647,6,6,-1.25,-3.5,-3.5,-5.25,-1.75,-2,6.25,-10.25,-3.5,-5.5
8648,2,2,-1.5,-5.5,9.5,1.5,-7.5,-16.5,-17.5,-1.75,-4,-5.5
8649,8,8,-5.75,-10.25,-3.75,-1.25,-7,-3.25,-7,-9,6,-3.25
8650,1,1,-3.5,7.5,-3.5,-6.5,-1.75,-7.25,-4,-0.5,-2.25,-4.25
8651,7,7,-4.25,-4.25,-1.5,-2.25,-2.75,-10,-16.5,11,-4.5,2.25
8652,5,5,-5.25,-11.75,-9.25,0,-9,8.5,-5.5,-14.25,-3.75,-2
8653,5,5,-3.5,-10.25,-6.5,0,-9.5,7.75,-3.25,-13,-2.5,-3.75
8654,7,7,-3.75,-4,0,-0.75,-4.5,-8,-15.25,9.5,-3,1.5
8655,3,3,-2.75,-10.5,-2,8.25,-11.25,-1,-17.75,-8.25,-3.75,-4
8656,5,5,-4.75,-13.25,-7.5,-0.25,-8.75,8.5,-5,-13.25,-3,-1.25
8657,0,0,9.75,-9.25,-5.75,-8.75,-11,0.75,-1,-7.25,-4.75,-6.75
8658,1,1,-4.25,8,-4.75,-8,-2.25,-6.75,-1.5,-2.75,-2,-5.5
8659,1,1,-5,7,-4.25,-6.25,-1.75,-8,-5.5,-0.5,-3,-3.5
8660,3,3,-6.75,-15.25,-3.25,12.5,-12.5,-3.5,-28.25,-8,-4,0.25
8661,8,8,-6.5,-12.5,-1.75,-2.75,-3.5,-8.25,-12.75,-2.25,3.75,-0.25
8662,4,4,-6,-7.75,-6,-8.75,9.25,-9.25,-11.75,-0.25,-6,0.25
8663,9,9,-6.5,-10.25,-5.75,-3.5,0.25,-6.5,-14.5,0.5,-3.25,7.75
8664,4,4,-5.25,-6.75,-5.75,-8,9,-11.75,-13.25,1.25,-6.75,-1.25
8665,5,5,-3.5,-12.25,-8.75,-1.5,-8.25,9,-1.75,-15,-4,-2.5
8666,1,1,-4.75,7,-4.75,-5.25,-2.25,-7,-6.5,0.25,-2.75,-2.75
8667,8,8,-4.75,-10.5,-4.75,-3,-6,-2.25,-2.75,-11,5.25,-5.75
8668,6,6,-1.5,-7.75,-4.25,-8.75,-0.75,-1.25,9.75,-12.25,-3.25,-5
8669,8,8,-6.25,-12.25,-3.25,-3.25,-4.75,-6.25,-10.75,-3.75,5.25,-0.25
8670,9,9,-5.5,-15.5,-5,-4.75,-4.25,-5.5,-12.25,1.75,-0.75,8.75
8671,0,0,12.25,-9.5,-1.5,-9.25,-10.75,-6,-1.75,-6.5,-5.25,-6.75
8672,1,1,-4.5,6.5,-4.75,-8.5,-1.5,-7,-2.25,-3.5,-2.25,-5.5
8673,2,2,-3.5,-5,11.25,-1.25,-7.5,-16.25,-12,-0.25,-3.25,-8.25
8674,3,3,-3.75,-12,0.25,7.5,-10.25,-5.75,-18.75,-9,-1.5,-2.5
8675,4,4,-11,-7,-9.75,-10.25,10.75,-12.25,-14,-0.75,-6.25,-0.5
8676,5,5,-10.25,-20.5,-14,-2.5,-11.25,14.25,-5.25,-20.75,-0.5,-3
8677,6,6,-0.25,-6.25,-2,-10,1.75,-5.75,10.25,-12.75,-6.75,-9
8678,7,7,-4,-4.5,-2.25,-3.25,-4.75,-11.25,-16.75,10.25,-3,1.25
8679,8,8,-6,-16.5,-9.25,-2.5,-7.25,1.25,-8.25,-11.75,5.75,-3.5
8680,9,9,-10.75,-14.25,-9,-2.25,-1.75,-4.25,-17.75,-1.25,-2.5,7.25
8681,0,0,10,-9,-1.25,-9.5,-6.75,-8.75,-0.75,-2.25,-6.5,-4.25
8682,1,1,-5,8,-4.75,-8,-0.25,-8.25,-4.75,-0.25,-3.5,-4.5
8683,2,2,-6.5,-2.5,12.5,-1.25,-6.75,-18.75,-13,0.25,-3.5,-10.75
8684,3,3,-8.75,-15,2.75,9,-9.75,-10,-25,-11,0,-4.75
8685,4,4,-9.25,-6.75,-8.75,-10.5,10.75,-12,-10.25,-1.5,-6,-3.75
8686,5,5,-13,-18.25,-14.75,-1.75,-10.25,13.75,-7.5,-21.25,-1.75,-3
8687,6,6,1.75,-6,-1.25,-8.5,0.25,-5,10,-11.25,-7,-8.5
8688,7,7,-4.25,-5,2,1,-9,-12.5,-20.5,12.75,-2.5,1
8689,8,8,-3,-16.25,-5,-3.5,-9.25,-5,-7,-10.75,7.25,-3.25
8690,9,9,-11,-11.5,-9.75,-4,-0.25,-4,-15,-4,-1.5,6.75
8691,0,0,9,-12,-3,-5.5,-8.25,-4.75,-5,-4,-4.25,-2.5
8692,1,1,-5,7.75,-5.75,-9.25,-0.5,-7.5,-2.75,-2.5,-2.75,-6.25
8693,2,2,-2,-8.5,11.5,-1.25,-4,-19.5,-12.25,-1.25,-2,-10.25
8694,3,3,-7.5,-13.25,-1.75,10.5,-12,-3.5,-23.5,-9,-2.25,0.25
8695,4,4,-9.25,-6,-8,-10,10,-13.75,-14,-1.25,-5,-1
8696,5,5,-7.75,-15,-12.25,-4.75,-9.75,11,-8.25,-8.5,-3,-0.5
8697,6,6,-2,-7.75,-4.25,-9.75,0.5,-4,11.25,-14.25,-3.5,-6.75
8698,7,7,-5,-4.75,-4.5,-5.25,-4,-9.75,-16,11.75,-3,1.5
8699,8,8,-4.5,-14.75,-8.25,-4.5,-7.75,-0.75,-5.75,-12.75,6.25,-3.75
8700,9,9,-9.25,-11,-10,-4.25,0.75,-4,-14.75,-3.25,-3,5.25
8701,3,3,-6.75,-16.25,-1,12.25,-12.5,-5.25,-25.25,-9.75,-2.5,-1
8702,5,5,-9.25,-15,-11.75,-5.5,-9,10.5,-2.25,-17.5,1,-3.5
8703,3,3,-2.75,-11.25,0.25,9.5,-11,-6.25,-22.25,-9.25,-3,-2
8704,2,2,-5.5,-1.25,13,-0.25,-8,-21,-17,2.75,-5.5,-8.25
8705,9,9,-7.75,-12,-6.75,-5.25,1.5,-10.25,-18.75,2,-2.5,7.5
8706,3,3,-7.5,-14.5,0.5,11.5,-11.5,-6,-23.25,-10,-2.25,-4.25
8707,2,2,-5,-8.25,12.75,-2,-2.25,-20.5,-11,-2,-4,-13.75
8708,1,1,-5,7.25,-3.25,-7.5,-1.75,-9.25,-4.75,-2,-2.5,-6.25
8709,4,4,-12.5,-10.5,-11,-12,11,-8.25,-11.5,-4.75,-3.25,-2.75
8710,5,5,-10.5,-14.75,-11.25,-6.25,-7.25,9.25,-1.25,-17.25,0.5,-2.75
8711,5,5,-14,-16.75,-11.75,-3,-11,13,-6,-21,0.25,-4.5
8712,2,2,-6.5,-1.5,14,-0.75,-9.5,-21.25,-20.75,2.75,-5.75,-9
8713,3,3,-6,-13,-1.5,9.25,-9.25,-4.25,-19.75,-10.25,-4,-1.5
8714,2,2,-6.5,-4,14.5,0.5,-6.5,-22.75,-15.75,0.25,-3.25,-13.75
8715,1,1,-4.25,7.25,-4.75,-8.75,-2.75,-7.5,-0.75,-5,-1.5,-6
8716,3,3,-7,-12.75,-2.5,11.75,-10.25,-5,-28.25,-7.75,-6.75,0.25
8717,9,9,-10.75,-15.25,-10.25,-6,1,-4,-12.75,-5.25,-1.25,6.75
8718,7,7,-8.5,-3.5,0.5,-1.5,-6.25,-12.75,-20.75,11.75,-1,-1
8719,2,2,-6.25,-2.5,11.75,-1.25,-4.25,-18,-11.75,-0.75,-5.75,-13
8720,1,1,-4.5,8.5,-6.25,-10,-0.25,-7,-1.5,-2.75,-3.25,-6.25
8721,2,2,-6.75,-2.5,13.25,-0.75,-4.75,-20.75,-15,1.75,-6.5,-13
8722,8,8,-6,-11.25,-8.75,-5.75,-7.25,1.25,-4.75,-9.5,5.75,-5.5
8723,9,9,-10.75,-9.5,-9.75,-5.25,-0.5,-4.5,-14.5,-2,-0.5,6.75
8724,1,1,-4.25,8.25,-3.25,-7.5,-1.5,-8,-3.5,-0.75,-2.75,-4.75
8725,8,8,-8,-14.5,-3.75,-2.75,-5,-7.75,-12.5,-5.5,5.25,-1.25
8726,8,8,-9,-15.25,-6.25,-3.75,-4.75,-2.75,-10,-6.5,5,-1
8727,7,7,-6.5,-1,-2.25,-2.5,-4.5,-10,-17,10.5,-3.25,0.5
8728,8,8,-9.75,-14.25,-7,-2.75,-6.5,-1.5,-11.25,-5.25,4.75,-2
8729,1,1,-4.5,7.25,-6,-9.25,-1.25,-7.25,-2.5,-3.75,-2.25,-7
8730,0,0,12.5,-8.75,-1,-9.25,-7.25,-10,-1,-5.5,-4.25,-7.25
8731,0,0,11,-4.5,-2.25,-8.5,-6,-12,-6.5,-3,-5,-5.5
8732,6,6,-0.5,-5.5,-2.5,-9.5,2,-5.25,7.75,-9.75,-5,-6.25
8733,7,7,-5,-3.25,-0.25,-2,-4,-12.5,-18.25,11,-2.5,0.5
8734,7,7,-4.5,-4.75,1.75,2,-8,-12.5,-21,12.25,-3.25,0.5
8735,8,8,-8.75,-13,-5.75,-5.25,-4,-5.75,-12.5,-3,4.5,0.75
8736,7,7,-8,-2.75,-5.25,-4.25,-4.5,-7.25,-16.25,8.25,-2.5,1.5
8737,5,5,-12,-14.75,-13.75,-1,-11.5,13.5,-6.5,-22,-1.25,-5
8738,0,0,10.25,-5.75,-0.75,-7.75,-2.75,-11.75,0.5,-4.5,-7.75,-5
8739,6,6,-1.75,-9.5,-4,-9.5,-1.25,-3.25,10.25,-14.5,-5.25,-4.5
8740,1,1,-5.25,8.25,-5,-8.25,-1.5,-7.25,-2.25,-1.75,-2.5,-4.75
8741,5,5,-12.5,-16,-13.75,1,-10.75,13.25,-8.75,-21.75,-3,-2.75
8742,7,7,-6.25,-5,0.5,-1.5,-5.75,-10.75,-18,8.75,-1.25,0.5
8743,4,4,-11.25,-8.25,-11.75,-13.25,11.75,-13,-10.25,-3.25,-4.5,-1.5
8744,6,6,-0.25,-7,-6,-9.25,-2,-3.25,9.5,-15.75,-4,-9
8745,1,1,-4.75,8.5,-5.25,-9.5,-1.75,-5.75,-0.5,-3.5,-2.75,-6.75
8746,2,2,-2.75,-9,12.75,-1.25,-5.25,-20.25,-12.5,-1,-2.5,-11
8747,5,5,-10.75,-19.25,-12.25,-3.5,-8.25,11.5,-3.25,-20.5,-0.25,-1.25
8748,0,0,10.25,-6.75,-1,-7.25,-6,-10.25,-2.75,-4.5,-5.5,-8
8749,7,7,-6.75,-2.5,-2.25,-3.75,-4.5,-11,-17.75,11,-2.25,1.25
8750,9,9,-6.75,-16.5,-6.5,-2.75,0.5,-9.5,-20.75,0.25,-2.75,8
8751,9,9,-10,-16.5,-9.5,-4,-0.25,-6,-18.75,-2.25,-0.75,8.75
8752,0,0,9,-3,-1.75,-9.5,-5.25,-12.25,-3.5,-2.75,-4.75,-4
8753,3,3,-6.5,-9.25,-2.25,10.75,-9,-5.5,-25.5,-7.5,-5.75,1.25
8754,4,4,-5.75,-7.25,-8.25,-10.75,10.75,-11.25,-9.5,-1.5,-6.75,-1.75
8755,4,4,-13,-11,-11.25,-10.75,10.5,-8,-12,-2.5,-4.25,-2.75
8756,8,8,-9.25,-8.75,-4.5,-4,-2.5,-7.25,-11.75,-4.75,2,-0.75
8757,4,4,-10.5,-10.75,-8.5,-10.5,11.5,-11.25,-13,-1,-5.25,-3
8758,1,1,-4.5,7.5,-5.5,-9,-1.5,-6.75,-2.25,-4.25,-2.5,-6.25
8759,8,8,-7.75,-10.5,-4.25,-5,-4.25,-4.75,-8.25,-3.25,3.75,-3
8760,6,6,0,-7.75,-4,-9.25,-0.5,-4.5,9.75,-12,-3.75,-4.25
8761,5,5,-9.25,-15.75,-12.75,-2.75,-11.25,12.5,-5.75,-17.75,-0.75,-4.75
8762,9,9,-9.25,-11.5,-9.25,-4.25,-0.25,-5.75,-17.25,-2,-0.5,7.5
8763,0,0,10.25,-6.75,-0.5,-10,-5.5,-12.75,-2.25,-2.75,-4.25,-5
8764,0,0,11.25,-7.25,-0.25,-9.25,-6.5,-11.5,-2.75,-2.25,-6.5,-4.5
8765,0,0,12,-9.75,-1,-10,-8.5,-9.75,-2.25,-0.75,-5.25,-4.5
8766,3,3,-7.25,-12.75,-2.25,11.75,-9.75,-3,-23.25,-11.25,-6.75,-1
8767,7,7,-2.5,-5.5,-4.5,-5.25,-5.25,-8.5,-15.25,13,-6.5,2
8768,1,1,-4.75,7.25,-5,-9,-0.75,-7.5,-3,-3.25,-2.5,-6.5
8769,6,6,1.25,-5.5,-1.75,-9.5,2,-6,9.5,-10.5,-7.25,-7.75
8770,4,4,-7.25,-5.75,-7.75,-10.25,9.25,-9,-7,-3,-5.5,-1.5
8771,6,6,1.5,-8.5,-4,-9.25,-1.5,-3.25,13,-15.25,-4.25,-9
8772,0,0,11.5,-5.25,-2.25,-8,-5.5,-12,-4.25,-3.25,-6.5,-5.5
8773,4,4,-9.5,-4.75,-9.25,-10.25,10.25,-11.25,-11,0.25,-4.5,-4
8774,5,5,-12.25,-17.25,-12.75,-1.25,-10.5,14,-8,-17.75,-3.5,-2.75
8775,4,4,-10.25,-8.75,-11,-11.75,11.25,-11.5,-13.5,-3,-4.25,0.25
8776,1,1,-5,8,-4,-7.75,-1,-8.75,-5.25,-1,-3.5,-6
8777,3,3,-6.5,-13.75,-1.25,12.75,-12,-8,-27.5,-5,-3.75,0.25
8778,8,8,-9,-17.75,-4.5,-2.5,-7.25,-6.75,-14.75,-3.5,6,-0.25
8779,6,6,-2.25,-7.5,-3.75,-9.75,1,-4.25,10,-13,-5.25,-6.25
8780,3,3,-6.75,-11.25,-1.25,12,-12.5,-5.5,-24.5,-8.25,-3.75,-1.25
8781,9,9,-7.75,-12.75,-6.25,-4.25,-1,-9.25,-14.75,-2,0.5,6.75
8782,9,9,-9.75,-17,-7.25,-4.25,-2.25,-6,-18,-0.5,0.5,8.5
8783,5,5,-8.5,-19,-13.5,-4,-9.5,12,-4.5,-15.5,0,-2.5
8784,9,9,-11,-14,-10.5,-3.25,-1.25,-2.5,-16,-5,-1.5,7
8785,3,3,-5,-7.5,-1.25,5.25,-6,-2.75,-15.5,-9.25,-6.75,-3.25
8786,7,7,-5,-6.75,-1,-0.5,-7.25,-10.5,-21.5,14,-3.75,0.5
8787,8,8,-6.75,-13.5,-4.25,-2.75,-4.5,-6.75,-11,-7.5,4,0.25
8788,5,5,-8.5,-13,-9.75,-1,-11.25,8.5,-8.25,-16.5,-2,-3.5
8789,6,6,-1.75,-7.75,-4,-9.25,-0.25,-3,11.25,-15,-6,-6
8790,4,4,-8.5,-8.75,-8.5,-11,10.75,-12.75,-9.75,-3.5,-4.5,-1.75
8791,7,7,-3.75,-6.25,2,2.25,-9.25,-12.75,-22.25,12.75,-3,1.25
8792,6,6,-3,-9,-3.5,-8.25,0.75,-3.75,9.5,-14.5,-4.5,-5.25
8793,2,2,-1.75,-8.5,12.75,-0.25,-9.25,-18.25,-13.75,1,-4.25,-8.75
8794,2,2,-6.5,-0.75,13.25,-1.75,-8,-18.75,-15.5,1.75,-5.75,-10.25
8795,0,0,9.5,-4,-1.75,-9.25,-4,-12.5,-3,-4,-5,-4.5
8796,9,9,-8.75,-14.25,-7.25,-3.5,-0.75,-6.25,-16,-1.25,-1.75,7.5
8797,4,4,-8.75,-6,-7.5,-10,10,-11.5,-11,-0.75,-5.75,-2.5
8798,0,0,11.75,-10.5,-1.5,-7.75,-8.25,-8.5,-3.75,-4,-4.25,-3.25
8799,1,1,-4.5,8.75,-5,-9.25,-1.5,-6.75,-2,-4.25,-2.5,-6.75
8800,2,2,-4.75,-5.5,14,-2.75,-3.5,-24.75,-14.5,-1,-3.75,-14
8801,3,3,-8.25,-13.75,-5.75,12,-10.75,-1.25,-24.75,-11.5,-4.25,-1
8802,4,4,-3,-6.25,-6.5,-13.75,10.25,-12.75,-3.25,-2.75,-6.5,-2.75
8803,5,5,-7.25,-14.75,-9.5,-4.5,-9.25,11,-2.75,-14.75,0.75,-3.5
8804,6,6,1.5,-4.75,-0.75,-7.5,1.5,-8,6.5,-9.25,-5.75,-7.25
8805,7,7,-7.5,-1.25,0.5,-0.75,-5.25,-10.75,-18.25,10.75,-2,0
8806,8,8,-8,-2.5,-7.75,-7.25,-4.25,-4,-3.25,-7.25,3.5,-4.5
8807,9,9,-7,-14.5,-9.5,-4.75,-0.25,-2.75,-11.75,-5,-3,7.5
8808,0,0,11.25,-5,-3,-9,-7,-8.5,-2.75,-0.5,-5.5,-5.75
8809,1,1,-6.5,7.75,-5.75,-8,1.25,-10,-10.5,1.5,-3.75,-5.5
8810,2,2,-4.25,-3.25,9.75,0.75,-7.75,-15.25,-13.75,-0.25,-5,-6.75
8811,3,3,-8.25,-13.5,-4,12.5,-10.5,-2.5,-25.5,-11.75,-4.75,-1.5
8812,4,4,-6.5,-3,-8.25,-12,9.75,-11.75,-7,-1,-5.5,-1.5
8813,5,5,-9,-16.75,-11.75,1,-9.75,12,-8.5,-15.75,-2,-2.25
8814,6,6,0.75,-4.75,-3,-7.75,-0.25,-5.5,8.25,-11.25,-5,-6.75
8815,7,7,-2.5,-4,2.5,0.75,-6.75,-13.25,-18.5,11.25,-3.25,1.25
8816,8,8,-3.5,0.25,-4.75,-7.75,-5,-6,-2,-7.5,2.5,-9
8817,9,9,-8.25,-13.75,-9.25,-4.5,-2,-2.25,-11.5,-5,-1.25,7.5
8818,0,0,9.75,-6.5,-2,-8,-7.25,-8.5,-4.75,-1.5,-6.25,-4.75
8819,1,1,-7.25,8,-6,-8.5,1.25,-9,-9.5,0.75,-3.75,-6.75
8820,2,2,-5,-11.75,10,-0.5,-8.75,-15,-14.75,-1.25,-1.75,-6.5
8821,3,3,-5.75,-16,-5.75,11.75,-11.25,0.75,-22.25,-11.75,-7.5,-1
8822,4,4,-6.25,-7,-8.25,-15,9.25,-12.25,-4.75,-2.75,-3,0.25
8823,5,5,-4,-10.75,-4.5,-4.25,-5.5,3.5,-2.75,-4,-1.5,-0.25
8824,6,6,1.5,-8,-2.25,-8,-0.75,-4.75,10,-12.5,-5.5,-7.25
8825,7,7,-7,-3,0.25,0,-6.75,-10.75,-19.75,11.25,-2.25,1.75
8826,8,8,-0.75,-11.25,-2,-8,-5.75,-11.25,-6,-5.5,5.25,-1.5
8827,9,9,-9.75,-14,-9.25,-4,-1,-2.5,-13.75,-4.5,-0.75,7
8828,6,6,-2,-7.25,-4.5,-7,-1.75,-2.25,9,-13.75,-5.5,-4.5
8829,4,4,-10.5,-6.75,-9.25,-7.25,9,-8.5,-13.5,-2.25,-5.5,-0.75
8830,2,2,-6.5,-11.75,9.5,-4,-3,-16,-10.25,-6.75,-1.5,-11.75
8831,6,6,-0.75,-6.25,-3.75,-8,0,-4.25,8.75,-12,-5,-5.75
8832,4,4,-7.25,-4.5,-9.25,-10.75,10,-11,-8,-1.5,-5.75,-2.75
8833,7,7,-4.25,-3.5,-4.25,-5.75,-2.25,-10.5,-15.5,10.75,-4.25,2
8834,5,5,-8.25,-17,-9.75,-0.5,-9.75,11,-5.5,-17.5,-0.25,-5.25
8835,5,5,-10.5,-19,-9.25,-3.75,-9.5,11.75,0.25,-19.75,0,-4.25
8836,4,4,-6.5,-5.5,-7.25,-9.75,9.25,-10.75,-6.5,-1.75,-6,-4
8837,7,7,-3.75,-4.75,0,-2.5,-4,-13,-18.75,11.25,-3,2.25
8838,2,2,-7,-5,13,-2.5,-2.75,-24,-14,-3,-3.25,-14.75
8839,9,9,-10.5,-10.5,-9.75,-2.5,-1.25,-3.75,-17.75,-0.75,-3.75,6.25
8840,3,3,-9.25,-14,-1.25,12.5,-12.5,-5.75,-27.75,-8,-2,-3.25
8841,9,9,-6.75,-14.75,-7.75,-4,-0.5,-5.75,-16.75,-0.5,-1.75,8.25
8842,3,3,-9,-13,-7.25,10.25,-11.75,1,-25.25,-13,-4.75,-1
8843,8,8,-3.25,-9,-4.75,-8.5,-7,-3.5,-4.5,-7.25,6.25,-5
8844,2,2,-1.5,-10.25,10.25,-3,-4.75,-16.25,-7.75,-3.75,-3.25,-9.25
8845,0,0,8.75,-4,-2.25,-8.25,-4,-15.25,-7.5,-1.25,-4.75,-1.5
8846,9,9,-7.5,-9.25,-7.25,-2.5,-1.25,-6.5,-13.5,-2,-2.75,5.75
8847,5,5,-5,-10.75,-7.75,-5.25,-6,5.75,0.25,-12.25,-3.75,-3.25
8848,6,6,-2.75,-5.75,-3.5,-9,2.25,-5.75,7.5,-12,-5.25,-5.5
8849,0,0,9.25,-5.5,-2.25,-8,-4.25,-14,-2.5,-0.5,-5,1
8850,1,1,-4.75,8,-4.75,-8.5,-2,-7,-1.75,-2.25,-2,-5.5
8851,0,0,10.25,-3,-2.75,-10.25,-5,-12.25,-4.5,-1.25,-5,-3.75
8852,6,6,1,-7.25,-2.75,-9.25,0.5,-5,11.75,-14,-5.25,-9
8853,5,5,-4.75,-13,-8.75,-5.5,-9.25,7.75,-1.75,-9.75,0,-4.5
8854,3,3,-7,-13,-4.5,12.25,-12.75,-1.75,-25.75,-10.75,-5,-1.5
8855,5,5,-9.5,-19.25,-11.75,-1.75,-9.25,12.75,-5.5,-18.5,-0.5,-2.75
8856,3,3,-9.25,-13.25,-5.25,11,-12.25,-1.25,-25.25,-10.5,-4.25,-2
8857,8,8,-4.5,-5.25,-2.75,-6.5,-6.5,-7,-3.75,-8,3.75,-2.75
8858,0,0,11.5,-5.75,-0.5,-8.25,-6.75,-12.75,-4.5,-3.5,-5,-6.5
8859,0,0,9.25,-7,-1,-8.25,-2.75,-12.75,-2.75,-2.5,-6.5,-2.5
8860,3,3,-8,-11.5,-4,10.25,-9.75,-2.5,-24.75,-10.5,-4,-2
8861,4,4,-6.5,-5.5,-7.75,-11.25,10,-13,-10.25,-1.5,-5.5,-1.25
8862,1,1,-5.75,8.25,-4.5,-8.5,-1,-7.5,-4.25,-1.75,-3.75,-6.5
8863,5,5,-7.25,-12.25,-7.25,-8.5,-8.5,7.25,5.75,-17.75,2,-6.25
8864,3,3,-4.75,-11,-2.25,10,-9.5,-3.25,-22,-10.5,-4.75,-1.25
8865,0,0,11.25,-7.75,-2.75,-9.75,-6.5,-9.5,-2.75,-1,-4.5,-3.5
8866,8,8,-5.75,0.75,-4.75,-7.25,-3.75,-8.75,-8.75,-2,1,-3.25
8867,3,3,-5,-9,0.75,6.75,-8.5,-5.5,-20.25,-8.5,-5,-5.25
8868,0,0,10.5,-12.75,-1,-7,-8,-7.25,-1.25,-2,-4.75,-1.25
8869,6,6,0.75,-7.75,-4.5,-9.25,-1.25,-4,10.75,-13.25,-3.5,-6
8870,2,2,-4.5,-6.5,9.5,-2.25,-3,-16.75,-8.75,-4.25,-2.5,-10.5
8871,7,7,-2,-7.75,1,-1,-6.5,-12,-18.5,12.5,-3.5,1.25
8872,8,8,-3.75,-3.25,-2.25,-7.5,-5.25,-9.5,-7.5,-6.25,4.25,-5.5
8873,1,1,-4.75,7,-4.25,-7.5,-1,-8,-4,-2.5,-2.75,-5.75
8874,7,7,-3.5,-5.25,1.75,2,-7.75,-12,-21,12,-3.5,1.5
8875,1,1,-5,7.75,-5.75,-10,-1.25,-7,-2.25,-3.75,-2.25,-6.5
8876,3,3,-8.25,-11.25,-5.75,8.5,-8.5,-0.5,-22.75,-9.75,-6,-1
8877,8,8,-4.75,-1.25,-5.5,-7.5,-4.5,-8,-6.5,-6,4.75,-5.5
8878,5,5,-8.75,-14.25,-11.5,-2,-7.5,10.25,-7.75,-12.5,-5,-1.75
8879,4,4,-8,-5.25,-10.75,-12.25,10.5,-11.75,-9.75,-2,-6,-1
8880,2,2,-4.75,-7,11.75,-2.25,-4.25,-20.5,-13,-2.75,-1.25,-10.25
8881,0,0,8.75,-2,-3,-12,-3,-14.25,-3.5,-3.5,-3.5,-4
8882,9,9,-8.25,-9.5,-8.25,-5.25,1.5,-7.25,-13.5,-3.75,-3,6.5
8883,7,7,-8.75,-1.25,-4.5,-3.5,-5,-8,-17.25,11.75,-3.25,-1.25
8884,6,6,-2.5,-8,-4.5,-8,-0.75,-2.5,9.25,-13.5,-3.75,-2.75
8885,7,7,-7.75,-2.5,3.25,1.5,-8.5,-14.75,-23.25,12,-2.75,0.75
8886,4,4,-4,-3.5,-8,-12.5,8.25,-11.75,-5.75,-3,-5.25,-0.75
8887,1,1,-6.75,7,-4.75,-7.75,1.25,-10.25,-10.75,0.75,-4.25,-6
8888,6,6,-0.25,-7,-1.75,-7.75,1.25,-5.25,9.75,-13,-6.25,-8
8889,2,2,0.25,-12,5,-3,-6.5,-7.5,-7.75,-3.5,-2.75,-7.75
8890,6,6,1,-6.5,-2.75,-9.5,1.25,-7.75,9.25,-12.25,-3.75,-8.75
8891,7,7,-6.5,-5,2.5,1.5,-8.25,-12.25,-21,12.5,-2.75,0.75
8892,1,1,-6.25,7.75,-3.25,-7.25,1,-10.75,-9.75,2,-4.75,-5
8893,9,9,-6.75,-16.25,-7.5,-4.5,-0.25,-7.25,-16.75,-1.25,-0.75,9.75
8894,8,8,-3.25,-4.25,-4.5,-7.75,-5.5,-7.5,-6.25,-4.5,5,-4
8895,0,0,11,-4,-3,-10.75,-5.25,-12,-3.5,-0.5,-5.5,-4.75
8896,6,6,-0.75,-5.5,-2,-8,1.25,-6.75,7,-11.25,-5.25,-7
8897,9,9,-6.5,-13,-5,-5.5,-0.25,-10.25,-15.25,-0.5,1.75,7.5
8898,4,4,-9,-4,-11.25,-13.5,10,-10,-7.75,-2.25,-3.5,-1.25
8899,9,9,-6,-12,-7,-4,0,-8.75,-17.25,1.5,-2.75,8
8900,9,9,-8.5,-12,-9,-5.25,-0.25,-5,-13.5,-3,-1,8.25
8901,6,6,2,-5.25,-2.75,-7,-2,-6.25,7.5,-12.5,-3,-7.5
8902,2,2,-4.75,-2.75,10.75,-1.75,-7.75,-15.5,-14.75,-0.5,-2.25,-8
8903,3,3,-7.5,-14.75,-5.5,11.75,-10.75,-0.75,-25.5,-11.75,-6.25,0.5
8904,7,7,2.5,-9.75,-3.75,-5.25,-5.75,-8.75,-11.75,10.75,-5.75,2.25
8905,1,1,-6.25,7.75,-4.75,-7.75,0.75,-8.5,-8,1.75,-5,-4.75
8906,9,9,-6.75,-10.5,-9.25,-6.5,-1.5,-4,-8.5,-3,-0.5,6
8907,2,2,-2,-6.75,11.25,-1.5,-5.75,-19,-14.75,0,-3.5,-9.25
8908,2,2,-2.25,-8,5.75,-4.5,-1.25,-11,-2,-7.25,-1.5,-11.5
8909,5,5,-10.5,-18.5,-11.75,1.5,-9.25,11.5,-11.5,-15.5,-2.25,-0.75
8910,3,3,-8.25,-14.5,-4,12.5,-10.25,-3.5,-28.5,-8.75,-5.75,0.25
8911,7,7,-5.25,-3.5,2.5,1.75,-8,-13.75,-22,11.5,-2.5,1
8912,8,8,-3,0,-4,-6.75,-5.75,-7.5,-7.25,-4.5,3.5,-6.75
8913,0,0,7.75,-3.75,-3.25,-6.5,-5,-8.5,-2.5,-6.25,-5,-6
8914,1,1,-5.25,8.25,-5.5,-8.75,-0.5,-6.5,-3.25,-3,-3.25,-6.75
8915,2,2,-5,-4.75,13,-0.75,-5,-20.75,-14.25,-1,-5.25,-12.5
8916,3,3,-5.25,-13.25,-2.25,10.25,-10.5,-6.75,-25,-3,-3.75,0.5
8917,4,4,-8.5,-5.25,-9,-11.25,9.25,-11.25,-9.75,-1.5,-4,-1
8918,7,7,-6,-2,-7,-6.75,-2.75,-6.75,-12,8.5,-5.5,1
8919,8,8,-5.5,-12.25,-2.5,-3,-7.25,-5.25,-9,-7.25,6.25,-1.75
8920,9,9,-3.75,-12,-4.25,-4.5,1.25,-11,-18,3,-2.75,7.75
8921,0,0,10.75,-4.75,-2.75,-10,-5.25,-10.25,-1.25,-3.5,-5.5,-6
8922,1,1,-5.25,9.75,-7.25,-11.5,-0.25,-7.5,-5.25,-1.75,-3.25,-9.25
8923,2,2,-2.5,-8.25,10.25,-0.75,-6.25,-14.75,-12.75,-3,-2,-8.25
8924,3,3,-8.25,-12,-2.5,11,-11.75,-3.75,-24.25,-5.25,-3.75,0.75
8925,4,4,-4.5,-4,-6.25,-12.75,9.75,-15,-4.5,-2.75,-6,-8
8926,7,7,-2.75,-8.75,-3,-5.25,-6.25,-8.75,-14,12,-3.25,1
8927,8,8,-3.25,-10.25,-3.25,-6.25,-5,-7,-8.25,-6,6.75,-2.75
8928,9,9,-3,-16,-5.5,-5.5,-1.75,-4,-12.75,2.25,-1.75,8
8929,0,0,11.5,-7.5,-3,-9.75,-8.25,-8,-3,-2,-6.25,-8
8930,1,1,-7,9.5,-7,-9.75,0.25,-7.25,-7.25,-0.5,-3.75,-7.5
8931,7,7,2,-7.75,-4.75,-7,-4.5,-8,-7.75,8,-5.25,1.5
8932,8,8,-3.5,-12,-2,-7,-5.5,-8.5,-11.5,-4,5.75,-0.5
8933,9,9,-6.5,-17.25,-4,-2.75,-3.25,-5.5,-16.25,0.75,0.25,7.25
8934,8,8,-4.5,-8.25,-3,-4.75,-4.5,-7,-7.75,-5.25,4.75,-1.5
8935,9,9,-6,-13.5,-7.5,-4.75,-0.75,-7.5,-16,-0.25,-2.5,9.75
8936,2,2,-6.25,-4,10,-1.25,-3.75,-18,-14.75,-1.25,-3.25,-10
8937,6,6,0.25,-4.75,-1.75,-8.5,-0.25,-3.5,10.5,-11.5,-5.5,-8.25
8938,1,1,-5.75,8,-5.5,-8.75,0,-7.75,-7,0.5,-3.75,-5.75
8939,3,3,-6.75,-11,-1.75,10.5,-10,-5,-24.75,-3.75,-5,2
8940,5,5,-10,-16.25,-12.25,-0.25,-8.75,12.75,-8,-14.5,-4.5,-0.75
8941,4,4,-4.5,-8.75,-3.75,-10.5,8.5,-14,-5.75,-2.5,-5,-5.5
8942,8,8,-4.25,-11,-2.75,-5.25,-3,-8.75,-11.5,-3.75,3.5,1.5
8943,2,2,-5.5,-0.25,9.5,-0.5,-8.25,-15.25,-15.75,0,-5.5,-8.25
8944,6,6,1.5,-8,-3.25,-9.25,-3.75,-1.5,10.5,-14.75,-0.75,-10.5
8945,4,4,-8,-6.25,-7.5,-10,8.75,-11,-8.5,-1.5,-4.5,-3.5
8946,3,3,-7,-13,-6,11,-9.75,-0.75,-24,-9.25,-7.25,0.5
8947,4,4,-7,-7,-7.75,-12,8.25,-12,-8.25,-1.75,-4,0.25
8948,5,5,-7.5,-8.75,-8,-1.75,-5.75,6.25,-6.5,-5.25,-3.75,-0.75
8949,9,9,-5,-15,-6.5,-5.25,-0.25,-7.25,-15,1,-0.75,8.75
8950,2,2,-7,-0.5,9,-1.75,-3.5,-17.25,-12.75,-2.75,-5.5,-10.5
8951,0,0,10.5,-6.5,-2.25,-7.5,-6.75,-10.25,-4,-5.25,-4.5,-5.75
8952,3,3,-7.25,-6.25,-4.5,4.75,-5.25,-4.75,-17.75,-5,-3,0.25
8953,9,9,-7.75,-14.25,-6.5,-4.25,-0.75,-6.75,-15.5,-2.75,0.5,8.5
8954,4,4,-4.75,-7.5,-6,-8.5,6,-11.5,-7.75,-3,-5.25,-1.25
8955,9,9,-8,-16.25,-8.25,-3.5,-1.75,-4,-17,-2,-0.75,7.75
8956,7,7,-8.25,-0.75,-3,-5.75,-4.25,-9,-14.25,7.25,-1.25,-1
8957,3,3,-6.75,-11,-4.75,10.75,-8.5,-3.25,-23.75,-8,-7.5,-0.5
8958,8,8,-8,-7.5,-5.75,-2.25,-9.25,-2.25,-13,-4.75,4.5,-3.5
8959,7,7,-4.5,-5.75,-3.75,-5,-3.75,-10.5,-16.25,10.75,-4.25,3.25
8960,4,4,-5.25,-8.5,-6.25,-12.25,9,-12,-5,-3.5,-5.75,-4.5
8961,4,4,-5.5,-7,-5.5,-10.25,8,-12.5,-8.5,-0.75,-4.25,-1.25
8962,9,9,-11,-13,-8.25,-4.75,0.25,-5.75,-17.25,-2,-0.25,7.25
8963,8,8,-7.5,-9.25,-3.5,-3.75,-3.75,-6.75,-13.75,-4.5,2.5,2
8964,5,5,-11,-13.75,-11.75,-1.25,-8.25,10.75,-9.25,-12.5,-3.75,-0.75
8965,8,8,-7,-11.5,-2.25,-5.5,-6.25,-6.75,-10.5,-7.25,6.25,-2
8966,2,2,-8.25,-1.5,9,-2.25,-4,-16.75,-11.5,-4.5,-5,-11.75
8967,6,6,-1,-9,-3.75,-7,-2.75,-2.75,9.75,-16.5,-2.5,-9.5
8968,6,6,-1,-9.5,-4,-8,-1.5,-2.75,12.5,-16.25,-4.5,-8
8969,2,2,-1.5,-8.75,8.5,-3.25,-3.5,-13,-6.25,-3.25,-5.75,-9.75
8970,3,3,-6.75,-15.5,-1.75,11.25,-13.25,-5.75,-25.75,-5.5,-2.5,-1.25
8971,1,1,-6.75,8.25,-6.25,-8.75,0.25,-7.25,-7.5,-1.25,-3.75,-7.5
8972,3,3,-7.75,-15.25,-2.75,11.25,-11,-3.75,-25.25,-9,-5.75,-1.5
8973,2,2,-4.75,-4.25,9,-2,-7,-12.75,-11.25,-2.25,-4.75,-9
8974,7,7,0,-8,-6.75,-6.75,-4,-3.5,-7,8,-6.5,1.5
8975,3,3,-6.25,-13.75,-4.5,8.75,-9,-1.5,-24.75,-7.75,-4,0.25
8976,1,1,-6.25,9.5,-7.5,-9.75,0.5,-7,-6,-0.5,-4.25,-7
8977,9,9,-8.5,-12.75,-6.75,-3.75,1,-9.5,-20,0.5,-1.5,8.5
8978,0,0,10.5,-11.5,-2.25,-8.25,-9.75,-4.5,-1,-4.25,-6.5,-4
8979,1,1,-7.25,9,-7,-10.75,0.25,-7.25,-6.75,-1.75,-3.5,-9.25
8980,1,1,-7.5,8,-4.75,-9.5,1.75,-9.75,-10.5,0,-4,-9.25
8981,3,3,-5.5,-13,-2.25,7.25,-9,-2.5,-21.25,-6.25,-3.75,2.75
8982,5,5,-7.75,-8.5,-7,-2.75,-4.25,5,-6.75,-5.75,-4.5,-1.25
8983,0,0,9,-8.75,-2.25,-7.5,-7.25,-4.25,0,-3.25,-8.5,-5
8984,7,7,-2.5,-5.5,-3.75,-8.75,-2,-9,-8.25,6.25,-4,1
8985,8,8,-6.75,-10.5,-3,-5,-7.75,-5,-9.25,-6.25,7,-3.25
8986,1,1,-6.5,8.25,-6,-8.75,1,-8.75,-8.75,0.25,-3.75,-6.75
8987,5,5,-9,-18.5,-11.25,2.5,-9.25,11.5,-10,-16.25,-4,-2.5
8988,1,1,-5.25,8.75,-6.5,-9.75,0.5,-8.25,-6.75,-2,-3.25,-7.75
8989,4,4,-7,-6.5,-7.75,-11,9.5,-13,-9.5,-1,-6,-1.75
8990,6,6,-0.75,-9.75,-4.25,-8.5,-0.75,-3.25,11.25,-14.75,-4.25,-5.25
8991,0,0,9.25,-9,-3.75,-8.5,-11,0,-0.75,-9.75,-5.5,-7.5
8992,0,0,10.25,-8.75,-2,-8.75,-8.75,-4.5,-0.5,-4.75,-7,-6.5
8993,4,4,-5.75,-2.75,-6.5,-10.75,7.75,-10.5,-6.25,-2.5,-4.25,-4
8994,9,9,-5,-12,-5.5,-3.75,1,-9.75,-16.25,1,-2.5,7.5
8995,1,1,-7,8.25,-5.75,-9.25,2.25,-9.5,-8.5,0.75,-4.75,-7.25
8996,6,6,2,-8.75,-3.5,-8.5,-2.75,-3,11.75,-14.5,-4.75,-8.75
8997,6,6,1.25,-9.75,-3.25,-7.75,-0.5,-3.75,10.25,-12.5,-4.75,-4.5
8998,9,9,-6.25,-13.5,-5,-4.5,-1,-6.25,-14.25,0.5,0.75,6.75
8999,0,0,10.5,-9.25,-2.25,-8.75,-7.75,-5.75,0.75,-4.5,-7.25,-8.25
9000,7,7,-5.25,-7,-2,-2.75,-7,-7.25,-16.25,12,-3.5,1.25
9001,6,6,-1.75,-9,-3.25,-8.5,-1.25,-1,11.75,-15.25,-5.75,-6.75
9002,1,1,-6.5,8.75,-5.25,-10.25,0.5,-8.5,-7.25,-1.5,-3,-9.75
9003,1,1,-6.25,9.5,-4.5,-12,1,-11,-8.5,-0.5,-2.75,-12.75
9004,0,0,9,-6,-3.25,-9.5,-4.25,-9.75,-2.5,-0.75,-5.25,-5.75
9005,1,1,-7,6.5,-6.75,-10.5,-0.25,-9,-8,-0.25,-2.25,-9.5
9006,2,2,-2.25,-4.5,8.75,0.5,-13.5,-13.75,-16,0.5,1.25,-11
9007,3,3,-9.5,-9,-3.5,5.75,-13.75,-3.5,-18.5,-2.5,0,-4.75
9008,4,4,0.75,-5.25,-3,-8,3.5,-12.25,-5,-6.25,-6.5,-0.75
9009,7,2,-4.75,-4.25,9.25,2,-8.75,-15.25,-17.25,3.5,-5.5,-6.75
9010,2,2,-3,-5.75,9,-0.25,-16,-11.25,-17.25,1.75,3.25,-9.5
9011,3,3,-9,-12.75,-5.5,9,-10.75,-0.25,-19.25,-7.5,-2.5,-4.5
9012,4,4,-7.5,-6.5,-4.5,-8.25,5,-9,-7.25,-4.75,-3.25,0
9013,5,5,-3.5,-5,-6,-3.25,-4.75,2.75,0,-5.25,-3.75,-3.5
9014,6,6,1.75,-14,-3.5,-7.25,-3,-1.75,9.25,-15.75,-4.25,-8.5
9015,7,2,-4.5,-5,5.25,0.25,-6,-11.25,-12.25,2.25,-4.5,-5.75
9016,0,0,4,-7.5,-1.25,-7.5,-3.75,-6.25,-1.25,-2.25,-6.25,-6.5
9017,1,1,-8.75,7.5,-4.75,-10.75,0.75,-10,-9,-1,-2.25,-13
9018,2,2,-5.25,-5.5,10.25,1,-7,-14.75,-14.25,2.5,-3.5,-9.75
9019,7,2,-6.25,-5.5,6,0.5,-6.75,-13.5,-16.5,6,-3.5,-4.75
9020,8,8,-5.75,-12,-6.75,-5.25,-5.75,-1.75,-5.75,-8.75,5.75,-2.25
9021,6,6,-2.5,-9.25,-1.75,-9.5,2,-5,9.5,-13.5,-6.5,-7.25
9022,3,3,-5.75,-13.75,1,6.5,-11,-4.75,-12,-9.25,-1.25,-10.75
9023,9,9,-2,-15.5,-4.75,-4,0.5,-6.5,-11.5,-0.75,-3.5,2.75
9024,7,2,-5,-3,7.5,0.75,-9,-14.5,-17.25,4.5,-4,-4.5
9025,1,1,-5.5,7.5,-7.75,-10.75,-1.25,-5.5,-3.75,-2.5,-1.75,-6.75
9026,9,9,-3.25,-16,-4.5,-6,-1,-5,-7.5,-4,-1.5,3.75
9027,3,3,-8.75,-11,-5.25,6.5,-12.25,-0.25,-18.5,-6,-2.5,-1.25
9028,9,9,-6.5,-17.25,-7.5,-2.75,-3,-1.75,-14,-1.25,-2.25,5
9029,6,6,1.25,-9,-3,-9.25,-1.75,-3.5,11.5,-16.25,-6,-11
9030,1,1,-6.5,8.75,-6,-8.5,1,-9.25,-8.75,1.75,-4.5,-5.25
9031,7,7,-6.5,-3,5.75,0.25,-5.25,-14.5,-19,7.5,-5,-3.75
9032,2,2,-3,-4.25,8,-0.75,-13.75,-10.75,-11.25,-3,0.75,-12.75
9033,4,4,-11,-6,-11.5,-12.5,10.25,-10.5,-10.5,-3.25,-3,0.75
9034,4,4,-10.5,-6,-11.5,-10.75,8.75,-10.25,-11.5,-2.5,-2.5,0.75
9035,5,5,-6.75,-5,-9,-3.75,-5,3.75,-5.75,-2.75,-2,-1.5
9036,7,2,-6.5,-2,5.75,0.25,-8.5,-12,-16,4,-3.5,-3.75
9037,0,0,11.25,-10.25,-1.75,-9.75,-7.25,-7.5,1.25,-2.5,-9,-5.75
9038,0,0,8.25,-11.5,-0.75,-6,-5.25,-6.25,0.5,-1.25,-9.75,-6.75
9039,1,1,-5.75,6.75,-7.75,-10.75,-0.25,-7.75,-5.75,-1.5,-2.5,-7.5
9040,6,6,-1.5,-12,-4.75,-10.25,-1,-2,9.75,-17.25,-3.5,-10
9041,6,6,2.25,-7,-3.25,-9.25,0,-4.5,10,-13.75,-6.5,-8.75
9042,8,8,-5.25,-11.5,-4.75,-5.75,-5,-3.25,-7,-7.25,5.5,-0.75
9043,2,2,-4.75,-3.75,8.5,1.75,-15,-12.25,-16.75,-3.25,3.25,-13
9044,7,7,-7,-4.5,5.75,0.75,-6,-15.75,-20,10.5,-4.25,-3
9045,7,7,-3,-6,6,0.75,-7.75,-12,-18,6.25,-5.5,0.5
9046,2,2,-2.75,-6,8.5,0.5,-15.25,-10.5,-15.5,1.75,1.25,-8.25
9047,4,4,-7.75,-5.25,-10,-13.5,8.25,-9,-2.25,-4.5,-3.75,-2.25
9048,2,2,-4.75,-4,12.75,-0.25,-6.75,-18.25,-11.25,0.75,-4,-13
9049,1,1,-7.25,8.5,-5.75,-9.75,1.25,-9.75,-9.25,-0.75,-3.5,-9
9050,6,6,-1,-10.75,-3.5,-8,-0.5,-2.25,9.25,-16,-4.75,-8.75
9051,1,1,-4.75,1.5,-4.75,-6.5,-1.75,-9,-6,-2,-1.75,-3.75
9052,0,0,11.75,-12.75,-2,-8.5,-8.25,-7.25,0.5,-3.5,-5.5,-5.5
9053,6,6,0.75,-9,-1.5,-9.25,-0.5,-3.25,11.75,-14.5,-5.75,-10.25
9054,9,9,-9.25,-6.75,-6.75,-2.5,-0.75,-4.5,-15.25,2.5,-3.75,3.25
9055,8,8,-6.25,-9.5,-3.5,-5.75,-10,-3.5,-10,-7,7.5,-6.5
9056,3,3,-9.5,-17.25,-6,11.5,-12.25,1.75,-21,-13.25,-3.75,-3.5
9057,9,9,-7.75,-19.25,-7.5,-1.75,-4.5,0.25,-12.75,-5.5,-0.5,5.5
9058,6,6,1,-7,-1.5,-9.5,0.5,-4.5,10.75,-13,-7.75,-9.75
9059,3,3,-8.5,-17.25,-8,10,-12.25,2.75,-20.5,-12.25,-3.25,-2.5
9060,0,0,14.5,-12.25,-3,-9,-13.5,-5,-3.25,-5.5,-6.25,-3.75
9061,1,1,-6.25,6.5,-3.25,-6,-3.75,-8.25,-3.75,-3,-2,-6.5
9062,2,2,-3,-5.75,8.75,-4.75,-6.75,-16.25,-9,-1.5,-1.5,-6.25
9063,3,3,-6.5,-6.5,2,5.5,-10.25,-9.25,-15.25,-2.75,-1,-6.75
9064,4,4,-9.25,-9,-8.5,-11,10,-10.25,-6.5,-5,-5,-4.75
9065,5,5,-12,-24.5,-17,-1.5,-12.25,16,-9.5,-22,-2,1
9066,6,6,0.75,-10.75,-6.75,-9.5,-3.25,-1.5,12.25,-15,-4,-6.75
9067,7,7,-6.5,-7,-6.75,-7.25,-1.25,-8,-13,11.5,-4.75,1.75
9068,8,8,-7.5,-15.5,-2.5,-5,-6.25,-8.75,-11.5,-5,4.75,-2
9069,9,9,-10.25,-14.75,-9,-3.25,-0.5,-2.25,-12.5,-6.5,-1,4.75
9070,0,0,12.5,-12.75,-2.5,-8.75,-9,-7,0,-1.75,-7.25,-1.5
9071,1,1,-7.25,2.25,-4,-5.75,-3.75,-7.75,-5,-4.75,-1.25,-5
9072,2,2,-3,-3.75,12.25,0,-11.75,-18.5,-12.75,-0.25,-1.75,-10.5
9073,3,3,-7,-10.75,-1.25,4.25,-5.75,-5,-10.25,-7.75,-2.25,-8
9074,4,4,-8,-8.75,-8.75,-10.25,7.75,-9,-1.75,-6.75,-4.5,-5.25
9075,5,5,-8.5,-26,-16.25,-1,-10.5,13.75,-6,-20.75,-2.5,0.75
9076,6,6,0.25,-11,-5,-9.75,-1.5,-3.75,13,-15.75,-2.5,-6.75
9077,7,7,-6,-6.75,-2,-2,-5.75,-11.5,-22.5,15.5,-5,1
9078,8,8,-2.75,-14.5,-5.5,-5.75,-7,-2.5,-0.75,-12.5,6.25,-7.5
9079,9,9,-6.25,-17.25,-6.5,-6.25,0.5,-7.75,-14.5,-4.25,-4,9
9080,0,0,11.75,-10.25,-3.5,-10,-10.25,-5.75,-3,-2.5,-5.5,-5.75
9081,1,1,-5.25,6.75,-5.5,-6.75,-3.75,-7.25,-4.5,-3,-2.5,-3.75
9082,2,2,-2,-3.25,9.5,0.75,-12.5,-15.5,-12.25,-0.5,0.25,-10.75
9083,3,3,-8.5,-13,-2.25,11.75,-8.5,-6.5,-25.25,-10.75,-5.25,-3.5
9084,4,4,-6.75,-9,-5.25,-6.5,6.25,-11.5,-7.25,-4.75,-4.25,-2.25
9085,5,5,-2.5,-26,-11,-3.75,-11.75,7.75,-3,-17,-0.5,1.75
9086,6,6,-0.5,-13.25,-5.5,-10.25,-1.75,-1.75,12.5,-17,-4,-6.5
9087,7,7,-7.75,-6,-2.75,-1.25,-5,-10,-20,11.75,-3,0.75
9088,8,8,-8.25,-14,-6,-5,-4.5,-2.5,-5.75,-8.5,4,-5
9089,9,9,-12,-11.5,-9.25,-2.75,-0.5,-2.75,-15.5,-3.75,-3.25,6
9090,1,1,-6.5,7.5,-6.25,-6.25,-2.25,-7.25,-6.75,-1,-3.75,-3
9091,6,6,-1.5,-8.25,-5.25,-8.75,-1.25,-2.25,11.5,-14.75,-3.25,-5.75
9092,8,8,-6.25,-13.25,-2.25,-3.5,-3.5,-9,-11.25,-4.75,4.5,-3.75
9093,9,9,-7.5,-10.5,-9,-6.25,0.75,-5,-9,-5,-4.75,6.5
9094,9,9,-9.5,-11.75,-9.75,-6,0.75,-5.25,-12.25,-5,-3.25,7.25
9095,0,0,13,-13.25,-3,-9,-11.25,-4.5,0.5,-4.75,-7.25,-3
9096,1,1,-5.25,7.5,-2.5,-7,-3.5,-7.5,-2.5,-3.25,-2,-5.75
9097,2,2,-3.75,-4.75,9.25,-0.25,-8,-15.75,-7.5,-3.25,-3.5,-12
9098,4,4,-5.5,-9,-5.25,-7.75,7.5,-9.25,-4.5,-3,-6.5,-6
9099,4,4,-4,-9.25,-6.25,-10.25,7.25,-8.25,0.25,-7,-6.25,-4
9100,3,3,-8,-12,-0.75,10.5,-12.5,-7,-22.5,-6.75,-0.75,-3.5
9101,7,7,-3.75,-6.75,0.75,-0.5,-7.5,-12.75,-20.25,13.75,-2.5,0.75
9102,4,4,-7.75,-9.25,-8,-8.5,7.5,-11,-7.5,-4.25,-3.5,-2.75
9103,4,4,-4.25,-6.25,-6.75,-7.75,3.5,-6.75,0.25,-5.25,-3.25,-4.75
9104,4,4,-8.25,-6.75,-7.5,-9.25,7,-9.75,-4.25,-5.25,-5,-5
9105,0,0,12.25,-13,-2.25,-9.5,-8.5,-8,0.25,-2,-5.75,-1.75
9106,3,3,-7,-13.5,-0.75,13,-12.5,-5.25,-23.25,-10.75,-3.25,-3.75
9107,8,8,-7,-13.75,-4.25,-2.5,-3.75,-7.5,-11,-7.25,6.25,-5.25
9108,7,7,-6.75,-5.75,-7.5,-6,-3.25,-7,-17.75,15,-7.5,2.25
9109,5,5,-11.5,-25.25,-16.5,-1.5,-13.25,17.5,-7.75,-23.5,-1.25,-0.25
9110,8,8,-6.5,-10.75,-3.25,-6.75,-4.75,-6.5,-5.75,-9,1.75,-6.5
9111,2,2,-3.25,-4,13.75,-0.5,-10,-20.75,-13,-0.25,-1.75,-13
9112,1,1,-7,4,-3.5,-7,-3,-7.5,-2,-6.5,-1.5,-7
9113,7,7,-9,-7.25,-8.25,-5,-3.25,-4.75,-15.25,10.25,-5,1.75
9114,5,5,-7.25,-22.25,-14.5,-7,-12.5,14,-1.75,-20.75,0.75,-4.75
9115,3,3,-7.75,-12.75,0.75,11,-12.5,-6.25,-25.5,-10,-5.25,-3
9116,8,8,-2.75,-16.75,0,-4.25,-5.25,-11.25,-12,-1.75,5.5,1.5
9117,5,5,-7.5,-10.25,-11.75,0.25,-9.75,8.75,-12.5,-9.5,-4.25,-0.5
9118,2,2,-3.25,-1,12.5,-1.75,-10.75,-17,-13.5,-1.75,0.75,-13.75
9119,5,5,-4.75,-19.25,-10.75,-6.25,-9.75,8.5,-2.25,-13.5,3,-4.5
9120,1,1,-4.25,7.5,-4.75,-8.25,-2.25,-6.75,-1.5,-3,-2,-4.75
9121,1,1,-4.5,7,-5.5,-9,-1.75,-5.5,0,-4,-2,-5
9122,6,6,-2.25,-10.25,-4.75,-10.25,0.5,-3.25,11.75,-16.25,-2.75,-8.75
9123,2,2,-6,-7,12.75,2.5,-12.25,-17,-16.25,-5.25,1.75,-10.25
9124,1,1,-5.25,8.75,-5,-8,-1.75,-7.5,-3.75,-0.25,-3,-4
9125,3,3,-8.5,-16,-2,13.5,-12,-5,-27.25,-9.75,-4.25,-0.75
9126,8,8,-7.75,-14.5,-4.75,-5.5,-3.5,-3.5,-4,-10.75,3.75,-4.25
9127,6,6,-3.5,-4.75,-1.5,-8,0.5,-4.5,8.75,-11.5,-4.75,-10.75
9128,4,4,-5,-10,-8.75,-9.25,4,-6.75,3,-6.5,-2.5,-5
9129,2,2,-3.5,-4,14.25,-0.25,-12,-20.75,-13.75,-1.25,-0.25,-13
9130,6,6,1.5,-10,-3.5,-7.25,-5,-2.5,10,-13.75,-2.25,-3.75
9131,2,2,-4.5,-1.5,12.5,-1.75,-11.5,-15.25,-14,1,-2,-10.25
9132,5,5,-10,-23.25,-11.5,-3,-10.5,10.25,-4.75,-19.75,1.75,-0.75
9133,5,5,-6,-20.25,-10.5,-7.5,-11.5,10,-0.25,-15.5,1.5,-2.25
9134,0,0,10,-10.25,-3,-7.75,-11.75,-2.5,-2,-3,-8.75,-4.5
9135,2,2,-4.25,-1.5,12.25,-2,-10.25,-16.75,-8,-3.25,-3,-15.75
9136,8,8,-8.25,-17.5,-5.5,-2.5,-5.25,-5.5,-12,-8.75,4.75,0.75
9137,0,0,12.5,-11.5,-1,-9,-11.5,-7.75,-3.75,-0.75,-5.75,-3.75
9138,6,6,-0.75,-10.25,-5.25,-8.75,-2.5,-1.5,12.75,-16.75,-3,-7.5
9139,8,8,-9,-11.5,-8.5,-7.25,0.25,-3.75,-1.75,-9.75,3.25,-9.25
9140,1,1,-5,7.5,-5.5,-7.5,-1.5,-7.5,-3.75,-1.75,-3,-3.5
9141,7,7,-8.25,-5,-14,-10.25,0.75,-3,-9.5,6.25,-5.25,-1.5
9142,9,9,-8.25,-10.75,-7.5,-3.5,-0.75,-6.5,-14.25,-4,-1.75,7
9143,1,1,-5,8.25,-6.5,-8.5,-2,-7,-3.25,-1.5,-2,-4
9144,9,9,-7,-14,-6.5,-3,-1.5,-6.75,-15.75,-1.25,-2,7.75
9145,2,2,-2.75,-1.75,11.5,-1.75,-10.5,-15.75,-8.5,-3.5,-1.75,-15
9146,6,6,-0.75,-11.5,-6,-7,-3.25,-1.25,10.25,-18,-3.25,-8.75
9147,7,7,-3.75,-6.25,-7.75,-7.5,-4,-6.25,-12.75,12.25,-4.25,0.75
9148,6,6,-2.75,-8.75,-4.75,-7.75,-1,-2.5,8.75,-16.25,-3.5,-7.75
9149,6,6,-2.75,-8,-5,-7,-1.75,-2.25,10,-15.25,-2.75,-8.25
9150,8,8,-6.25,-17,-5.75,-5.5,-3.5,-3.5,-2,-14.25,5.75,-6.5
9151,7,7,-3,-7.75,-8,-7.5,-3.5,-7,-14.75,13.75,-6,3
9152,4,4,-9,-4.25,-10.25,-12,10.25,-11,-8.25,-1.5,-5,-2.75
9153,9,9,-9.5,-8.75,-10.75,-5.5,-1.75,-0.25,-8,-5.75,-1.25,3.75
9154,2,2,-3.75,-2.5,13.75,0.75,-10.5,-22.25,-16.75,0.5,-0.75,-10.75
9155,1,1,-5.75,6.25,-6.5,-7.75,-2.5,-7.5,-4.75,-2.75,-2.5,-3.25
9156,3,3,-5.75,-8.25,-2.25,8,-9.25,-1.5,-17.75,-12,-6.5,-3
9157,3,3,-8.5,-12.25,0.25,12,-14.75,-9.5,-25.5,-5,-0.25,-5.5
9158,0,0,6.5,-16,-1.5,-6.25,-5.5,-4.75,-2.5,-0.75,-7,1.25
9159,5,5,-11.75,-26,-11.5,-2.25,-12,13,-5.5,-23.5,0,-0.5
9160,5,5,-9.75,-23,-14.75,-4,-12.5,15.5,-5.25,-21,0.75,-1.25
9161,8,8,-5.75,-16.75,-7,-5.5,-5.75,-2.5,-2.5,-14.5,6.75,-7.75
9162,0,0,10.25,-10.5,-0.5,-7.75,-4.75,-12,0,-3.5,-5,-3
9163,3,2,-4,-9.25,7.5,6.75,-14.25,-14.25,-20,0,0.75,-5.25
9164,7,7,-5.75,-7.25,-6,-5.25,-4,-8.25,-16.25,13.5,-5,1
9165,9,9,-8.25,-10.5,-10.25,-6.75,-1.75,-1.5,-6,-5.75,-1.25,5.75
9166,7,7,-8,-7.5,-9.25,-6.25,-4,-5.5,-16.75,13.5,-7,2.25
9167,0,0,13.25,-10.25,-4,-10.75,-10.5,-6,-2,-1.25,-4.75,-4
9168,2,2,-3.25,-1.5,8.25,0.75,-11,-15,-14.5,0.75,0,-7.75
9169,7,7,-6.5,-5.25,-5.5,-4.75,-2.75,-9.25,-17.25,12,-4,1.75
9170,9,9,-8.25,-14.75,-10,-4.25,-2,-0.25,-7.5,-6.5,-1.5,5.25
9171,1,1,-6,6.5,-5.25,-7,-3.5,-7,-3.75,-3.25,-2.25,-3.75
9172,7,7,-8.25,-6.25,-11.75,-7.25,-2,-3.5,-13.5,9,-6.5,1.25
9173,8,8,-7.25,-9.5,-2,-3.75,0,-11.5,-12.25,-4,3.75,-4.75
9174,0,0,12.25,-11,-3,-7.75,-10.5,-4.75,-1.25,-4,-6.5,-4
9175,3,3,-7.25,-10,1.5,10.75,-10.75,-8.75,-22.5,-5.75,-3.5,-3.75
9176,5,5,-7.25,-22.75,-10.25,-5.75,-11,10.75,-1.5,-19.5,1,-1.75
9177,3,3,-9,-15.25,-1.5,12.5,-9.5,-4.75,-24.75,-12.25,-4,-3
9178,6,6,-1.75,-10.5,-5,-9.25,-1.75,-2.5,11.5,-15,-2.5,-4.75
9179,0,0,11,-8.25,-2.75,-11.5,-7,-8.5,-0.25,-2,-3.25,-7.5
9180,1,1,-5.5,7,-6.25,-9.75,-1.25,-8.25,-6.75,-0.75,-2.75,-8.25
9181,2,2,-5,-1.75,11.25,-1.75,-8.75,-16.5,-13.25,1,-4,-11
9182,3,3,-7.25,-11.25,-4.5,5.75,-7,-4.75,-19.25,-4.75,-0.75,-0.25
9183,4,4,-10.5,-3.75,-8.25,-9,7,-9.5,-10,-1,-4.25,-4.25
9184,5,5,-9.75,-11,-12.75,-5.5,-8.75,10.25,-7.75,-10.25,-4.25,-1
9185,6,6,-0.25,-5.5,-5.25,-9.25,-1.5,-3.75,9.75,-12.75,-5,-4.25
9186,7,7,-7.25,-2.25,-8,-9.75,-1.25,-7,-10.25,7.75,-3,-0.25
9187,8,8,-3.75,-8.25,-3.75,-7.25,-3.75,-6.25,-6.25,-6.25,5.5,-3.75
9188,9,9,-7.5,-11,-5.5,-3.5,0.75,-9.5,-18.75,0.5,-0.75,6.75
9189,0,0,11.25,-8.25,-4.5,-8,-9,-6,-4,-4.25,-6.75,-8.25
9190,1,1,-5.75,9.25,-8.25,-10.75,-0.25,-8.25,-6.5,0,-3,-7.75
9191,2,2,-7.75,-1.5,12.5,0,-10.25,-18.75,-16.75,1.75,-1.5,-12.25
9192,3,3,-6.75,-15.75,-9.25,9,-9.75,2,-21.5,-10,-6.5,1
9193,4,4,-7.75,-5.5,-3.75,-9.25,7,-14.25,-8,-1.25,-4,-5.5
9194,5,5,-9.25,-11.25,-9.5,0,-6.5,7.25,-8.5,-11,-5.25,-2.25
9195,6,6,0,-9.5,-5.75,-8.75,-2.75,-3.75,9.25,-15.75,-2.75,-5
9196,7,7,-5.5,-6.75,-1.5,-4.75,-5.25,-11,-18,11.5,-2.25,3
9197,8,8,-5,-7.75,-2.5,-5.5,-5.25,-4.25,-8.25,-5,3.25,-2.25
9198,9,9,-8.25,-15,-6.75,-5.75,-2,-5,-14.75,-1.25,1.5,7.5
9199,0,0,11.5,-10.25,-2,-9.25,-6.75,-9,-0.25,-0.5,-7.75,-5.75
9200,1,1,-6,7.75,-5.75,-11.75,0.25,-9.25,-6,-2.25,-2.75,-11.25
9201,2,2,-6.75,-0.75,12.75,-1,-11.5,-18.75,-16.75,1.75,-3,-12
9202,3,3,-9.5,-9.75,-6.5,7.5,-6.25,-1.75,-23.75,-5.25,-6,3
9203,4,4,-7.25,-8,-3,-8.5,6,-14.25,-9,-1.75,-3,-3.5
9204,7,7,-5.25,-5.25,-3.75,-4.25,-6,-6.75,-15.5,10.5,-5.75,0.75
9205,8,8,-1.25,-7.75,-4.75,-9,-4.75,-6,-7.5,-4,4.25,-2.5
9206,9,9,-7.75,-17.25,-6.25,-6.5,-2.25,-4.75,-14.25,0,1.75,7.5
9207,6,6,-0.25,-6,-4.5,-7,-2.5,-4.5,6.75,-11.75,-2.75,-3.5
9208,4,4,-10,-1,-10.75,-9.25,5.25,-6.5,-11,-0.5,-4.5,-0.5
9209,2,2,-6.75,-5.5,8.5,-2,-6.25,-14,-11,-0.25,-1.5,-8
9210,6,6,1.25,-5.25,-3.5,-8,-1.25,-7.5,4.25,-10,-2.25,-3.75
9211,4,4,-10,-3.75,-8,-8.5,5,-8.25,-12.25,-1.25,-2,0.75
9212,7,7,-2.25,-6.75,-7.25,-9.25,-3.75,-7.25,-9.75,8,-2.75,1.25
9213,8,8,-1.75,-8,-2.75,-6.25,-5.75,-7.25,-6.5,-6.75,6.5,-7.25
9214,9,9,-7.75,-13.5,-7.5,-5,-0.5,-6.5,-17,1.25,-0.75,5.25
9215,2,2,-7.75,-2,11.5,-1.75,-5.75,-17.5,-16.5,1,-2,-11.5
9216,9,9,-10.75,-11.25,-7.5,-5.5,1,-6.5,-17.75,-1,-0.5,5.75
9217,3,3,-4.75,-11.5,1.75,7.25,-12.75,-6.25,-21,-5,-1,-1.25
9218,9,9,-8.5,-13.75,-7.25,-3.5,0.75,-7,-19.5,-1.25,-2,6.5
9219,3,3,-7.75,-14,-3.25,10,-11.25,-2.25,-24,-8.5,-3.75,0.5
9220,0,0,10,-11.5,-4.5,-4.25,-10.25,-2.75,-6,-6.5,-6,-5.25
9221,0,0,10,-8.75,-3,-9,-5.25,-10.75,-4,-3.25,-3.75,-4.75
9222,1,1,-6.75,7.75,-8.5,-11,-0.75,-5.75,-5.75,-1.25,-2.5,-8.25
9223,0,0,10.5,-12.25,-4,-10.5,-6.5,-6.75,1.25,-3.25,-5,-5
9224,4,4,-7,-5.75,-8,-12.5,8.25,-13.5,-9,-1.75,-3.25,-2.25
9225,2,2,-6.25,-1.75,10.5,0.25,-12.5,-15,-19.25,3.75,-1.25,-8
9226,6,6,2.75,-8.5,-1.75,-8,-1.75,-5.25,10.5,-12.75,-4.25,-8
9227,3,3,-6,-10.75,0,5,-9.75,-4.5,-20,-5.5,-1.5,-1
9228,5,5,-8.5,-13,-7.25,0.75,-6.5,6.25,-11.25,-8.25,-5.75,-0.5
9229,3,3,-7.25,-12.75,-0.75,8.75,-9.25,-7,-26.75,-4.5,-4,1
9230,0,0,10.75,-12.5,-2.25,-5.75,-11,-2.5,-2.5,-7.25,-8.25,-1.75
9231,3,3,-8.75,-12.25,-5.75,8.75,-8.25,0,-22.5,-10.75,-4.25,1
9232,4,4,-9.75,-6,-7.5,-12,9.75,-12.75,-9.5,-1.5,-3.75,-4.5
9233,1,1,-7.5,7.5,-4.75,-8.25,1.25,-9.75,-11,-1.5,-5.25,-7.75
9234,5,5,-8.25,-12.5,-7.75,-2.75,-6,6,-7.75,-6,-5,-0.25
9235,3,3,-8.5,-14,-4.5,10.5,-11.5,-1.75,-25.25,-8.5,-3.5,0.75
9236,0,0,10.25,-9.5,-4.75,-6,-9,-6,-5.75,-4.5,-5.25,-5.75
9237,8,8,-3,-15.25,-2.75,-6.5,-4,-7,-8.25,-5.25,4.25,1
9238,3,3,-7,-13.75,-1.25,7.75,-9.75,-4.5,-23.25,-7,-2.25,1
9239,0,0,11.75,-11.75,-3.25,-7,-10,-4.25,-1.5,-5.25,-7.25,-5.75
9240,6,6,2,-8.5,-3.75,-6.5,-3.25,-3.25,9.25,-14,-3,-7
9241,1,1,-7.75,8.75,-6.25,-10,1.5,-9,-9,-1,-4.75,-8.5
9242,7,7,-2,-6.5,-5.75,-6.75,-4.25,-7.5,-11.5,10.75,-6,0.5
9243,8,8,-3,-6.5,-2.25,-7.75,-5.5,-7.25,-7.25,-3.75,4.75,-2.25
9244,0,0,10.25,-8,-2.75,-7.75,-6.75,-9.25,-4.75,0.25,-8.25,-4
9245,9,9,-3.25,-13,-4.5,-7.5,-0.5,-8.75,-12,2,-1,5.25
9246,2,2,-5.25,-2,12,0.5,-10.75,-17.5,-17.25,2.25,-2.75,-8.5
9247,6,6,-0.25,-12.25,-4.25,-7.25,-2,-4,9.25,-15.5,-2.25,-5.25
9248,7,7,-3,-5.5,-7.75,-9.25,-2.75,-7,-9.75,6.25,-3.5,1.5
9249,1,1,-5.25,8.75,-8.25,-11.5,-0.5,-8,-6.5,-0.75,-2.25,-8.5
9250,9,9,-5.75,-14.25,-5.25,-3.75,-1,-8,-17,0.5,0.25,8
9251,6,6,1.5,-7,-2,-7.5,-1.75,-5,9,-12.25,-3.75,-7.5
9252,9,9,-1.25,-9,-4,-7.5,0.5,-11.5,-11.25,1.25,-1.75,4.75
9253,4,4,-8.25,-7.5,-6.5,-7.5,1.75,-7,-5.25,-3.25,-2.5,-6.5
9254,9,9,-7.25,-14,-5.75,-5.5,-1.5,-8.5,-17.25,0,2,7
9255,9,9,-5.75,-11,-6.25,-6.5,-0.75,-8.5,-14.25,1.5,0,5.75
9256,6,6,2,-6,-1.25,-8.5,-0.75,-6,8,-11.5,-3.25,-8.25
9257,7,7,-7.25,-3,-3.25,-6.5,-4,-9.75,-13.75,8,-2.75,0
9258,1,1,-6.5,8,-7,-10.5,0.75,-7.75,-6.5,-1.75,-3.5,-9.25
9259,2,2,-4.75,-4.75,10.25,0,-14.25,-12.25,-13,-2.5,1.75,-13.5
9260,5,5,-8.25,-14.25,-12.5,2.25,-8,8.75,-12.5,-9.25,-5.75,-0.25
9261,3,3,-8.5,-14.75,-3.75,12.25,-10.75,-3.25,-27.25,-10.75,-4.25,0
9262,7,7,-6.25,-6.75,-1,-4,-4.25,-11.25,-17.5,10.75,-2.5,2.25
9263,8,8,-2.25,-13.25,0.5,-5.5,-6.75,-8.5,-9,-2.25,4.75,-2.5
9264,0,0,10.25,-8,-3.5,-7.5,-10.25,-2,-1.25,-4.5,-3.5,-4.75
9265,1,1,-5.5,6.5,-3.25,-4.25,-1.25,-6,-6,0.25,-3.5,-3
9266,2,2,-2.5,-8.5,9.5,0.5,-4,-15.5,-9.5,-2.75,-2.5,-9.75
9267,4,4,-9.75,-12,-9.5,-9.5,7.75,-4.75,-9,-6.25,-3.75,0.75
9268,5,5,-9,-17,-13.5,-1,-9.25,9.25,-10.5,-8.75,-2.75,1
9269,6,6,-2,-5,-1.75,-6.25,1,-4.75,7.25,-9.5,-3,-6.5
9270,7,7,-5,-2.5,0,0,-7.5,-8,-16.75,10.5,-2.5,0.75
9271,8,8,-7.25,-13.75,-4.5,-3,-6.25,-3,-4.25,-10.5,6.25,-5
9272,9,9,-10,-11,-7,-2,-0.5,-3,-14.5,-3,-2,5.75
9273,0,0,9.25,-8.75,-3.75,-8,-10.5,-0.5,0.75,-6.75,-5.5,-4.5
9274,1,1,-5.75,7.5,-5,-6.75,-2.75,-5.5,-3.5,-2.75,-2,-3.75
9275,3,3,-3.5,-6.75,-1.5,6.5,-8.25,-2.25,-12,-8.75,-4,-2.25
9276,4,4,-8.75,-9.75,-7.5,-10.25,10.5,-9.25,-8,-6.5,-6,-1.5
9277,5,5,-7,-20,-11.75,-5.25,-9.75,10.75,-2.25,-15.75,1.25,-0.5
9278,6,6,-3,-5.5,-2.5,-7.5,2.25,-5.5,6.5,-9.5,-4,-5
9279,7,7,-6,-5,-2.75,-1.25,-5.75,-6.75,-17.5,13,-4.75,1.75
9280,8,8,-5.25,-18,-7.25,-6.5,-8.25,4.25,-1.25,-17.5,4.75,-6.75
9281,0,0,5.5,-8,-3.5,-3,-9.25,0.75,-5.25,-3.25,-5.5,-2.5
9282,1,1,-4.25,6,-3.5,-5,-1.25,-5,-3.5,-0.25,-2.5,-2.75
9283,3,3,-5.5,-6,-1.5,5.25,-7.5,-5,-15.5,-2,-2.5,-0.75
9284,4,4,-9.75,-7,-8.25,-9,8.5,-6.25,-7.75,-4.75,-4.75,-1.5
9285,7,7,-3.5,-5,0.75,1,-7.75,-11,-19.25,12.5,-3.75,0.75
9286,8,8,-8,-14.25,-3,-2.75,-8.25,-1.75,-6.75,-11.5,5.75,-4
9287,9,9,-9.5,-10,-8,-3,-2.25,-2,-12.75,-1.25,-1.25,6.25
9288,7,7,-5.25,-3,1.75,1.5,-8,-11.75,-19.5,12,-2.5,0.75
9289,5,5,-9.25,-18.75,-14.5,-0.25,-10.5,11.25,-11.75,-10.75,-3,0.75
9290,5,5,-5.25,-10.5,-11,-5.5,-8.5,8.25,-4.25,-6.75,-2.75,-1.25
9291,1,1,-4.75,6.75,-3.75,-5.25,-1.25,-6,-4.75,-0.5,-2.5,-2.75
9292,9,9,-9.75,-10.25,-8.5,-2.5,-1.25,-2,-11.5,-5.25,-2.5,6.25
9293,9,9,-8,-6.25,-6.25,-4,-2,-6.25,-12.75,0,-0.5,5.75
9294,7,7,-6.75,-4.75,-3,-1.25,-6,-6.5,-17.75,11.75,-4.25,1.75
9295,1,1,-4.5,7.75,-4,-6.5,-0.75,-7.75,-5,0.75,-3,-3.5
9296,0,0,6.75,-12,-1.25,-7.5,-5.25,-3.75,1.25,-3,-7,-1
9297,0,0,6.75,-9.5,-3.5,-6,-10.25,0.75,0,-5.75,-7.25,-3.5
9298,5,5,-12,-21.25,-14,0.25,-11.5,15.5,-7.5,-21.75,-2.25,0.75
9299,9,9,-8,-9.25,-6.75,-1.75,-1.25,-3.5,-14,-2.25,-1.5,5.5
9300,7,7,-7.75,-6.75,-5.75,-2.25,-6,-5,-19.75,15,-7,3
9301,1,1,-4,6,-1.75,-3.5,-2.25,-5.25,-3.75,-0.75,-1.75,-3.5
9302,7,7,-7.25,-6,-5.75,-1.5,-6,-3,-17,11.75,-5.75,3.25
9303,2,2,-1.25,-10,7.5,3,-7,-14.25,-15,-1.5,-1.5,-5.5
9304,2,2,-2,-6.5,8.75,2.25,-6.5,-15,-12.25,1.25,-1.5,-5.75
9305,3,3,-2,-9.75,0,7.5,-9.5,-3,-12.75,-8.5,-3.5,-1.5
9306,6,6,-1.75,-10,-3.75,-8.25,-0.5,-1.5,11.75,-15,-3.75,-6.75
9307,8,8,-7.75,-12.5,-5.75,-1.75,-6,-3,-10,-10.25,6.25,-2.5
9308,3,3,-2.25,-6.25,0.5,6,-7.75,-4.75,-14.5,-2.75,-2.5,-0.75
9309,2,2,-2,-9,5.25,0.5,-4.25,-11.75,-12.25,-2,-4,-6
9310,0,0,7.5,-9.25,-3.25,-4,-11.5,-0.25,-5,-4.5,-5.75,-3.5
9311,0,0,9,-8.5,-2.25,-8,-8.5,-3.5,0.75,-4.25,-4.25,-2.75
9312,6,6,-2,-5.25,-3.75,-7,-0.5,-2,9.75,-12,-3.5,-5
9313,1,1,-4,7.5,-4,-7,-2,-6,-1.25,-2,-2,-4.25
9314,7,7,-6.25,-1,1.5,1.5,-7,-11.5,-20,11,-3.5,-0.25
9315,5,5,-8.25,-14,-11.25,-2.25,-9,9.75,-7.75,-9,-0.75,1
9316,8,8,-5.5,-15.25,-7.5,-1.25,-8,1.25,-10.25,-5.25,3,-0.75
9317,6,6,-4.5,-7.5,-4.5,-6.5,1.25,-2,5.75,-10.5,-3.25,-4.5
9318,2,2,-4.25,-9.5,7.25,1,-4,-12.25,-9.5,-3.75,-1.5,-6.75
9319,9,9,-9.25,-7.5,-8.5,-1.25,-1.25,-2,-14,-2.5,-5,5
9320,4,4,-11,-7.5,-9,-5.5,6.75,-5.25,-13.5,-4.5,-5.25,-1
9321,8,8,-5.25,-15.5,-2.75,0.75,-8.25,-4.25,-10.75,-10,4.5,-1.5
9322,8,8,-6,-11.5,-2.75,-1.75,-6,-4,-7.25,-11.25,5,-2.5
9323,7,7,-5.5,-5.75,-2.75,-1,-6,-7.75,-19.5,14.5,-5.75,2.5
9324,1,1,-4,7,-2.75,-5.5,-1.75,-6.25,-2.75,-1.5,-2,-4.25
9325,0,0,8,-10.25,-1,-4.5,-11.25,-2,-3.75,-4.75,-7,-1.25
9326,8,8,-4,-9.5,-3.5,-2,-8,-2.5,-6.5,-8.75,4.25,-3.25
9327,7,7,-6,-4,-1,-0.5,-6.25,-8.75,-19,13,-4,1.5
9328,7,7,-6.25,-4.5,-1.75,-0.25,-6.75,-6.5,-18.25,12.25,-4.25,2
9329,5,5,-8.75,-17.5,-14.75,0,-11,11.25,-13,-11.25,-2.5,1
9330,8,8,-5.5,-9.25,-3,-1.25,-7,-3.25,-5.75,-9.25,4,-2.75
9331,5,5,-8.25,-11.75,-9.5,-1,-10,8.25,-8,-13,-1.5,-0.75
9332,3,3,-3,-7.75,-0.25,7.5,-8.5,-4.75,-17,-5.5,-3.5,-0.75
9333,4,4,-11,-7.25,-8.5,-7.25,7.75,-6.25,-11.25,-4.25,-3.25,-1.75
9334,6,6,-2.5,-6.25,-2.5,-7.25,0.75,-3.5,9.25,-12.5,-4.25,-8.25
9335,1,1,-5.5,6.5,-3.25,-4.5,-0.75,-6,-5.25,-0.25,-3.5,-3
9336,1,1,-5.5,8.25,-4.5,-6,-1,-6.25,-5,-0.25,-3.5,-3
9337,5,5,-7.75,-16.75,-13.75,-1.5,-12.25,11.75,-9.5,-14.5,-0.5,-0.25
9338,5,5,-8.5,-11.75,-15,-2.75,-12.75,12,-10.75,-11.5,-1.75,-0.75
9339,0,0,9,-8.75,-1.25,-5.5,-7.75,-3.75,-2,-4,-5.5,-1.75
9340,7,7,-5.75,-1.25,0.75,0.5,-6.5,-10,-17.25,9.5,-2.5,0.25
9341,2,2,-2.25,-9.25,8,1.5,-6.5,-12.75,-11,-0.5,-0.25,-6.5
9342,3,3,-2.5,-4,0.25,4.75,-7.5,-3,-11.5,-6.75,-5.5,-3.25
9343,6,6,-4,-8.25,-4.75,-7,-0.25,-1.75,9,-13.75,-3,-5.75
9344,4,4,-10.5,-6.25,-9.25,-9.5,9.5,-8,-12.5,-2.25,-5.5,-0.75
9345,1,1,-4.5,8,-4.5,-7.25,-1.5,-6,-2.25,-1.25,-2.75,-4
9346,2,2,1.25,-12.5,8.75,0.25,-8.25,-15.5,-11.25,-1.75,0.5,-7.75
9347,4,4,-8.5,-6,-8.25,-9,8.75,-8.75,-10.75,-4.25,-6.25,0
9348,1,1,-4.5,8.5,-4.75,-8,-1.5,-6.5,-2.5,-1.25,-2.25,-4.25
9349,5,5,-8,-11.75,-13.75,-3.25,-11,11.75,-9.75,-9.5,-2.25,-0.5
9350,4,4,-8.5,-4.75,-6.75,-4.5,5.75,-5.25,-10.75,-1.75,-5.25,0.5
9351,2,2,-3.25,-6.25,7.75,0.75,-3.25,-13.25,-8.75,-1.75,-2.25,-8.25
9352,0,0,8.5,-9.5,-3.5,-6,-12.25,1.25,-0.75,-9,-7,-5
9353,4,4,-8,-8,-7,-7.75,8.25,-6.75,-10.25,-3.25,-4.25,-0.75
9354,8,8,-5.25,-11.5,-4,-2.25,-8.75,-3.25,-8.25,-8.75,6,-4.5
9355,6,6,-3,-6.5,-3,-5.75,0.75,-3.75,7,-11,-4.25,-6.5
9356,1,1,-4.5,7,-3,-5.75,-1.25,-6.5,-3.75,0.75,-2.25,-3
9357,9,9,-8.75,-7.75,-8.5,-3.25,0,-3.75,-13.25,-1.25,-2.5,4.5
9358,0,0,10,-9.5,-3.75,-9,-10,-1.25,1.5,-8,-6,-4.25
9359,2,2,-2.75,-9.5,8.75,-1.75,-3.25,-14,-8.75,-3.75,-3.25,-10.5
9360,5,5,-12.5,-19.5,-14,-2,-10.5,14.25,-7,-18.75,-1.5,2
9361,6,6,-2.5,-6.75,-3.5,-8,0,-3.5,8.75,-12,-3,-4.75
9362,9,9,-6.75,-8.25,-6,-3.5,-0.5,-5,-11.25,-0.25,-1,6.25
9363,3,3,-4,-7.5,-2,8.25,-8.25,-3.5,-18,-5.75,-3.5,-0.25
9364,6,6,-4,-8,-4,-8.75,0.5,-3,8,-11.5,-3.25,-2.75
9365,3,3,-5.75,-11.5,-3,11,-9.5,-3.25,-21.5,-9.5,-4,0
9366,6,6,-4.25,-7.5,-2.25,-8.25,2,-6,6.5,-10.75,-2.75,-5.25
9367,0,0,13,-9.5,-3.5,-10,-10.75,-4.5,0,-7.25,-5.25,-7
9368,1,1,-6.75,8.25,-4.75,-5.75,-2.5,-7.25,-6,-1.5,-3.75,-3.5
9369,2,2,-5.25,-8.75,9.25,0.25,-6.5,-14.5,-14,1.5,-1.5,-6
9370,3,3,-4.25,-12.25,2.75,8.75,-12.5,-6,-17.5,-9,-1.5,-3.75
9371,4,4,-9.25,-9.75,-6.25,-6,8.75,-9.25,-16,-3.5,-8,-0.25
9372,5,5,-11,-17.75,-15.25,2,-9,12,-13,-20,-2.75,-3
9373,6,6,-2.75,-8.25,-4,-9.5,1,-4,8.25,-11.25,-4.25,-3
9374,7,7,-5.5,-7,-6,-5.5,-4,-7,-15.5,13.25,-6,3.75
9375,8,8,-6,-8,-5,-3.5,-9.5,-0.5,-1.25,-16.75,4.5,-11.25
9376,9,9,-6.25,-15,-6,-4.75,0,-6.5,-17.5,0.5,-2.75,8.5
9377,0,0,8.75,-12.75,-2,-5,-5.75,-4.5,-0.75,-5.25,-8,-2
9378,1,1,-7.25,6.25,-5.25,-5.75,-2,-7.25,-6.5,-2.25,-4.25,-3.75
9379,2,2,1,-11,9.5,-3,-9.25,-14.5,-10,-2,-2.25,-8.5
9380,3,3,-6.25,-9.25,-1,7.75,-7.75,-3,-13.75,-9.25,-3.75,-4.75
9381,4,4,-11,-11.5,-8.25,-9,10.25,-9.25,-14.75,-1,-5,-3
9382,5,5,-7.75,-16.5,-12.5,-6.25,-3.25,5.5,0.25,-14.5,0.75,-6.25
9383,6,6,0.75,-8.25,-4.25,-11.25,1.25,-5.25,10.5,-10.5,-4.75,-6.5
9384,7,7,-6,-3.5,-3,-2.25,-4,-10,-18,13,-4.5,1
9385,8,8,-4.25,-8.75,-5.25,-6.25,-7.75,-0.75,2.25,-13.5,3,-5.25
9386,9,9,-9.5,-10.75,-8,-2.25,-2,-1.75,-14,-1.75,-1.5,5.5
9387,0,0,10.5,-10.25,-2.25,-6,-9.75,-2.75,0,-5.75,-8,-4
9388,1,1,-5.75,7,-4.25,-7,-3.5,-6.75,-2.75,-3,-1.25,-5.5
9389,2,2,-1.5,-9,12.75,-3,-5,-20.5,-10.5,-1.5,-3.5,-12.5
9390,3,3,-6.75,-14,1.5,10,-11.75,-9.5,-19.75,-6,-2,-5.25
9391,5,5,-10.5,-16.5,-15.75,0.75,-8.25,10.5,-10.75,-15.75,-1.25,-3.5
9392,6,6,-1.5,-10,-3.5,-11.25,2.5,-4.25,8.75,-10.5,-6,-4.25
9393,7,7,-2.75,-8.5,-2,-4.25,-6,-11.75,-17,13.25,-2.75,1.25
9394,8,8,-8.5,-11.5,-4.5,-3.5,-7,2,-1.5,-11,4.25,-4.5
9395,1,1,-5.75,7.25,-5,-5.75,-1.25,-5.25,-4.25,-2,-3.5,-2.75
9396,0,0,9.25,-9,-1.75,-7.25,-5,-6.25,0.5,-2.5,-7.25,-3.5
9397,9,9,-9.5,-13.75,-7.5,-2.75,-1,-3.75,-16.75,-0.25,-2.5,7.5
9398,5,5,-9.75,-13.5,-13,3,-10.5,11,-11,-18.5,-4.75,-1.5
9399,7,7,-0.25,-9.75,-4.75,-8,-4.25,-8.75,-13.5,12.25,-4.25,4.5
9400,5,5,-11.75,-14.25,-13.5,0,-7,9.75,-9.5,-19.25,-0.25,-4.25
9401,1,1,-7,6.5,-4.75,-5.5,-0.75,-7.5,-6.75,-1,-4.25,-4
9402,8,8,-6.5,-12,-6.25,-3.5,-10.25,2,-3.75,-12.75,7,-7
9403,6,6,-1.75,-7.25,-4.5,-9,-0.75,-2.25,12,-14.75,-4,-6.25
9404,9,9,-6.25,-14,-5,-3,-2,-8.75,-18.75,3,-5.75,9.5
9405,0,0,12.5,-14.75,-0.75,-7,-8.75,-6.25,-0.25,-7.25,-6,-2
9406,4,4,-11.75,-6,-11,-9.25,9.75,-7.5,-13.25,-1.75,-5.75,-0.5
9407,1,1,-4.25,6,-3.75,-5,-2,-5.25,-2.75,-1.5,-3,-2.5
9408,9,9,-3.5,-15.5,-4.75,-5.5,-0.75,-8,-16.5,3.25,-4.25,9.5
9409,3,3,-9.75,-13.5,-2.25,9,-11.25,-5.5,-23.25,-10.5,-0.75,-4.5
9410,8,8,-5.75,-8.75,-4,-4.5,-9.5,1.25,-0.25,-12,4.25,-5.5
9411,4,4,-3.75,-8.5,-6.25,-11,8.75,-9,-6,-1.75,-7,-2.75
9412,4,4,-9.25,-12.25,-8.75,-10.75,10.75,-8.75,-10.25,-4.75,-2.5,-4.5
9413,7,7,-6.25,-1.75,-2.75,-4,-5,-9,-15,8,-1,1.25
9414,0,0,12.25,-13.5,-2.25,-10.5,-10,-9.25,-2.25,-0.75,-3,-3.75
9415,1,1,-5.5,8,-2.25,-4.75,-2.75,-7.25,-5.5,-0.25,-3.25,-4
9416,9,9,-9.75,-11.25,-8.25,-3.75,0,-2.25,-11.75,-3.5,-3.25,5.5
9417,2,2,1.5,-9.75,9,-5,-4.25,-12.5,-2,-5,-4.5,-14.5
9418,8,8,-6.5,-10.5,-1.5,-2.25,-7.75,-5.5,-7,-7.75,4,-2.5
9419,7,7,-3.75,-8.75,-3,-1.25,-6.75,-7.5,-18.75,14,-6,3.25
9420,8,8,-4.75,-9.5,-0.75,-2.25,-8.75,-5.75,-7,-6.75,5.25,-3.5
9421,2,2,2,-3.75,7.25,-2,-9.5,-10,-10,-1.5,-6.5,-4.75
9422,5,5,-9.25,-10,-9.25,1.5,-9.25,8.25,-8.5,-17,-2.5,-5.25
9423,9,9,-9,-12,-10.25,-5,2,-3.75,-11.25,-4.5,-4.5,4.5
9424,6,6,-3.25,-8.25,-4,-9.25,0.25,-4,9,-12.75,-3.5,-4.25
9425,0,0,8.75,-14.25,-1.75,-6.5,-7,-1.25,2.5,-8,-8.5,-2.5
9426,6,6,-4,-4.5,-2.25,-8,2.5,-7.5,3.25,-9.5,-4,-3.25
9427,5,5,-7.5,-16.25,-11,3.25,-11,9.5,-10.25,-20,-7.25,-2.5
9428,5,5,-9.25,-17.25,-11,1.25,-9.5,11.25,-7.5,-18,-1.25,-3
9429,3,3,-8,-13.75,-1.75,9.25,-11.25,-6.25,-22.25,-5.5,-1,-1.5
9430,3,3,-6.75,-12,-1,8.5,-7.75,-2.75,-19,-11.5,-6.5,-3.25
9431,3,3,-6.5,-10.25,-1,8,-10.75,-6.5,-20,-3,-2,-3.25
9432,9,9,-6.5,-10,-6.25,-4.75,1.25,-8,-15.5,-0.5,-3.75,8
9433,8,8,-5,-11.5,-1,-6.25,-4,-8.75,-3.25,-2.25,3,-0.5
9434,1,1,-5.25,7.25,-5.5,-6.75,-2,-6.5,-4.5,-1,-2.75,-2.75
9435,1,1,-4.5,7,-5.5,-6.5,-2,-4.75,-2.5,-2.25,-3,-3
9436,0,0,7.25,-5.5,-0.75,-5.5,-6.25,-8.5,-4.75,-2,-3,-2
9437,6,6,-0.5,-4.75,-3,-8.25,1.25,-4.25,7,-9,-5,-5
9438,1,1,-5,8.5,-3,-6.25,-2.75,-7.75,-4.25,-1.75,-2.5,-4.75
9439,0,0,13.25,-13,-1,-9.25,-10.75,-8.25,-2.25,-3,-6,-2
9440,0,0,10.75,-12.5,-2.25,-7.5,-10,-3.5,0.25,-3.75,-8,-1.5
9441,6,6,0,-7.25,-4,-5.75,-1.75,-1.75,7.25,-10.5,-3,-3.25
9442,2,2,-4.5,-12,9.75,0.25,-4.5,-16.5,-12.75,-0.5,-3,-9
9443,1,1,-5.75,7.25,-4.75,-5.5,-2,-5.5,-4.25,-2,-2.75,-3.25
9444,1,1,-5.5,5.75,-4.25,-5,-0.75,-5.5,-4.75,-1.25,-3.25,-2.75
9445,3,3,-7,-14.25,-2.75,13,-12.75,-4,-25.25,-9.25,-4.25,-1.25
9446,2,2,-7.5,-6.75,0.75,-3,0.75,-8.75,-6,-0.75,-2.25,-4.5
9447,7,7,-4.75,-3.75,-6,-3.75,-4,-3,-10.25,5.75,-4.5,2.5
9448,7,7,-5,-4,-1,-0.25,-5.25,-7.5,-15.75,9.75,-3.5,2.75
9449,8,8,-8.25,-11.5,-4.25,-6.5,-7.25,-2,-5,-5.5,5,-0.75
9450,8,8,-7.25,-4.25,-4.5,-5.75,-8,1.5,2,-14.25,3.75,-9.75
9451,7,7,-3.5,-6.75,-4.5,-5,-4.5,-4.5,-11.75,10.5,-5.5,3.5
9452,8,8,-8.5,-7.5,-5.25,-4.75,-6.5,0.5,-0.25,-11,5,-8.25
9453,4,4,-8.25,-9,-8.25,-11,10.25,-9.5,-9,-4.5,-6.5,0
9454,6,6,-2.75,-6.75,-4.25,-8.5,1,-3.75,8,-11.5,-4.25,-4.5
9455,0,0,11,-12.75,-1.75,-6.25,-11,-2.25,-2.5,-8.5,-6.5,-2
9456,2,7,-5.5,-5.25,3.25,-1.25,-3.25,-10.5,-9.75,4.25,-2.25,-1.5
9457,0,0,10.75,-8.5,-1.25,-10.5,-6,-8,2.25,-4.75,-5.5,-6.5
9458,7,7,0.5,-7.75,-2.5,-7.75,-3.25,-12,-11.5,10.5,-3.25,3.25
9459,0,0,14,-13.25,-1.75,-10,-11,-6.75,-0.25,-6,-5.5,-3
9460,3,3,-6.75,-12,0,11,-13,-7.5,-24.5,-4,-1.5,-1.75
9461,6,6,-1.5,-11.5,-5,-7.75,-2.5,-1,11.75,-15,-3.25,-4
9462,8,8,-6,-8.5,-1.75,-4.5,-5,-8.5,-5.5,-6,4.5,-3.5
9463,7,7,-4.25,-8.25,-3.75,-1.5,-5,-6.75,-14.75,8.75,-3.25,4.25
9464,1,1,-5,7.75,-5.75,-8,-1.5,-6.25,-3.25,-1.25,-2,-3.75
9465,5,5,-9.5,-10.75,-11.25,0.25,-11.5,10.75,-8.25,-15.75,-6,-3
9466,9,9,-9,-9.75,-10.5,-3.75,0.5,-3.25,-14.25,-3.5,-3.25,5.5
9467,9,9,-6.5,-13,-6,-2.75,-0.75,-5.75,-16,-1.25,-2.5,8
9468,3,3,-7,-15.25,2.25,11,-12.75,-9.5,-25.25,-8,-1,-4
9469,7,7,-6.25,-5.5,-1.25,-3,-5,-7.75,-14,9.75,-2.5,2
9470,2,2,-6,-8,6.75,-1,-3.5,-13,-13.25,-2.5,-2.5,-6.75
9471,4,4,-4.25,-5.5,-7.75,-11.5,8.75,-8.5,-7.25,-2.5,-8.5,1.25
9472,9,9,-8.25,-9,-7.25,-6,2.5,-9,-15.75,1,-5,8
9473,4,4,-8.5,-4,-9,-8.75,7.75,-8.5,-10.25,-0.75,-4.75,0
9474,3,3,-4.25,-7,-3.25,7.25,-7.75,-1.75,-17.5,-7,-4.75,-0.75
9475,6,6,0,-10,-4.25,-10.25,-2.5,-2,12.75,-15,-4,-5.5
9476,2,2,-5.25,-8.5,9.75,-2.25,-5,-15.5,-9.75,-4.25,-2.25,-10.25
9477,2,2,-6.5,-10.5,7.5,1,-5.5,-17.5,-17.75,4.25,-2.5,-4.75
9478,5,5,-7.5,-4,-12.75,-1.5,-8.75,5,-10.5,-10.75,-4.5,-6.75
9479,3,3,-9.75,-7.25,-2,7.5,-10,-4.5,-18.75,-7.25,-3,-4
9480,2,2,-5.25,-0.25,10,-2.5,-7.5,-15.5,-12.25,-2,-5.5,-9.5
9481,5,5,-5.25,-9,-11.75,-1.75,-10.5,7,-10,-6.5,-4.25,-5
9482,5,5,-7.75,-8.75,-10.5,2,-13,6,-14.75,-10.75,-3,-5
9483,9,9,-10.5,-10,-9.5,-3.5,-2.25,-1.25,-11.75,-4.25,-1.5,4.75
9484,4,4,-7,-8,-8.75,-11.5,8.75,-7.5,-4.75,-5.75,-5.5,-2.5
9485,1,1,-5.25,8.75,-6.25,-9.5,-0.25,-7.5,-5,-0.5,-3.25,-7
9486,7,7,-3.5,-8.25,-3.5,-3,-6.75,-5.5,-14.75,11.75,-5,2.25
9487,2,2,-2,-8.25,8.5,-3.5,-3,-11,-2.75,-5.25,-4,-12
9488,0,0,9,-10.5,-2.5,-6.25,-7.5,-3,0.25,-3.25,-8,-3.5
9489,1,1,-6.25,7.25,-5.5,-8.5,-2,-8,-4,-1.5,-2.75,-4
9490,2,2,-3.5,-1,9.75,0.25,-12,-16.25,-14,1.75,-2.75,-9.5
9491,3,3,-9,-9.75,-5.75,4.75,-6.5,-5.25,-19.25,-1.25,-5,-0.5
9492,4,4,-10.25,-8.5,-3,-4.5,6.5,-12,-17.75,-2,-7,-3.5
9493,5,5,-11.75,-20.25,-14.5,-4,-9.25,12.25,-5.25,-17,1.75,-3
9494,6,6,1.25,-12,-2.75,-9.25,1.25,-3.25,8.75,-11.25,-5,-5.75
9495,7,7,-9.75,-3,-3,-1.25,-5.75,-8.25,-17.75,8.5,-3,1
9496,8,8,-8.5,-3.25,-6.25,-6.5,-3.5,-6.75,-6.75,-5.75,3.75,-5.25
9497,9,9,-11.5,-10.25,-9.25,-5.75,-3,-3,-13.5,-2.25,0.75,5.75
9498,0,0,10.25,-10.5,-2.5,-5.25,-11,-2.75,-4.5,-6.75,-7,-3.25
9499,1,1,-5.5,7,-6.5,-8,-2.5,-6.25,-3.25,-2.25,-3,-3.25
9500,2,2,-6.25,-2.25,12.5,1,-9.5,-20.25,-21.5,7,-6.5,-7.75
9501,3,3,-8.75,-10.5,-5.25,6.25,-8.5,-4.25,-21.5,-1.25,-4.25,1.5
9502,4,4,-9.25,-11.5,-9.75,-10.75,8.75,-7.5,-8,-5.75,-3.25,-2
9503,5,5,-9.25,-17.5,-12,-7.5,-7,9,-3.75,-10,0.5,0.75
9504,6,6,-1,-10,-4,-10.5,-0.5,-2.25,11.25,-14.75,-6.5,-4.25
9505,7,7,-6,-2.5,2.25,0.25,-10.75,-11.5,-18.25,8.75,-1,-1.25
9506,8,8,-5.25,-11.25,-2.25,-3.75,-3,-10.25,-12,-0.5,5.5,-1.25
9507,9,9,-9.75,-8.75,-9,-5.5,-1.25,-3.75,-11.75,-4,0.5,5.25
9508,0,0,4.25,-5.25,-6,-5,-8,-3.5,-10,0.5,-7.5,-2.75
9509,1,1,-5.75,7.75,-3.5,-7.5,0,-10.75,-8.25,-1.25,-3,-7.25
9510,2,2,-4.25,-9.25,13.75,1.25,-6.75,-22.5,-17,2,-3.25,-12.25
9511,3,3,-5.75,-12.75,-5.25,9.5,-10,-1.75,-23.75,-6.25,-6.5,1.25
9512,4,4,-10.25,-6,-9.75,-11.75,9,-10.5,-10,-4,-2.5,-2.5
9513,5,5,-10.5,-11.5,-7.75,-4.25,-1.75,4.5,-6.25,-7,-2.75,-3
9514,6,6,-2.25,-5.75,-3.25,-8.25,1.75,-5.25,6.75,-9.75,-4.5,-5.25
9515,7,7,-8.25,-3,-1,-1,-7.75,-11,-20,11.75,-2.25,-0.5
9516,8,8,-5.25,-10.5,-4.25,-4.25,-7.75,-3.75,-6.25,-7.5,6.5,-4
9517,9,9,-7.5,-8.5,-6.75,-6.25,1.75,-9.5,-11.5,-1.75,0.5,5
9518,1,1,-4.5,8.25,-3,-6.75,-2,-8,-4.5,-1.5,-2.5,-5.5
9519,0,0,11.75,-9.5,-1,-10.5,-6.75,-10.5,-0.75,-3.5,-3.75,-5.25
9520,1,1,-5.25,8.5,-6.25,-8,-1,-7.75,-5.75,0.5,-3,-4
9521,2,2,-5.5,-2.75,10,1.5,-9.25,-17.75,-19.25,2.25,0.25,-7
9522,7,7,-0.25,-4.75,-7,-9,-1.5,-10,-11.5,9.5,-5.75,1.5
9523,5,5,-9.75,-16.5,-12.75,-5.75,-9,11,-1.5,-15.25,0.5,-1
9524,3,3,-6.5,-9,-2.25,8.5,-6.75,-4.5,-21.75,-3.5,-6.5,1.25
9525,4,4,-11,-11,-10.5,-14.5,10.25,-10,-3.5,-5,-2.25,-5.5
9526,4,4,-7.75,-8.75,-8.75,-11,7.25,-9.25,-5,-4.5,-3,-1
9527,0,0,9.75,-10.25,-2.5,-9,-6.5,-5.25,4,-8.25,-8.25,-4
9528,0,0,11.5,-11.75,-4,-7.25,-10,-4.25,-2.75,-5.25,-6,-5
9529,6,6,-1.25,-6.75,-4,-9,1.25,-3.5,8.75,-10.75,-4,-5.5
9530,9,9,-7.25,-1.75,-7.5,-7.5,-3,-5,-8.5,-2,-0.25,1
9531,6,6,-0.5,-5,-3.5,-9.25,1.75,-5.25,8.25,-10.5,-5.75,-5.5
9532,6,6,2,-8.25,-4,-10,-0.5,-5,9.75,-10.25,-5.25,-4
9533,5,5,-3.25,-7.5,-8.5,-5,-6.25,5.25,-3.25,-4.75,-2.25,-2.75
9534,7,7,-3.25,-6.25,-2.5,-4.5,-1.5,-12.25,-15.25,7.75,-3.5,3.25
9535,2,2,-2.75,-9.5,6.25,-4.5,-3.25,-12.5,-8,-6.5,-1.5,-13.75
9536,3,3,-9.5,-11.25,-5.5,6,-8.75,-3.5,-24.5,-1,-3.25,3.5
9537,4,4,-7.25,-5.5,-11,-13,8,-11.5,-7.25,-4.5,-2.5,0
9538,4,4,-11.75,-2,-11.5,-9.5,4.75,-6.75,-12.25,-1,-1.25,-2.25
9539,9,9,-9.75,-5.75,-7,-5.5,-0.5,-6.5,-15.25,1.75,0,3.5
9540,1,1,-5.5,5.25,-5.25,-7.25,-2.5,-5.75,-4.25,-1.5,-0.75,-5
9541,4,4,-10.75,-2.75,-12.5,-11.25,6.5,-8,-11.75,-0.5,-2,-0.25
9542,0,0,8.75,-6.25,-1.5,-8,-6.75,-12,-6.75,-0.5,-1.75,-3
9543,7,7,-5.25,-4.25,-1,-1.5,-5.5,-10.5,-19.25,11.5,-2,1
9544,9,9,-7.25,-8,-8.25,-6.5,0.5,-6.25,-11.5,1,-3,5.25
9545,5,5,-11.5,-14.5,-14.5,-0.5,-8.75,12.75,-8.25,-14.5,-4.75,0.5
9546,7,7,-0.75,-6.25,-8.5,-8.75,-3.5,-7,-9.75,9,-5.5,2.5
9547,2,2,-2,-10,12.75,1,-8.25,-19.75,-17,2.25,-3,-8.25
9548,3,3,-6.25,-17,-1.5,11,-11.5,-7,-27.5,-5.5,-2.75,0
9549,1,1,-5.25,8,-5.5,-7.75,-1,-6.75,-3.75,0,-2.5,-4
9550,4,4,-6.75,-6.75,-7.75,-12.75,10,-14.75,-8,-2,-2.5,-4.25
9551,4,4,-10.5,-5.25,-11,-9.5,8.25,-9.5,-12.75,-4.75,-4,-1.25
9552,0,0,7.25,-3.25,-2.75,-9,-3.75,-11.5,-1.5,-2.5,-2.75,-1.5
9553,9,9,-6.75,-5,-6.5,-4.75,0.75,-7.75,-11.5,-0.75,-1.25,4.25
9554,9,7,-10.5,-2,-4.75,-6,-2.5,-7.5,-14.5,3.75,-1,1.25
9555,6,6,-3.75,-7.75,-5.75,-8.25,-1.25,-1,9.25,-13.75,-3.5,-2.5
9556,1,1,-4.5,6.5,-1.75,-6.5,0.25,-12.25,-8.25,-2.25,-3.5,-7.25
9557,8,8,-4.5,-2,-3,-7.75,-4.75,-10,-9.75,-4.25,4.5,-5.5
9558,3,3,-9.5,-15.5,-4.75,9.5,-10.75,-5,-28,-3.5,-3.5,1.5
9559,3,3,-5.5,-9.25,1.75,6.75,-8,-12.25,-25.25,0.25,-3.5,-0.25
9560,7,7,-5.75,0.5,0,-1.75,-6.25,-12.25,-19,7.5,-1,-1
9561,3,3,-8.75,-14.5,-2,9.75,-11.25,-7.5,-28.5,0.5,-4.5,1.25
9562,9,9,-9,-6,-6.5,-5.75,0.5,-6.5,-13.25,-1,-1,3.25
9563,8,8,-3.25,-5,-3.25,-7.25,-6.5,-7,-6.25,-6.25,4.25,-6.75
9564,8,8,-7,-6.5,-1.75,-3.75,-7.75,-4.25,-7,-6.5,4,-7.25
9565,4,4,-5.5,-11,-7.5,-14.75,9.5,-9,-3,-4.5,-6.25,-2.25
9566,7,7,-7.75,-5.5,-0.25,-1.5,-7,-11.5,-21.25,12.25,-1.25,0.5
9567,7,7,-5.25,-5.25,0.25,-1.25,-6,-12.75,-19.75,12.75,-2.5,1.5
9568,6,6,-2.5,-10.25,-4.75,-10.25,-0.25,-3,10.75,-14.5,-4,-5.25
9569,2,2,-7.25,-0.75,12.75,1.5,-10.75,-19.75,-21,4.5,-4.25,-8.5
9570,1,1,-4.75,7.75,-3.5,-6.75,-1.5,-7.25,-3.75,-1.5,-3,-5
9571,9,9,-6.75,-12.25,-6.25,-5.25,1.75,-11.25,-16.5,-0.25,-0.5,6.5
9572,8,8,-6.75,-9.5,-3.25,-5.75,-4.25,-5.5,-2.5,-7,4.75,-3
9573,7,7,-6.25,-6.5,0.5,1.5,-8.75,-13.75,-22.25,14,-1,-0.25
9574,8,8,-4.75,-9.25,-5.75,-5.5,-8.25,-3.75,-8,-7.5,6,-4.25
9575,8,8,-5,-9.5,-2.75,-4,-9.25,-3.5,-6.25,-10.25,6,-8.5
9576,7,7,-7,-2,-5.5,-4.5,-3.25,-6.75,-14.75,6.75,-4,2.25
9577,2,2,-6.75,-0.5,12,-1,-9.25,-18.5,-16,0.75,-4,-10.5
9578,2,2,-5.5,-8.25,11.75,0,-11,-16.25,-17.25,1.75,-2,-8
9579,3,3,-7,-14.5,-6.25,9.75,-9.75,-1.25,-24,-7.5,-5.5,1.25
9580,9,9,-9.5,-7.5,-7.75,-5.5,-1.75,-6.25,-13.25,-0.25,0,4.5
9581,3,3,-6,-16,-1.5,12.5,-11.25,-7.5,-27.25,-3.25,-5.25,0
9582,3,3,-7.25,-10.25,-3.5,9.75,-9,-4.25,-25.5,-3.5,-6.25,2.5
9583,5,5,-14,-18,-15.75,0.75,-10.5,14.5,-12.5,-16.25,-3.5,-0.25
9584,5,5,-9,-14.75,-13.5,-3.5,-7.25,8,-9.75,-6,-3,0.5
9585,0,0,10,-6.75,-1,-7.5,-5.75,-11.25,-4.75,-2.5,-6.5,-4.5
9586,7,7,-3,-6,2,2.5,-10,-11,-19.25,11.25,-3.25,0.25
9587,9,9,-5.5,-8.25,-6,-4.75,0,-7.25,-8.25,-3,-3,3.75
9588,5,5,-8.5,-19.25,-13.5,-4.25,-9,10.25,-4.75,-14,0,1
9589,6,6,-0.5,-6.5,-3.5,-11,1,-5.25,10.75,-12.5,-5.5,-7.25
9590,5,5,-8.25,-19.75,-12.5,-2.25,-10.25,13.25,-4,-18.75,-0.5,-3
9591,1,1,-4.25,7.75,-3,-7.75,-0.75,-10.5,-6.25,-3.75,-2.5,-8.5
9592,4,4,-10.25,-8.5,-11,-13.25,8.5,-10,-5.5,-4.75,-2.25,-1.25
9593,1,1,-5.5,7.5,-5.75,-9.25,-0.25,-7.5,-4.5,-2.25,-3.25,-6.25
9594,1,1,-3.25,3.75,-5,-7.5,-3.5,-6.75,0,-8.75,0.25,-8
9595,2,2,-6.5,-4.75,5.5,-3.75,-1.75,-11,-6.25,0.5,-2.5,-13
9596,8,8,-8.5,-12.75,-1.25,-1.5,-9.75,-3.75,-15.75,-3.25,5.75,-4.25
9597,2,2,-3,-9.75,12.25,-1,-5.5,-21.5,-13.5,-2,-2.75,-11.25
9598,6,6,-1.25,-8.25,-3.5,-10.5,1.25,-4.75,10.25,-12.25,-5.75,-6
9599,1,1,-4.75,5.5,-5.5,-8.75,-2,-5.75,0.25,-5.5,-2,-6.5
9600,5,5,-8,-12.75,-8.25,-3.5,-6.25,6,-6.5,-7.5,-2.75,-2.75
9601,0,0,9,-6.75,-1.75,-9.5,-6.5,-6.75,1,-4,-5,-8.75
9602,1,1,-5,6.25,-3,-6.5,-1.25,-9,-5.75,-0.5,-3,-5
9603,2,2,-4.5,-3.25,11,-0.5,-5,-18,-11,0,-3.25,-12.25
9604,3,3,-7.25,-15.75,-5,12.25,-12,1.25,-21.25,-15,-5.25,-3.75
9605,4,4,-5,-3.75,-4,-10,7,-13,-6.5,-1.5,-4,-5.75
9606,5,5,-6,-7.5,-7.5,-3.75,-6,6,-3.75,-3.75,-5,0
9607,6,6,0.75,-3,-4.75,-7.5,-2,-1.75,5.75,-10.75,-4,-8
9608,7,7,-2.75,-5.75,3.25,-0.25,-7.75,-13,-17.75,12.25,-3.25,-1
9609,8,8,-6.5,-16.25,-0.5,-4.5,-10.25,-6.25,-11,-2.75,8,-1.5
9610,9,9,-6.25,-9.75,-2.5,-0.5,-4,-5.25,-14.75,1.5,-2,3.5
9611,0,0,7.75,-9.5,-2.75,-4.75,-10,-2.25,-4,-4.75,-6.25,-7
9612,1,1,-8,5,-2,-7.75,2.5,-13.25,-12.5,0.25,-4.25,-8.5
9613,2,2,-5.75,-2.25,5.75,0.75,-6,-13.5,-14.75,2,-2.5,-7.25
9614,3,3,-9.5,-10.5,-8,8.75,-9.25,3,-19.75,-14.25,-6,-4.25
9615,4,4,-5,-14.25,-5,-8.5,7.5,-8.5,-4.25,-7.25,-4.5,-4.5
9616,5,5,-7.25,-11.75,-11,-3.25,-8.75,9.75,-7.75,-7.5,-5.75,-0.5
9617,6,6,2.75,-3.75,0,-9.5,1.25,-8.75,6.75,-9.75,-6,-12.25
9618,7,7,-1.75,-6.75,3.5,0,-8,-10.75,-15.75,10,-2.5,0
9619,8,8,-5.25,-10,-0.25,-4.25,-5.75,-8.25,-11.75,-2.5,6,-3
9620,9,9,-6.75,-6,-7.75,-5.5,-3,-2.5,-7,-0.75,-0.25,3.25
9621,0,0,6.25,-6.25,-5.25,-7.75,-8.25,-1.75,-5,-0.25,-5,-5
9622,1,1,-5.75,4.5,-3.25,-5.75,-2.75,-7.5,-6,-1.75,-2,-5
9623,2,2,-6.25,-1.75,10.25,-0.75,-3.5,-18.75,-13.75,0.75,-3.5,-12.25
9624,3,3,-9.5,-9,-2,7,-9,-5,-19,-6,-0.25,-5.25
9625,4,4,-7.5,-10.75,-4.75,-5.75,6.25,-8.75,-11.25,-2.25,-4.75,-1
9626,5,5,-9.25,-9,-8.5,0.5,-6.5,6.5,-8.75,-8.75,-4.75,-3
9627,6,6,-0.25,-5.25,-3.25,-7.5,0.5,-3.25,6.25,-10.75,-6.75,-6.5
9628,7,7,-0.25,-5.75,3.25,0.25,-8.25,-9.75,-14.25,9,-4,-1.25
9629,8,2,-9,-10,2,-3,-1.75,-8,-12,-3.25,2,-6.75
9630,8,8,-3.75,-7.5,2.25,-1,-9.75,-7.25,-11.25,-2.5,4.75,-2.75
9631,0,0,7.5,-4.25,-0.75,-7,-5,-8.25,-1.5,-5.75,-3,-6.25
9632,6,6,-1,-1.25,-2,-6.25,0,-4.75,3,-9.25,-5.5,-7.75
9633,0,0,8,-3,-3.5,-11,-3.75,-12.5,-4.5,2.25,-5,-6.5
9634,0,8,-0.75,-2.5,-3.5,-4.75,-6.75,-5.5,-5.5,-1.25,1.75,-9
9635,2,2,-6,-1.25,10.75,-2,-2.5,-17.75,-9.75,-0.25,-4.5,-14.25
9636,3,3,-5.25,-8.25,-2.5,4,-8,3,-7.5,-11,-4.75,-4.75
9637,7,7,-3,-4.5,0,-1,-4.25,-11.5,-17,10,-3.5,0.5
9638,9,9,-4,-7.5,-2.75,-4,-0.75,-12.5,-16.75,6.25,-2.75,7
9639,4,4,-3,-3.5,-8.25,-11.5,7.75,-9.75,-5,-0.75,-5,-2.5
9640,7,7,-7.25,-1.5,1.75,0.25,-6.75,-11.75,-19.5,10.5,-2,0
9641,1,1,-5.25,6.25,-4,-6.75,-1.25,-6.25,-5.25,-0.5,-2.75,-5
9642,9,7,1.75,-8,-0.75,-1.75,-5,-8,-11.25,6,-3,2.75
9643,1,1,-5,4.75,-3.25,-3.5,0.25,-7.5,-10,1.75,-3.5,-4
9644,7,7,-4.5,-2.75,2,1,-4,-10.5,-16.5,8.5,-4,0.25
9645,1,1,-7,5.25,-1.75,-5.25,1,-10.75,-12.5,2,-5,-5
9646,4,4,-9.75,-4,-6.75,-8.25,6.75,-9.25,-12.25,-2,-4.5,-3
9647,0,0,10.25,-6,-1.5,-11.75,-6,-9.75,1,-2.25,-5.25,-9
9648,0,0,10.5,-6.5,-2.25,-10.75,-7.25,-7.75,0.25,-3,-3.25,-9.25
9649,1,1,-8,6.75,-4.25,-9.75,0.25,-10.25,-9.25,-1.25,-2.75,-10.75
9650,7,7,-0.25,-6,-3,-5.75,-3.75,-8.5,-11,9.25,-6.5,0.25
9651,5,5,-8.5,-6.25,-8,-1.25,-6.25,6,-6.5,-8,-4.5,-3
9652,7,7,0.75,-7.75,0,-1.75,-5.5,-7.75,-13.75,5.75,-5.5,0.75
9653,1,1,-6.25,5.25,-2,-5.5,-0.25,-11.75,-12.75,2.25,-3.25,-5
9654,3,3,-8.5,-6.25,-4.5,7.25,-11,-1.5,-19.5,-5,-3.25,-2.5
9655,3,3,-6.5,-5.5,-4,1.75,-5.75,0.25,-11.25,-2.5,-4.5,-0.75
9656,3,3,-6.5,-7.5,-1.25,5.5,-9.25,-2.25,-16.25,-5.5,-4.5,-2
9657,1,1,-6.25,5,-2,-5.75,-0.25,-10,-8.5,0.25,-4.25,-6
9658,6,6,1.5,-1.5,-1.25,-9,0.5,-6,6.5,-10,-5.75,-9.5
9659,9,9,-8.5,-9.25,-8.75,-5.5,0.5,-6,-14.5,-1,-0.75,5.75
9660,7,7,0.5,-7.5,-1.75,-6,-3.25,-10,-10.5,8.75,-4.25,1.75
9661,1,1,-6,5.5,-4,-6,-0.5,-8.5,-8.5,-0.25,-4,-4.5
9662,3,3,-6.75,-8.75,0,6.25,-11.25,-6.25,-19.5,-5.75,0.25,-3.5
9663,0,0,9,-6.5,-0.75,-9,-5.5,-9.75,-0.75,-2.25,-6.5,-8.25
9664,2,7,-6.25,-6.75,5,0.25,-2.75,-16.75,-19,5.75,-1.75,-2.75
9665,6,6,0.25,-3,-2.5,-9.5,1.25,-7.5,5.75,-10.5,-5.5,-8.5
9666,0,0,3,-0.75,-1.5,-7.25,-2.25,-10.25,-6.25,-5,-2,-5
9667,8,8,-7.75,-7.25,-0.25,-4,-5,-9,-10.25,-5.25,5.75,-6.25
9668,9,9,-3.5,-10.5,-4.75,-4.5,-0.75,-8.25,-14.5,2.5,-3,8
9669,4,4,-7.25,-2.25,-7.75,-6,2,-4.5,-8.75,0,-4.75,-0.5
9670,3,3,-8.75,-10,-3.75,6.5,-10.25,-2,-19.5,-6,-0.25,-1.25
9671,5,5,-8.75,-12.25,-12.5,-1,-9.5,10.75,-10.25,-10.25,-4.5,-0.5
9672,4,4,-8.5,-4,-7,-8.25,6.25,-9.75,-9.75,-2.5,-2.75,-2.5
9673,8,8,-6,-12.5,-2.5,-0.25,-9.5,-4,-14.25,-1.75,4.75,-0.75
9674,1,1,-6.5,6.5,-3.25,-7,1.25,-9.75,-8.75,0,-4.5,-6.25
9675,5,5,-7.75,-10.25,-7,-3.75,-5,6.25,-4.75,-7.25,-3.5,-1.25
9676,9,9,-5.5,-8,-4,-2.5,-0.75,-10,-16.75,3.25,-2,6.5
9677,0,0,4,-0.5,-1.75,-8.5,-1,-7.5,-1.5,-5,-5,-4.75
9678,6,6,1.5,-3.25,0.25,-8.25,1.75,-8,5.25,-9.75,-7,-10.5
9679,6,0,-0.75,-3.5,-1.5,-1.5,-1,-2.5,-1.5,-7,-7.75,-6
9680,3,3,-6.5,-6.75,-1.25,6.75,-11.5,-5.5,-18.75,-2.25,0.25,-2.25
9681,8,8,-5.25,-8,-4,-2.75,-7.25,-5.5,-9.5,-6.5,6.25,-5.75
9682,1,1,-5,7.75,-4.25,-8,-2.25,-7.25,-4,-0.75,-2.25,-4.25
9683,4,4,-7,-7.75,-8.25,-8.5,7.5,-10.5,-10.5,-4.25,-5.5,-0.75
9684,7,7,4,-9.5,-5.75,-9.25,-3.75,-9.25,-6.75,8.5,-5,1.75
9685,5,5,-10.75,-12.5,-10.75,-2,-7.25,9.75,-8.75,-13,-5,-1.5
9686,2,2,-6.75,-2.75,6.25,-2.5,-1,-16,-10.75,-2.5,-2.25,-14
9687,0,0,5.75,-3.25,-3,-7.5,-5.25,-6.75,-3.5,-1.75,-1.5,-4.25
9688,0,0,7.75,-4.5,-2,-9.5,-4.75,-10,-3.75,-0.5,-4.5,-5
9689,1,1,-6.75,7.75,-6.25,-8,1,-8.75,-9.75,1,-3.75,-6
9690,7,7,0.25,-7,-2.75,-4.5,-4,-8.75,-10.5,10.25,-4.25,1.5
9691,8,8,-8.75,-5.25,-6.5,-3.5,-3.25,-3,-6.5,-4,2.5,-6.25
9692,9,7,-6.75,-0.25,-5.25,-3.25,1,-6.25,-11.5,3,-3.25,1.25
9693,6,6,-0.25,-3,-3,-7,0.25,-5.25,3,-9.5,-4,-7.75
9694,8,8,-6.75,-2.75,-2,-5,-3.5,-8.75,-13,-3.25,4.25,-5.75
9695,8,8,-8.5,-11,-1,-2.25,-4,-9,-12,-3.5,3.75,-3.5
9696,2,2,-6.5,0.5,8,-1,-8.25,-13,-11.75,-0.75,-2,-12.25
9697,3,3,-8.5,-9.5,-6.75,8.75,-9,2.5,-15.5,-13.75,-4,-6.5
9698,6,6,1,-1,-1.5,-6,-1.25,-3,4,-5.75,-5,-8.25
9699,1,1,-6.5,5.25,-2.5,-5.25,-1,-9.75,-10.25,0.75,-4.75,-4.5
9700,2,2,-4.25,-0.75,0.25,-5,-0.75,-7.5,-3,-2.75,-0.5,-5.25
9701,9,9,-2.5,-7,-5.75,-7.75,1,-10,-11.5,5,-4.75,6.25
9702,5,5,-5,-10,-8,-3,-7.5,7,-5,-5.5,-4.25,-1.25
9703,2,2,-4.5,-1,9,-1.75,-6,-13,-7,-2.5,-1.25,-13
9704,0,0,11,-7.5,-4.5,-8.5,-7.5,-8.5,-5.75,0.5,-5.25,-3.5
9705,1,1,-4.5,9,-5.5,-9,-0.5,-6.5,-3,-2.25,-3.25,-6.5
9706,2,2,-1.75,-2.25,8,-0.75,-7.75,-12,-13,0,-8.25,-6
9707,3,3,-8.5,-14.75,-3,11,-11,-3.5,-23.25,-12,-3,-3.75
9708,4,4,-7.25,-2.25,-5.5,-8.5,5.5,-10.25,-8.25,-2.5,-3.75,-3.75
9709,5,5,-7.25,-9.25,-5.75,-0.5,-4.75,5,-2.75,-11,-2.5,-4.75
9710,6,6,1.5,-14.75,-6.25,-7.25,-7,0.25,8,-15.5,-0.25,-4.75
9711,7,7,-5.5,-5,-6,-7.5,-2.75,-7.25,-11.5,6,-0.75,2
9712,8,5,-5.25,-3.25,-10.25,-9.5,-8.5,2.75,-3.75,-7.25,2.5,-6
9713,9,9,-6,-8.75,-5.25,-4,-0.75,-6.5,-13.25,0.75,0.25,4.75
9714,0,0,9,-5.75,-3.25,-8.75,-6.5,-6.25,0.25,-5.25,-3.5,-7
9715,1,1,-5.25,7.5,-4,-7,0.5,-7.75,-7.5,0.75,-4.25,-5
9716,2,2,-2.5,-1.5,2.5,-0.75,-6,-7.25,-13.75,-6.5,-7.75,-6.75
9717,3,3,-9.75,-13.75,-6,10.25,-10.75,-0.75,-25.25,-13,-2.5,0.25
9718,4,4,-6,-4.5,-5.5,-9.5,7.75,-12.5,-6.25,-3,-4,-5.75
9719,5,5,0,-11,-7.5,1.25,-10,2.75,-13.75,-9,-6.5,-2.75
9720,6,6,-1.75,-14.25,-4.5,-6.5,-5.25,0.5,7.25,-15.5,-0.5,-5
9721,7,7,-7.75,-3.5,-3.25,-5,-4.25,-9,-15,8,-0.5,1
9722,8,8,-2.25,-2.25,-4.75,-7.75,-5.75,-7.25,-7.25,-4,4,-6.75
9723,9,9,-7,-11.25,-6.5,-6.75,1.25,-9.75,-15.25,1,1.5,6.5
9724,0,0,7.25,-4.5,-6,-7.25,-7.75,-3.75,-4,-1.25,-8.5,-5.75
9725,1,1,-6.5,8.25,-6,-8.75,1.25,-7.5,-6.75,0,-4.5,-6.75
9726,2,2,-0.25,-0.5,3.75,-0.5,-6.75,-7.5,-11.5,-3.75,-7.75,-5.75
9727,3,3,-7,-12.75,-5.75,10,-9.5,0.25,-20.5,-7,-7,1.5
9728,4,4,-5,-3,-4.5,-8.75,4,-10,-5.5,-4.25,-1.75,-6
9729,5,6,-0.75,-1.75,-6.5,-8,-3.75,0.75,7.25,-13.5,-4.75,-8.5
9730,6,6,0,-10.75,-3.25,-8.5,-4.75,-0.75,8.75,-14.5,0.25,-8.25
9731,7,7,-2.5,-7.5,-4,-7,-4,-8.5,-10.25,5.75,0,2.75
9732,8,8,-3.75,-4,-6.5,-5.75,-6.75,-2.25,-8,-6.75,3.75,-6.5
9733,9,9,-8.75,-9.25,-7.5,-6,-0.75,-5.25,-13.75,0.5,1,3.75
9734,7,7,1.25,-3.5,-5.25,-7.25,-4.25,-8.75,-7.75,6,-4.75,1.5
9735,4,4,-8.5,-3.75,-9,-6.75,2.75,-4.5,-5.75,-3.5,-3.5,-2
9736,6,6,-1,-12.75,-5.5,-6.75,-5.75,1.5,6.75,-14.25,-0.5,-4.5
9737,1,1,-5.25,7.25,-5.25,-8,-1.25,-4.75,-3.5,-0.75,-3.25,-5.25
9738,4,4,-4.25,2,-2.75,-9,3.75,-9.25,-3.25,-4,-4,-7.75
9739,0,0,8.25,-2.25,-3.25,-10.5,-3,-11.5,-3,-2.75,-4,-4.75
9740,9,9,-4.5,-10.5,-6.25,-7.25,0.5,-8,-12.75,1,-1.5,5.25
9741,9,9,-4.25,-8.75,-5.75,-6.25,-1,-6.75,-11.5,1.25,-1.75,3.75
9742,3,3,-5.75,-12.25,-1.5,6,-9.5,-1.75,-12,-9,-1.5,-3.75
9743,7,7,-7.75,-2.25,-5.75,-6.25,-2.75,-6.25,-11.5,6.25,-1.75,0.25
9744,8,8,-5,-1.25,-4,-5.5,-4.25,-3.5,-1.5,-7,1,-7.25
9745,4,2,-1,-3.75,2.25,-5,-0.25,-12,-4,-4.5,-2,-6.5
9746,7,7,-0.25,-3.25,-6.75,-8.75,-2.5,-7.25,-7.25,5.25,-4,0.5
9747,5,5,-3.75,-7.5,-6.5,-2.5,-5.75,5.5,-2.75,-9,-6.75,-2
9748,8,8,-3.25,-3.75,-4.75,-8.75,-5,-4,-1,-9.5,4.75,-9
9749,5,6,1,-8.25,-3.5,-6,-5.25,1,5,-11,-5.75,-3.5
9750,3,3,-10.25,-11.25,-6.5,8.75,-7.75,0.75,-22.5,-12.25,-6.25,0
9751,2,2,2,-4.25,5.25,-3.25,-7.5,-8.5,-9.75,-1.5,-5,-5.25
9752,2,2,-0.25,-5.5,3,-2.25,-8,-4,-10,-2.75,-5.5,-5.75
9753,0,0,8.5,-4.75,-3.5,-9.25,-5.25,-7.5,-2,-2.5,-7,-7.25
9754,5,5,-5.25,-6,-6.25,-5.5,-4.5,3.75,-1.5,-8,-2,-4.75
9755,8,8,-2.75,-6.75,-7.25,-7.5,-6,-1.5,-5.5,-2,2.75,-5.75
9756,6,6,-2.5,-13.75,-4.25,-6.5,-2,-0.75,7.25,-17.25,-1,-8.25
9757,0,0,10.5,-5,-2.25,-11.25,-5.5,-12,-2.25,-2.5,-3.5,-5
9758,3,3,-4.75,-8.5,-4,6.25,-7,-1.75,-18,-5.75,-5.5,-1
9759,8,8,-5,-2.75,-3.75,-4.25,-5,-5.5,-6.5,-6.75,2.75,-4.25
9760,1,1,-4.75,6.25,-3.25,-6.5,-1,-5.25,-2.5,-1.25,-3,-5.25
9761,0,0,8.25,-4.25,-3.25,-9.75,-5.25,-6.75,0.75,-3,-5,-6.75
9762,3,3,-4.5,-4.5,-1,2.25,-4.75,-4.75,-12.25,-4.5,-1.5,-3
9763,0,0,6,-3.5,-2.5,-8,-3.25,-6.25,0.25,-3,-4,-6
9764,4,4,-4.5,-2.5,-3,-6.5,2.25,-9.5,-6,-2,-2,-3.25
9765,7,7,-2.75,-3,-6.5,-4.5,-4,-4,-9.75,6,-5,1
9766,4,4,-6,-4.25,-3.75,-7,5,-10,-7,-2.5,-2.5,-6
9767,9,9,-5.5,-9.25,-6,-4.25,-1.25,-5.5,-12.5,0.25,0,4.75
9768,2,0,2.25,-9.75,0,-5.75,-6.5,-3,-4.75,-5.5,-0.5,-5
9769,9,9,-6,-10.25,-5,-4.5,-1,-9,-15.25,1.5,1.25,5.75
9770,5,0,5.5,-6,-0.25,-5.5,-3.75,-5.75,1.5,-6,-6,-3.5
9771,7,7,1.25,-5,-4.75,-7.75,-3.25,-9.5,-9,7,-3.5,1.75
9772,1,1,-6,8.25,-5.25,-8.75,0,-8,-6.25,-2,-4,-8
9773,7,7,-2.5,-4,-6,-7.25,-4,-7.5,-9.75,5.75,-3.75,2
9774,1,1,-6.5,9.25,-7,-10,0.5,-6.5,-5.5,-0.75,-4.5,-7.5
9775,6,6,1,-11.25,-1.25,-7.75,-4.5,-3.5,7,-12.5,-0.75,-6
9776,6,6,1.25,-10,-2.5,-8.5,-1.75,-2.5,9.75,-13.25,-2.5,-9.25
9777,5,5,0,-6.25,-4.75,-3.5,-4,1.5,-1,-5.5,-4.75,-4.5
9778,6,6,-0.25,-15.75,-6,-6.25,-7.75,2.25,9,-18,-1,-4.75
9779,2,0,2.5,-10.75,0.25,-7.25,-6.5,-3.25,-4,-2.75,0,-6.5
9780,8,8,-5.75,-3.25,-5.25,-4.25,-7.5,-2.25,-9,-1.5,1,-5.25
9781,7,7,-4.25,-6.75,-2.5,-5,-4.5,-7.75,-13.25,5.75,-1.75,3
9782,6,6,-1.75,-8,-2,-7,-4.75,1.75,7.25,-12.25,-2.75,-7.5
9783,4,4,-3.25,-3,-4,-7.75,3.25,-10.5,-7.5,-1.75,-3.75,-3.25
9784,9,9,-8,-5.5,-7.25,-4.25,1.5,-7.25,-15,1.25,-2.25,4
9785,9,9,-7.25,-11.5,-6,-3.25,-0.5,-6.75,-16,-0.25,0,7
9786,5,5,-6.5,-10.75,-9.25,-0.25,-6.5,7.25,-5.5,-11.75,-8,-1.75
9787,3,3,-7.5,-12,-4.5,10.25,-9.5,-2,-23.75,-8.75,-5,0.25
9788,7,7,-6,-5.75,-1.75,-3.5,-3.5,-10,-15.25,6.5,-2.5,2.25
9789,4,4,-5.75,0.5,-5.75,-9.5,5.25,-8.75,-7.25,-2.5,-5.25,-2.25
9790,3,3,-2.75,-5.75,-0.75,6.5,-7,-6.25,-20.75,-0.25,-7,1.75
9791,0,0,8.75,-2.5,-2.75,-10.25,-4.75,-11,-3,-2.25,-5,-6
9792,4,4,-6.25,-3.75,-8,-6.25,0.75,-4.25,-5.25,-3.25,-3,-0.75
9793,6,6,-1.5,-8.25,-3,-7.5,-4.25,0.75,7.25,-12.25,-0.25,-7.75
9794,6,6,-1,-10.75,-2.75,-6,-4.75,-0.5,7.5,-13.25,-0.25,-5
9795,1,1,-5.5,7.5,-7.25,-11.25,-1.5,-4.25,-3.5,-2.25,-1.5,-9.75
9796,1,1,-6.5,7,-4,-7,1,-9,-9.75,-0.25,-4.5,-6.5
9797,3,3,-8.25,-9.5,-5.25,8.75,-8.25,-0.75,-20.25,-11,-3.75,0.5
9798,2,2,-4.25,-3.75,5.75,-2,-7.5,-7.25,-10.5,-2,-6,-6.25
9799,1,1,-8.25,7.75,-6.25,-8.25,0.75,-7.5,-10,-0.5,-4.5,-7.5
9800,0,0,3.75,-9.5,-0.75,-7.5,-6.25,-5.5,-5,0,-6,-1.75
9801,0,0,11.5,-10,-3,-12.25,-8.5,-6.25,3.25,-6.5,-2.75,-9
9802,1,1,-5.75,9,-6,-9,0,-8,-5.75,1,-4.25,-5.75
9803,2,2,-4.25,-2.25,10,0,-11.75,-16,-16,-1.5,2.25,-10.75
9804,3,3,-7.25,-10.25,-5,7,-10.75,1.5,-20,-14.25,-3.5,-3
9805,4,4,-8.25,-4.5,-10.75,-13.25,10.25,-12,-7.5,-3,-4.5,-1
9806,7,7,-6,-2.5,0.75,0.75,-6.75,-11.25,-19.5,11.25,-2.75,1.25
9807,8,8,-4.75,-10.5,-3.25,-4.25,-8.25,-4,-4.25,-9.75,6,-6
9808,9,9,-7,-7.5,-8.5,-3.5,0,-3.25,-11.25,0,-5.5,2.75
9809,0,0,8.75,-5,-3.5,-9.5,-5.25,-8.5,-2.5,-1,-3.75,-4.5
9810,1,1,-6.25,8.75,-6,-9.25,0,-7,-6.75,1.5,-4,-6
9811,2,8,-3.25,-2.75,3.25,-0.5,-12,-10,-15.5,1,3.5,-5
9812,3,3,-7.25,-9.5,-4,9,-8.75,-0.5,-19.75,-10.75,-4.5,-1.75
9813,4,4,-4.5,-1.75,-6.25,-8.75,7.5,-9.25,-7,-1.5,-6,-1
9814,5,5,-7,-7.25,-10,-3.75,-12.75,9.5,-4,-13.25,0,-5.25
9815,6,6,-1.5,-6.25,-7.75,-9.25,-4.5,-0.5,8.75,-16.5,-3,-7.25
9816,7,7,-5.25,-3.25,-0.75,-0.25,-6,-6.75,-14.75,7.75,-2.75,2
9817,8,1,-4.5,1.5,-5.25,-6.25,-5,-4.75,-1,-10,1.25,-7
9818,0,0,7.5,-6.25,-4,-11.75,-4.5,-7.75,0.5,-3.25,-3.75,-9
9819,1,1,-5,7.75,-7,-10,-1,-8.5,-7.25,-0.75,-2.5,-7.5
9820,2,2,-3.25,-4.25,10.75,1.5,-12.5,-17.25,-16.5,1,1.25,-8
9821,3,3,-6.25,-15,-2.5,13,-13.75,-1.75,-25,-13,-4,-2.25
9822,4,4,-9.5,-5,-9.75,-9.5,9,-10.5,-11.25,-1.5,-5.25,-0.5
9823,7,7,-6,-2.25,1.25,0.5,-7.25,-10.75,-18.5,11.5,-2.5,0.25
9824,8,8,-3.75,-6,-4.25,-5.5,-9,-3,-2.75,-8,3.75,-4.5
9825,9,9,-6,-10.5,-6,-2,-1.25,-6.25,-15.5,0.75,-3.25,7.5
9826,0,0,6,-1.75,-4.75,-12,-1.5,-11,2.5,-5.25,-2.75,-3.25
9827,8,8,-5.25,-4.75,-2.5,-2.5,-6,-3.75,-4.75,-5.25,2.5,-3
9828,3,3,-7,-7.25,-6.75,5.5,-8,2.25,-16.25,-13.5,-3.75,-2.5
9829,9,9,-5.25,-5.75,-5.25,-5.25,0.25,-7,-9.75,-3.5,-3,4
9830,5,5,-6.25,-4.5,-10.5,-5.75,-10,8.25,-2,-10,-0.5,-3.75
9831,5,5,-6.5,-1.5,-5.75,-2.5,-7.75,4.5,-1.25,-12.25,-1.25,-5.75
9832,2,2,-2.25,-2.75,4.5,-3.75,-8.75,-8.25,-6,-5.25,1,-10.75
9833,6,6,-0.25,-2.75,-4.75,-7.75,-1,-5.25,5.75,-9.75,-3.25,-4.25
9834,8,6,-5,-5.25,-4.25,-6,-5.5,-0.25,3.5,-11.75,2.75,-6.25
9835,4,4,-3,0,-3.25,-10.25,4.5,-12.5,-4.75,-4,-5.75,-3.5
9836,1,1,-6.25,8.75,-6.75,-9,0,-8.25,-7,1.25,-4.25,-5
9837,7,7,-5.5,-2.75,0.5,0.25,-7.5,-8.5,-16.75,9,-2.5,1
9838,1,1,-6,9,-6.5,-9,0.25,-7.75,-6.75,0.5,-4.25,-4.5
9839,2,7,-4,-4,3,-1,-9,-6,-12,3.75,1.75,-1
9840,3,3,-1.75,-5.25,-0.5,3.5,-9,-0.75,-10.5,-9.25,-5.5,-5.75
9841,5,5,-5.75,-3.75,-6.5,-5.25,-8.25,6.75,0.5,-10.5,-0.25,-5.5
9842,6,6,-1.5,-4,-3.75,-10.25,-0.25,-3.75,7.25,-11.75,-3,-8
9843,9,9,-7.75,-7.5,-6.5,-3,0.25,-2.75,-12,-1,-2.25,3.25
9844,1,1,-4.25,7.25,-3.75,-7.25,-1.25,-6,-2.5,-1.25,-3.5,-5
9845,1,1,-6,7.75,-4.75,-7.25,0.5,-9,-8.5,2.5,-4.5,-4.5
9846,1,1,-6.5,7.75,-4.75,-8,1.75,-11,-10,2.75,-5.5,-4.75
9847,2,2,-2.5,-1.5,6.75,-1,-10.75,-9.75,-12.75,4,-1.25,-4.5
9848,1,1,-5.5,7.75,-6.75,-9.5,0,-8.75,-7.25,-0.25,-3,-6.75
9849,2,2,-4,-1.75,6,0,-9.25,-10.25,-10,-3,1.5,-7.75
9850,0,0,5.75,-10.5,-4.25,-8,-3.75,-5.25,2.25,-8.5,-2.75,-8
9851,7,7,-5.5,-2.75,-1.5,-1.25,-5.5,-7.75,-16.5,10.5,-3.25,0.75
9852,7,7,-4,-1.75,0,0.5,-6.5,-6,-12.75,8.25,-1.5,-0.5
9853,5,5,-6.25,-4.25,-10,-3.25,-10,7.75,-5.25,-8.5,-0.5,-3.25
9854,8,8,-5.75,-5.5,-4.75,-4.5,-5,0,-0.25,-9.75,3,-4.25
9855,2,2,-2,-3.25,7,-0.5,-11,-12.25,-12.75,-0.5,2,-8
9856,9,5,-9.25,-10.5,-10,-3.25,-3.25,4,-8.75,-4,-2,2.75
9857,8,8,-6.25,-3,-2.75,-3.5,-5.75,-0.25,-1.5,-7,2.25,-4
9858,6,6,-1.5,0.25,-6,-5.75,-2.75,-2.25,3.25,-10,-1.75,-5.75
9859,7,7,-5.75,-2.75,-0.5,-1.5,-5.25,-10.25,-17.25,11,-1.75,0.75
9860,3,3,-5,-9.5,-4,8,-11.5,0.5,-19.5,-10,-3.5,-3.5
9861,4,4,-2.5,-4.25,-5.25,-11.5,9.25,-12,-4.75,-3.75,-8.25,-3.25
9862,6,6,-1,-0.25,-5.75,-8.75,-2.5,-3,5.75,-10.75,-2,-6.5
9863,8,6,-5.25,-0.75,-5,-5.75,-5,-0.25,1.75,-10,1,-5.75
9864,7,7,-6,-2.25,-1.75,-1.5,-5.5,-7.5,-16.25,9.5,-2.25,1.25
9865,0,0,8.5,-4,-3.25,-11.25,-4.75,-9,-0.75,-2,-3.25,-7
9866,4,4,-2.5,-7.25,-4,-11.75,9.5,-10,-2,-4,-7.25,-5.25
9867,2,2,-3.25,-4.5,6,-0.5,-9.75,-9.75,-12.75,1.25,2.5,-3.25
9868,7,7,-6.25,-2.75,0,0,-5.75,-8.5,-16.75,9.5,-1.75,0.75
9869,7,7,-6.25,-3.25,-0.75,-1.25,-5.5,-10.5,-18.5,11.75,-1.5,0.25
9870,5,5,-5.5,-4.75,-7.75,-6.25,-9.25,6.25,0.75,-11.25,0.25,-5.75
9871,4,4,-6,-2.25,-8,-12,8.75,-10.75,-7,-3,-6.5,-0.75
9872,3,3,-6,-11.5,-3.5,10.75,-10.5,-0.25,-19.75,-12,-5.5,-2
9873,4,4,-1.75,-1.75,-2.5,-13,8,-12.5,-2,-7.5,-8.75,-10.5
9874,2,2,-3.25,-3,6.75,1.75,-11,-11,-14.25,2,1.75,-3.75
9875,8,8,-6.5,-10,-4.25,-4.25,-1.25,-4.25,-5.75,-6.25,2.25,-0.25
9876,1,1,-6.75,7.75,-6,-8.75,0.5,-9.75,-9.5,1.25,-3.75,-6
9877,5,5,-7,-4.25,-12,-5.5,-9.75,8.25,-7.25,-6,-3.25,-1.75
9878,1,1,-5.25,7.75,-5.25,-8,0,-7.25,-6.5,0.5,-3.5,-5.5
9879,0,0,0.5,-1,-2.25,-6.75,-1.5,-8.5,-2,-5,-2,-1.25
9880,2,2,-3.5,-3.25,8,1.25,-11.25,-12.25,-13.5,-2.5,3,-7.25
9881,3,3,-5.5,-7.75,-3.25,5.75,-8,0.5,-13.25,-11,-2.25,-2
9882,3,3,-6.75,-6.75,-5.75,6,-8.25,0.5,-15,-11.25,-3.25,-1.25
9883,5,1,-6.75,2,-4.75,-4.5,-5.5,0.5,1.25,-13.25,-2.75,-9.25
9884,7,7,-6.75,0.5,-6,-4.25,-2.25,-6.25,-14,8.5,-5.25,-0.25
9885,0,0,9,-6.5,-4.5,-10,-4.5,-9.75,-0.5,-2.25,-4.25,-1.5
9886,6,6,-3.5,-3.25,-0.5,-6.5,0.75,-5.25,5,-7.5,-3.75,-7.75
9887,8,8,-4.75,-1.75,-7.75,-7,-5.5,-0.75,0.5,-10,2.75,-5.5
9888,6,0,3.75,-3.25,-5.5,-8.5,-3.25,-5.75,3.75,-9,-1.75,-5.25
9889,3,3,-8,-8.5,-1.25,6.75,-8.25,-4.25,-18.5,-3.25,-3,0.25
9890,9,9,-3.25,-10,-5.75,-4.25,-2.75,-1.25,-5.75,-4.5,-2.5,4.75
9891,9,9,-3.25,-8.25,-4.75,-2.5,-1.25,-3.25,-8.5,-1,-2.5,4
9892,8,8,-7,-7.5,-4,-4.75,-3.75,0.5,0.25,-7.75,1.25,-2.25
9893,2,2,-1,-5.5,2.75,-1.25,-9.5,-7,-8,-2,2.25,-5.25
9894,7,7,-6.25,-2,-0.75,-2,-5.5,-7.75,-16,8.25,-1,0.25
9895,7,7,-7,-2,-0.25,-1.25,-4.75,-10,-17.25,10.75,-1.5,0.25
9896,1,1,-5.75,8.5,-5.5,-8.5,0,-7.75,-7.25,1.25,-4,-5.25
9897,0,0,9.75,-5.25,-2.25,-9.75,-5,-9,1.5,-2.5,-3.5,-8.25
9898,1,1,-5.25,8.25,-6.25,-9.25,-0.5,-5.75,-3.25,-0.75,-3.5,-5.75
9899,7,7,-7,-3.75,-0.75,-2.25,-4.25,-12.5,-20,12.25,-1.5,0.75
9900,8,8,-4.75,-2.5,-5.75,-4.25,-5.75,-1.75,-2,-9.25,3.25,-6.5
9901,9,9,-10.25,-12,-10,-5.5,1.5,-3.75,-13,-5,-1,6
9902,0,0,5.25,-5.25,-1.75,-9,-3.75,-7,-1,-3.5,-6.25,-6
9903,1,1,-7.25,7.5,-7,-9,1.25,-9,-9,0,-3.5,-6.5
9904,2,2,0.5,-8.5,1,-6.25,-1.75,-7.5,-4,-3.5,-3.75,-7.25
9905,3,9,-6,-7.75,0,0,-6,-10.75,-17.75,2.25,-1.25,2.75
9906,4,4,-4.25,1,-2.25,-7.25,4.5,-9.25,-5,-3.75,-6,-6.5
9907,5,5,-5,-5,-6.5,-3.5,-5.25,5,-3.25,-4.75,-2.75,-1.25
9908,6,6,0.5,-5.75,-2.75,-6.75,-1.75,-1.25,8.5,-10.5,-5.25,-6.25
9909,7,7,-3.25,-5.75,-1.25,-2.5,-5,-10.25,-16.75,11,-2.75,1.5
9910,8,8,-4.25,0,-6.25,-6.75,-5.5,-3.25,-4.5,-3.5,3.25,-7.25
9911,0,0,7,-5.5,-2.75,-8.5,-5.75,-5.75,-2,-3,-5.75,-6.25
9912,1,1,-6.5,9.25,-5,-12,0.5,-9.25,-7.5,-2,-2.5,-14
9913,2,2,-7,-8.5,7,-1.5,-8.5,-11,-15,0.5,1,-4.5
9914,3,3,-8.5,-8.5,-4.5,6.25,-8.25,-3.5,-22,-4,-3,0.75
9915,4,4,-8.25,-2.25,-7,-10,6.25,-9.5,-6.25,-1.75,-5.25,-7.25
9916,7,7,-0.25,-5.75,-0.5,-4.25,-2.5,-11,-12.25,8.75,-4.5,0.75
9917,8,8,-6.75,-6.25,-5,-8.25,-4.75,-3.5,-2.5,-7.5,6,-7
9918,9,9,-3,-11.25,-5.5,-6.25,-0.25,-7.25,-12,0.75,-3.5,7.75
9919,7,7,-5.5,-4.25,-3.5,-5,-2,-9,-15,8.5,-3.25,2.5
9920,8,8,-3,-5.5,-4.75,-5.25,-8,-4.5,-5.75,-6.5,5,-5.25
9921,6,6,2.25,-8.75,-0.75,-8,-2.5,-5.5,8.25,-11.25,-3,-7
9922,4,4,-8.75,-5,-9.5,-7.25,2.25,-5.25,-12.25,0.5,-2.5,1
9923,1,1,-6.75,8.5,-6,-9.25,0.25,-7.75,-7.25,-0.75,-4,-7
9924,9,9,-2.5,-12,-3.5,-4.5,0.75,-7,-10.5,0.5,-2.5,4.25
9925,3,3,-4.75,-8.5,-0.75,2.75,-7,-6,-18.5,-0.75,-2.25,0
9926,8,1,-8,2.25,-2,-6.25,-1.5,-7,-7.25,-5.25,-0.5,-10.5
9927,4,4,-6.5,-5,-4.75,-9.5,7.25,-12.25,-7.5,-1.5,-2.75,-1.25
9928,4,4,-3.75,-3.75,-4.25,-9.75,7.5,-12.25,-8.5,-1.75,-6,-1.5
9929,7,7,-4.75,-3.25,-2.5,-5.5,-2.75,-11.75,-15.5,10.5,-2.25,1
9930,0,0,9.75,-7.75,-1.75,-6,-7,-7,-1.5,-4.75,-2.75,-4
9931,1,1,-5,8.5,-4.25,-7.75,-1.25,-7.5,-4,-0.75,-3,-4.75
9932,9,9,-1.5,-10,-1.75,-4.75,-1,-11.25,-13.5,1.75,-5,7
9933,2,2,-5,-10.25,8.5,-2.75,-4,-14.5,-12.75,-3.25,-1.5,-7.75
9934,8,8,-4,-4.5,-5.25,-3.5,-7.5,-2.25,-5,-6.25,4.25,-5.25
9935,7,7,-5.5,-2.75,-0.75,-0.75,-5,-8.75,-16.5,9.25,-2.75,1.25
9936,8,5,-6.25,-9.25,-9,-4,-8.25,3.25,-7.25,-6,2.75,-3.5
9937,2,2,-3,-10.5,7,-0.75,-4.75,-13.25,-12.75,-2.75,-3,-6.75
9938,6,6,2.25,-4,-2.5,-7.5,-1.25,-3.5,8.75,-9.5,-5.5,-7.25
9939,0,0,7.25,-10.25,-2.75,-8.75,-6.5,-3.5,0.25,-4.25,-7.5,-5
9940,6,6,3.25,-0.25,-2.5,-10.5,0.75,-7,6.75,-6.25,-4.25,-9.75
9941,5,5,-3,-6.5,-4,-3.5,-8.25,3,1.5,-15.5,-1.25,-8
9942,3,3,-10.25,-14.75,-8.75,8.25,-12,3,-21.5,-11.5,-2,-2.25
9943,3,3,-8.75,-10.25,-7,3,-7,-1.25,-19,-7,0.75,-1.5
9944,3,3,-8,-11.75,-5.5,1.25,-7.25,-1,-12.25,-7.5,0.5,-0.5
9945,9,9,-8.25,-9.25,-9.75,-6.75,1.5,-5.5,-13.5,0,-2,4
9946,1,1,-4.75,7,-4.75,-7.5,-2,-5.75,-3.25,-2.75,-2.5,-5.5
9947,4,4,-0.25,-2.5,-2.25,-7,6.75,-11.5,-6.5,-3,-10.25,-5.25
9948,0,0,6.75,-6,-3.75,-7.75,-7.5,-1.5,-1.25,-6,-2.75,-9.5
9949,6,6,2.5,-5,-2.25,-9.5,0.25,-6.75,9.25,-10,-4.25,-8.25
9950,1,1,-4.75,7,-5.25,-8,-1,-6.75,-5.5,-0.25,-2.75,-5.75
9951,0,0,7.75,-2.75,-3.75,-8.25,-5,-8,-4.5,0.25,-5,-4.5
9952,0,0,10.75,-9.5,-3,-10.5,-8.25,-5.75,1,-5.5,-3.25,-8.5
9953,6,6,3,-2.5,-2,-9,-2,-3.5,7.25,-9.25,-3,-9
9954,2,2,0,-8.5,7.75,-0.75,-9.5,-14,-15,1,0.5,-4.5
9955,1,1,-5.5,9.25,-5.5,-12.25,0.75,-9.25,-6.25,-1,-2.75,-11.5
9956,1,1,-6.25,6.25,-2.75,-7.25,1,-10,-9.5,0.25,-4,-6.5
9957,7,7,-3.75,-3.5,-1,-1.75,-3,-11.25,-16.75,9.5,-3.75,2.25
9958,7,7,-6.5,0,-0.25,-0.25,-6.5,-10,-19,10.5,-2.25,0
9959,8,8,-5.25,-2.25,-1.75,-2.5,-4.25,-5,-6.25,-3.5,0.75,-3.5
9960,4,4,-8.5,-4.25,-9.5,-11,9,-10.75,-9.75,-1,-5.75,1.5
9961,6,6,-1.25,-4.5,-2.5,-6.25,-0.25,-3.5,6.75,-10.5,-4,-5.25
9962,0,0,7.5,-7.5,-3.25,-5.75,-6.25,-4,-3.5,-3.5,-3.25,-5.5
9963,7,7,-0.75,-6.25,0.25,-1.5,-6,-8.5,-14.75,9,-3.5,1.5
9964,0,0,7.25,-0.5,-1.75,-9.5,-3.25,-9.75,-0.25,-5.25,-5,-10.25
9965,3,3,-9.25,-7.25,-5.75,6.75,-7,-1,-20,-8.5,-5.5,-0.75
9966,6,6,0.5,-4,-2.25,-10.75,1.25,-4.75,8.75,-9.75,-5.25,-7.25
9967,8,8,-5,-4.5,-5,-4.25,-7.25,-2,-6.75,-7,3.75,-6.75
9968,7,7,-5.75,-1.75,-1,-1.25,-4.5,-9.5,-17.25,10.5,-2.75,0.25
9969,1,1,-5.75,7.5,-5.25,-7.75,0.5,-7.5,-6.75,0.75,-4.25,-5.5
9970,5,5,-8.5,-1,-6.25,0.75,-5.5,3.75,-7.25,-15,-8.75,-5.5
9971,2,2,-2,-8,8,-1.5,-6.25,-12,-12,-2,-2,-4.75
9972,4,4,-7.75,-4.25,-9.25,-10.75,9.5,-9.75,-10.25,-2.25,-5.25,0.75
9973,9,9,-5,-13.5,-6,-5.75,0.25,-8,-15.25,0.5,-1,7.75
9974,4,4,-5.25,-1,-5.5,-8,7,-10,-8.5,-0.5,-7,-2.5
9975,3,2,-4.75,-7,2.5,2.25,-8.25,-7,-13.75,-2.75,-1.5,-3
9976,6,6,-1.75,-3.5,-2.75,-6.25,0.75,-6.75,3,-7,-3.5,-2.25
9977,4,4,-6.75,-3.5,-7.75,-9.5,6.75,-9.25,-6.75,-0.5,-5.5,-3
9978,1,1,-7.25,8,-5.25,-8.25,1.5,-9.25,-10.25,0.25,-4.5,-7.5
9979,7,7,-0.75,-5.75,-2.75,-4.75,-3.75,-10.5,-12.75,10.25,-5,2.5
9980,2,2,-0.5,-8.5,8.75,-0.75,-13.75,-12.25,-16.25,3.25,-1,-7.25
9981,6,6,0.5,-2.25,-1.5,-8.25,1.5,-6.25,4.75,-10,-5.75,-9.5
9982,5,6,-3.25,-3.75,-2,-3.75,-3.5,-1.5,2.25,-12.75,-6.5,-8.75
9983,0,0,12.75,-12.75,-4.5,-9.25,-11.25,-3,-1.25,-7.5,-3.5,-6.75
9984,1,1,-5,7.75,-5.5,-6.75,-2,-8.25,-6.25,0.25,-2.75,-3.5
9985,2,2,-6,-0.5,9.25,-1.5,-8.75,-16,-17,4.25,-1.75,-7.75
9986,3,3,-8.25,-8.75,-1.75,5.75,-10.25,-4,-20.5,-6.25,0.25,-0.75
9987,4,4,-10,-5.5,-11.5,-10.5,9.75,-9.75,-11.75,-4.25,-5,-0.5
9988,5,5,-9,-14.75,-12.25,1.75,-10.5,8.75,-14,-11.75,-2.75,-3.25
9989,6,6,1.75,-8.25,-2.75,-8.5,-1.5,-5.75,10.5,-13.25,-3.25,-7.25
9990,7,7,-6.75,-1.75,2.5,1.25,-7.25,-14.75,-21.75,12,-2,-1
9991,8,8,-4,-11.5,-4.75,-0.75,-11.5,-3.5,-10,-8.75,6,-8
9992,9,9,-4.25,-13.25,-6,-6.5,2,-9.25,-14,-1.25,-2.5,6
9993,0,0,9,-15,-2,-5.75,-6.5,-6.5,-1.25,-7.25,-1.5,-7.25
9994,1,1,-5.25,7.25,-4,-7.75,-1.5,-7.5,-2.75,-2.75,-2.5,-5.5
9995,2,2,-4.75,-2,13,-0.25,-11,-19.5,-15.75,3,-3.25,-8.25
9996,3,3,-6.5,-8.75,-2.75,8.5,-11,-1.75,-21.25,-10.25,-6.25,-1
9997,4,4,-11.5,-4.75,-12,-11.25,8.5,-9.5,-11.25,-3,-2.75,0.25
9998,5,5,-6.75,-10.5,-9.25,-1.75,-8,6.25,-6.25,-8.75,-2.25,-5
9999,6,6,1.5,-11,-1.25,-7.5,-1.75,-5,10,-13.25,-4,-6.5
