index,expected,prediction,logit_0,logit_1,logit_2,logit_3,logit_4,logit_5,logit_6,logit_7,logit_8,logit_9
0,7,7,-2.140625,-2.54492188,1.671875,0.65234375,-5.39257812,-3.41992188,-13.6757812,12.6699219,-2.48144531,-0.73828125
1,2,2,0.51953125,5.27929688,12.8603516,-1.86523438,-9.94238281,-6.328125,-5.14648438,-2.12792969,-0.12890625,-14.2480469
2,1,1,-1.72949219,8.23535156,-2.05273438,-5.76171875,0.940429688,-3.875,-0.231445312,0.122070312,-0.908203125,-2.48242188
3,0,0,10.3056641,-10.3369141,0.875976562,-3.86230469,-6.90039062,-2.81347656,3.14453125,-3.81933594,-2.40039062,-2.29296875
4,4,4,-5.16015625,-5.04394531,-4.38769531,-9.48632812,11.4082031,-5.5078125,-3.95605469,-1.53808594,-1.70019531,4.45410156
5,1,1,-2.23535156,10.578125,-3.74707031,-7.15917969,1.86132812,-5.32128906,-1.63378906,1.34277344,-1.37988281,-2.30859375
6,4,4,-9.86230469,-2.34570312,-6.27929688,-7.95605469,9.64453125,-2.56835938,-6.72363281,-0.453125,4.36230469,3.4375
7,9,9,-9.70703125,-6.70214844,-1.59179688,2.56835938,1.46679688,-0.197265625,-13.0849609,-3.93945312,2.56640625,7.8359375
8,5,5,-1.65429688,-12.3818359,-3.46289062,-5.40234375,-3.74121094,9.52050781,5.46875,-10.2753906,2.97753906,3.01660156
9,9,9,-5.10058594,-10.9990234,-3.97460938,-2.11816406,2.12011719,-1.82714844,-13.8701172,0.984375,4.71191406,10.6298828
10,0,0,11.3457031,-6.44140625,1.88964844,-6.28808594,-7.91796875,-3.23828125,0.416992188,-3.50292969,-0.7734375,-2.12207031
11,6,6,2.11230469,-6.43261719,-2.07714844,-3.17871094,-2.82519531,1.42480469,9.63964844,-7.43066406,0.53515625,-3.96191406
12,9,9,-5.6953125,-9.33691406,-5.22753906,-3.36230469,5.09765625,-2.17578125,-13.6601562,0.637695312,0.8203125,11.6259766
13,0,0,10.4619141,-7.5,0.522460938,-7.21679688,-6.06933594,-4.13574219,0.206054688,-1.77246094,0.631835938,-0.651367188
14,1,1,-4.55761719,11.5253906,-1.61816406,-4.80078125,0.989257812,-5.56347656,-4.60449219,-0.115234375,-1.44628906,-2.12597656
15,5,5,-5.95605469,-3.2890625,-1.65429688,3.51171875,-6.54101562,8.90429688,-1.15234375,-9.60742188,2.24414062,-2.71972656
16,9,9,-4.55078125,-9.375,-2.45410156,-4.48632812,3.4296875,-5.04980469,-12.390625,3.70507812,0.584960938,10.6376953
17,7,7,-1.02929688,-4.68066406,2.45996094,1.40820312,-7.85351562,-1.91699219,-14.3564453,12.8027344,-3.37597656,-1.10058594
18,3,3,-5.17675781,-5.17089844,2.08105469,7.36425781,-6.77636719,0.448242188,-5.01464844,-7.77734375,4.57324219,-4.40820312
19,4,4,-7.82910156,-2.2109375,-4.21191406,-6.73242188,11.6445312,-4.59570312,-8.75097656,1.02734375,-1.828125,2.04003906
20,9,9,-4.99023438,-5.4296875,-7.20703125,-0.220703125,1.70996094,0.168945312,-13.8291016,2.359375,-1.16308594,9.72460938
21,6,6,-1.65332031,-8.30273438,-2.91894531,-3.60546875,-2.72167969,4.26953125,11.2998047,-14.6884766,3.24511719,-3.34863281
22,6,6,1.16601562,-7.59667969,-4.00488281,-4.65527344,1.08007812,-0.463867188,9.29394531,-7.45019531,-0.84765625,-0.86328125
23,5,5,-5.22851562,-7.97363281,-5.25878906,2.99023438,-5.87109375,12.8710938,1.47265625,-13.0693359,0.8671875,0.788085938
24,4,4,-5.54882812,-2.59179688,-3.49023438,-5.77441406,8.875,-2.09082031,-4.65429688,-0.0693359375,-2.26367188,1.98535156
25,0,0,9.81933594,-11.7861328,-0.549804688,-7.50878906,-3.89550781,-4.89160156,2.99511719,-2.59667969,-0.39453125,0.430664062
26,7,7,-2.29785156,-3.00585938,-1.1796875,0.219726562,-2.49511719,-1.14550781,-11.3691406,9.98828125,-3.25195312,1.8515625
27,4,4,-9.0546875,-5.88476562,-5.25292969,-9.82714844,15.7724609,-5.57324219,-10.8955078,-2.74511719,-1.03808594,5.55859375
28,0,0,11.5234375,-7.76757812,4.95410156,-2.01464844,-10.2285156,-6.44824219,-4.00683594,-1.65527344,-0.124023438,-4.78515625
29,1,1,-5.89550781,7.21679688,-1.92871094,-2.55371094,0.685546875,-2.97851562,-6.07226562,-0.172851562,-0.39453125,-0.083984375
30,3,3,-7.68359375,-3.58300781,-2.99902344,12.2724609,-6.25976562,1.39160156,-16.4794922,-2.92089844,-0.8828125,2.63671875
31,1,1,-5.47558594,7.06152344,-1.34472656,-1.91308594,1.02441406,-3.19238281,-6.62402344,1.28222656,-2.20214844,-0.385742188
32,3,3,-10.1513672,-2.17382812,1.546875,12.5673828,-5.640625,-1.60449219,-15.1699219,-4.5546875,2.72460938,-3.33886719
33,4,4,1.109375,-6.82128906,-0.78515625,-9.08789062,6.765625,-2.93261719,2.20507812,-4.33300781,-2.92578125,-3.36328125
34,7,7,-4.20019531,1.07910156,2.54492188,0.400390625,-3.60351562,-9.1015625,-18.1630859,14.171875,-1.58203125,-1.79589844
35,2,2,-1.6171875,2.75097656,11.7441406,0.276367188,-9.16503906,-4.82324219,-7.68457031,0.461914062,-1.55761719,-6.09179688
36,7,7,-2.125,-1.65234375,4.81445312,-1.37890625,-4.71777344,-5.62207031,-11.4160156,10.2919922,-1.98046875,-1.23242188
37,1,1,-5.00097656,9.54785156,-2.54589844,-5.09375,1.52734375,-4.48339844,-5.54492188,0.8984375,-0.864257812,-0.18359375
38,2,2,0.325195312,2.1484375,9.16308594,0.459960938,-8.13183594,-4.53515625,-5.07910156,1.1640625,-0.233398438,-8.98144531
39,1,1,-1.78808594,9.74511719,-2.89453125,-6.05078125,-0.029296875,-5.51269531,-1.77246094,-1.43554688,0.732421875,-2.6484375
40,1,1,-2.37011719,5.859375,-0.374023438,-2.6875,-0.133789062,-3.18652344,-3.40136719,1.43359375,-0.9765625,-0.711914062
41,7,7,-3.92089844,-0.28125,5.11132812,1.87988281,-4.36816406,-4.91796875,-12.9238281,8.90917969,-2.23242188,-2.64648438
42,4,4,-9.07714844,-1.06738281,-9.32421875,-7.74902344,13.1611328,-4.66015625,-7.13085938,-0.387695312,-1.86132812,4.83789062
43,2,2,-3.09082031,0.0810546875,8.18261719,-3.38671875,1.08007812,-4.70996094,-2.68945312,-0.28515625,-0.6328125,-10.6308594
44,3,3,-7.5390625,-3.09960938,-0.942382812,8.921875,-4.29101562,1.97070312,-10.1074219,-4.79101562,-0.982421875,-0.263671875
45,5,5,-2.81152344,-7.48535156,-2.46484375,2.171875,-7.62207031,9.27832031,1.19335938,-11.453125,4.20996094,-0.215820312
46,1,1,-9.68066406,7.69042969,0.533203125,0.2734375,0.272460938,-4.00292969,-10.1308594,-0.50390625,-0.326171875,-2.13183594
47,2,2,-2.24804688,-1.01953125,9.203125,-1.33203125,-1.23242188,-4.69628906,-2.31152344,-0.755859375,-0.65234375,-8
48,4,4,-10.6689453,-5.56445312,-9.00585938,-7.86621094,14.4589844,-3.82910156,-11.2216797,-4.03710938,1.48828125,7.39550781
49,4,4,-6.78417969,-9.58886719,-3.82226562,-9.04199219,12.8359375,-5.68164062,-6.43066406,-3.57226562,-0.912109375,5.14160156
50,6,6,2.14453125,-5.31738281,-2.71191406,-3.32226562,-1.66992188,0.485351562,10.7167969,-10.0458984,-1.09960938,-5.02636719
51,3,3,-5.90625,-3.65136719,0.474609375,12.7636719,-7.94335938,-0.955078125,-12.6972656,-3.44140625,1.58105469,-4.07910156
52,5,5,-3.73242188,-9.65625,-5.18359375,0.61328125,-3.7578125,11.9570312,0.009765625,-9.671875,2.04980469,1.29785156
53,5,5,-4.64746094,-5.95800781,-4.02441406,1.78417969,-4.41992188,9.29882812,-0.2578125,-8.77929688,1.80078125,1.59375
54,6,6,1.85644531,-7.78515625,-3.36816406,-6.05859375,-0.603515625,0.0126953125,13.1484375,-10.1416016,0.0732421875,-2.0703125
55,0,0,9.74511719,-3.60253906,-0.129882812,-6.95898438,-4.53027344,-6.23730469,0.440429688,-3.0546875,1.93164062,-1.52832031
56,4,4,-7.66796875,-6.41601562,-6.50292969,-12.0810547,14.9472656,-3.49804688,-6.49609375,-1.39746094,-0.0712890625,3.49023438
57,1,1,-1.74511719,8.62792969,-1.89648438,-5.24902344,0.34765625,-4.79492188,-2.50390625,1.58984375,-0.927734375,-1.60058594
58,9,9,-6.05859375,-12.5976562,-3.30957031,-1.77050781,3.80566406,-2.05273438,-16.9960938,2.07519531,-0.120117188,12.5878906
59,5,5,-1.38476562,-4.56445312,-5.04199219,-0.879882812,-2.9765625,7.09472656,-2.28417969,-1.24121094,0.325195312,1.38671875
60,7,7,-5.71777344,-4.74316406,-3.06640625,4.24121094,-5.72851562,1.015625,-16.9755859,11.5957031,-3.84863281,2.41015625
61,8,8,-3.04296875,-11.2773438,2.28613281,-0.645507812,-4.75683594,1.43066406,-5.02539062,-6.12597656,7.92285156,3.95898438
62,9,9,-4.26953125,-6.63769531,-3.01757812,-1.58398438,-1.44335938,3.77441406,-4.15917969,-1.93164062,2.54589844,5.78222656
63,3,3,-5.640625,-7.92871094,4.35253906,9.97070312,-7.25488281,-3.7265625,-19.4873047,0.650390625,3.54980469,3.57421875
64,7,7,-6.79101562,-6.5703125,3.27636719,4.48925781,-1.61132812,-9.28710938,-21.9189453,12.1142578,1.37597656,-0.829101562
65,4,4,-7.33398438,-1.06347656,-4.31152344,-1.37988281,6.50585938,-2.02539062,-8.57714844,-1.81933594,-0.846679688,3.81445312
66,6,6,2.96972656,-6.83691406,-2.7734375,-3.98242188,0.271484375,-2.01464844,7.06347656,-5.53808594,-1.43261719,-0.0673828125
67,4,4,-7.32421875,-7.30859375,-3.78320312,-9.39257812,12.0400391,-3.5546875,-5.51171875,-3.18359375,-0.278320312,3.97363281
68,3,3,-6.74023438,-6.07519531,-0.379882812,15.1386719,-9.90722656,-1.91894531,-19.90625,-3.27441406,3.4296875,2.03027344
69,0,0,9.40429688,-9.75585938,-0.619140625,-3.640625,-7.96289062,0.087890625,2.46679688,-3.16210938,-4.05175781,0.197265625
70,7,7,-1.43554688,-5.17089844,2.12011719,2.56738281,-8.03027344,-0.962890625,-13.3818359,11.1855469,-2.91210938,-0.854492188
71,0,0,13.6884766,-9.109375,1.16113281,-8.28320312,-8.39453125,-4.58496094,1.51074219,-3.85449219,-1.35546875,-0.922851562
72,2,2,2.84472656,-0.780273438,11.3505859,-0.30078125,-9.3671875,-6.71289062,-8.20117188,1.94042969,-1.32910156,-6.18457031
73,9,9,-5.52148438,-3.06640625,-0.70703125,0.0859375,-0.133789062,-6.60253906,-14.4814453,2.01171875,4.52539062,6.27929688
74,1,1,-4.109375,9.42871094,-3.59570312,-6.25878906,2.37011719,-3.75292969,-2.88867188,-1.36523438,-0.205078125,-0.294921875
75,7,7,-6.2890625,-0.944335938,0.05078125,2.22363281,0.1796875,-6.04199219,-14.9072266,10.5986328,-2.36328125,-2.36914062
76,3,3,-7.59667969,-3.59277344,-1.10546875,11.7558594,-6.64257812,1.80859375,-12.3613281,-6.8828125,2.19042969,0.47265625
77,2,2,-0.826171875,-1.15039062,8.95019531,0.674804688,-8.0859375,-3.64355469,-7.35742188,3.63867188,-0.916015625,-3.13476562
78,9,9,-5.90917969,-3.27734375,-4.95898438,-1.63183594,3.49316406,-3.42578125,-9.8046875,-2.24511719,3.45019531,7.47265625
79,7,7,-4.08984375,-4.51953125,2.45800781,3.05371094,-5.38671875,-4.33203125,-15.5341797,10.3652344,0.662109375,0.868164062
80,7,7,-3.08496094,-3.73925781,-3.24511719,-1.92578125,0.905273438,-1.01367188,-11.6015625,8.6171875,-3.68164062,4.421875
81,6,6,1.35742188,-5.72851562,-2.32714844,-4.35058594,-1.375,0.614257812,11.0146484,-8.89355469,-1.39941406,-2.30371094
82,2,2,-4.17089844,0.629882812,15.5048828,-1.11035156,-3.79882812,-12.4912109,-13.2988281,5.0546875,-0.577148438,-8.56445312
83,7,7,-2.109375,-3.20996094,-2.52050781,-2.22167969,-0.596679688,-1.73730469,-10.6835938,11.0058594,-3.55273438,2.60253906
84,8,8,-7.02246094,-5.69628906,-4.74414062,-0.63671875,-1.03222656,3.86621094,-1.49511719,-7.84960938,10.2314453,0.129882812
85,4,4,-9.31738281,-6.77148438,-6.44726562,-7.09667969,12.6103516,-2.97851562,-8.93359375,-2.46777344,1.51269531,3.7109375
86,7,7,-4.69335938,-1.24023438,2.06738281,0.682617188,-5.23242188,-4.89648438,-16.2978516,12.5,-0.856445312,0.786132812
87,3,3,-7.52636719,-0.907226562,-0.723632812,8.44433594,-3.63671875,0.322265625,-10.4335938,-1.49316406,-0.919921875,-3.47753906
88,6,6,0.180664062,-5.71289062,-1.98046875,-5.6796875,0.274414062,-0.497070312,11.9746094,-8.890625,-1.03710938,-4.79785156
89,1,1,-2.6171875,9.31835938,-4.08203125,-6.68652344,2.44335938,-5.1484375,-0.596679688,0.0078125,-0.525390625,-3.02734375
90,3,3,-6.6640625,-5.875,-2.859375,12.7802734,-7.6328125,2.61328125,-14.3925781,-7.21777344,2.65332031,2.97363281
91,6,6,-0.59765625,-6.27246094,-2.29492188,-2.86132812,-0.858398438,0.92578125,11.53125,-12.046875,-0.958007812,-4.12890625
92,9,9,-4.86230469,-3.23339844,-3.37597656,-2.75195312,3.93359375,-3.16699219,-7.90136719,0.0888671875,2.07128906,5.78125
93,3,3,-7.95214844,-4.125,-3.7578125,12.1201172,-6.328125,2.43945312,-16.9121094,-6.6328125,0.163085938,4.88085938
94,1,1,-6.07324219,9.37890625,0.734375,-4.83789062,-0.021484375,-4.95507812,-3.43457031,-3.27636719,1.44042969,-3.89355469
95,4,4,-2.92675781,-8.72167969,-3.40917969,-7.77636719,9.48144531,-7.46972656,-2.48046875,-5.14257812,1.21972656,1.57421875
96,1,1,-7.390625,3.67871094,-1.60839844,0.208007812,0.280273438,-2.04589844,-9.43652344,0.489257812,-0.114257812,1.12988281
97,7,7,-6.83789062,-1.40527344,2.41601562,3.01464844,0.01171875,-10.6787109,-17.8027344,10.75,0.961914062,-4.35449219
98,6,6,1.95605469,-6.25488281,-1.12304688,-5.20507812,-2.29394531,2.43359375,9.5859375,-9.61621094,-0.155273438,-3.22363281
99,9,9,-7.46484375,-11.7021484,-2.66699219,-0.11328125,2.62988281,-4.01953125,-18.1582031,2.24023438,1.23242188,12.7412109
100,6,6,0.555664062,-4.31933594,-2.34277344,-3.37109375,-0.1640625,0.1953125,8.66699219,-6.57421875,-0.7890625,-3.07421875
101,0,0,11.2089844,-7.10058594,0.788085938,-7.12597656,-8.28222656,-1.71484375,2.25683594,-4,-0.616210938,-1.64550781
102,5,5,-6.98339844,-10.4052734,-7.45996094,3.54394531,-7.26464844,14.7460938,-3.8203125,-11.2890625,3.3671875,3.91210938
103,4,4,-7.92382812,-6.50976562,-3.07714844,-10.1054688,14.9482422,-5.80761719,-7.99023438,-1.7734375,-1.671875,2.58007812
104,9,9,-5.74609375,-11.9482422,-5.24414062,-0.491210938,-1.08984375,6.12597656,-9.58007812,-3.04003906,1.61816406,10.0488281
105,9,9,-6.36328125,-10.4277344,-3.33300781,-2.25878906,2.9296875,-1.54980469,-13.9736328,1.42480469,1.40917969,11.6826172
106,2,2,-0.3515625,-2.47851562,12.1240234,-2.13378906,-5.06152344,-8.62890625,-9.49804688,3.61621094,1.8125,-6.79589844
107,1,1,-0.112304688,9.04882812,-4.10058594,-8.75195312,0.8046875,-3.65332031,2.38671875,-1.421875,0.485351562,-4.97363281
108,9,9,-9.01464844,-7.24707031,-6.04296875,-1.66601562,4.63867188,0.895507812,-13.4082031,-1.05566406,0.546875,11.0732422
109,4,4,-3.95703125,-4.35644531,-3.55175781,-9.5703125,11.1054688,-6.92285156,-2.75390625,-2.1171875,-2.06835938,1.97363281
110,8,8,-3.76953125,-2.15429688,1.17382812,0.72265625,-4.38964844,-2.42089844,-6.12109375,-8.14550781,11.5917969,-2.86425781
111,7,7,-2.55566406,4.609375,3.46386719,-1.5859375,-4.26660156,-8.30859375,-12.5957031,8.58691406,-0.00390625,-1.45117188
112,3,3,-7.43457031,-0.668945312,-1.42871094,9.89453125,-5.84375,0.8515625,-12.3408203,-3.71484375,0.90234375,-0.862304688
113,9,9,-6.33886719,-8.95605469,-2.5546875,-0.3046875,2.91601562,-4.13574219,-14.7304688,0.466796875,1.81152344,10.5
114,7,7,-5.84375,-2.38964844,4.69433594,3.30957031,-4.16015625,-6.37890625,-16.1787109,10.2607422,-0.192382812,-1.12597656
115,4,4,-5.19042969,-4.26855469,-3.42285156,-6.53613281,7.43164062,-3.8671875,-3.2890625,-3.67382812,0.631835938,5.43359375
116,4,4,-8.9921875,-0.536132812,-7.38476562,-4.44140625,9.98730469,-3.0625,-8.05371094,-1.68847656,-0.94140625,5.359375
117,4,4,-9.65332031,-8.31542969,-2.85058594,-10.6923828,14.8896484,-3.58789062,-8.97070312,-2.88378906,1.16699219,2.37792969
118,9,9,-3.55078125,-5.81738281,-2.80957031,-4.12695312,3.7734375,-4.31347656,-8.8203125,0.975585938,0.217773438,8.453125
119,2,2,-0.342773438,-3.29394531,7.39550781,-3.09472656,-5.84570312,-7.37597656,-7.58984375,5.48925781,1.37988281,-0.697265625
120,5,5,-7.25097656,-15.7539062,-7.26757812,5.62011719,-10.5195312,16.8662109,-4.71875,-15.6669922,4.73828125,6.43066406
121,4,4,-1.671875,-5.453125,-3.12011719,-9.859375,7.75195312,-6.1953125,1.32421875,-4.18847656,1.2421875,1.61230469
122,7,7,-4.56152344,-1.17578125,0.69921875,2.52539062,-4.41601562,-2.2421875,-14.0107422,9.20019531,-2.69824219,1.17285156
123,6,6,0.879882812,-5.55371094,-2.36523438,-3.65332031,-0.30078125,-0.3046875,10.5986328,-9.09082031,-1.81835938,-2.703125
124,7,7,-9.12011719,-2.0703125,-2.87402344,-2.63964844,4.63671875,-3.75976562,-14.9150391,10.2148438,-1.35449219,-0.671875
125,9,9,-6.20605469,-5.20117188,-1.3359375,-2.12695312,4.1328125,-3.72460938,-9.38378906,-2.43554688,0.510742188,8.44433594
126,0,0,8.44433594,-8.796875,1.60449219,-0.211914062,-9.98242188,-0.189453125,0.0458984375,-4.04003906,-1.96289062,-0.412109375
127,5,5,-7.69628906,-10.4873047,-9.20605469,2.13671875,-5.30664062,16.0927734,-3.49609375,-13.0019531,4.08007812,4.09863281
128,8,8,-5.73144531,-7.90917969,-1.10742188,0.91015625,-4.12695312,-0.342773438,-8.29492188,-5.33300781,13.7519531,0.995117188
129,5,5,-7.43847656,-11.0488281,-8.08105469,2.41210938,-6.59375,16.9326172,-1.20019531,-14.9443359,2.5703125,4.01953125
130,6,6,0.241210938,-9.82421875,-4.06640625,-3.49902344,-0.986328125,1.57617188,12.0068359,-13.5810547,-0.491210938,-0.388671875
131,6,6,1.91699219,-10.0869141,-2.55859375,-4.29101562,-2.68652344,1.57324219,12.5107422,-12.8769531,1.04785156,-2.80078125
132,5,5,-7.85351562,-12.6396484,-6.29882812,4.4296875,-9.32128906,17.4501953,1.92578125,-19.8046875,4.609375,1.69433594
133,7,7,-5.27539062,-4.41699219,4.34765625,4.49902344,-5.17089844,-9.54101562,-22.5517578,14.0595703,-1.03417969,0.0546875
134,8,8,-5.42675781,-3.06640625,0.736328125,2.08984375,-4.91699219,-2.02929688,-8.13183594,-5.95605469,11.9296875,-1.38378906
135,1,1,-2.41015625,11.1533203,-1.95703125,-5.90234375,0.467773438,-6.54003906,-3.47070312,0.185546875,-0.326171875,-2.68554688
136,0,0,9.17089844,-6.02050781,1.68457031,-5.49902344,-5.77929688,-4.6328125,0.456054688,-2.51953125,0.384765625,-1.453125
137,1,1,-1.70117188,10.6474609,-3.48339844,-7.72949219,1.90332031,-5.76855469,-0.9921875,-1.00878906,-0.359375,-2.87402344
138,6,6,1.97949219,-6.81738281,-3.11914062,-4.55761719,0.196289062,-0.9453125,11.7138672,-9.37695312,-1.97460938,-4.26171875
139,4,4,-4.17089844,-5.68261719,-3.33007812,-9.05078125,9.29296875,-7.86621094,-5.09472656,-1.53613281,1.48730469,5.53125
140,6,6,1.12304688,-1.90136719,-1.67285156,-4.70605469,-0.228515625,-0.25,8.50488281,-7.37109375,-0.452148438,-4.99121094
141,7,7,-3.9453125,-1.52050781,-1.79101562,1.20605469,-2.33496094,-2.46875,-14.3535156,12.2988281,-4.26171875,0.71484375
142,3,3,-5.13085938,-4.66015625,4.57226562,8.72460938,-7.45117188,-3.51171875,-13.0898438,0.72265625,2.70800781,-0.0947265625
143,1,1,-2.2265625,9.84277344,-0.474609375,-6.42773438,0.374023438,-5.74707031,-2.45117188,0.637695312,-0.314453125,-2.38671875
144,7,7,-5.76269531,-6.54980469,4.12890625,3.984375,-3.375,-6.04589844,-18.5332031,9.65039062,0.70703125,0.836914062
145,1,1,-5.23339844,8.25878906,-2.08984375,-3.80273438,1.01953125,-2.21386719,-4.33984375,-0.931640625,-0.701171875,-0.618164062
146,8,8,-3.01269531,-8.87988281,-0.252929688,1.15039062,-4.03515625,-2.59765625,-8.36230469,-5.51855469,11.9257812,4.33398438
147,2,2,-3.81054688,-2.92773438,12.2519531,-3.55761719,0.251953125,-10.1367188,-8.20800781,-1.24414062,3.2421875,-6.29296875
148,0,0,9.81542969,-6.28320312,1.015625,-5.16894531,-5.58984375,-3.9375,2.20507812,-4.93164062,-0.204101562,-2.25390625
149,2,2,-4.23144531,-3.18652344,8.40625,0.603515625,-0.700195312,-3.46972656,-5.78027344,-0.548828125,0.198242188,-4.83007812
150,9,9,-7.25585938,-11.4169922,-4.63378906,-1.5390625,1.57128906,-0.452148438,-13.3330078,-1.60742188,3.45800781,13.6757812
151,9,9,-2.90429688,-10.6904297,-0.133789062,-0.288085938,-2.00878906,-1.19726562,-9.38671875,-3.64355469,6.5390625,7.59179688
152,5,5,-2.92871094,-7.640625,-5.06933594,-2.78613281,-3.45019531,11.609375,-0.71875,-7.15527344,3.11816406,2.02441406
153,5,5,-5.42089844,-8.09277344,-3.49707031,2.50195312,-7.61621094,11.8466797,-0.532226562,-13.6259766,5.0625,1.56347656
154,1,1,-4.12011719,7.78613281,-1.38085938,-3.28125,1.4375,-4.546875,-5.92871094,2.55371094,-2.69921875,-0.359375
155,5,5,-8.79296875,-11.7197266,-8.51367188,1.984375,-3.55175781,15.6376953,-1.4609375,-15.9130859,2.79589844,4.9609375
156,6,6,0.421875,-5.859375,-2.9140625,-5.35351562,1.90820312,0.015625,9.26855469,-7.30566406,-2.18359375,-2.73632812
157,0,0,8.61328125,-7.09667969,1.32519531,-4.64746094,-6.74511719,-3.12207031,0.381835938,-1.55175781,-0.646484375,-0.760742188
158,3,3,1.30273438,-3.88574219,4.3125,6.29785156,-12.1425781,1.36816406,-5.79296875,-3.3515625,-2.06445312,-4.76464844
159,4,4,-4.84667969,-0.87890625,-1.22558594,-3.90625,6.76757812,-3.26660156,-4.51367188,-1.22363281,-3.29101562,0.025390625
160,4,4,-8.65429688,1.76757812,-5.93066406,-7.37207031,9.46679688,-3.63867188,-2.62597656,-3.23730469,3.0859375,-0.4921875
161,6,6,1.77636719,-10.1269531,-1.94238281,-3.07324219,-1.06445312,1.18359375,11.0390625,-12.5742188,-0.950195312,-4.97070312
162,5,5,-7.671875,-13.7207031,-9.28710938,2.03808594,-10.015625,21.8828125,0.21875,-19.5390625,4.6953125,3.49316406
163,4,4,-8.77929688,-8.95996094,-5.67871094,-9.76171875,15.0117188,-5.02246094,-9.13964844,-1.8671875,-0.77734375,5.04785156
164,6,6,0.172851562,-4.34667969,-2.140625,-4.73339844,1.42382812,-1.44335938,8.19335938,-4.828125,0.0185546875,-4.47363281
165,5,5,-6.84375,-11.7265625,-5.83789062,2.77148438,-7.46484375,15.1601562,0.23828125,-16.4072266,4.4375,3.09960938
166,4,4,-4.07324219,-2.79492188,-2.59375,-7.90820312,9.17871094,-5.44140625,-4.28613281,-1.53613281,-1.5390625,2.35546875
167,5,5,-2.62207031,-6.64257812,-1.35253906,1.71191406,-1.17578125,5.08496094,-2.30957031,-4.24316406,-2.73828125,-0.8515625
168,1,1,-4.3671875,9.51171875,-0.302734375,-4.73730469,-0.108398438,-3.48046875,-2.23730469,-1.66601562,-0.545898438,-3.44726562
169,4,4,-8.3203125,-2.09570312,-6.02734375,-5.8125,10.7958984,-2.45996094,-8.1953125,0.505859375,-1.42871094,2.75585938
170,4,4,-10.0576172,-2.70507812,-7.33105469,-5.40136719,12.0576172,-2.38085938,-9.77832031,-2.28320312,-1.13574219,5.5546875
171,7,7,-2.17773438,-3.30761719,5.33105469,3.25097656,-8.44238281,-6.04785156,-16.5693359,9.671875,1.95507812,-0.2421875
172,2,2,-0.711914062,2.06054688,12.8535156,4.07128906,-13.8955078,-5.61425781,-10.5244141,-0.401367188,4.09570312,-11.6074219
173,3,3,-3.59960938,-1.10058594,-0.487304688,8.76660156,-7.30859375,0.99609375,-10.2919922,-0.413085938,-0.868164062,-2.99121094
174,2,2,-2.5234375,0.577148438,11.1083984,0.03125,-4.87792969,-9.17578125,-9.91113281,3.11621094,1.81640625,-5.62792969
175,7,7,-2.25390625,1.73144531,0.98046875,0.750976562,-2.75195312,-3.55175781,-8.53710938,5.65820312,-1.15527344,0.0087890625
176,1,1,-2.10351562,7.28613281,-1.76953125,-4.13378906,0.594726562,-2.98925781,-2.12988281,0.225585938,-0.905273438,-0.854492188
177,8,8,-4.09082031,-7.203125,-0.650390625,0.90234375,-1.49902344,-1.74511719,-5.078125,-7.7421875,8.25585938,3.05273438
178,1,1,-3.41992188,10.3710938,-2.37890625,-5.05859375,1.10253906,-5.29492188,-3.72460938,0.7890625,-1.40136719,-1.421875
179,8,8,-4.95800781,-1.46777344,4.49609375,0.317382812,-6.33398438,-2.89941406,-6.96386719,-6.15136719,11.2158203,-4.33007812
180,1,1,-3.91503906,9.63476562,-1.63867188,-4.15332031,1.2890625,-5.59375,-5.29003906,1.55371094,-1.859375,-0.858398438
181,8,8,-5.44433594,-4.171875,1.98828125,0.862304688,-6.79394531,0.999023438,-1.47558594,-9.3828125,10.8173828,-4.53710938
182,5,5,-6.08300781,-4.25878906,-4.87792969,3.1171875,-4.80957031,10.2226562,0.766601562,-11.9296875,2.25292969,-1.45410156
183,0,0,11.7783203,-8.98535156,0.493164062,-6.58984375,-6.48828125,-4.11621094,2.59667969,-4.58007812,-1.95800781,-0.909179688
184,8,8,-1.79980469,-5.08691406,2.11621094,5.09765625,-6.14453125,-3.53027344,-6.625,-4.4453125,7.875,-3.74902344
185,9,9,-3.98730469,-7.86328125,-3.26757812,-4.86914062,5.0625,-4.54199219,-6.17382812,-2.54296875,0.10546875,9.421875
186,2,2,1.41894531,0.737304688,14.78125,2.34277344,-13.9277344,-9.12695312,-10.6826172,2.86132812,2.140625,-11.7412109
187,5,5,-6.95996094,-12.4658203,-4.90820312,6.69140625,-10.1318359,14.4140625,-4.71777344,-15.4628906,4.68164062,4.02539062
188,0,0,12.0634766,-5.890625,0.340820312,-8.70800781,-10.6865234,-0.200195312,2.01660156,-2.52734375,0.862304688,-4.55371094
189,1,1,-5.96582031,6.22070312,-0.905273438,-1.08300781,0.635742188,-1.37011719,-4.359375,-1.72167969,-0.895507812,-1.25097656
190,1,1,-1.93554688,8.56445312,-3.30761719,-6.42773438,1.99902344,-7.2421875,-2.87011719,1.54882812,-0.326171875,-1.42773438
191,1,1,-8.01074219,5.22949219,-1.44433594,-0.278320312,0.44140625,-1.81445312,-8.47753906,-0.209960938,-0.274414062,-0.10546875
192,0,0,9.12402344,-2.94140625,0.0712890625,-7.34863281,-2.96875,-5.18847656,0.0029296875,-2.02734375,-0.765625,-3.84960938
193,9,9,-7.68945312,-7.55078125,-3.46191406,-0.658203125,1.03027344,0.153320312,-10.5683594,-1.1953125,5.19921875,8.15234375
194,0,0,8.42480469,-6.23144531,3.27832031,-3.88671875,-8.86132812,-3.10449219,-3.22753906,0.879882812,0.432617188,-2.56542969
195,3,3,-8.01855469,0.770507812,2.09667969,4.83300781,-1.60253906,-0.487304688,-7.96582031,-1.2109375,-0.083984375,-3.99316406
196,1,1,-1.95410156,9.38183594,-1.85253906,-7.21386719,0.0869140625,-4.66015625,0.0205078125,-2.57617188,0.780273438,-3.34960938
197,6,6,1.16699219,-7.23925781,-4.28710938,-5.70703125,-1.52539062,2.35253906,14.3857422,-13.3154297,0.442382812,-4.62011719
198,4,4,-9.61132812,-1.49316406,-7.85644531,-6.1640625,13.109375,-4.34667969,-10.7363281,-0.546875,-1.86425781,5.43359375
199,2,2,-2.10253906,-0.4140625,12.6064453,3.97949219,-9.68066406,-11.0498047,-16.1201172,6.46289062,0.10546875,-5.88378906
200,3,3,-2.46972656,-6.9375,2.19433594,11.6494141,-9.05664062,-1.78417969,-11.8398438,-6.68261719,3.17089844,-1.95898438
201,6,6,2.51855469,-8.84179688,-2.9765625,-6.11914062,0.334960938,-1.60449219,12.1298828,-9.56152344,-1.91992188,-0.403320312
202,1,1,-2.16894531,10.3066406,-3.29785156,-6.04199219,1.99414062,-5.74707031,-2.10644531,1.51269531,-0.723632812,-3.86328125
203,1,1,-3.65234375,7.46777344,-2.53808594,-3.44238281,1.51171875,-2.69628906,-3.16894531,-0.0830078125,-1.92871094,0.0673828125
204,1,1,-1.7109375,8.40625,-2.62304688,-5.5546875,1.16210938,-4.15722656,-0.681640625,0.56640625,-0.981445312,-2.58789062
205,3,3,-6.57910156,-2.59863281,-0.591796875,9.65722656,-4.81445312,-0.408203125,-12.1904297,-2.05371094,0.537109375,-0.25390625
206,9,9,-8.09667969,-10.5625,-5.87695312,-2.54296875,1.04101562,4.7421875,-11.4375,-2.99316406,4.45800781,11.7207031
207,5,5,-2.81542969,-5.27539062,-2.25976562,1.84667969,-5.34570312,7.28613281,-0.213867188,-8.34960938,2.48535156,-1.50488281
208,2,2,-4.09570312,-2.28710938,13.6171875,-1.00195312,-2.140625,-7.76855469,-8.84179688,3.63476562,-0.806640625,-9.47558594
209,9,9,-10.7226562,-9.65039062,-7.125,2.47753906,4.875,2.82226562,-16.1083984,-3.29492188,-0.129882812,9.84765625
210,4,4,-5.74511719,-4.83007812,-6.0546875,-9.10253906,10.6650391,-2.99414062,-6.2265625,1.08496094,-1.01464844,5.64453125
211,5,5,-2.22753906,-6.94335938,-5.07617188,1.04980469,-3.93847656,8.87011719,-2.22460938,-6.29394531,1.66796875,2.18945312
212,9,9,-8.5625,-10.7597656,-6.6875,2.45605469,0.493164062,3.30175781,-17.2490234,0.528320312,-0.954101562,12.6035156
213,3,3,-5.90722656,-2.77050781,-0.491210938,9.21777344,-7.74121094,-2.20800781,-17.3359375,4.75,0.009765625,1.65429688
214,9,9,-7.296875,-9.99023438,-4.47558594,0.877929688,1.74511719,-1.75976562,-15.8613281,-1.58105469,4.87695312,10.7763672
215,0,0,8.25488281,-6.08300781,0.451171875,-8.13574219,-3.64355469,-7.609375,-1.70507812,0.577148438,0.490234375,1.67382812
216,3,3,-6.67285156,-6.19824219,-0.0458984375,14.9902344,-11.0117188,-0.977539062,-19.0673828,-1.24511719,1.79589844,2.77734375
217,6,6,-0.61328125,-4.62109375,-3.67578125,-4.62011719,-5.22070312,7.10742188,10.9902344,-12.609375,4.05175781,-6.20507812
218,5,5,-3.25,-5.10058594,-7.85449219,0.6328125,-4.87792969,10.7285156,-4.64941406,-2.42675781,0.418945312,1.35449219
219,5,5,-2.74121094,-5.23925781,-5.16699219,3.40917969,-6.64746094,10.1152344,-2.09863281,-9.15234375,-0.48828125,0.231445312
220,7,7,-0.35546875,-4.75488281,-0.791015625,-2.91015625,-2.72753906,-1.95410156,-10.1035156,10.8320312,-2.35449219,2.66113281
221,2,2,1.94042969,-7.52246094,9.70117188,1.90429688,-6.81054688,-8.10742188,-9.69433594,0.963867188,3.89941406,-4.70117188
222,2,2,1.62597656,-6.59960938,11.5322266,0.416992188,-6.890625,-8.93652344,-8.62109375,1.98925781,2.72070312,-6.11816406
223,7,7,-2.41796875,-3.62890625,3.85839844,1.50585938,-7.07910156,-4.90429688,-16.0927734,12.5019531,-1.46484375,0.840820312
224,1,1,-1.47167969,6.32128906,-1.4296875,-4.0859375,1.06054688,-3.47363281,-0.799804688,0.733398438,-0.733398438,-2.484375
225,2,2,-0.45703125,-2.109375,10.5615234,2.37890625,-10.7666016,-6.07910156,-10.6103516,2.87695312,2.88183594,-3.20507812
226,8,8,-7.21972656,-0.799804688,-2.22070312,-0.911132812,-0.985351562,-1.90527344,-4.65625,-4.04003906,11.1992188,-3.19140625
227,4,4,-4.98144531,-0.5546875,-2.125,-5.1796875,7.68554688,-3.09179688,-4.64355469,-1.36914062,-1.63769531,1.79589844
228,1,1,-1.91894531,10.5361328,-2.25390625,-6.71679688,0.98046875,-4.84960938,-1.609375,0.733398438,-1.234375,-2.69726562
229,7,7,-3.04394531,-0.493164062,1.29394531,1.44921875,-4.26953125,-3.125,-12.7177734,9.36523438,-2.51464844,0.810546875
230,3,3,-6.03125,-2.77539062,-2.18261719,9.41113281,-5.11523438,4.07519531,-9.02246094,-6.0859375,-3.22558594,0.12109375
231,3,3,-5.3828125,-2.0859375,-1.46679688,9.85742188,-6.69433594,0.19140625,-13.4404297,-3.45996094,1.30957031,1.89550781
232,8,8,-4.71777344,-7.95996094,-0.3203125,-3.24902344,-6.62109375,6.67773438,3.72070312,-11.8076172,11.0859375,-2.92871094
233,8,8,-4.72167969,-7.78417969,-0.650390625,3.22070312,-6.04394531,-2.70214844,-14.4599609,3.47070312,7.6484375,3.47558594
234,7,7,-3.55664062,1.55664062,2.44921875,1.82714844,-4.85644531,-5.47265625,-14.3046875,10.1660156,-2.34472656,-0.9453125
235,9,9,-2.56835938,-8.96777344,-1.1015625,-1.17480469,-0.749023438,-2.11425781,-10.9892578,4.42675781,-0.360351562,7.63769531
236,2,2,-1.61523438,2.26757812,14.046875,0.546875,-9.22070312,-8.61230469,-11.1757812,4.94238281,-1.54101562,-7.84570312
237,2,2,-4.42675781,2.21289062,10.5849609,-1.81054688,-0.27734375,-7.67578125,-6.33496094,1.73632812,-1.83691406,-9.13183594
238,4,4,-7.45410156,-5.34765625,-5.84375,-9.51269531,13.3935547,-5.05761719,-6.69726562,-1.44238281,-2.0078125,4.41210938
239,1,1,-4.12890625,9.85546875,-2.23144531,-4.41113281,1.66308594,-4.53613281,-4.69140625,0.668945312,-2.24609375,-0.838867188
240,5,5,-9.58496094,-11.1708984,-6.13964844,5.38378906,-7.28320312,14.6816406,-0.603515625,-19.8710938,5.375,3.76855469
241,9,9,-3.41308594,-12.9921875,-2.80273438,1.24023438,-3.35351562,2.93847656,-8.65527344,-7.484375,6.28222656,8.875
242,8,8,1.34765625,-7.35644531,0.017578125,-7.40136719,-0.708007812,-4.01074219,-1.10253906,-5.2109375,9.48242188,2.63964844
243,7,7,-7.32226562,-3.02441406,2.71972656,3.88378906,-1.22753906,-5.66015625,-17.3398438,9.91699219,-1.71972656,-1.62109375
244,2,2,-3.31738281,1.06347656,9.44824219,0.174804688,-4.32421875,-6.58398438,-8.64550781,5.31347656,-0.348632812,-6.87890625
245,3,3,-2.34082031,-2.54492188,1.52441406,5.63183594,-4.43261719,1.45117188,-3.77734375,-2.45117188,-2.9765625,-5.63867188
246,0,0,13.0087891,-10.5751953,0.69921875,-5.99511719,-10.2099609,-1.39941406,2.55175781,-5.57910156,-2.11914062,0.307617188
247,4,2,-2.46582031,-0.572265625,5.421875,-6.75878906,4.10253906,-5.90917969,0.439453125,-2.51074219,-0.5546875,-9.078125
248,4,4,-5.11328125,-7.18652344,-5.61621094,-11.2802734,13.1523438,-7.81835938,-4.4296875,-2.3828125,-0.65234375,4.55957031
249,2,2,-1.05859375,1.18066406,9.77148438,1.59277344,-7.22558594,-6.85351562,-7.03808594,1.48925781,-0.0029296875,-7.60058594
250,4,4,-10.4638672,-4.63574219,-7.4921875,-4.11816406,12.1191406,-4.88378906,-12.6513672,-4.27832031,1.40820312,7.22949219
251,1,1,-3.30175781,7.04199219,-1.49902344,-3.82226562,0.095703125,-1.28710938,-1.66015625,-1.83300781,-0.516601562,-1.86230469
252,9,9,-6.50683594,-9.77539062,-4.96582031,-1.48046875,3.64355469,-0.919921875,-13.7412109,-0.935546875,0.407226562,13.0742188
253,5,5,-6.87304688,-7.12402344,-5.32910156,4.51953125,-5.41992188,11.4960938,-2.6953125,-12.2529297,1.22460938,3.30664062
254,7,7,-3.15625,-1.69335938,0.709960938,1.88476562,-5.1171875,-2.88476562,-14.3857422,11.1240234,-2.953125,0.975585938
255,7,7,-3.68457031,1.11816406,2.80078125,1.69921875,-5.765625,-4.44238281,-13.8300781,9.74511719,-2.30371094,-0.12109375
256,2,2,-1.21484375,3.2265625,10.9335938,1.88378906,-9.1171875,-8.56347656,-10.3144531,3.95703125,0.125,-9.15917969
257,8,8,-2.3203125,0.981445312,0.629882812,-0.5546875,-3.75488281,-2.86035156,-0.634765625,-5.50195312,5.1640625,-5.99121094
258,2,2,-0.748046875,-6.53710938,11.1230469,-1.09179688,-3.67773438,-10.3164062,-10.8222656,3.2890625,-0.619140625,-2.14941406
259,6,6,7.26074219,-7.61328125,-1.34179688,-3.92773438,-6.47070312,2.12207031,7.51367188,-6.11816406,-1.46484375,-5.18359375
260,8,8,-2.61035156,-6.890625,2.22167969,0.719726562,-6.41601562,0.978515625,-5.6328125,-4.66699219,9.85253906,-0.220703125
261,5,5,-3.10351562,-2.21972656,-5.78613281,2.42089844,-8.30957031,9.65722656,-4.28222656,-4.48339844,-0.0283203125,0.14453125
262,7,7,-4.59179688,-1.03320312,-1.65332031,1.4296875,-2.52539062,-2.42285156,-14.4228516,11.5996094,-4.10351562,1.05859375
263,7,7,-4.43945312,0.546875,0.973632812,1.11328125,-3.59960938,-4.67871094,-15.1933594,11.0214844,-3.04785156,0.950195312
264,9,9,-9.08496094,-0.221679688,-2.63574219,0.357421875,2.03027344,-2.5234375,-11.6787109,-1.50292969,1.86328125,5.625
265,1,1,-4.23046875,11.1240234,-0.14453125,-4.17773438,0.09765625,-6.63085938,-5.32128906,0.668945312,-0.934570312,-3.15332031
266,8,8,1.07226562,-6.48046875,-1.27539062,-1.29589844,-3.48242188,-0.421875,2.78222656,-9.359375,6.26757812,-3.94433594
267,1,1,-4.79882812,10.96875,-2.77441406,-5.20507812,2.72851562,-6.80078125,-5.00488281,0.400390625,-1.89746094,-1.16699219
268,8,8,-1.87304688,-12.5400391,3.12011719,-0.393554688,-5.50195312,2.24609375,-4.53320312,-8.51269531,10.4423828,0.454101562
269,0,0,7.76855469,-8.25292969,0.631835938,-3.96386719,-6.67089844,-1.78222656,0.100585938,0.467773438,-2.54003906,-0.340820312
270,3,3,-9.94335938,-1.98242188,-2.88183594,13.1914062,-7.37597656,3.44238281,-13.4335938,-7.84570312,1.14160156,-0.7421875
271,0,0,9.91796875,-8.31347656,0.861328125,-5.45507812,-4.8046875,-5.43066406,1.08300781,-2.80273438,-1.45703125,-0.66796875
272,1,1,-4.0859375,10.0537109,-1.93945312,-4.41113281,1.46191406,-4.46191406,-4.41210938,0.598632812,-2.21386719,-1.17773438
273,9,9,-6.36328125,-11.3378906,-2.296875,0.95703125,-1.20898438,-3.78222656,-16.9042969,2.11914062,4.34570312,12.1630859
274,9,9,-6.7421875,-9.70507812,-3.31738281,2.62207031,-0.799804688,-2.40136719,-16.7890625,3.08203125,0.393554688,11.3427734
275,4,4,-7.71777344,-5.45117188,-6.32421875,-10.0009766,14.1835938,-6.02929688,-7.68554688,-2.25488281,-1.15332031,6.40722656
276,1,1,-2.54101562,11.3251953,-1.84570312,-6.671875,0.859375,-6.44042969,-3.39257812,0.581054688,-0.396484375,-2.12109375
277,8,8,-4.44140625,-5.73144531,0.72265625,0.216796875,-2.27832031,-5.43457031,-8.64941406,-0.623046875,10.6162109,1.44238281
278,2,2,-0.674804688,-3.69628906,10.1904297,-3.68164062,-4.48144531,-10.0625,-5.46191406,2.44042969,2.76660156,-3.84277344
279,1,1,-3.91015625,8.97167969,-1.21191406,-3.51757812,1.23144531,-4.59375,-5.1171875,1.58984375,-2.57519531,-1.08789062
280,2,2,0.100585938,1.8671875,12.6679688,1.60742188,-9.63183594,-8.88476562,-7.53417969,-1.45605469,2.59277344,-12.0390625
281,9,9,-4.51367188,-9.52929688,-4.75878906,-3.55859375,4.06542969,-4.7265625,-10.8007812,-2.50683594,2.53613281,12.953125
282,7,7,-4.19238281,1.796875,2.12304688,2.34960938,-3.88964844,-5.17089844,-13.8398438,8.31640625,-2.5859375,-0.139648438
283,5,5,-3.29589844,-6.2890625,-6.94628906,1.22949219,-4.64746094,11.3984375,-2.13867188,-6.12988281,0.373046875,1.48632812
284,9,9,-3.47753906,-10.2744141,-2.8125,-3.84472656,2.99609375,-1.50488281,-9.36132812,0.328125,-0.354492188,10.1669922
285,2,2,-2.48828125,0.0166015625,13.0712891,0.215820312,-6.28808594,-6.87304688,-6.34765625,2.33496094,-0.700195312,-9.22167969
286,6,6,-3.49902344,-2.34179688,-1.34960938,-2.91113281,-2.58300781,4.35839844,9.83691406,-11.8212891,0.973632812,-6.04003906
287,4,4,-7.62792969,-8.04882812,-1.28027344,-5.03613281,9.67773438,-1.83203125,-9.61816406,-2.20214844,0.25,2.5859375
288,1,1,-1.30175781,9.20898438,-5.24023438,-8.01855469,1.22851562,-3.09667969,1.44726562,-1.671875,0.114257812,-2.23925781
289,5,5,-8.56933594,-6.04882812,-3.60058594,-0.091796875,-2.43164062,8.69335938,0.58203125,-13.0224609,6.08789062,0.930664062
290,8,8,-9.71191406,-5.72363281,-6.70996094,-3.14648438,4.18261719,3.70117188,-3.38574219,-9.07714844,7.82421875,3.24609375
291,2,2,-2.07910156,5.84375,13.5175781,1.73242188,-11.7080078,-6.15332031,-9.23046875,-1.90234375,1.99414062,-13.8027344
292,9,9,-1.8359375,-9.49511719,-2.06054688,-3.39453125,2.44433594,-3.00097656,-8.39257812,0.913085938,-1.6875,8.55175781
293,2,2,-3.00878906,0.293945312,14.375,0.654296875,-4.83203125,-10.2773438,-11.2587891,2.34082031,-0.638671875,-7.71484375
294,0,0,8.87890625,-4.52929688,3.11230469,-4.49121094,-8.89257812,-2.28613281,-1.15625,-1.68945312,0.8046875,-4.12207031
295,4,4,-10.6630859,-4.46289062,-6.2578125,-5.79980469,12.8867188,-2.08398438,-12.8066406,0.10546875,-1.76171875,4.77929688
296,0,0,12.1875,-7.09472656,2.53027344,-4.9296875,-8.50390625,-4.38085938,0.120117188,-3.87988281,-2.38769531,-4.06347656
297,0,0,9.81738281,-9.12402344,-0.293945312,-4.37597656,-7.8359375,0.311523438,3.10351562,-3.29003906,-2.87988281,-1.109375
298,2,2,-1.76171875,-2.12890625,10.5175781,3.97070312,-7.96777344,-4.15136719,-6.62109375,-3.5234375,2.81445312,-9.11914062
299,8,8,-4.06054688,-1.55273438,0.141601562,2.48730469,-6.07226562,-1.57519531,-8.00292969,-4.93457031,10.1328125,-2.12207031
300,4,4,-2.71777344,-0.056640625,0.221679688,-4.84960938,5.69628906,-4.59179688,0.359375,-2.40527344,-3.59082031,-4.98339844
301,7,7,-6.70605469,-2.77148438,6.25097656,3.65234375,-3.03320312,-9.14160156,-19.6386719,12.2441406,-0.676757812,-3.55175781
302,1,1,-4.78515625,9.34082031,-0.984375,-3.61621094,0.735351562,-4.41503906,-3.44726562,-0.840820312,-0.981445312,-1.98339844
303,2,2,-1.56640625,-4.72265625,6.28515625,-0.440429688,-3.86425781,-4.2421875,-4.20019531,2.00683594,1.13671875,-1.49414062
304,4,4,-9.54394531,-2.24902344,-7.44433594,-5.51660156,9.91601562,-3.48339844,-8.13867188,-0.885742188,1.68066406,3.98632812
305,0,0,9.72558594,-6.03125,1.125,-6.33398438,-9.92773438,1.19824219,2.57714844,-4.66699219,-0.322265625,-1.25
306,2,2,-0.450195312,2.09960938,12.5654297,1.04394531,-9.11035156,-8.29980469,-9.03222656,2.42871094,0.796875,-8.75683594
307,7,7,-7.34375,-2.47265625,1.78613281,3.79589844,-1.421875,-7.63867188,-19.5986328,10.4169922,-1.36230469,1.21191406
308,4,4,-8.04980469,-1.08007812,-7.84277344,-9.65234375,12.7207031,-6.76171875,-5.83984375,-0.563476562,3.21191406,1.39746094
309,3,3,-7.66601562,-1.59960938,-0.731445312,9.85644531,-5.28613281,1.7734375,-7.31933594,-7.68164062,0.387695312,-3.10742188
310,3,3,-6.125,-4.43164062,-0.0771484375,11.5898438,-7.70214844,0.532226562,-11.6503906,-5.43847656,2.95214844,0.138671875
311,0,0,11.1572266,-10.5986328,1.09765625,-5.65234375,-6.30566406,-5.12890625,1.37011719,-2.703125,-0.82421875,-1.45703125
312,0,0,9.89160156,-7.91699219,-0.49609375,-8.76464844,-3.046875,-7.29882812,1.04785156,-1.79199219,0.724609375,1.22558594
313,3,3,-9.03515625,-4.17871094,-1.43847656,9.67480469,-4.41503906,4.68554688,-5.80566406,-10.7714844,0.767578125,-4.57617188
314,1,1,-5.38574219,11.0332031,-2.79101562,-5.16210938,1.97753906,-4.43652344,-4.06542969,-0.940429688,-1.36132812,-1.22265625
315,9,9,-3.35253906,-13.640625,-2.0625,0.12109375,-2.98632812,-0.870117188,-13.6396484,1.25,3.265625,11.2783203
316,6,6,0.57421875,-5.48632812,-5.00195312,-4.21289062,-2.49121094,3.79199219,12.1298828,-13.2529297,0.741210938,-3.04980469
317,5,5,-7.28320312,-5.88476562,-5.33300781,1.29785156,-2.796875,9.89355469,-6.2109375,-2.90527344,0.416992188,1.23828125
318,2,2,4.06054688,-10.6455078,9.17578125,4.21582031,-10.1328125,-4.80957031,-6.99707031,-4.35449219,4.68945312,-4.72460938
319,5,5,-5.42285156,-10.6640625,-3.64355469,-1.27929688,-5.47949219,12.7441406,4.90234375,-16.5029297,5.07128906,0.6015625
320,9,1,-4.29492188,3.79785156,-0.895507812,-1.58398438,-2.74316406,-3.81445312,-10.1982422,3.5859375,1.30859375,1.95605469
321,2,7,-2.07226562,1.33691406,5.56347656,1.22363281,-7.30566406,-7.39257812,-13.5664062,8.3984375,1.078125,-2.265625
322,9,9,-8.27246094,-7.20019531,-7.27539062,0.120117188,4.21777344,-0.11328125,-16.2148438,0.84375,-0.547851562,11.4121094
323,3,3,-5.61035156,-3.27539062,-0.885742188,12.7773438,-9.95117188,0.41796875,-15.1611328,-3.06542969,2.17578125,-0.15234375
324,0,0,5.04199219,-4.53027344,-1.15722656,-3.90527344,-4.83496094,1.1015625,2.47753906,-2.64941406,1.03808594,-1.296875
325,4,4,-3.50195312,-1.55761719,-3.421875,-7.30761719,8.05761719,-6.99121094,-1.6953125,-2.62304688,0.438476562,2.078125
326,2,2,-5.67675781,6.21484375,9.31640625,-4.37304688,0.0107421875,-2.7734375,-0.5703125,-3.98046875,-3.06347656,-13.6728516
327,0,0,10.7714844,-6.44238281,-1.06640625,-9.4765625,-2.64550781,-7.39746094,1.88476562,-3.29003906,-0.0791015625,0.211914062
328,7,7,-4.53125,-0.874023438,2.74707031,1.99023438,-3.93359375,-5.37304688,-14.2841797,9.54003906,-0.590820312,-0.73046875
329,1,1,-4.10449219,10.609375,-2.58203125,-4.86621094,2.03808594,-6.35253906,-4.359375,0.743164062,-1.70117188,-1.60742188
330,1,1,-4.36230469,9.89453125,-3.01660156,-5.04882812,2.38476562,-5.03613281,-4.25195312,0.658203125,-2.23535156,-0.46875
331,2,2,-0.310546875,3.46191406,11.1025391,0.064453125,-7.75976562,-9.359375,-7.95605469,1.97167969,2.015625,-9.02929688
332,1,1,-3.75488281,10.1376953,-2.75878906,-5.24511719,1.8984375,-5.90429688,-3.98242188,1.13085938,-1.84863281,-0.907226562
333,5,5,-7.046875,-9.27148438,-6.11914062,1.05273438,-6.23046875,13.6347656,-1.42382812,-12.3623047,5.72460938,2.99804688
334,3,3,-6.41015625,-3.96875,-1.78710938,11.7685547,-6.80175781,0.73828125,-14.2294922,-4.03808594,1.34667969,2.23242188
335,3,3,-4.88574219,-3.82226562,1.8984375,9.5703125,-8.30859375,-1.34277344,-9.375,-5.56738281,4.82128906,-1.07226562
336,9,9,-8.8203125,-10.2597656,-2.94628906,-2.00585938,5.96289062,-3.63964844,-15.9785156,-2.08105469,2.03515625,11.7919922
337,7,7,-1.85742188,-4.9296875,1.71875,2.72265625,-7.06933594,-0.9453125,-12.3544922,8.27636719,-1.79492188,1.76660156
338,8,8,-2.515625,-5.52441406,4.12109375,0.10546875,-6.29980469,-0.225585938,-4.61132812,-7.86425781,11.7128906,-6.55078125
339,6,6,-1.75390625,-6.46386719,-1.28613281,-5.11230469,-1.59765625,3.86230469,10.3505859,-11.9736328,1.98632812,-3.40429688
340,5,5,-8.20605469,-3.14355469,-3.5859375,5.83007812,-2.31542969,6.03808594,-2.0625,-13.359375,-2.80761719,-1.45410156
341,6,6,-0.228515625,-3.59082031,-1.76171875,-1.7109375,0.0703125,0.013671875,4.95605469,-4.94726562,-0.197265625,-1.3046875
342,1,1,-3.36425781,10.5693359,-3.06054688,-5.60449219,1.46386719,-4.91796875,-3.61230469,0.12890625,-1.16503906,-1.00585938
343,3,3,-6.07714844,-3.15332031,0.133789062,11.9375,-8.53222656,2.09277344,-9.92675781,-8.13085938,1.59472656,-4.08007812
344,8,8,-7.70410156,-3.78515625,-3.13085938,0.416015625,-1.22167969,2.79199219,-0.120117188,-10.3330078,9.60253906,-3.35351562
345,1,1,-4.72167969,10.4296875,-3.7734375,-4.640625,2.37207031,-6.99902344,-7.44824219,2.04003906,-1.81054688,0.372070312
346,0,0,9.17089844,-4.515625,0.315429688,-5.72363281,-6.22070312,-5.29785156,-2.78710938,0.939453125,0.907226562,-0.247070312
347,5,5,-7.18945312,-9.05566406,-7.06835938,2.44335938,-4.80761719,12.1416016,-0.833007812,-15.2148438,6.72949219,2.17675781
348,1,1,-2.11816406,9.2578125,-2.90234375,-7.09179688,0.938476562,-4.35644531,0.147460938,-1.16699219,0.119140625,-2.53417969
349,3,3,-5.47070312,-5.37597656,0.0576171875,7.85742188,-6.97949219,-2.88671875,-16.6835938,4.39453125,1.54394531,4.8671875
350,1,1,-8.24511719,8.78515625,-1.078125,-1.7421875,2.23535156,-5.08691406,-9.515625,0.750976562,-2.19238281,-1.29296875
351,5,5,-5.76269531,-14.0107422,-6.71484375,1.44921875,-9.5390625,17.8662109,1.19628906,-17.0419922,5.08300781,3.89746094
352,5,5,1.79785156,-7.07617188,-4.20898438,1.90429688,-10.0830078,9.84863281,0.04296875,-7.61132812,-0.533203125,-2.36523438
353,6,6,2.35058594,-9.15527344,-2.76855469,-5.9140625,1.3125,-2.54492188,10.6855469,-10.5,-0.294921875,-1.80273438
354,1,1,-2.69042969,9.95898438,-2.47460938,-6.08300781,2.86230469,-7.17285156,-3.33300781,2.0625,-0.03515625,-4.359375
355,8,8,-0.501953125,-3.97558594,-3.02148438,-3.96386719,-4.20117188,2.26855469,1.56152344,-8.32714844,9.30273438,0.194335938
356,5,5,-7.23632812,-11.4941406,-8.75292969,3.60058594,-7.43066406,17.2998047,-1.77929688,-15.5859375,1.59472656,4.51464844
357,1,1,-2.62988281,6.80761719,-0.950195312,-2.59765625,0.18359375,-2.60058594,-3.296875,1.02832031,-1.91308594,-1.00097656
358,7,7,-7.28515625,3.47949219,-3.26855469,0.23828125,2.39648438,-3.3046875,-13.1328125,6.51171875,-4.37695312,0.0908203125
359,9,9,-8.51464844,-5.74511719,-4.10449219,-3.14746094,6.77929688,-5.86425781,-14.1621094,-0.211914062,4.01757812,7.91015625
360,4,4,-9.109375,-8.16699219,-0.9921875,-6.13378906,10.8710938,-2.06738281,-9.91601562,-2.36230469,1.53515625,1.74707031
361,6,6,0.35546875,-9.28515625,-3.93945312,-4.2421875,-0.377929688,1.19726562,12.8828125,-12.9423828,-0.01953125,-3.47558594
362,2,2,0.99609375,-1.50488281,9.5234375,-0.838867188,-9,-9.16601562,-11.5732422,6.51855469,0.342773438,-2.16796875
363,2,2,-2.67871094,5.14648438,9.40136719,-0.756835938,-5.48046875,-4.31347656,-3.35058594,0.252929688,-2.40136719,-10.9423828
364,5,5,-6.38085938,-11.8994141,-7.69335938,2.77148438,-7.20117188,16.0136719,-3.23144531,-12.3769531,3.26269531,4.02636719
365,0,0,8.57421875,-4.02636719,-0.86328125,-6.57714844,-4.17578125,-4.52636719,0.889648438,-2.16113281,0.669921875,0.665039062
366,6,6,2.32324219,-6.11425781,-1.89160156,-2.81835938,0.31640625,-1.52636719,6.0546875,-5.43554688,-1.83984375,-2.32421875
367,5,5,-6.15722656,-7.40136719,-0.580078125,3.34472656,-6.08398438,9.96679688,-0.946289062,-10.9277344,2.3203125,-1.29296875
368,6,6,-1.24121094,-5.29492188,-1.046875,-2.1640625,-2.85058594,2.6015625,9.89257812,-11.4902344,1.66015625,-5.54492188
369,3,3,-4.93554688,-4.5703125,-1.0703125,9.88867188,-6.08105469,-0.20703125,-15.5380859,-0.421875,0.502929688,2.68945312
370,7,7,-4.44140625,0.599609375,1.02832031,2.80175781,-3.91113281,-5.20507812,-16.65625,11.4726562,-3.79199219,0.15625
371,2,2,-1.4609375,2.43066406,12.9345703,0.0712890625,-7.3046875,-8.5234375,-7.87402344,3.68652344,-2.79492188,-13.1162109
372,0,0,9.07714844,-7.94433594,0.647460938,-3.85839844,-8.15136719,-0.98046875,1.22167969,-2.26171875,-1.11425781,-0.8125
373,8,8,-3.99609375,-4.66503906,2.71386719,1.30664062,-5.11425781,-3.21875,-6.92382812,-3.59667969,10.0878906,-0.561523438
374,8,8,-3.79199219,-7.52734375,2.41308594,0.577148438,-2.41796875,-3.51464844,-6.73632812,-5.25488281,10.546875,0.797851562
375,5,5,-5.88476562,-10.9960938,-7.17382812,-0.427734375,-5.9765625,17.0351562,2.79882812,-16.1884766,4.09570312,2.125
376,4,4,-9.09082031,-2.95898438,-5.59277344,-2.82324219,10.0488281,-3.51660156,-12.6035156,-0.818359375,-1.93359375,5.91210938
377,1,1,-2.98925781,9.11914062,-1.86621094,-4.69628906,0.856445312,-4.75976562,-4.10253906,1.34667969,-1.46875,-0.713867188
378,1,1,-3.71484375,9.52246094,-2.484375,-4.36621094,1.59960938,-5.12890625,-3.66503906,0.387695312,-1.24414062,-1.09472656
379,4,4,-7.24316406,-4.04980469,-5.16210938,-10.4931641,14.3203125,-5.50878906,-9.64257812,-1.25292969,-1.03808594,4.9921875
380,0,0,8.54394531,-6.70605469,-0.627929688,-5.45507812,-5.55371094,0.168945312,3.98828125,-6.1328125,-1.48730469,-0.192382812
381,3,3,-2.82421875,-2.625,3.36328125,6.671875,-7.57226562,-1.14257812,-9.06152344,1.53125,-0.572265625,-2.24316406
382,3,3,-7.7734375,-4.22851562,-0.940429688,13.9462891,-8.00878906,0.275390625,-15.1552734,-5.09570312,2.15136719,-0.994140625
383,7,7,-3.14648438,-0.458984375,0.836914062,1.07519531,-4.11621094,-3.05371094,-12.3662109,10.3388672,-2.81445312,0.0869140625
384,6,6,0.877929688,-8.61523438,-3.09375,-3.85351562,-0.958984375,0.97265625,12.6005859,-12.3876953,-1.79882812,-1.96386719
385,1,1,-2.34082031,8.70410156,-2.06640625,-4.81347656,0.911132812,-4.203125,-1.74414062,0.072265625,-0.920898438,-1.80761719
386,6,6,1.84082031,-7.25878906,-3.57226562,-2.17871094,-3.13183594,4.06542969,9.17578125,-10.7216797,-0.393554688,-3.01464844
387,2,2,-3.98144531,1.93359375,9.02832031,-0.0634765625,-4.00683594,-4.3828125,-6.11230469,1.81542969,-3.16601562,-4.6328125
388,1,1,-1.75488281,10.5029297,-3.26367188,-6.47363281,1.8359375,-5.24414062,-1.921875,1.828125,-0.91015625,-4.34667969
389,9,9,-7.84277344,-4.5078125,-6.20019531,-0.720703125,1.71972656,-1.34082031,-14.4072266,4.42773438,0.454101562,8.84277344
390,2,2,1.34570312,-8.6640625,10.3828125,1.01171875,-7.39648438,-7.09375,-10.4628906,3.234375,-0.383789062,-2.65625
391,8,8,0.455078125,-7.421875,3.3046875,-2.93457031,-3.65429688,-3.16113281,-3.55859375,-2.56054688,7.86425781,-1
392,6,6,-0.524414062,-6.82617188,-2.97363281,-5.25097656,1.96777344,-0.24609375,10.5498047,-11.0859375,-1.25488281,-2.74414062
393,1,1,-3.50292969,9.69824219,-2.02148438,-5.09375,1.39648438,-5.4609375,-4.92675781,1.75195312,-2.02148438,-0.61328125
394,9,9,-2.12207031,-5.6015625,-2.11816406,-4.10742188,1.52539062,-3.96777344,-8.80664062,3.61621094,0.15234375,7.86914062
395,5,5,-6.0390625,-12.2216797,-5.19726562,4.546875,-10.1630859,15.4746094,-0.442382812,-17.1962891,4.9375,2.72070312
396,2,2,-1.73632812,-1.46582031,13.0712891,-1.12207031,-2.16699219,-11.4140625,-9.5390625,4.68554688,0.543945312,-10.6298828
397,5,5,-7.87792969,-8.90332031,-4.52050781,4.3671875,-6.9609375,12.9316406,0.262695312,-16.2158203,4.80859375,0.786132812
398,4,4,-7.37207031,-5.49707031,-4.71191406,-10.0439453,13.0644531,-2.15917969,-7.55664062,-1.21289062,-0.25390625,3.56445312
399,4,4,-4.921875,-6.64355469,-1.44824219,-9.92382812,12.8691406,-7.59667969,-5.72851562,-2.08398438,-3.8671875,1.95507812
400,2,2,0.794921875,-4.92480469,7.20703125,-1.2578125,-2.88574219,-6.18652344,-7.81542969,0.056640625,1.61523438,-1.70605469
401,8,8,-5.20703125,-1.51269531,2.76074219,3.42578125,-5.29492188,-4.09667969,-9.53515625,-2.65722656,9.16113281,-3.36523438
402,3,3,-7.63476562,-4.91113281,1.8046875,12.1826172,-5.69238281,0.75390625,-14.1943359,-6.62402344,1.33300781,-1.35253906
403,8,8,-3.56347656,-6.73632812,-0.892578125,-1.24511719,-1.46777344,0.231445312,-6.29199219,-0.502929688,5.47753906,3.55078125
404,2,2,-1.16601562,0.317382812,7.75097656,0.7578125,-6.30371094,-6.16601562,-8.38183594,4.22851562,0.0791015625,-4.61035156
405,4,4,-9.4140625,-10.6113281,-3.6796875,-4.37890625,10.3212891,0.153320312,-9.88769531,-7.03417969,-0.245117188,6.92480469
406,5,5,0.4375,-11.8056641,-4.89453125,-2.24902344,-5.546875,8.58691406,5.08789062,-12.4931641,3.90722656,1.77636719
407,0,0,11.5507812,-8.02832031,2.08300781,-3.95996094,-8.82128906,-3.77539062,0.0498046875,-3.52734375,-0.412109375,-3.43359375
408,3,3,-3.95410156,-4.96972656,1.47167969,8.95410156,-8.89453125,2.03515625,-4.02929688,-9.90332031,1.84863281,-4.05078125
409,1,1,-4.69726562,8.84570312,-4.11328125,-4.71191406,1.01269531,-2.640625,-2.45410156,-1.3828125,-0.499023438,-0.0771484375
410,7,7,-4.74023438,-1.93945312,-2.35449219,1.01855469,-1.75585938,-2.04492188,-14.1787109,11.6113281,-4.10546875,1.80566406
411,7,7,-3.34960938,2.29589844,1.33398438,-0.467773438,-3.55273438,-5.26757812,-12.3173828,8.59472656,-0.893554688,0.528320312
412,5,5,-7.63671875,-8.62011719,-9.31738281,8.91894531,-7.04492188,10.2255859,-11.9814453,-8.79980469,2.59472656,5.33105469
413,7,7,-2.4375,-5.67285156,-0.0751953125,1.22753906,-5.96289062,-1.56640625,-15.2148438,13.1611328,-2.43554688,1.90234375
414,9,9,-6.22265625,-4.65625,-2.93164062,-0.716796875,2.97851562,-2.66015625,-10.9208984,-0.280273438,0.0673828125,8.49023438
415,7,7,-2.99902344,-3.10253906,-1.13671875,-2.16894531,-0.631835938,-1.34667969,-10.4560547,10.3671875,-3.75292969,1.9765625
416,1,1,-2.7890625,10.6689453,-1.79394531,-6.75585938,0.93359375,-5.72949219,-1.26855469,-0.854492188,-0.432617188,-2.91210938
417,9,9,-6.984375,-5.39355469,-5.55273438,-0.853515625,3.05371094,-2.43652344,-14.9101562,4.37109375,0.442382812,8.22753906
418,2,2,-1.96191406,-2.81835938,12.9882812,0.03515625,-3.72949219,-10.0683594,-9.98632812,4.74511719,1.20703125,-9.2109375
419,1,1,-3.87792969,8.94921875,-1.38769531,-3.51953125,1.265625,-4.11816406,-4.50878906,0.963867188,-2.32226562,-1.21777344
420,4,4,-3.26757812,-2.96679688,-0.029296875,-5.86328125,5.109375,-4.734375,-4.45996094,1.60546875,1.13671875,2.29199219
421,2,2,1.62109375,-1.87695312,5.20410156,0.874023438,-8.12695312,-0.57421875,-4.68945312,-1.45410156,-1.25878906,-2.21289062
422,9,9,-8.92773438,-8.27539062,-5.22753906,-0.103515625,3.42773438,-2.40820312,-17.0566406,1.78515625,2.68457031,11.4267578
423,2,2,-1.90820312,1.31445312,13.7167969,0.705078125,-7.71582031,-8.7109375,-11.5615234,5.24121094,-3.38183594,-7.84667969
424,0,0,10.0820312,-6.67871094,0.458984375,-6.56738281,-5.921875,-3.04785156,1.6640625,-3.1640625,-0.897460938,-0.966796875
425,4,4,-4.46679688,-5.9609375,-2.61425781,-9.86816406,9.66894531,-4.80957031,1.37304688,-2.90820312,0.642578125,-2.56835938
426,9,9,-6.68261719,-5.17382812,-5.74023438,-0.916992188,3.49609375,-1.74707031,-12.4443359,0.196289062,0.614257812,10.3955078
427,1,1,-3.87890625,8.9296875,-2.06738281,-3.97753906,1.28808594,-3.77832031,-4.30664062,0.359375,-1.88574219,-0.5234375
428,4,4,-5.79589844,-2.82324219,-1.44433594,-7.20996094,10.7304688,-7.41210938,-4.015625,-2.578125,-0.553710938,-1.83203125
429,8,8,-6.22558594,-4.12988281,0.0029296875,-0.900390625,-2.04882812,-2.33203125,-4.65332031,-3.97851562,11.4257812,-0.240234375
430,1,1,-1.62304688,9.44140625,-1.83300781,-7.12304688,0.35546875,-4.50390625,0.294921875,-0.952148438,-0.17578125,-3.32714844
431,8,8,-3.79980469,-5.55273438,3.74414062,0.435546875,-3.81152344,-2.35742188,-5.55078125,-3.06933594,8.13671875,-0.3828125
432,4,4,-8.10546875,-3.453125,-2.44628906,-2.21386719,5.94140625,1.12207031,-2.56445312,-5.72851562,-1.79199219,-2.85058594
433,5,5,-6.09277344,-6.81152344,-6.75390625,2.00976562,-2.87792969,10.8300781,-3.34277344,-7.72753906,3.53222656,0.25390625
434,9,9,-5.33398438,-7.66796875,-1.9453125,0.658203125,1.71191406,-3.62597656,-14.2597656,1.13769531,0.765625,9.26953125
435,8,8,-5.0703125,-2.37890625,0.619140625,-0.337890625,-3.71484375,-4.56933594,-10.6347656,1.87304688,7.375,3.41308594
436,8,8,-1.42675781,-1.84472656,0.750976562,-3.34277344,-0.381835938,-5.94824219,-5.50390625,-1.93066406,7.38476562,1.38964844
437,3,3,-9.62792969,-4.91503906,-2.21386719,15.6142578,-10.1953125,3.30371094,-14.9912109,-9.0703125,5.00488281,-3.05175781
438,7,7,-0.462890625,-4.69921875,1.33203125,-0.798828125,-5.77734375,-2.09375,-11.125,10.3876953,-1.68554688,1.86328125
439,6,6,-0.185546875,-6.140625,-4.29394531,-2.71679688,-2.87402344,4.54492188,10.0410156,-12.3310547,1.39453125,-2.16796875
440,0,0,12.8261719,-10.484375,1.77636719,-5.23242188,-10.1113281,-3.95996094,0.676757812,-2.04394531,-1.14550781,-3.25976562
441,0,0,9.19921875,-5.65820312,-1.3125,-7.92382812,-1.61523438,-5.98828125,4.14941406,-5.06445312,-0.765625,-2.29003906
442,3,3,-7.84863281,-4.14746094,-2.04199219,13.4589844,-7.27148438,1.39453125,-14.7539062,-4.23828125,0.0380859375,-0.38671875
443,0,0,4.74902344,-1.25585938,0.172851562,-3.73144531,-3.42285156,-2.69824219,-0.787109375,-0.146484375,0.188476562,-0.220703125
444,2,2,-3.2265625,-3.2578125,9.25878906,4.56152344,-10.3505859,-6.04296875,-13.5449219,3.66601562,5.10742188,-3.05273438
445,6,6,4.91699219,-10.0625,-1.72265625,-2.57714844,-2.26855469,1.28417969,5.37207031,-5.89746094,-2.46289062,-0.522460938
446,6,6,0.686523438,-10.8242188,-1.71777344,-0.9140625,-6.16015625,4.22460938,10.7421875,-16.2558594,3.07910156,-3.54296875
447,4,4,-2.54003906,-4.00390625,-3.51660156,-4.22753906,5.89453125,-4.53515625,-5.43457031,-2.24121094,-0.125976562,1.49804688
448,9,9,-3.84667969,-10.6611328,-3.93554688,3.59960938,-2.39648438,0.671875,-12.1855469,-7.94140625,5.54492188,9.91113281
449,3,5,-7.4765625,-9.84082031,-4.61035156,9.96484375,-8.953125,11.6201172,-6.54980469,-13.6181641,2.90722656,-0.798828125
450,3,3,-10.0644531,-5.01464844,-5.44824219,10.2138672,-4.81542969,6.71191406,-10.6201172,-12.9931641,1.51269531,3.6484375
451,3,3,-6.41015625,-7.62597656,1.63769531,15.0742188,-11.2988281,-3.55664062,-22.8818359,0.622070312,3.90039062,2.453125
452,2,2,-3.04589844,5.05175781,11.1044922,0.0625,-7.49804688,-5.42285156,-5.53515625,-0.321289062,-0.453125,-9.10058594
453,3,3,-3.98925781,-6.08203125,-0.303710938,10.8662109,-8.0078125,1.99121094,-7.43359375,-9.62207031,1.44335938,-1.41699219
454,9,9,-5.14550781,-11.8330078,-2.6484375,-3.05664062,3.32128906,-2.07519531,-13.2226562,1.65625,1.02734375,11.0087891
455,1,1,-2.69921875,9.72851562,-2.36035156,-6.38671875,1.98730469,-6.88476562,-2.30664062,1.30273438,-1.12695312,-2.20507812
456,2,2,-1.55761719,4.17675781,7.71679688,-0.797851562,-6.171875,-4.66113281,-5.73339844,0.62890625,0.9296875,-4.65332031
457,6,6,-0.547851562,-8.05761719,-4.43945312,-2.27050781,-4.61816406,6.28515625,10.3378906,-15.1162109,3.00585938,-3.07226562
458,8,8,-3.46191406,-7.53613281,0.224609375,2.40234375,-4.83203125,-2.16894531,-7.97851562,-4.33691406,10.953125,2.13867188
459,0,0,10.3828125,-8.27050781,0.3046875,-5.12402344,-5.9921875,-2.88183594,1.56347656,-4.65136719,-0.779296875,-0.177734375
460,5,5,-6.41796875,-7.25878906,-9.22265625,0.810546875,-1.66210938,10.3945312,-8.49902344,-3.48242188,1.06933594,5.515625
461,6,6,-0.866210938,-6.40527344,-2.765625,-7.07324219,1.92675781,-0.5859375,12,-9.3046875,0.686523438,-5.55566406
462,6,6,0.749023438,-12.1064453,-1.54394531,-3.53320312,-4.43261719,3.70214844,11.2822266,-13.3261719,2.86035156,-1.99804688
463,6,6,1.26171875,-9.56542969,-3.72949219,-5.03320312,-0.7265625,0.494140625,13.8066406,-13.1357422,-0.924804688,-1.4765625
464,3,3,-5.58496094,-6.84765625,-1.96582031,9.91210938,-9.16503906,-0.0087890625,-18.421875,3.83789062,1.21289062,4.29296875
465,8,8,-5.43847656,-6.7421875,0.979492188,2.97070312,-5.72265625,-2.76660156,-11.8222656,-3.16894531,12.2070312,1.2265625
466,8,8,-2.33300781,-5.68652344,0.901367188,-1.00585938,-2.75097656,-4.41601562,-8.50488281,-5.30371094,11.6972656,2.90527344
467,2,2,-0.787109375,1.75488281,12.640625,0.698242188,-10.4501953,-6.39550781,-9.36816406,3.62304688,-0.713867188,-6.79589844
468,7,7,-6.30078125,-4.45507812,1.98828125,3.33105469,-2.72070312,-8.20117188,-21.2568359,11.6572266,1.13476562,2.05566406
469,5,5,-9.66210938,-12.9257812,-6.70898438,4.50292969,-7.37402344,16.1035156,-4.296875,-15.7265625,7.08496094,3.57324219
470,8,8,-3.48925781,-3.98046875,2.96289062,3.77734375,-6.86132812,-2.08496094,-6.04296875,-6.15820312,10.0283203,-4.78515625
471,9,9,-3.67578125,-4.43066406,-2.99121094,-0.680664062,1.04003906,-1.65234375,-10.2109375,3.57617188,-1.71777344,7.2578125
472,6,6,1.1875,-6.14160156,-3.30371094,-6.45507812,1.71484375,-1.9296875,10.1855469,-6.65917969,-1.32910156,-1.53613281
473,1,1,-3.3515625,6.7421875,-2.01074219,-2.74902344,0.201171875,-1.49902344,-3.16308594,-0.134765625,-1.05078125,-0.4296875
474,8,8,-2.84570312,-9.08007812,0.180664062,1.88867188,-2.78320312,-3.56347656,-9.33398438,-8.22851562,13.1230469,1.86328125
475,4,4,-8.24121094,-11.0400391,-4.98242188,-7.53808594,12.0234375,-1.859375,-8.82910156,-5.24804688,0.59375,7.68164062
476,1,1,-2.84472656,10.1835938,-1.01269531,-5.16601562,0.0361328125,-5.97753906,-4.21679688,0.5234375,-0.344726562,-1.78808594
477,2,2,-3.72851562,4.26171875,11.9423828,1.77734375,-6.95214844,-6.72460938,-9.44824219,0.479492188,-0.333984375,-9.65917969
478,5,5,-5.46875,-7.05957031,0.001953125,4.12890625,-5.44824219,7.90625,0.641601562,-11.0126953,2.63085938,-4.42089844
479,9,9,-4.98242188,-8.25097656,-4.23242188,1.32421875,-1.015625,2.84179688,-7.72753906,-6.03222656,4.45507812,7.53222656
480,1,1,-1.71289062,8.29785156,-3.35644531,-6.51074219,1.58691406,-3.77636719,0.9375,-0.614257812,-0.11328125,-3.79296875
481,9,9,-7.5625,-9.38964844,-5.60839844,-0.814453125,2.23339844,0.1640625,-15.171875,0.61328125,1.73730469,12.4111328
482,7,7,-2.25488281,-3.90332031,-0.435546875,2.18261719,-6.39648438,-0.33984375,-14.1992188,12.1494141,-3.78710938,0.665039062
483,5,5,0.315429688,-5.03222656,-3.14355469,-1.44726562,-3.671875,6.51660156,-0.810546875,-1.484375,0.37890625,-0.0458984375
484,4,4,-9.57421875,-4.50683594,-6.14453125,-7.59375,12.0009766,-1.98925781,-8.37792969,-1.14648438,0.227539062,4.73339844
485,0,0,8.29492188,-6.06445312,0.706054688,-5.25097656,-4.46679688,-4.02832031,1.30078125,-2.70410156,-0.728515625,-0.469726562
486,8,8,-7.95605469,-4.46875,2.25878906,-0.782226562,1.20410156,-6.60546875,-10.2285156,0.537109375,10.0654297,-0.219726562
487,9,9,-4.4296875,-9.93847656,-5.63964844,-1.33496094,3.33105469,1.45898438,-12.4902344,-0.467773438,-1.27441406,10.4990234
488,9,9,-7.00683594,-5.85546875,-3.98144531,-1.21972656,2.8203125,-4.12792969,-14.53125,4.328125,1.98925781,8.81835938
489,1,1,-2.28515625,8.41210938,-2.55078125,-5.26757812,1.28710938,-4.09765625,-1.30957031,0.446289062,-1.05078125,-1.6328125
490,0,0,4.86035156,-7.37597656,-0.233398438,-5.20800781,0.979492188,-2.97460938,1.66210938,-2.29980469,-3.68066406,-2.01367188
491,5,5,-4.5546875,-11.2226562,-5.37890625,1.01953125,-5.27734375,11.5898438,0.578125,-11.9433594,1.60449219,4.92480469
492,2,2,-1.85839844,-3.40820312,9.19335938,4.35058594,-10.9248047,-0.06640625,-6.54296875,-2.13183594,3.78808594,-7.24609375
493,3,3,-7.16992188,-5.46777344,0.920898438,16.4365234,-11.3955078,-0.819335938,-14.8935547,-8.31738281,4.48632812,-2.06445312
494,7,7,-2.390625,-3.85058594,2.54589844,1.35351562,-6.67871094,-4.59863281,-16.2851562,14.1396484,-2.02050781,-0.467773438
495,8,0,6.25488281,-10.8183594,1.77441406,-3.1640625,-2.76660156,-5.21582031,2.32128906,-10.1054688,4.34570312,-2.13183594
496,9,9,-6.76074219,-7.43164062,-4.19238281,-1.49414062,3.15722656,-1.8046875,-12.0117188,-0.399414062,0.995117188,11.2490234
497,4,4,-8.19140625,2.45507812,-7.17675781,-4.83496094,7.29980469,-3.69628906,-6.90234375,-1.26074219,1.30859375,3.95703125
498,0,0,7.2890625,-4.16503906,-1.02050781,-8.3984375,-2.16015625,-6.87304688,0.622070312,-1.18652344,1.39550781,1.58203125
499,6,6,-0.333984375,-3.09863281,-1.54199219,-4.07519531,-0.735351562,1.03515625,7.15429688,-6.82714844,2.0859375,-3.26074219
500,3,3,-7.57617188,-4.59082031,-2.22265625,15.8388672,-8.87109375,1.02050781,-16.1318359,-6.67675781,0.609375,1.21289062
501,9,9,-4.29394531,-12.7685547,-2.44238281,-0.0810546875,-0.721679688,-3.44921875,-16.4121094,2.24902344,0.16796875,13.8974609
502,5,5,-7.88378906,-4.70996094,-5.71386719,5.65527344,-4.47265625,10.2314453,-4.87988281,-10.2373047,-1.61914062,2.36132812
503,2,2,0.389648438,-2.08886719,16.8818359,-1.37695312,-6.92578125,-14.3212891,-12.4560547,3.78320312,1.71484375,-9.02832031
504,1,1,-3.59863281,8.01660156,-1.90527344,-3.89160156,1.52929688,-4.125,-4.58007812,1.93261719,-2.6171875,-0.30078125
505,3,3,-4.85449219,-7.13476562,3.640625,14.7177734,-12.6171875,-4.29101562,-18.5888672,-2.61425781,5.82910156,1.55566406
506,1,1,-0.903320312,8.91699219,-3.18945312,-6.87890625,0.737304688,-3.42285156,0.396484375,0.135742188,-0.35546875,-3.49511719
507,3,3,-9.10058594,-4.73339844,-0.868164062,9.33105469,-4.98242188,3.28417969,-12.0615234,-7.95800781,4.546875,-0.522460938
508,6,6,0.50390625,-7.171875,-1.0234375,-2.98144531,-6.02636719,5.7109375,10.390625,-12.8857422,3.89550781,-6.96679688
509,5,5,-6.75878906,-7.99804688,-4.6171875,4.69140625,-7.8125,11.8056641,-4.38574219,-11.609375,2.71289062,4.0390625
510,7,7,-4.82910156,-4.57519531,3.1328125,3.31445312,-4.29589844,-7.94140625,-18.5292969,12.1796875,1.51074219,-0.365234375
511,4,4,-6.03320312,4.79882812,-6.59472656,-5.80664062,5.875,-4.69335938,-6.44921875,1.53125,1.21679688,1.97363281
512,2,2,-0.25,1.6171875,12.9023438,1.29980469,-9.51074219,-8.125,-9.125,2.12304688,0.717773438,-7.80273438
513,2,2,-2.12890625,-1.35644531,15.9052734,1.38769531,-5.40625,-11.9628906,-11.359375,1.95214844,-0.513671875,-9.57128906
514,6,6,3.24023438,-6.51367188,-2.99707031,-5.95410156,0.368164062,-2.4609375,10.453125,-7.16113281,-0.479492188,-3.00195312
515,3,3,-5.4375,-3.03125,2.59082031,8.07128906,-5.39550781,-3.87109375,-14.1162109,2.16699219,1.39355469,-0.118164062
516,2,2,-5.12109375,-4.85351562,12.7158203,-3.58203125,3,-6.6640625,-7.22949219,-0.205078125,0.713867188,-10.2998047
517,6,6,1.07226562,-5.9921875,-2.78808594,-5.98925781,1.37011719,-1.99804688,11.3085938,-9.6171875,-0.608398438,-3.38378906
518,5,5,-7.02734375,-9.50195312,-5.88574219,2.47753906,-6.78417969,15.3310547,-0.103515625,-15.3183594,5.19140625,0.747070312
519,4,4,-9.23730469,2.42285156,-8.90332031,-5.39648438,10.1347656,-4.08789062,-8.45605469,0.780273438,-1.26171875,3.41113281
520,8,8,-2.48632812,0.294921875,-1.75195312,-4.1328125,-0.762695312,-2.40429688,-0.811523438,-5.43457031,8.58300781,-0.399414062
521,9,9,-7.765625,-3.23046875,-5.03613281,1.41113281,4.02050781,-2.20214844,-12.9003906,-1.51953125,-0.737304688,8.08007812
522,7,7,-6.57226562,-5.26367188,1.37695312,5.03808594,-1.81738281,-6.171875,-21.0898438,11.2070312,-2.30761719,1.36230469
523,1,1,-4.77246094,8.75097656,-2.24121094,-6.546875,3.44042969,-5.09082031,-4.08398438,1.14648438,2.69824219,-3.90429688
524,3,3,-6.81054688,-0.842773438,1.86035156,7.72851562,-4.28417969,-0.245117188,-7.00488281,-5.28417969,0.795898438,-6.39746094
525,0,0,10.8027344,-7.79296875,0.737304688,-6.59082031,-6.41992188,-3.45214844,1.81835938,-3.61132812,-1.03417969,-0.799804688
526,3,3,-7.70703125,-1.41210938,-1.73632812,11.6054688,-9.34179688,3.26855469,-12.8183594,-7.82714844,1.16601562,0.0478515625
527,8,8,1.7578125,-8.51953125,3.54589844,-1.25390625,-6.41210938,-0.548828125,-2.6796875,-7.89160156,10.5400391,-3.59179688
528,3,3,-5.91308594,-0.318359375,4.8984375,5.91308594,-4.55859375,-3.35449219,-9.39941406,2.05957031,0.920898438,-8.35839844
529,1,1,-3.94335938,10.7685547,-2.57617188,-5.50097656,1.51367188,-5.09277344,-3.70507812,-0.172851562,-1.06738281,-1.44921875
530,9,9,-6.26367188,-5.4921875,-2.6015625,-1.88964844,4.35351562,-3.43457031,-9.57910156,-3.26855469,1.28417969,8.98144531
531,3,3,-3.23535156,-4.81835938,1.34179688,8.35546875,-6.27441406,0.459960938,-3.75390625,-8.1640625,-0.258789062,-3.53125
532,4,4,-1.62988281,-3.82421875,-3.08105469,-5.83691406,7.16015625,-6.01269531,-3.2109375,-1.9453125,-3.3359375,3.55078125
533,4,4,-4.57617188,-6.15820312,-2.68652344,-10.9902344,12.1464844,-6.15234375,-1.41894531,-2.85351562,-2.06738281,-0.399414062
534,6,6,-0.526367188,-5.24023438,-1.34082031,-3.5546875,-1.43261719,0.870117188,12.5097656,-12.5439453,-0.133789062,-7.41308594
535,4,4,-4.58398438,-7.08105469,-3.20214844,-10.2666016,10.7431641,-4.51757812,-4.0859375,-2.00585938,0.28515625,3.48046875
536,2,2,-2.55175781,5.04101562,11.7939453,0.23828125,-8.52636719,-7.1953125,-9.57128906,4.04003906,-0.692382812,-8.65039062
537,1,1,-1.43652344,9.7265625,-1.86132812,-7.4453125,0.498046875,-5.06933594,-0.0791015625,-0.556640625,-0.114257812,-2.71777344
538,8,8,-0.907226562,-1.23535156,-0.680664062,-2.30371094,-3.02050781,-0.232421875,-0.196289062,-5.55175781,7.40039062,-1.98339844
539,2,2,-0.1171875,-4.97363281,13.46875,-0.946289062,-1.65234375,-11.8154297,-10.2890625,2.04589844,1.91015625,-9.61523438
540,5,5,-7.15917969,-12.0390625,-6.19628906,4.0390625,-9.68554688,14.5732422,-3.68066406,-14.3935547,5.60644531,6.02539062
541,4,4,-7.55273438,-6.71679688,-6.34570312,-10.2324219,14.4785156,-6.54980469,-7.8671875,-1.56835938,-1.39257812,5.43652344
542,8,8,-6.31640625,-1.71777344,1.01464844,-0.0087890625,0.177734375,0.202148438,-2.45507812,-4.39550781,3.48339844,-1.62890625
543,8,3,-6.83496094,1.13964844,2.0859375,2.37988281,-0.916992188,-3.59570312,-8.36035156,1.51757812,2.18945312,-2.83886719
544,4,4,-7.94628906,-4.29882812,-3.86230469,-8.51757812,12.5625,-4.91796875,-8.30273438,0.625,1.75488281,1.015625
545,0,0,7.04003906,-3.98535156,-0.166992188,-7.32714844,-3.06347656,-5.69140625,-2.19335938,1.078125,0.66796875,1.18945312
546,0,0,11.3554688,-8.44335938,0.127929688,-5.6328125,-6.5,-3.05371094,2.31152344,-4.63671875,-1.83007812,-1.015625
547,2,2,-1.8046875,-0.2890625,10.5029297,3.40039062,-11.4667969,-4.6484375,-9.42871094,-1.25878906,6.77636719,-8.87890625
548,3,3,-7.33496094,-6.47949219,-0.830078125,10.1865234,-4.25,2.10839844,-14.7167969,-3.86523438,-0.708984375,1.51855469
549,2,2,1.64355469,-5.47070312,10.1914062,-1.40234375,-7.09472656,-7.27246094,-8.34277344,3.16113281,-0.602539062,-2.97460938
550,7,7,-6.16894531,-3.18359375,-0.842773438,2.77832031,-0.86328125,-4.98046875,-15.3447266,8.09179688,-0.529296875,3.22558594
551,7,7,-6.77246094,1.10351562,1.13085938,2.85449219,-2.53710938,-7.07910156,-14.6171875,7.30078125,0.7578125,0.342773438
552,0,0,6.79296875,-8.47460938,-0.817382812,-3.58886719,-3.71679688,-1.9453125,2.59570312,-4.81152344,0.712890625,-0.758789062
553,8,8,-7.07324219,-6.56054688,0.0673828125,-4.73339844,0.541015625,1.1953125,2.30566406,-10.7070312,11.3486328,-3.6484375
554,7,7,-5.39257812,0.599609375,2.37402344,-1.35058594,0.510742188,-5.99511719,-10.7226562,10.1757812,-1.86328125,-4.74414062
555,4,4,-4.1484375,-1.65527344,-4.97949219,-8.41601562,10.1826172,-5.97949219,-4.24804688,-0.0556640625,-1.44433594,2.64550781
556,4,4,-7.85351562,-9.76171875,-2.28417969,-9.72558594,12.7753906,-5.12304688,-5.65039062,-5.39257812,0.887695312,3.87207031
557,7,7,-4.33496094,0.341796875,4.29003906,1.75878906,-6.41308594,-5.11425781,-14.8242188,9.40917969,-0.965820312,-0.239257812
558,9,9,-7.62695312,-6.96777344,-6.97460938,-1.2734375,3.828125,-1.37207031,-15.1757812,1.13964844,1.15429688,12.0849609
559,6,6,0.293945312,-11.0478516,-4.36035156,-10.7412109,5.8828125,-3.08984375,9.80664062,-8.60742188,-0.458007812,0.954101562
560,9,9,-5.60253906,-5.29589844,-4.00390625,-2.66503906,4.7265625,-5.06152344,-11.7871094,1.6875,0.5234375,9.43066406
561,0,0,8.4765625,-9.45019531,-0.0478515625,-2.34570312,-7.61425781,-0.163085938,1.41015625,-2.19824219,-2.96875,0.131835938
562,9,9,-3.22070312,-7.63964844,-1.45507812,-1.875,0.423828125,-3.02246094,-8.08105469,0.766601562,1.13867188,8.77832031
563,8,8,-4.25683594,-4.3671875,1.73925781,0.755859375,-1.65625,-4.32324219,-7.45117188,-4.34667969,9.17382812,1.05859375
564,0,0,9.11230469,-6.84960938,1.7421875,-4.47558594,-7.09277344,-3.09960938,0.481445312,-2.27636719,-0.236328125,-1.41308594
565,4,4,-10.0175781,-1.52148438,-6.86914062,-4.5546875,9.62695312,-4.17675781,-11.0234375,1.70214844,-0.409179688,4.87402344
566,6,6,-0.716796875,-1.87207031,-2.13183594,-4.04296875,1.57910156,0.174804688,7.14160156,-5.81054688,-1.82421875,-3.54199219
567,0,0,7.06347656,-5.203125,3.32519531,-2.7578125,-8.33984375,-2.15234375,-1.89746094,-0.833007812,0.31640625,-1.87695312
568,6,6,-2.05273438,-5.33691406,-1.69433594,-2.94824219,-2.64257812,2.10449219,11.1630859,-13.0849609,2.53808594,-5.45507812
569,3,3,-12.2109375,-1.29785156,2.30273438,6.14453125,0.890625,-1.12304688,-12.5644531,-3.50683594,1.23730469,-5.734375
570,5,5,-3.20410156,-6.48144531,-4.06738281,1.98730469,-10.2724609,12.2939453,-3.36328125,-10.8427734,3.88867188,1.33007812
571,4,4,-5.62402344,-7.88964844,-2.85546875,-3.84082031,7.66601562,-2.07910156,-11.7792969,-0.228515625,-1.70019531,6.91992188
572,8,8,-5.48046875,-7.14648438,-0.85546875,2.11230469,-1.64257812,-3.15527344,-11.2392578,-3.30371094,7.91992188,5.49414062
573,3,3,-6.3671875,-2.48046875,-0.295898438,12.6738281,-7.89648438,0.412109375,-11.3730469,-6.44921875,-0.456054688,-2.78808594
574,3,3,-3.31835938,-3.92089844,0.178710938,10.6992188,-9.09472656,-0.311523438,-13.2255859,-4.21484375,2.59082031,0.157226562
575,9,9,-8.04199219,-8.12304688,-7.39550781,-1.18066406,4.83105469,-0.0166015625,-14.875,-1.24707031,1.31445312,12.2392578
576,3,3,-7.2578125,-4.26074219,-0.65625,15.3125,-12.078125,2.171875,-16.1171875,-4.47265625,2.90722656,-3.41015625
577,3,3,-6.27441406,-4.296875,-1.48730469,11.3720703,-6.92285156,-0.534179688,-15.2597656,0.0498046875,0.825195312,1.31933594
578,3,3,-4.74414062,-4.83203125,3.59082031,7.37011719,-8.12109375,-4.16308594,-14.8398438,4.95800781,3.1328125,-0.087890625
579,7,7,-0.16796875,-1.16992188,-1.41699219,-2.77734375,-2.71484375,-2.71972656,-9.69433594,11.0605469,-2.00097656,0.631835938
580,8,8,-3.47460938,-4.24609375,-0.668945312,0.254882812,-4.97167969,-3.30761719,-10.0136719,-2.46679688,11.5263672,2.02148438
581,0,0,11.5878906,-9.10253906,1.00292969,-5.13476562,-10.109375,-0.799804688,3.59082031,-3.89550781,-2.77636719,-3.00878906
582,8,2,-2.15820312,-0.537109375,7.49414062,2.53320312,-5.04394531,-6.72460938,-6.8515625,-1.75097656,5.45410156,-7.04492188
583,2,7,-4.66894531,-2.07324219,6.3125,3.86035156,-5.15917969,-10.3505859,-15.9677734,7.93554688,3.08691406,-1.83398438
584,1,1,-6.58300781,8.60839844,-2.23535156,-3.54199219,1.97070312,-4.76269531,-7.53808594,1.27050781,-1.53515625,-0.0234375
585,7,7,-3.83007812,-1.6796875,0.114257812,2.05371094,-5.07519531,-2.4921875,-15.8535156,12.5429688,-4.109375,0.836914062
586,0,0,8.70019531,-5.19238281,1.57421875,-4.16210938,-6.44042969,-2.0703125,1.30859375,-3.90234375,-0.880859375,-3.10058594
587,6,6,1.46875,-10.2011719,-2.40917969,-0.782226562,-2.70117188,2.32910156,11.9199219,-13.0224609,-2.04101562,-6.05761719
588,5,5,-2.99414062,-9.99609375,-4.9296875,2.31933594,-6.25195312,10.7539062,-1.62988281,-9.11328125,2.34277344,2.50292969
589,4,4,-9.05078125,-2.07324219,-5.9765625,-5.83886719,10.2197266,-2.38769531,-7.31933594,-1.73046875,0.697265625,3.99023438
590,3,3,-8.59179688,-3.7109375,-0.280273438,16.5107422,-9.74804688,0.0458984375,-17.2421875,-8.890625,3.51171875,-0.940429688
591,8,2,-0.377929688,1.14941406,4.52539062,0.0810546875,-6.01855469,-4.94628906,-3.09667969,-4.00097656,4.49414062,-9.04296875
592,0,0,11.9423828,-8.46875,1.32714844,-6.61035156,-6.72265625,-4.42285156,1.74414062,-4.6953125,-0.698242188,-1.44140625
593,9,9,-7.97753906,-3.79589844,-7.09667969,-1.01367188,3.13378906,-1.91210938,-13.6953125,1.73730469,2.32421875,8.39746094
594,6,6,-1.61035156,-7.07519531,-1.86816406,-3.38867188,-2.00488281,2.04589844,12.6933594,-16.0478516,2.18261719,-6.71972656
595,3,3,-8.48632812,-3.6015625,2.62792969,9.91308594,-4.56542969,0.37109375,-10.7509766,-5.98242188,3.00976562,-5.28222656
596,8,8,-4.85742188,-10.046875,1.06738281,-2.01171875,-3.48339844,-0.8671875,-6.43554688,-3.37304688,11.1337891,4.26464844
597,0,0,5.97949219,-14.1083984,-1.16503906,-3.08300781,-3.43945312,0.413085938,2.19335938,-4.29101562,-3.53222656,2.00585938
598,9,9,-8.70410156,-6.78125,-5.19238281,-1.04980469,3.19921875,-2.66601562,-16.0742188,1.72753906,2.63085938,11.4208984
599,9,9,-8.5,-10.609375,-4.45898438,-0.403320312,1.60449219,-0.561523438,-16.3212891,0.520507812,2.37011719,13.2773438
600,6,6,-0.95703125,-7.08496094,-2.28320312,-4.74804688,0.665039062,0.713867188,10.9257812,-11.6142578,-0.569335938,-2.921875
601,8,8,-0.174804688,-3.80957031,1.703125,-0.918945312,-4.01074219,-6.53417969,-7.33789062,-0.326171875,8.10253906,2.08984375
602,6,6,1.92285156,-10.8105469,-4.28710938,-6.53125,0.903320312,-0.84765625,12.984375,-11.1162109,-0.732421875,-0.216796875
603,8,8,-6.00292969,-8.28320312,-1.41699219,-0.213867188,-3.15917969,2.22363281,-4.42089844,-5.97363281,9.06152344,4.20214844
604,5,5,-7.53808594,-10.6347656,-8.33007812,2.80175781,-5.69824219,16.2548828,-3.46679688,-12.6474609,3.80664062,3.05761719
605,7,7,-6.2421875,-1.74707031,-1.31640625,0.725585938,0.534179688,-6.56933594,-17.1972656,9.63378906,-0.591796875,3.24316406
606,8,8,-4.23535156,-4.00292969,1.58007812,3.40039062,-5.71191406,-0.352539062,-5.81933594,-9.34667969,9.97753906,-3.62304688
607,6,6,0.365234375,-6.75097656,-2.99121094,-3.92578125,0.556640625,-0.369140625,11.3486328,-9.82519531,-1.22851562,-5.02246094
608,0,0,10.1982422,-7.30664062,0.672851562,-4.51171875,-7.41992188,-2.26855469,1.2109375,-4.234375,-1.29296875,0.017578125
609,2,2,-0.25390625,0.53515625,11.1542969,0.71875,-9.05957031,-8.01660156,-9.29003906,2.62597656,2.27441406,-5.05566406
610,4,4,-1.94433594,-0.98046875,1.59570312,-8.19238281,6.72851562,-8.3046875,-1.72753906,-2.83886719,0.326171875,-2.6171875
611,0,0,8.89453125,-8.40527344,-0.8828125,-8.95214844,-2.12695312,-5.48046875,1.36816406,-1.2734375,0.875976562,-0.0498046875
612,2,2,-4.484375,-1.06542969,13.2822266,0.290039062,-2.66113281,-8.72460938,-8.65722656,1.08007812,-1.4375,-7.64648438
613,2,2,0.181640625,0.612304688,6.12207031,-0.0244140625,-5.9140625,-7.2890625,-8.09277344,2.5078125,3.85546875,-3.04003906
614,3,3,-5.375,-0.939453125,-0.54296875,8.13476562,-5.50292969,-2.02050781,-14.0244141,1.34082031,-0.4375,1.51269531
615,1,1,-0.86328125,10.2216797,-1.04785156,-8.9453125,1.4453125,-6.38671875,-0.046875,-0.827148438,0.702148438,-6.8828125
616,9,9,-8.34960938,-8.66601562,-6.1015625,2.06445312,1.79199219,2.18945312,-15.8759766,-0.372070312,-0.859375,10.7753906
617,7,7,-6.14355469,-2.81445312,4.80566406,3.50097656,-3.1875,-9.24316406,-17.9072266,11.4150391,0.2890625,-2.39160156
618,5,5,-4.40332031,-12.1689453,-5.86914062,2.69238281,-7.68261719,13.0839844,-1.04003906,-11.4091797,0.833007812,4.59375
619,1,1,-7.04882812,4.64160156,1.21191406,-1.74511719,-1.48535156,-3.77441406,-6.53808594,-0.415039062,3.81542969,-3.61816406
620,0,0,7.95410156,-3.37304688,4.5078125,-3.78027344,-6.61914062,-4.73632812,-1.78613281,-1.83789062,0.2734375,-6.89941406
621,8,8,-3.03417969,-3.60351562,0.342773438,-0.1796875,-3.45605469,-1.21777344,-3.98144531,-5.56835938,8.56835938,0.515625
622,4,4,-4.16601562,-4.19335938,-4.91308594,-10.5693359,12.5625,-7.91210938,-3.79785156,-2.85253906,-2.17675781,3.37109375
623,6,6,-0.819335938,-5.78710938,-2.171875,-6.09570312,3.11621094,-0.14453125,11.7294922,-11.0332031,-3.76074219,-7.13476562
624,2,2,0.545898438,3.09179688,9.51660156,-0.123046875,-9.03222656,-7.93066406,-7.91503906,0.6640625,4.08789062,-7.24316406
625,6,6,-1.65429688,-7.96972656,-2.44921875,-9.00390625,6.61230469,-1.99609375,7.85839844,-9.50097656,-3.74902344,-1.11914062
626,7,7,-3.83300781,-0.915039062,2.69238281,1.22167969,-4.92285156,-7.60449219,-18.0537109,14.3808594,-1.68261719,-0.861328125
627,9,9,-3.29980469,-5.57324219,-1.84179688,-3.09179688,2.33691406,-4.67578125,-7.85449219,0.856445312,0.373046875,7.65039062
628,3,3,-10.5957031,-3.44140625,0.0263671875,7.32617188,-1.7578125,-2.05566406,-18.8720703,2.43359375,0.384765625,2.40820312
629,2,2,-1.28710938,-6.39648438,6.81347656,-0.244140625,0.962890625,-3.58984375,-5.76367188,-0.671875,-0.889648438,-4.12597656
630,9,9,-6.37988281,-9.15722656,-5.01269531,-3.71386719,1.24609375,3.52734375,-6.93066406,-2.09765625,2.88574219,9.59667969
631,8,8,-4.24707031,-6.984375,2.69726562,2.71875,-4.53125,-4.99023438,-10.2148438,-0.495117188,11.2617188,-1.58691406
632,2,2,2.15722656,-7.10742188,11.7822266,0.946289062,-8.80371094,-9.14746094,-8.53417969,2.46289062,2.15332031,-5.38574219
633,2,2,-3.73535156,2.66210938,13.8144531,-0.389648438,-5.02734375,-8.27246094,-7.86035156,1.1328125,1.23046875,-11.0566406
634,9,9,-8.29882812,-12.2802734,-4.08300781,0.594726562,2.65917969,-2.6328125,-21.5185547,4.12011719,-0.748046875,14.1816406
635,2,2,-2.2421875,1.03222656,8.64941406,0.43359375,-3.92675781,-5.87597656,-3.8203125,0.778320312,-1.60742188,-10.7138672
636,7,7,-2.13769531,-2.76074219,-1.89257812,-0.0185546875,-3.00585938,-0.46484375,-10.4628906,10.5898438,-3.29492188,0.958984375
637,3,3,-4.69824219,-2.09082031,2.53613281,9.16894531,-6.58007812,-2.81640625,-9.59082031,-3.10742188,2.07421875,-5.00683594
638,5,5,1.3984375,-6.74023438,-3.83203125,-0.88671875,-6.43359375,7.74804688,-2.13183594,-0.776367188,0.4140625,-0.00390625
639,9,9,-4.20117188,-6.44433594,-3.91210938,-3.734375,4.36425781,-4.93554688,-10.8271484,-0.516601562,1.93847656,9.97265625
640,1,1,-7.60058594,9.64453125,-0.424804688,-2.09082031,1.27734375,-5.30371094,-7.55175781,0.240234375,-1.28808594,-2.87207031
641,8,8,-1.72070312,-9.91796875,0.372070312,0.66796875,-4.04589844,0.0322265625,-1.36914062,-11.5625,10.0517578,-0.76171875
642,0,0,6.5625,-9.35449219,0.15625,-3.70019531,-2.85058594,-1.35253906,1.32910156,-1.18066406,-3.14648438,-2.08007812
643,2,2,-2.328125,4.1953125,14.1396484,0.819335938,-9.05664062,-8.95800781,-11.2099609,3.93847656,-1.44042969,-9.2265625
644,0,0,9.42480469,-8.046875,2.015625,-6.08691406,-5.921875,-5.35449219,-0.34375,-1.16503906,0.0849609375,-0.489257812
645,5,5,-8.08984375,-8.94433594,-5.23828125,3.40722656,-3.75390625,10.3710938,-0.178710938,-15.5019531,2.67089844,3.26074219
646,2,2,-1.29101562,1.11425781,3.04101562,-4.49902344,1.70117188,-3.13378906,3.03613281,-2.48046875,-2.42089844,-8.89453125
647,1,1,-5.56542969,9.37695312,-0.875976562,-2.70507812,1.01074219,-5.63769531,-8.04101562,2.26757812,-2.34472656,-1.08496094
648,3,3,-9.5703125,-5.58984375,-0.961914062,14.6855469,-7.23144531,-0.13671875,-18.0664062,-6.51269531,4.15136719,0.385742188
649,7,7,-2.97753906,-0.681640625,0.365234375,1.15136719,-3.65625,-2.63378906,-11.3818359,8.74511719,-2.328125,1.2265625
650,6,6,2.27441406,-5.43652344,-3.55761719,-2.84863281,-2.30566406,2.10742188,9.93359375,-9.41601562,-1.85839844,-1.73339844
651,7,7,-4.86914062,-2.77636719,-0.743164062,2.59863281,-4.2890625,-2.99707031,-16.3515625,11.4121094,-2.11132812,2.171875
652,1,1,-3.77832031,11.3271484,-2.40234375,-5.30761719,1.1171875,-5.57910156,-4.92089844,0.743164062,-1.69921875,-1.19824219
653,2,2,-2.24121094,3.35351562,12.3496094,1.03710938,-8.93359375,-7.375,-10.5058594,4.15234375,-0.86328125,-7.38964844
654,5,5,-1.94335938,-5.00292969,-1.05273438,-1.02441406,-6.53125,7.67382812,-2.375,-5.41894531,3.50292969,-0.680664062
655,8,8,-3.609375,-2.45800781,6.81835938,5.66015625,-9.14355469,-5.97851562,-12.1923828,-2.10449219,10.3544922,-8.30078125
656,0,0,10.8017578,-5.76464844,2.05859375,-7.09667969,-9.10449219,-2.00195312,0.581054688,-1.88183594,-0.447265625,-3.55761719
657,3,3,-6.75,-3.4140625,1.23828125,13.8642578,-10.3017578,-1.66699219,-15.6103516,-4.16894531,4.29296875,-2.26660156
658,7,7,0.1484375,-3.046875,-3.09375,-6.62890625,2.58203125,-1.85449219,-8.64746094,8.82910156,-4.19628906,1.39648438
659,2,2,-4.79882812,4.4453125,5.28515625,0.45703125,-3.55761719,-7.81347656,-12.5820312,4.45898438,0.693359375,-1.76660156
660,4,4,-5.41015625,-1.84765625,0.0947265625,-8.88378906,10.8193359,-6.33984375,-4.18359375,-1.41796875,-1.33105469,-2.8046875
661,0,0,6.22070312,-2.20214844,-0.819335938,-4.18164062,-2.34863281,-4.59667969,1.50683594,-2.33203125,-2.23535156,-2.17089844
662,9,9,-8.56933594,-9.05371094,-4.90820312,0.668945312,3.20507812,-1.1171875,-17.2832031,0.525390625,0.452148438,12.7734375
663,1,1,-3.89355469,10.7988281,-3.58007812,-5.21972656,1.82910156,-4.86230469,-3.99804688,-0.0908203125,-1.48730469,-0.872070312
664,8,8,-1.67089844,-3.49414062,3.75488281,-2.15332031,-6.51464844,0.495117188,-2.77734375,-4.55566406,8.82226562,-2.42285156
665,6,6,2.24414062,-9.27832031,-3.71191406,-6.51269531,0.780273438,-0.88671875,13.2255859,-10.1806641,-1.61132812,-2.14648438
666,7,7,-3.11523438,0.353515625,-1.59863281,-1.09667969,-1.13671875,-4.48828125,-11.3457031,9.55664062,-1.80664062,2.04296875
667,7,7,-1.78515625,1.4921875,2.70117188,0.677734375,-4.79101562,-3.79394531,-8.6171875,5.89746094,-0.0908203125,-1.26171875
668,4,4,-7.25683594,-3.04003906,-2.15527344,-3.78710938,8.06445312,-3.32910156,-5.16601562,-2.47460938,-1.54101562,-0.643554688
669,3,3,-6.58984375,-2.52539062,1.45214844,11.3027344,-8.24902344,-2.17285156,-14.7802734,-0.267578125,2.1015625,-1.41210938
670,4,4,-8.62304688,1.671875,-6.60253906,-7.63183594,11.5498047,-5.57324219,-8.76074219,1.64941406,0.139648438,2.32226562
671,9,9,-2.6015625,-10.8554688,-0.643554688,-2.62695312,1.05859375,-3.203125,-8.99609375,0.608398438,-0.267578125,9.69238281
672,1,1,-1.89453125,9.62695312,-2.10253906,-6.04101562,0.432617188,-4.94238281,-1.2109375,0.168945312,-0.579101562,-2.61132812
673,9,9,-3.23632812,-11.5371094,-3.49902344,-3.56835938,2.75878906,-1.51171875,-9.41113281,-1.80761719,4.03808594,9.42675781
674,5,5,-8.66699219,-5.5703125,-4.04199219,7.60644531,-4.33398438,8.97460938,-3.89257812,-12.7226562,-0.94140625,0.545898438
675,1,1,-3.19433594,10.1953125,-2.890625,-5.23730469,1.39550781,-4.77636719,-2.94628906,0.0703125,-1.43457031,-1.43945312
676,7,7,-1.12011719,-4.24121094,6.21191406,1.61425781,-8.92089844,-5.5078125,-15.1884766,12.3632812,0.0546875,-3.296875
677,3,3,-3.921875,-4.63964844,3.40527344,11.1064453,-10.0703125,-1.27734375,-7.60644531,-7.83789062,1.77246094,-6.97851562
678,9,9,-4.32714844,-10.2304688,-3.18066406,-3.56640625,3.45019531,-2.13574219,-9.55566406,-0.0888671875,-0.440429688,10.7851562
679,7,7,-3.90917969,0.723632812,3.14648438,1.37792969,-6.17578125,-4.75683594,-14.7119141,11.2011719,-2.36816406,-0.521484375
680,6,6,-0.83203125,-9.48046875,-2.51757812,-9.8828125,4.046875,-0.280273438,12.0986328,-11.3798828,-0.28125,-3.40039062
681,9,9,-8.14160156,-12.9755859,-4.00097656,1.75195312,0.868164062,0.099609375,-20.890625,3.49902344,-0.140625,13.1064453
682,1,1,-4.38964844,9.14648438,-1.66894531,-4.08007812,2.00195312,-5.109375,-5.01171875,1.60644531,-2.7578125,-0.875976562
683,3,3,-7.13183594,-2.81640625,-3.11132812,9.48242188,-4.64941406,3.22265625,-9.62109375,-8.02050781,0.108398438,1.69433594
684,7,7,-10.0175781,1.59277344,4.18164062,5.390625,-2.90039062,-6.65039062,-19.1796875,6.61035156,-1.85546875,-1.41308594
685,8,8,-3.37695312,-4.2109375,2.640625,0.10546875,-4.22851562,-3.61914062,-7.7421875,-0.888671875,8.00292969,1.76171875
686,3,3,-6.20410156,-3.87792969,1.33398438,13.8164062,-9.30566406,-3.29492188,-17.7871094,-1.67480469,2.20898438,0.537109375
687,3,3,-7.9140625,-3.13378906,0.973632812,12.0625,-7.76757812,-1.63964844,-15.5488281,-2.83300781,3.5078125,0.459960938
688,6,6,0.18359375,-5.68652344,-2.91699219,-5.27050781,-1.59179688,2.98730469,11.1962891,-11.5791016,1.6171875,-4.35253906
689,7,7,-2.08789062,0.137695312,-3.90234375,-1.55273438,1.61328125,-1.27929688,-7.71289062,5.22949219,-3.89160156,2.66601562
690,2,2,-2.45605469,0.532226562,11.8623047,2.60742188,-8.34667969,-8.76171875,-12.1357422,1.68945312,2.57324219,-5.64355469
691,8,8,-10.4980469,-4.23925781,-1.72949219,-3.83789062,3.99804688,-2.4609375,-7.8671875,-1.35644531,6.87988281,2.89746094
692,5,5,-2.94140625,-3.88769531,-6.24511719,1.24511719,-6.63574219,8.52539062,-6.203125,-1.12011719,0.963867188,1.9765625
693,8,8,-5.43457031,-1.95117188,-2.63867188,-2.98046875,0.430664062,-2.90917969,-4.375,-4.40136719,10.1582031,0.696289062
694,5,5,-6.49511719,-1.86132812,-8.50292969,-0.48046875,-3.56640625,10.8710938,-2.39257812,-8.06445312,4.26953125,0.0576171875
695,1,1,-2.57324219,9.11035156,-2.71484375,-5.63378906,1.40625,-4.99609375,-2.02050781,1.11328125,-1.26367188,-1.49609375
696,1,1,-3.29589844,6.33300781,0.84765625,-1.05664062,-3.64257812,-2.17089844,-6.27539062,1.80175781,-0.952148438,-1.48242188
697,4,4,-8.21289062,-5.01953125,-2.80859375,-8.85644531,13.8847656,-5.31835938,-8.95800781,-3.80371094,0.0029296875,2.25585938
698,4,4,-8.90429688,-6.57714844,-4.05664062,-6.2265625,9.51757812,-2.08691406,-9.91796875,-0.439453125,1.42675781,5.92480469
699,3,3,-8.68066406,-4.78417969,-3.15625,7.03320312,-2.64746094,1.51171875,-16.2324219,0.708007812,0.368164062,3.19433594
700,1,1,-7.41210938,9.11914062,-0.749023438,-2.61914062,0.174804688,-3.31835938,-7.1171875,-0.778320312,-0.02734375,-1.91699219
701,0,0,10.5029297,-7.32226562,1.51757812,-3.41601562,-5.35449219,-5.11914062,-0.166015625,-4.62890625,-1.78613281,-2.59570312
702,7,7,-2.90136719,-0.979492188,3.78222656,1.13378906,-6.25878906,-5.95507812,-14.6757812,10.7910156,-0.338867188,0.442382812
703,7,7,-6.625,-1.55273438,3.9609375,5.15332031,-3.87304688,-6.30078125,-18.4628906,10.8955078,-2.31542969,-2.13476562
704,0,0,8.44140625,-4.17382812,1.640625,-4.44824219,-4.68554688,-4.25683594,-1.51269531,-1.5078125,-1.29492188,-3.13769531
705,7,7,-3.73632812,-1.78613281,0.118164062,1.63574219,-3.30761719,-3.85839844,-14.5849609,10.7988281,-2.7421875,1.70800781
706,9,9,-7.47070312,-6.29394531,-6.36328125,-0.1484375,2.18066406,1.01074219,-13.5878906,1.56152344,-0.849609375,10.2675781
707,4,9,-7.61523438,-3.38574219,-4.43261719,-3.77539062,6.31054688,-4.86523438,-9.70898438,-1.26171875,2.84179688,6.73925781
708,4,4,-9.140625,-2.66308594,-7.12011719,-7.22265625,10.8798828,-2.29394531,-6.66796875,-1.64648438,0.938476562,4.63378906
709,8,8,-2.7734375,-4.0546875,3.26367188,4.05078125,-7.59472656,-4.72265625,-9.97949219,-4.43652344,11.3300781,-2.54882812
710,5,5,-4.88085938,-11.4570312,-8.0546875,4.68066406,-9.58691406,16.5234375,-6.81933594,-10.4736328,3.671875,0.685546875
711,5,5,-8.21875,-9.43945312,-5.33398438,6.92382812,-9.74316406,14.2519531,-5.54199219,-14.9414062,4.03710938,2.37109375
712,4,4,-5.82714844,-5.75683594,-2.71191406,-4.83789062,10.2666016,-4.2109375,-9.48046875,-3.74414062,-3.0625,4.6953125
713,0,0,8.22753906,-5.32617188,1.66894531,-4.984375,-8.06738281,-1.50488281,-1.22363281,-1.140625,-0.36328125,0.173828125
714,8,8,-2.98925781,-5.48535156,1.2109375,0.864257812,-4.39160156,0.508789062,-3.75097656,-6.65625,8.85742188,-1.64550781
715,2,2,0.256835938,-2.36328125,14.40625,3.28515625,-11.7509766,-9.65820312,-12.4414062,3.85546875,2.13183594,-8.27734375
716,1,1,-1.29785156,7.61425781,0.419921875,-3.72753906,-2.68554688,-5.39453125,-6.70605469,4.11328125,0.109375,-2.37695312
717,0,0,3.85839844,-11.0966797,-0.483398438,-0.712890625,-3.56933594,1.51074219,3.49902344,-4.77929688,-3.58691406,-1.265625
718,8,8,-2.47070312,-4.12695312,2.78125,0.331054688,-5.01367188,-4.27539062,-6.49023438,-3.48535156,9.3828125,0.33203125
719,4,4,-10.2988281,-10.1826172,-5.98242188,-8.44042969,13.2011719,-1.00195312,-9.1796875,-4.53613281,2.55273438,5.45019531
720,5,8,-6.62695312,-5.66796875,-0.405273438,-0.147460938,-4.24609375,4.83496094,2.421875,-11.2021484,8.77246094,-4.77539062
721,0,0,9.24609375,-6.72363281,0.903320312,-2.29394531,-8.61328125,-0.4140625,-0.296875,-4.07324219,-2.62207031,-0.099609375
722,4,4,-7.71777344,-7.94921875,-5.00195312,-9.92773438,14.0996094,-5.73144531,-9.328125,-1.18652344,-1.5546875,6.24121094
723,0,0,5.54101562,-5.52148438,-1.16113281,-5.56738281,1.06933594,-4.79394531,1.17480469,-2.87890625,-2.49121094,-1.37109375
724,6,6,-0.327148438,-3.93359375,-1.44433594,-1.93359375,-1.37695312,1.12402344,9.27050781,-8.35351562,-1.40136719,-3.875
725,1,1,-2.02929688,8.63867188,-2.28808594,-5.484375,0.747070312,-3.921875,-0.875976562,-0.13671875,-0.961914062,-1.88867188
726,7,9,-6.52539062,-2.68554688,-2.77832031,-0.0283203125,-1.11132812,2.60644531,-8.37207031,1.97753906,-0.907226562,3.01269531
727,3,3,-5.85546875,-1.75195312,2.89257812,11.4609375,-10.9882812,-1.05761719,-11.9248047,-4.05175781,3.13671875,-3.19238281
728,2,2,-0.255859375,-2.42871094,11.5751953,2.80371094,-11.140625,-10.0820312,-13.7578125,4.3984375,4.63671875,-4.18164062
729,6,6,-0.533203125,-8.69726562,-3.10253906,-2.41015625,-4.47070312,4.85058594,12.9570312,-16.6074219,2.2578125,-6.1171875
730,7,7,3.43945312,-4.79492188,-2.16796875,-4.31152344,-3.66992188,0.021484375,-4.81152344,7.21875,-2.12011719,0.6796875
731,2,2,0.39453125,-4.47363281,12.296875,-0.471679688,-5.06933594,-8.91210938,-7.62402344,1.84863281,-0.078125,-6.52050781
732,6,6,1.83300781,-8.53710938,-3.67285156,-7.29882812,1.06445312,-1.80859375,12.5869141,-9.67480469,-0.724609375,-0.231445312
733,9,9,-10.9052734,-9.03515625,-6.18945312,0.495117188,3.2265625,0.151367188,-16.7900391,-0.895507812,2.43847656,12.9287109
734,3,3,-8.55859375,-2.234375,-2.42675781,10.4658203,-5.73144531,2.25097656,-14.1523438,-5.72851562,0.491210938,2.36914062
735,1,1,-4.80761719,9.63574219,-0.171875,-3.86425781,0.368164062,-3.91015625,-3.43554688,-0.5234375,-1.60546875,-2.91210938
736,4,4,-4.60742188,-9.64648438,-3.38378906,-9.53417969,11.0664062,-6.296875,-2.24902344,-6.8984375,0.818359375,3.265625
737,6,6,3.79882812,-10.734375,-2.91503906,-5.796875,0.793945312,-1.46191406,10.2900391,-9.06347656,-3.09082031,-0.1796875
738,2,2,1.35351562,-2.46972656,10.515625,2.66113281,-11.4521484,-6.86230469,-8.69433594,-0.110351562,5.41113281,-6.09667969
739,5,5,-5.15039062,-9.12207031,-4.8203125,4.59765625,-5.83203125,11.7480469,-0.137695312,-13.8242188,-0.629882812,2.37597656
740,4,9,-8.87695312,-3.078125,-4.17773438,-0.500976562,6.19628906,-2.94726562,-15.0556641,1.77441406,-2.61328125,6.85351562
741,2,2,0.244140625,-0.807617188,11.7822266,1.69433594,-10.0800781,-9.85644531,-11.8125,4.5390625,2.76171875,-5.57421875
742,0,0,12.0820312,-8.36425781,2.89257812,-7.97070312,-9.00488281,-4.16015625,0.475585938,-1.51367188,-0.689453125,-3.4375
743,6,6,-0.51953125,-4.00488281,-2.58496094,-2.18359375,-0.78515625,1.34179688,10.1884766,-10.4609375,-1.88769531,-4.27441406
744,2,2,-1.66113281,-0.678710938,11.5830078,0.967773438,-5.21289062,-6.90039062,-10.9960938,2.62890625,-0.563476562,-6.26855469
745,1,1,-2.59375,11.3828125,-3.87207031,-7.36914062,2.54589844,-6.30859375,-2.35742188,1.7578125,-1.47070312,-3.09765625
746,7,7,-4.06152344,-1.61132812,1.0625,0.984375,-4.08203125,-3.59667969,-14.0634766,9.86914062,-1.859375,2.77441406
747,3,3,-6.16015625,-4.16015625,-0.807617188,12.2275391,-9.359375,1.21582031,-13.0058594,-3.84472656,2.54101562,0.206054688
748,4,4,-6.9921875,-5.43164062,-2.43554688,-5.3515625,11.2099609,-4.87597656,-11.171875,-2.32714844,-3.07324219,5.35351562
749,1,1,-2.04589844,8.38964844,-1.72753906,-5.0859375,0.64453125,-3.80175781,-2.03222656,0.420898438,-0.76171875,-1.35253906
750,0,0,9.63671875,-6.38964844,0.366210938,-6.88574219,-4.19335938,-4.08984375,2.47558594,-4.28417969,0.220703125,-1.66601562
751,5,5,-5.62304688,-13.5292969,-6.59082031,3.46386719,-9.24121094,16.7802734,-1.2890625,-15.7939453,3.63378906,3.56445312
752,4,4,-5.33398438,-1.69921875,-5.83105469,-8.44335938,13.4638672,-8.94042969,-8.265625,-0.405273438,-2.65039062,2.69238281
753,3,3,-6.97070312,-6.79785156,2.98046875,14.5068359,-8.34765625,-2.82714844,-19.4580078,-2.93261719,3.25097656,0.333007812
754,1,1,-2.30078125,9.04296875,-2.09179688,-5.56738281,0.795898438,-4.64550781,-1.81542969,0.75,-1.01464844,-1.61621094
755,1,1,-4.45410156,8.42675781,-1.92382812,-4.14257812,1.20019531,-3.25488281,-4.26464844,0.275390625,-1.24804688,-0.413085938
756,7,7,-3.44726562,-0.797851562,4.16992188,1.45605469,-6.18847656,-6.65429688,-16.3720703,12.8984375,-1.97363281,-0.935546875
757,4,4,-9.31347656,-2.28710938,-7.54101562,-6.81445312,13.0751953,-4.89648438,-10.7695312,-0.919921875,-0.749023438,6.08300781
758,9,9,-5.79199219,-8.50390625,-3.62988281,-2.23730469,2.95507812,-3.67089844,-13.3662109,2.02050781,2.11425781,11.0146484
759,9,9,-6.43945312,-8.24707031,-3.66699219,2.50878906,-1.77441406,0.842773438,-13.0820312,-0.59765625,2.18847656,9.98046875
760,4,4,-5.03125,-1.21582031,-5.04785156,-3.35839844,7.66015625,-5.28222656,-8.125,0.418945312,-2.46191406,4.64941406
761,8,8,2.921875,-3.40429688,2.234375,-3.31152344,-5.74804688,-1.86523438,1.41894531,-6.73339844,5.60546875,-4.98925781
762,4,4,-5.51464844,-10.7373047,-5.23925781,-11.0664062,13.2480469,-4.82128906,-1.5078125,-7.64550781,-0.368164062,5.046875
763,0,0,10.1572266,-10.2685547,1.72460938,-0.21484375,-12.9619141,0.473632812,-0.915039062,-2.27832031,-3.55175781,-0.970703125
764,2,2,-0.130859375,-7.63476562,9.66699219,0.524414062,-6.40917969,-10.2470703,-12.5908203,5.8515625,2.18457031,-0.84375
765,4,4,-6.90429688,-2.0078125,-7.06738281,-9.52050781,12.8642578,-5.54394531,-5.375,-0.735351562,-0.721679688,3.52832031
766,5,5,-6.68164062,-15.1240234,-7.52246094,2.4375,-10.6972656,18.8164062,1.8125,-18.6796875,7.34375,2.81640625
767,1,1,-2.08300781,8.93554688,-1.359375,-5.74121094,1.24121094,-5.83886719,-2.06542969,1.64941406,-1.13671875,-2.68457031
768,1,1,-3.05273438,10.6044922,-2.65820312,-6.69335938,1.48242188,-4.93945312,-1.37890625,-1.21679688,-0.934570312,-2.31347656
769,6,6,1.31347656,-6.25488281,-3.91894531,-5.04003906,-2.57324219,2.43945312,12.5341797,-13.109375,1.51953125,-3.05175781
770,4,4,-3.36914062,-3.88574219,-3.03417969,-13.4257812,12.59375,-9.2265625,-5.54589844,-1.2734375,1.09277344,2.03613281
771,7,7,-1.35253906,-5.10742188,-1.72558594,-2.61132812,-1.91503906,-2.31542969,-11.2949219,11.0693359,-2.0703125,4.05664062
772,1,1,-4.55175781,8.95507812,-1.64941406,-3.81835938,1.1953125,-5.22460938,-6.77050781,2.38574219,-2.16210938,-0.13671875
773,9,9,-7.11914062,-7.26660156,-4.29882812,0.168945312,2.85253906,-2.67578125,-14.9619141,1.72363281,0.489257812,10.8349609
774,4,4,-8.35253906,-2.58789062,-5.00390625,-2.16894531,7.49121094,-1.75097656,-9.31054688,-1.54589844,-1.00976562,5.34179688
775,2,2,-0.0732421875,-1.16113281,13.265625,2.10546875,-10.5175781,-10.1230469,-12.3310547,5.74414062,0.508789062,-7.94238281
776,4,4,-9.98925781,-7.515625,-2.17871094,-5.63867188,10.3652344,-0.1015625,-5.08789062,-7.34179688,0.215820312,0.256835938
777,1,1,-5.08789062,8.98632812,-1.77636719,-3.82128906,0.405273438,-4.83984375,-6.23632812,-0.0791015625,0.40625,-1.36230469
778,5,5,-6.73242188,-12.3203125,-5.73925781,-1.45605469,-4.78808594,14.2685547,3.828125,-16.2685547,5.58886719,2.671875
779,5,5,-1.85253906,-5.77441406,-4.98242188,0.963867188,-7.73730469,11.1494141,-0.202148438,-7.86035156,1.91503906,-0.12890625
780,3,3,-3.33886719,-1.48535156,-2.06542969,9.52246094,-8.70214844,3.85253906,-10.0234375,-2.16015625,-3.55957031,-3.33496094
781,8,8,-4.75976562,-3.01757812,-0.254882812,1.86425781,-3.07617188,0.276367188,-3.02148438,-5.91699219,7.19433594,-2.18457031
782,3,3,-8.14453125,0.41796875,3.71289062,11.3876953,-7.10351562,-3.578125,-13.4150391,-3.43457031,2.11914062,-6.65820312
783,1,1,-3.20117188,9.03808594,-2.12011719,-4.46972656,1.27246094,-4.22753906,-3.14160156,0.137695312,-1.453125,-1.01464844
784,4,4,-10.5009766,-5.57910156,-6.2421875,-5.49023438,12.2597656,-2.70898438,-9.71191406,-3.12597656,0.63671875,4.22753906
785,5,5,-5.53515625,-6.97558594,-5.03222656,4.84863281,-7.5546875,11.5195312,-3.17871094,-10.625,1.90917969,1.02539062
786,6,6,0.805664062,-5.98144531,-0.797851562,-0.397460938,-4.43847656,3.43847656,7.54980469,-10.0390625,0.193359375,-5.35058594
787,8,8,-5.98535156,-9.17871094,1.36328125,4.25097656,-5.15625,-3.89257812,-11.1132812,-4.13671875,11.7695312,3.96582031
788,9,9,-7.04980469,-9.39746094,-5.30859375,-0.421875,2.875,-0.521484375,-14.5449219,-1.02929688,1.55371094,12.4453125
789,4,4,-4.01757812,-2.6484375,-5.30078125,-6.86035156,8.63867188,-3.87304688,-2.10351562,-1.9375,-2.30175781,3.23730469
790,1,1,-1.66992188,9.25292969,-3.15039062,-5.66796875,-0.985351562,-3.70703125,-1.54492188,-1.20507812,0.424804688,-2.38671875
791,5,5,-7.27246094,-10.1425781,-5.53417969,0.4609375,-2.12304688,10.0439453,-6.93554688,-4.69335938,1.62792969,5.13085938
792,3,3,-6.61816406,-4.13867188,2.26757812,16.7226562,-12.6074219,-1.86523438,-19.1767578,-2.70117188,3.40722656,-1.90625
793,8,8,-3.52148438,-6.99609375,1.41015625,0.571289062,-4.32128906,-3.43457031,-5.703125,-4.99316406,12.0029297,-0.576171875
794,0,0,10.8222656,-6.91503906,-0.0244140625,-7.15917969,-4.78515625,-5.29296875,1.39941406,-3.20410156,-0.427734375,-0.688476562
795,3,3,-5.62011719,0.53125,1.35546875,7.05761719,-4.890625,-0.1171875,-8.09375,-4.69140625,-1.62695312,-2.27441406
796,2,2,-1.45410156,-6.55566406,16.4355469,-0.315429688,-4.01367188,-9.79394531,-9.54980469,1.06347656,1.8203125,-11.0820312
797,5,5,-1.18945312,-1.04003906,-1.70898438,-1.90429688,-8.55078125,6.99511719,-1.28613281,-3.19628906,2.94042969,-0.713867188
798,1,1,-6.91796875,8.06054688,-1.13671875,-2.45019531,0.698242188,-4.28710938,-7.08496094,0.0712890625,0.145507812,-1.50292969
799,2,2,-4.42578125,1.79296875,15.4970703,0.536132812,-4.97558594,-10.3232422,-12.6054688,5.64550781,-3.66992188,-10.6445312
800,8,8,-0.73828125,-8.171875,0.520507812,0.642578125,-4.10253906,0.23046875,-1.61328125,-10.7685547,8.21386719,-1.54296875
801,3,3,-8.59863281,-4.18554688,-0.36328125,11.9326172,-3.5234375,-0.380859375,-11.2597656,-7.38964844,0.611328125,-3.96777344
802,4,4,-3.52539062,-3.68066406,-3.33496094,-11.2880859,10.7597656,-4.78320312,-3.81347656,0.8515625,-0.143554688,0.35546875
803,4,4,-4.89746094,-6.26953125,-3.53027344,-12.3457031,13.3427734,-5.24511719,-2.52148438,-4.48339844,0.083984375,-0.076171875
804,0,0,8.48242188,-12.4521484,0.2421875,-1.94335938,-8.59765625,-0.227539062,1.46484375,-3.05273438,-2.43945312,1.38574219
805,8,8,-1.28222656,-4.49316406,0.837890625,1.61035156,-8.28320312,-0.697265625,-7.8203125,-3.60449219,10.2548828,-0.94921875
806,8,8,-6.23828125,-5.57421875,0.65625,2.04199219,-3.67578125,-1.63183594,-5.41503906,-6.86328125,12.5527344,-2.5703125
807,3,3,-9.6875,-5.84863281,-1.95214844,15.3447266,-8.72949219,3.09277344,-13.6767578,-11.0957031,3.93554688,-0.00390625
808,3,3,-5.34179688,-4.05078125,-2.49902344,11.2949219,-7.53515625,4.35742188,-9.53222656,-7.61914062,-2.22753906,0.568359375
809,1,1,-2.10253906,7.49609375,-2.0546875,-4.03222656,0.185546875,-2.62011719,-2.29589844,0.239257812,-0.817382812,-0.889648438
810,7,7,-1.10253906,-3.20996094,8.25976562,-0.442382812,-6.18554688,-7.5859375,-12.3964844,8.53613281,-2.38964844,-3.05371094
811,3,3,-4.34472656,-3.49609375,0.370117188,13.0712891,-11.2021484,-0.4296875,-15.5009766,-1.82910156,1.23925781,0.227539062
812,5,5,-7.55566406,-14.9228516,-5.6328125,3.50976562,-8.94335938,17.9140625,1.48242188,-19.6201172,5.19140625,2.94726562
813,9,9,-4.40039062,-11.3730469,-1.93554688,-4.13183594,1.28613281,-4.18457031,-10.9638672,0.73046875,7.12207031,10.0449219
814,6,6,-1.14648438,-5.47363281,-1.2890625,-4.38867188,0.934570312,0.39453125,11.4316406,-11.1826172,-1.73046875,-6.90136719
815,3,3,-3.98925781,-2.98242188,-0.108398438,11.1669922,-8.48339844,0.21875,-12.1796875,-4.43359375,0.275390625,0.500976562
816,2,2,-0.56640625,3.65917969,14.7177734,2.828125,-12.9931641,-10.8310547,-14.0458984,3.43847656,1.66992188,-8.6484375
817,6,6,4.14160156,-8.08105469,-2.31835938,-7.98242188,2.10839844,-2.94921875,9.19042969,-6.59570312,-2.70019531,-1.66308594
818,1,1,-3.26074219,9.24707031,1.06445312,-5.95996094,-1.53417969,-3.80761719,0.322265625,-4.11328125,0.127929688,-6.62988281
819,3,3,-6.98828125,-3.52734375,-1.73046875,14.8857422,-8.2109375,1.88378906,-13.9394531,-7.1015625,-0.400390625,-1.078125
820,6,6,1.68554688,-9.99511719,-2.85253906,-4.25585938,-2.39746094,1.59082031,13.7441406,-14.4501953,0.602539062,-4.58984375
821,0,0,9.29101562,-6.79589844,-0.13671875,-6.0625,-6.14648438,-1.76269531,2.17089844,-3.89257812,-0.997070312,0.649414062
822,7,7,-0.641601562,-5.99023438,-0.737304688,1.44921875,-7.74121094,1.22558594,-12.1142578,11.6669922,-3.67480469,0.64453125
823,2,2,-0.095703125,-5.71289062,7.99707031,-2.04394531,-4.8203125,-6.25195312,-4.94726562,0.078125,1.55078125,-1.6328125
824,1,1,-1.6171875,9.34667969,-2.03710938,-6.57519531,0.583007812,-4.07910156,-0.572265625,-0.3203125,-0.521484375,-2.32324219
825,7,7,-3.24121094,-3.37597656,-0.376953125,0.505859375,-3.45214844,-3.76855469,-14.4160156,12.2128906,-2.20898438,2.33203125
826,1,1,-3.12207031,10.1201172,-2.99316406,-5.68359375,1.38867188,-4.54492188,-2.03222656,-0.791015625,-0.807617188,-1.75097656
827,4,4,-7.61621094,-1.40820312,-3.92382812,-6.58984375,7.8515625,-3.53222656,-6.31640625,-0.172851562,3.29980469,3.3828125
828,2,2,-0.743164062,-0.684570312,11.3818359,2.75683594,-9.70117188,-5.75292969,-7.29785156,-0.146484375,3.80371094,-8.09570312
829,4,4,-5.48730469,-1.6796875,0.26171875,-7.2734375,7.61816406,-6.2265625,-7.10351562,-0.802734375,3.3984375,0.106445312
830,2,2,-3.19335938,1.078125,9.21484375,-1.65625,0.333007812,-8.25292969,-8.60742188,2.60546875,0.731445312,-7.20800781
831,1,1,-3.07421875,9.34570312,-2.62402344,-4.59375,0.857421875,-6.5703125,-6.50292969,3.26757812,-1.77441406,-0.116210938
832,7,7,-6.25585938,-1.6328125,0.485351562,3.171875,-0.450195312,-5.92089844,-16.6738281,9.89746094,-2.65332031,-0.106445312
833,9,9,-6.69335938,-4.98632812,-7.26074219,-1.92773438,5.17871094,-0.215820312,-14.0097656,2.93847656,-2.76171875,9.30078125
834,6,6,-3.54589844,1.64257812,1.10742188,-2.97851562,-1.19238281,-0.731445312,7.80273438,-9.82324219,-0.625976562,-10.1640625
835,1,1,-2.03710938,8.26367188,-1.75976562,-5.45117188,0.813476562,-4.48046875,-1.47070312,1.02441406,-1.02539062,-1.796875
836,1,1,-1.55859375,9.65722656,-1.19433594,-6.13574219,0.237304688,-5.62597656,-1.75,0.938476562,-0.220703125,-3.32128906
837,2,2,-0.721679688,3.09082031,9.04882812,-0.569335938,-8.33398438,-4.77832031,-5.65820312,-0.26953125,2.60253906,-5.97070312
838,4,4,-8.52050781,-6.03808594,-4.08496094,-8.58203125,12.6806641,-2.13378906,-6.42675781,-2.18554688,-1.68554688,2.79394531
839,8,8,-1.38671875,-5.74707031,-0.92578125,1.88964844,-5.01660156,0.580078125,-1.14160156,-13.5976562,6.95996094,-3.45019531
840,1,1,-1.16015625,9.98046875,-2.43359375,-7.17675781,0.290039062,-6.71289062,-3.20117188,2.00292969,0.08203125,-1.85644531
841,7,7,-2.10449219,-5.12109375,1.35742188,-1.59472656,-0.82421875,-3.53222656,-9.98144531,9.14355469,-2.18066406,0.723632812
842,7,7,-3.06640625,0.461914062,1.9453125,1.6328125,-3.93261719,-4.63964844,-12.0771484,8.44726562,-1.578125,0.108398438
843,4,4,-8.390625,-6.98242188,-5.63183594,-10.046875,14.5927734,-3.06640625,-6.69042969,-3.76269531,-1.01367188,3.97265625
844,8,8,-5.21191406,-2.484375,1.88769531,0.297851562,-2.61230469,-1.53808594,-4.63476562,0.842773438,4.45410156,-1.57324219
845,0,0,9.890625,-5.66015625,1.25683594,-4.17675781,-6.92773438,-3.59960938,-2.23828125,-0.997070312,-0.091796875,-2.453125
846,7,7,2.89160156,-6.73925781,0.72265625,-3.9375,-4.24804688,-4.734375,-7.84472656,7.03222656,-0.123046875,3.95800781
847,3,3,-8.15136719,-2.90527344,1.31933594,13.0625,-10.1708984,-0.993164062,-15.3652344,-3.54492188,5.33105469,-2.91308594
848,1,1,-1.52148438,10.3486328,-4.68359375,-7.66601562,1.60449219,-3.65234375,0.427734375,0.274414062,-0.688476562,-4.07324219
849,3,3,-5.47851562,-6.09375,1.51367188,13.8828125,-11.3105469,1.02050781,-9.81542969,-9.12695312,2.70214844,-1.92089844
850,1,1,-2.32910156,10.6015625,-0.232421875,-5.88769531,-0.280273438,-7.07910156,-4.97558594,1.53222656,-0.137695312,-1.98730469
851,0,0,10.4667969,-5.13378906,-0.97265625,-6.55175781,-5.14257812,-4.40820312,2.63476562,-4.85644531,-0.0244140625,-1.06933594
852,7,7,-2.32617188,-1.87792969,-0.43359375,0.213867188,-2.33886719,-2.76171875,-11.0517578,9.62890625,-2.73828125,1.21582031
853,7,7,-3.65039062,0.451171875,1.12890625,0.67578125,-4.51953125,-6.80078125,-16.0585938,11.9697266,0.438476562,-0.1640625
854,0,0,9.67382812,-6.85351562,0.1328125,-7.15234375,-3.99121094,-5.0078125,0.71875,-2.41113281,0.49609375,-0.288085938
855,3,3,-7.8046875,-5.06933594,0.0244140625,13.9970703,-8.63867188,-1.52734375,-17.3847656,-2.73339844,3.39550781,0.26171875
856,5,5,-1.40039062,-5.33984375,-4.93652344,3.36523438,-7.87304688,9.5234375,-4.93066406,-4.35351562,0.0322265625,-0.2109375
857,5,5,-7.08105469,-4.42382812,-6.35058594,4.92871094,-7.21582031,11.5537109,-3.23242188,-12.7167969,0.955078125,2.36523438
858,2,2,-1.24121094,-2.38574219,10.5625,-2.29296875,-1.71191406,-10.3378906,-8.43164062,2.68652344,2.90625,-6.13085938
859,7,7,-2.65527344,-1.21484375,-1.0078125,-1.34863281,-1.30371094,-2.46582031,-10.4482422,9.25292969,-2.59765625,2.09863281
860,6,6,0.091796875,-8.13476562,-2.35644531,-4.64453125,-1.25976562,1.00878906,13.5419922,-12.8427734,-0.4609375,-3.95703125
861,6,6,0.709960938,-6.38964844,-2.0234375,-3.56152344,-0.315429688,0.831054688,9.33203125,-9.84863281,-0.877929688,-3.08886719
862,9,9,-7.10546875,-9.94628906,-5.46972656,-1.921875,3.23242188,0.46484375,-13.7441406,-0.331054688,2.43164062,11.6425781
863,2,2,-2.20996094,-3.27734375,10.515625,-2.265625,-1.06445312,-6.72949219,-6.25683594,0.478515625,3.44824219,-7.61328125
864,8,8,-4.30273438,-10.7548828,0.892578125,1.5,-5.62304688,0.971679688,-7.30957031,-9.98046875,15.4970703,-0.46875
865,3,3,-5.25097656,-3.89355469,-0.05078125,10.7392578,-7.33203125,0.959960938,-12.5683594,-4.39550781,0.08984375,1.14160156
866,5,5,-3.67871094,-10.8085938,-4.09082031,-3.51855469,-4.49121094,10.6279297,3.97949219,-12.0361328,6.7421875,1.72753906
867,2,2,0.450195312,1.70214844,11.6425781,0.0244140625,-9.61523438,-7.05859375,-7.80957031,1.90332031,1.2578125,-6.70019531
868,2,2,-0.732421875,-4.17578125,7.67578125,-0.883789062,-1.94921875,-8.12402344,-8.01953125,1.95996094,1.12792969,-1.99414062
869,5,5,-8.37402344,-9.77929688,-9.50878906,4.83398438,-9.51074219,16.6816406,-6.71972656,-12.6650391,5.54199219,3.54492188
870,6,6,-0.482421875,-3.53222656,-1.21386719,-3.68066406,-3.60839844,3.89941406,9.38085938,-10.4404297,2.77441406,-7.38769531
871,0,0,11.4394531,-7.52832031,0.633789062,-7.65527344,-5.08691406,-5.55078125,1.18945312,-3.18945312,-0.969726562,-2.27832031
872,8,8,-6.10742188,-7.27929688,-0.740234375,0.741210938,-2.82714844,-3.80078125,-11.0771484,-0.982421875,9.84960938,5.91699219
873,2,2,-1.89160156,0.12890625,11.8046875,0.333984375,-6.70996094,-9.45117188,-12.8212891,5.73730469,-2.74023438,-4.68457031
874,9,9,-4.92285156,-3.27246094,-4.2890625,-1.87207031,4.56933594,-6.4609375,-11.6669922,0.35546875,1.03027344,7.80566406
875,2,2,0.85546875,-4.84863281,10.4580078,-0.0693359375,-6.98632812,-8.44042969,-8.83886719,2.07324219,4.4921875,-5.05566406
876,8,8,-7.58984375,-8.55957031,4.67871094,3.16699219,-5.58300781,-0.8984375,-6.91699219,-9.02148438,14.8388672,-6.23535156
877,8,8,-2.0703125,-5.32519531,0.689453125,-5.86035156,-1.46875,-0.603515625,3.71191406,-9.33300781,8.66894531,-2.875
878,8,8,-0.984375,-10.9941406,1.76367188,1.26367188,-6.89160156,-1.27539062,-6.83789062,-5.60839844,10.0771484,2.51757812
879,8,8,-5.73242188,-4.33300781,2.30371094,2.86230469,-4.8203125,1.18554688,-2.96289062,-8.91894531,9.76660156,-7.16015625
880,7,7,-2.57226562,-2.28417969,5.21875,1.16601562,-6.80566406,-4.95605469,-14.71875,11.8085938,-1.453125,-1.29589844
881,4,4,-12.8681641,-3.81054688,-7.66015625,-2.77832031,10.2402344,-1.97070312,-13.484375,-3.07128906,0.633789062,7.23925781
882,9,7,-3.5703125,-0.24609375,-3.85449219,-4.14941406,3.99804688,-5.60351562,-7.48046875,4.88378906,-1.19238281,4.66601562
883,3,3,-4.86621094,-1.15429688,-0.696289062,6.06347656,-5.94335938,3.69921875,-6.43164062,-3.80371094,-0.969726562,-0.362304688
884,0,0,8.83886719,-6.63085938,1.22949219,-4.46777344,-4.94433594,-4.98242188,0.248046875,-2.31835938,0.0166015625,-0.936523438
885,6,6,-2.32128906,-2.07128906,-0.541992188,-5.11914062,1.69238281,0.55859375,8.85742188,-7.359375,-2.31933594,-6.63769531
886,6,6,1.79882812,-6.94042969,-2.06933594,-4.84667969,-0.915039062,-0.813476562,11.1572266,-9.63574219,-1.15234375,-1.86328125
887,3,3,-7.70117188,-4.60351562,-1.39746094,12.0341797,-7.76660156,2.76074219,-11.8496094,-10.3847656,3.10058594,1.02734375
888,2,2,-2.57324219,-1.60839844,11.7392578,-1.64257812,-1.93066406,-12.4726562,-12.2080078,5.50488281,-0.413085938,-5.99707031
889,1,1,-3.82324219,9.74511719,-2.28808594,-4.86523438,1.43457031,-4.81054688,-3.41601562,0.391601562,-1.44726562,-0.997070312
890,3,3,-7.95605469,-5.09765625,-2.81445312,10.3222656,-7.00585938,6.45996094,-7.6484375,-11.5175781,1.80371094,0.0341796875
891,2,2,0.181640625,2.9140625,13.5585938,0.55859375,-10.5673828,-8.03710938,-8.25292969,0.534179688,2.69042969,-11.1787109
892,2,2,-2.71679688,-1.41601562,12.0927734,-1.37207031,-6.07910156,-8.20117188,-8.04980469,4.125,0.387695312,-5.86230469
893,9,9,-3.67675781,-9.22558594,-1.65722656,-0.698242188,-0.764648438,-3.59863281,-14.5332031,6.17089844,-0.544921875,9.41796875
894,3,3,-1.4765625,-6.26367188,3.47949219,6.82128906,-7.86914062,-2.23535156,-2.2890625,-8.34179688,3.625,-8.33300781
895,0,0,8.50683594,-4.47949219,0.87109375,-6.66015625,-5.13574219,-3.35058594,3.6640625,-6.13867188,1.12792969,-4.36132812
896,0,0,4.38476562,-6.5703125,-0.7265625,-6.64257812,1.71191406,-3.94628906,2.18359375,-3.56835938,-3.30859375,-0.775390625
897,5,5,-3.10449219,-11.0390625,-4.88769531,-2.17578125,-6.91015625,14.5107422,4.61914062,-14.3730469,3.97558594,1.80566406
898,7,7,-6.31933594,0.278320312,4.4609375,3.62304688,-3.63964844,-9.32910156,-16.1298828,9.578125,0.928710938,-4.05566406
899,8,8,-4.99121094,-7.75585938,0.482421875,1.97363281,-6.00390625,1.24414062,-4.58886719,-9.34082031,14.0732422,-4.83398438
900,1,1,-6.36621094,4.33984375,-2.14648438,2.15429688,-0.4296875,-0.6953125,-4.70214844,-4.72753906,-1.50390625,-1.1796875
901,4,4,-10.1884766,-7.11523438,-5.62304688,-5.9296875,13.1308594,-2.83496094,-13.2744141,-0.627929688,-0.282226562,5.3828125
902,4,4,-10.1132812,-1.39355469,-8.25976562,-3.69042969,9.04296875,-1.96582031,-11.4931641,1.85449219,-0.981445312,5.1640625
903,6,6,-0.12890625,-10.4121094,-3.15722656,-3.84765625,-0.442382812,1.51367188,11.4199219,-14.0664062,0.114257812,-0.756835938
904,0,0,10.0576172,-9.43652344,-0.71484375,-7.37792969,-8.25585938,-0.606445312,0.830078125,-1.19140625,0.760742188,0.89453125
905,2,2,-1.32714844,-2.5703125,13.3388672,0.130859375,-8.86425781,-7.79589844,-11.1445312,6.07421875,-1.9453125,-5.81445312
906,9,9,-5.63085938,-10.5810547,-4.71972656,-0.958984375,3.09179688,0.850585938,-15.2392578,2.80957031,-1.48828125,10.3886719
907,1,1,-2.4296875,8.99316406,-1.77246094,-5.59179688,1.58398438,-5.10449219,-2.14355469,1.73730469,-2.04296875,-2.44140625
908,4,4,-6.90039062,0.16796875,-3.87988281,-9.87890625,12.78125,-7.19335938,-8.5625,1.89355469,-1.61425781,1.56640625
909,7,7,-4.70410156,-1.76269531,-2.03808594,2.15625,-2.21777344,0.064453125,-11.0517578,7.33886719,-3.06933594,1.68164062
910,4,4,-7.89550781,-3.65820312,-5.97070312,-10.6777344,14.3496094,-4.08203125,-9.03808594,0.3515625,-1.15917969,4.16796875
911,7,7,-4.05078125,-0.03125,2.62207031,1.25488281,-4.6796875,-8.33691406,-17.3554688,13.7363281,-1.60449219,-1.23828125
912,3,3,-8.08691406,-6.56054688,-4.19335938,17.0488281,-11.2861328,4.43945312,-17.0419922,-9.72167969,2.20996094,2.88964844
913,9,9,-5.83007812,-9.87011719,-3.33496094,-3.45507812,3.19921875,-0.415039062,-9.45898438,-1.21679688,0.697265625,10.8935547
914,8,8,-3.67089844,-2.68652344,-0.110351562,0.23828125,-5.08886719,0.260742188,-2.58984375,-8.421875,10.2109375,-2.34863281
915,8,8,-4.4453125,-0.295898438,0.794921875,0.2421875,-4.18652344,-0.6953125,-3.32324219,-6.84765625,7.61035156,-3.265625
916,4,4,-1.95800781,-13.8476562,2.87109375,-8.40625,8.56738281,-4.62011719,-4.65234375,-2.88867188,1.29589844,-1.45410156
917,7,7,-3.16992188,-2.94433594,0.181640625,1.2734375,-4.640625,-2.06445312,-13.3662109,11.0625,-2.61621094,1.58496094
918,1,1,-3.31542969,7.60253906,-2.04980469,-3.421875,1.25878906,-3.32617188,-3.34960938,0.6015625,-1.99902344,-0.338867188
919,2,2,-2.57714844,1.95703125,9.49804688,1.0234375,-5.89746094,-5.21484375,-7.546875,3.99023438,-2.80566406,-9.06347656
920,1,1,-2.90625,7.83007812,-2.35546875,-4.53710938,1.38671875,-4.24804688,-2.87109375,1.625,-1.78027344,-0.559570312
921,2,2,-1.22460938,-4.08105469,13.9960938,-0.744140625,-3.33203125,-11.1464844,-10.2724609,5.234375,-0.553710938,-9.75097656
922,2,2,-0.05859375,0.358398438,11.0810547,1.41015625,-9.41503906,-6.99511719,-9.43554688,2.99414062,1.40625,-5.79394531
923,3,3,-6.6875,-6.38183594,-0.338867188,17.6914062,-12.9648438,-0.446289062,-20.7285156,-2.796875,2.42285156,1.51855469
924,2,2,-2.57519531,-2.18066406,8.12304688,2.2734375,-7.97460938,-7.08789062,-13.2392578,7.83105469,1.43261719,-3.09082031
925,3,3,-7.4453125,-2.84570312,-0.09375,12.71875,-7.00097656,-1.00390625,-16.1396484,-2.07128906,2.07714844,-1.76660156
926,2,2,2.98144531,-6.89746094,4.86914062,-3.52246094,-2.58984375,-5.37695312,-0.478515625,-4.08300781,4.3125,-2.55761719
927,3,3,-4.75,-5.26367188,-0.243164062,12.4228516,-9.47753906,1.40527344,-10.125,-8.1015625,1.97949219,-0.990234375
928,9,9,-6.36328125,-10.5009766,-2.60253906,-0.428710938,0.994140625,-0.530273438,-14.5644531,1.73535156,1.38671875,10.5693359
929,1,1,-2.86230469,8.32617188,-1.52832031,-4.14550781,0.765625,-4.73046875,-3.54296875,1.21289062,-0.986328125,-0.880859375
930,7,7,-6.90332031,-0.659179688,4.69628906,1.92871094,-1.44335938,-8.48925781,-13.9492188,8.125,1.34375,-2.39453125
931,4,4,-8.89941406,-2.74902344,-6.1484375,-4.32324219,9.07910156,-0.973632812,-8.12207031,-1.36914062,-0.721679688,4.99121094
932,0,0,9.57324219,-9.20703125,-0.430664062,-3.95605469,-7.25,-1.83789062,0.267578125,-2.27441406,-1.22460938,1.40429688
933,3,3,-6.30859375,-3.1796875,-0.06640625,11.8896484,-7.76757812,0.831054688,-11.7900391,-5.29003906,2.29101562,-2.06347656
934,5,5,-5.97558594,-13.3154297,-8.58886719,-2.96289062,-5.43652344,15.4248047,1.94921875,-12.4199219,4.9296875,5.89648438
935,5,5,-6.21972656,-7.80761719,-7.77148438,4.71484375,-5.98632812,11.2402344,-7.52148438,-5.578125,1.74023438,2.69433594
936,8,8,-4.49511719,-8.12695312,-1.86816406,0.4140625,-4.84179688,4.91699219,1.12207031,-11.8232422,9.56542969,-2.11035156
937,6,6,0.6953125,-9.87109375,-4.00390625,-7.76855469,1.92578125,-0.155273438,13.1035156,-11.3027344,-0.275390625,-1.62695312
938,3,5,-9.56054688,-6.46484375,-5.13574219,7.17871094,-6.23144531,9.77832031,-8.21972656,-12.4453125,5.140625,2.04492188
939,2,2,3.21386719,-5.95605469,5.78417969,-3.20214844,-8.53710938,-4.59277344,-6.203125,4.96679688,1.71777344,-1.06542969
940,6,6,-0.338867188,-10.0292969,-2.17773438,-4.22460938,-3.86621094,4.59472656,11.3144531,-14.0888672,3.53027344,-2.53613281
941,7,7,-2.59863281,-4.328125,2.14355469,1.25683594,-7.01757812,-2.75976562,-15.7460938,13.296875,-2.60546875,0.893554688
942,6,6,-0.6328125,-8.08691406,-2.84375,-1.62304688,-1.69335938,2.42578125,12.1591797,-14.3701172,-1.69628906,-4.2734375
943,6,6,0.149414062,-3.61621094,-4.74511719,-5.72558594,-0.274414062,2.2109375,9.91210938,-10.2246094,1.52441406,-2.7734375
944,3,3,-7.58984375,3.70214844,2.671875,6.36230469,-6.64453125,-1.04785156,-11.0800781,-0.521484375,0.990234375,-5.30371094
945,2,2,-0.638671875,5.50976562,17.4228516,2.1171875,-14.0546875,-8.97753906,-10.7255859,-0.317382812,0.98046875,-15.1689453
946,7,7,-3.50585938,0.590820312,1.38085938,1.39746094,-4.14941406,-4.25390625,-13.2021484,9.4765625,-2.32226562,0.677734375
947,8,9,-3.7734375,-8.94628906,-1.12011719,-1.29003906,1.35742188,-4.62207031,-10.7392578,-3.80664062,5.71972656,8.30664062
948,1,1,-4.21191406,9.19824219,-1.47363281,-3.62109375,1.44824219,-4.08496094,-4.64257812,0.615234375,-2.35351562,-1.078125
949,1,1,-5.35058594,8.57324219,-2.12207031,-3.71289062,1.18457031,-2.3984375,-1.6171875,-2.88085938,-1.15332031,-2.70117188
950,7,7,-4.77734375,-2.51464844,4.32714844,2.23339844,-2.79101562,-12.3496094,-18.7822266,10.6113281,1.63476562,0.70703125
951,5,5,-8.29589844,-6.26367188,-7.96484375,-2.14257812,2.76953125,6.14355469,-8.29785156,-0.0888671875,1.70214844,4.45214844
952,6,6,0.977539062,-6.81347656,-3.13574219,-4.36425781,1.42382812,-0.458007812,7.34277344,-6.07617188,-1.66796875,-0.103515625
953,4,4,-8.56738281,0.517578125,-7.74902344,-8.05761719,13.3544922,-5.80273438,-9.68457031,1.44140625,-2.5078125,3.95117188
954,9,9,-9.12304688,-6.58105469,-5.35839844,2.47949219,2.61816406,-1.04882812,-17.2802734,0.1796875,-0.608398438,10.8134766
955,5,5,-7.49804688,-12.7568359,-6.53613281,3.4296875,-5.13671875,13.1953125,3.375,-20.3203125,2.98828125,3.17089844
956,1,2,-6.63867188,3.61230469,3.8046875,0.6328125,-1.47265625,-0.1484375,-0.774414062,-5.70703125,-3.95019531,-7.40429688
957,3,3,-6.28710938,-4.28027344,-3.24414062,11.2587891,-6.21289062,3.31445312,-10.6660156,-8.18359375,1.13769531,0.736328125
958,3,3,0.298828125,-2.54003906,0.966796875,5.92089844,-7.80761719,0.515625,-5.50488281,-2.29589844,-2.45605469,-3.64550781
959,4,4,-8.88476562,-0.705078125,-3.19921875,0.0029296875,5.05078125,-1.359375,-8.65722656,-3.04296875,0.118164062,3.01367188
960,7,7,-7.04101562,-3.35839844,-4.09863281,1.01367188,0.822265625,-2.1171875,-14.9033203,6.61816406,0.377929688,3.9609375
961,8,8,-3.40039062,-3.11035156,1.72265625,0.615234375,-4.16015625,-3.57421875,-6.68945312,-5.11132812,11.5175781,-1.96679688
962,9,9,-6.80371094,-5.12890625,-3.7734375,-0.504882812,2.66015625,-3.8671875,-14.2832031,4.4921875,1.16601562,7.47753906
963,1,1,-2.7578125,7.36230469,-2.2734375,-4.45605469,1.38085938,-3.45703125,-2.05175781,0.875,-1.50488281,-0.6796875
964,1,1,-1.90722656,7.14941406,-1.58984375,-4.31542969,1.09472656,-3.95117188,-1.81445312,1.51660156,-1.62109375,-1.85253906
965,6,6,4.44042969,-4.29492188,-1.62695312,-2.49609375,-4.37207031,1.38183594,6.13574219,-6.53613281,-1.48632812,-5.94921875
966,9,9,-6.83007812,-6.84765625,-5.84960938,-1.61328125,2.64453125,-2.45996094,-13.6757812,1.56933594,3.89648438,10.2197266
967,1,1,-2.47363281,10.4658203,-1.66113281,-6.36621094,0.907226562,-5.40820312,-2.515625,0.331054688,-0.811523438,-2.05175781
968,4,4,-10.3662109,0.03515625,-6.98535156,-5.51855469,11.7470703,-3.64257812,-8.84472656,-1.87109375,-0.747070312,3.81445312
969,4,4,-3.95410156,-5.61328125,-2.62890625,-5.16015625,4.62792969,-0.702148438,-4.1328125,-0.015625,1.87109375,4.109375
970,5,5,-7.4453125,-10.6035156,-5.96582031,0.428710938,-4.67089844,13.8642578,0.0771484375,-13.9013672,4.11621094,4.13671875
971,4,4,-10.0986328,-6.62304688,-4.74804688,-8.08984375,14.0976562,-5.3125,-9.97949219,-2.59570312,1.92675781,3.5234375
972,0,0,13.0117188,-8.12011719,1.69140625,-7.73144531,-9.32910156,-3.17871094,1.3984375,-3.94433594,-0.923828125,-1.87304688
973,6,6,1.9140625,-6.72949219,-3.08691406,-4.96582031,-0.408203125,-0.231445312,11.9921875,-8.51367188,-1.48925781,-3.4140625
974,2,2,0.264648438,1.39257812,15.3574219,1.21679688,-12.7255859,-7.96289062,-10.1875,2.015625,0.665039062,-8.15527344
975,2,2,2.578125,-7.25292969,8.82910156,2.78222656,-8.16894531,-7.64257812,-8.73535156,1.83105469,1.99804688,-4.00195312
976,3,3,-6.46875,-2.55566406,1.83984375,10.6523438,-8.44433594,-1.53808594,-12.5927734,-3.60058594,4.18945312,-0.47265625
977,1,1,-2.06933594,9.63671875,-2.50390625,-6.90234375,2.22070312,-6.83984375,-1.22753906,-0.555664062,-1.34277344,-2.46289062
978,5,5,-8.19726562,-13.7314453,-7.35839844,3.59277344,-9.18359375,16.8681641,-3.86230469,-16.5039062,6.42089844,6.50976562
979,1,1,-4.85839844,9.52050781,1.421875,-2.86621094,-1.00488281,-5.65527344,-6.24804688,1.19921875,-0.629882812,-3.67382812
980,2,2,-2.421875,0.194335938,11.6132812,-0.454101562,-3.34960938,-7.484375,-6.91699219,2.34472656,-0.581054688,-8.171875
981,0,0,10.1357422,-6.828125,0.953125,-6.78613281,-4.79492188,-4.24023438,2.47070312,-4.73925781,-0.63671875,-2.2734375
982,3,3,-2.7734375,-0.91015625,8.03515625,9.96289062,-13.4150391,-6.42773438,-15.8076172,2.71777344,2.55273438,-5.1328125
983,8,8,-3.0859375,-3.6328125,-0.1484375,-0.7734375,-2.05175781,-2.97070312,-4.17382812,-6.80761719,10.546875,0.346679688
984,1,1,-3.63574219,8.71386719,-2.359375,-4.13867188,1.68847656,-4.04492188,-3.52441406,0.47265625,-1.93066406,-0.555664062
985,2,2,-0.734375,1.06152344,13.0283203,1.296875,-10.8623047,-6.52832031,-7.74121094,-1.80957031,4.45996094,-8.57519531
986,6,6,0.573242188,-8.82714844,-3.31738281,-3.96386719,-2.75683594,2.6015625,13.1289062,-14.2832031,1.49023438,-2.95410156
987,7,7,-4.31542969,-1.61328125,-1.31738281,0.729492188,-1.93164062,-2.30273438,-11.6357422,10.3476562,-2.69140625,0.439453125
988,1,1,-4.37988281,5.70703125,-1.31542969,-2.05371094,-0.409179688,-1.83886719,-4.92773438,0.663085938,-0.423828125,-0.181640625
989,6,6,2.76171875,-6.95410156,-0.51953125,-3.61328125,-2.21777344,-0.32421875,8.44140625,-7.13867188,-0.196289062,-2.51269531
990,2,2,-3.69140625,-0.19921875,9.07910156,1.33007812,-1.55078125,-9.05273438,-11.2080078,5.52539062,-0.750976562,-7.20703125
991,3,3,-7.08300781,-4.70996094,-0.7265625,15.0517578,-13.7402344,2.73144531,-16.9316406,-0.91796875,1.94140625,-2.53417969
992,9,9,-6.38378906,-8.70214844,-3.51171875,-2.5859375,1.72949219,-1.81445312,-12.6855469,2.06152344,4.83105469,9.66210938
993,0,0,9.19726562,-6.08203125,-1.26074219,-5.54785156,-5.18066406,-3.42089844,-0.76171875,-0.81640625,-0.439453125,0.983398438
994,1,1,-8.92285156,9.12792969,0.725585938,-1.70214844,-0.676757812,-3.3828125,-8.27929688,-0.493164062,0.385742188,-3.484375
995,2,2,3.24804688,-9.11230469,7.8828125,-1.48632812,-3.21679688,-7.78027344,-9.75,1.21582031,-2.79101562,-0.6953125
996,2,2,-2.8125,3.04492188,14.6640625,0.6875,-7.3125,-8.23339844,-7.70214844,0.426757812,0.3359375,-13.9521484
997,0,0,11.8085938,-6.68164062,1.63964844,-5.1640625,-7.015625,-4.60253906,0.204101562,-3.76953125,-0.911132812,-4.87207031
998,8,8,-3.18554688,-9.08007812,2.59277344,3.37207031,-4.62011719,-3.79199219,-11.2050781,-0.0400390625,8.578125,0.840820312
999,9,9,-4.65136719,-7.61914062,-2.22167969,-2,1.95117188,-2.03027344,-11.2099609,3.54980469,-0.0869140625,8.2265625
