index,expected,prediction,logit_0,logit_1,logit_2,logit_3,logit_4,logit_5,logit_6,logit_7,logit_8,logit_9
0,7,7,-1.06640625,-0.961914062,-1.43457031,0.197265625,-0.3671875,-0.240234375,-2.23730469,1.92871094,-1.34277344,0.151367188
1,2,7,-0.666992188,1.03417969,0.571289062,-2.16210938,-0.025390625,-1.66796875,-1.17871094,1.06445312,-1.64550781,-2.66113281
2,1,1,-0.328125,0.586914062,-0.76953125,-1.56542969,0.0771484375,-0.0732421875,0.30859375,-0.416015625,0.0205078125,-0.619140625
3,0,7,0.58203125,0.7734375,-0.392578125,-2.08105469,0.416015625,-2.4765625,-0.235351562,0.9765625,-2.296875,-1.59375
4,4,4,0.151367188,-0.987304688,-1.26757812,-2.99609375,1.79296875,-1.11328125,-0.862304688,0.290039062,-1.34472656,0.734375
5,1,1,-0.341796875,0.8984375,-1.21582031,-2.32421875,0.201171875,-0.166992188,0.107421875,-0.048828125,-0.171875,-0.602539062
6,4,4,-0.663085938,-0.416015625,-1.73925781,-3.13378906,1.41796875,0.185546875,-0.370117188,0.448242188,-0.86328125,-1.10839844
7,9,4,-0.590820312,-0.522460938,-0.123046875,-0.708007812,0.127929688,0.102539062,-0.799804688,-0.32421875,-0.73046875,-0.947265625
8,5,6,-0.387695312,-1.98144531,-2.08007812,-2.33398438,0.0888671875,1.15722656,1.74414062,-1.15429688,-1.16113281,0.290039062
9,9,7,-0.37109375,-1.08789062,-1.01953125,-0.696289062,-0.11328125,0.095703125,-2.17089844,0.682617188,-1.16015625,-0.231445312
10,0,7,1.40527344,0.18359375,-1.49316406,-2.9453125,0.0712890625,-2.81347656,-0.278320312,1.49316406,-3.25585938,0.108398438
11,6,6,-0.087890625,0.118164062,-0.63671875,-1.13183594,0.250976562,-0.614257812,0.875,0.298828125,-1.02929688,-1.48144531
12,9,7,-0.276367188,-0.322265625,-1.375,-1.5234375,0.428710938,0.252929688,-2.06054688,1.03613281,-1.28125,-0.151367188
13,0,7,1.15917969,0.908203125,-1.63378906,-3.32324219,0.275390625,-2.25878906,-0.73046875,1.70800781,-3.08300781,0.174804688
14,1,1,-0.670898438,0.66796875,-0.764648438,-0.74609375,-0.2421875,0.145507812,-0.197265625,-0.19140625,-0.1796875,-0.627929688
15,5,5,-0.190429688,0.0263671875,-1.38671875,-0.56640625,0.147460938,1.09179688,-0.736328125,-0.758789062,-2.86816406,-1.27734375
16,9,9,-0.060546875,-1.65039062,-1.15429688,-1.61328125,0.81640625,-1.14453125,-1.77148438,1.06640625,-1.13574219,1.66699219
17,7,7,-0.923828125,-1.36816406,-1.71191406,0.166992188,-0.1328125,-0.86328125,-2.46972656,2.48535156,-1.63867188,0.216796875
18,3,4,-0.485351562,-0.873046875,-0.0029296875,-0.862304688,0.256835938,-0.767578125,-0.434570312,-0.348632812,-1.11621094,-2.63183594
19,4,4,0.134765625,-0.123046875,-1.15234375,-2.65136719,1.30175781,-0.6796875,-1.4453125,0.955078125,-1.63964844,-1.80371094
20,9,7,-0.705078125,-0.0380859375,-1.90820312,-0.961914062,0.0400390625,0.899414062,-2.19238281,1.09667969,-1.79296875,-0.1484375
21,6,4,-0.586914062,0.3046875,-0.538085938,-1.59082031,0.729492188,-0.02734375,0.549804688,-0.502929688,-1.25683594,-2.13964844
22,6,6,-0.34765625,-0.6640625,-0.5703125,-1.04101562,0.1640625,-0.114257812,1.04589844,-0.430664062,-0.423828125,-0.293945312
23,5,5,-1.04296875,-0.77734375,-2.26269531,-0.524414062,-0.02734375,1.8359375,-0.55859375,-1.359375,-2.203125,-0.212890625
24,4,4,0.0986328125,-0.651367188,-0.208007812,-1.65722656,0.94140625,-0.509765625,-0.244140625,0.381835938,-0.938476562,-1.09960938
25,0,7,0.823242188,-0.04296875,-1.03125,-2.83203125,0.3125,-3.04882812,0.603515625,1.88085938,-2.3203125,-0.939453125
26,7,7,-0.495117188,-0.272460938,-1.37597656,-0.858398438,0.154296875,-0.474609375,-1.23144531,1.88964844,-1.39160156,0.108398438
27,4,4,0.400390625,-0.59765625,-1.04199219,-3.27441406,1.97949219,-1.06152344,-1.73046875,0.859375,-2.12207031,-0.71484375
28,0,7,0.606445312,0.270507812,-0.897460938,-1.79296875,-0.173828125,-2.15917969,-1.328125,1.515625,-2.25097656,-0.428710938
29,1,1,-0.876953125,0.489257812,-0.58203125,-0.751953125,-0.19921875,0.180664062,-0.424804688,0.060546875,-0.459960938,-0.662109375
30,3,3,-0.849609375,-1.44042969,-0.705078125,1.05761719,-0.7734375,-0.021484375,-1.94726562,-0.029296875,-1.28515625,-0.5390625
31,1,1,-0.849609375,0.4140625,-0.446289062,-0.619140625,0.0205078125,0.08203125,-0.5078125,0.133789062,-0.586914062,-0.651367188
32,3,7,-0.307617188,-1.18359375,-0.3671875,-0.185546875,-0.561523438,-0.322265625,-1.13867188,0.0478515625,-0.973632812,-2.17480469
33,4,4,-0.005859375,-0.165039062,0.450195312,-2.55761719,1.90332031,-1.60058594,-0.0166015625,-0.612304688,-2.13671875,-3.19433594
34,7,7,-1.34472656,-0.844726562,-1.80273438,0.1328125,-0.53515625,-0.0205078125,-3.19433594,1.62207031,-1.13085938,0.461914062
35,2,7,-1.51953125,-0.703125,0.0869140625,0.0380859375,-0.685546875,-0.680664062,-2.33886719,0.758789062,-1.99609375,-0.7265625
36,7,7,-0.560546875,-1.16308594,-0.28515625,-0.26953125,-0.309570312,-1.39257812,-0.885742188,1.25976562,-0.600585938,0.157226562
37,1,1,-0.680664062,0.802734375,-0.79296875,-1.05371094,-0.130859375,0.234375,-0.135742188,-0.0810546875,-0.31640625,-0.581054688
38,2,7,-0.325195312,-0.564453125,0.176757812,0.0576171875,-0.67578125,-0.977539062,-1.03515625,0.311523438,-1.1328125,-1.05957031
39,1,1,-0.42578125,0.815429688,-0.94140625,-1.42773438,-0.278320312,-0.025390625,0.211914062,-0.106445312,0.0732421875,-0.642578125
40,1,1,-0.264648438,0.279296875,-0.426757812,-0.530273438,-0.252929688,0.0595703125,-0.048828125,0.0361328125,-0.130859375,-0.25
41,7,7,-0.618164062,-0.454101562,0.188476562,-0.00390625,-0.301757812,-1.08886719,-0.8671875,0.659179688,-0.795898438,-0.983398438
42,4,4,-0.328125,0.130859375,-1.61132812,-2.69921875,1.3203125,0.340820312,-1.74902344,0.6875,-1.52148438,-0.4296875
43,2,4,-0.111328125,-0.264648438,0.586914062,-2.70214844,1.10058594,-1.66699219,-0.573242188,0.01953125,-1.02832031,-3.72265625
44,3,3,-0.790039062,-1.06054688,-0.612304688,0.280273438,-0.365234375,-0.33203125,-1.13085938,0.05078125,-1.17773438,-1.42871094
45,5,5,-0.547851562,0.208007812,-1.82128906,-0.791992188,-0.169921875,1.08691406,-0.864257812,-0.463867188,-1.41113281,-0.84375
46,1,1,-1.22851562,0.811523438,-0.388671875,-1.23925781,0.169921875,0.171875,-0.561523438,-0.141601562,-0.686523438,-1.34863281
47,2,2,-0.764648438,-1.02636719,1.20703125,-0.828125,0.767578125,-2.36621094,-0.956054688,0.580078125,-1.16699219,-2.68066406
48,4,4,-0.129882812,0.0048828125,-1.50390625,-2.88574219,1.32714844,0.0791015625,-1.28417969,0.76171875,-1.34179688,-1.41210938
49,4,4,0.327148438,-1.91113281,-0.306640625,-2.35058594,1.86816406,-1.296875,-1.33105469,0.171875,-1.50976562,-0.811523438
50,6,6,-0.409179688,0.243164062,-0.186523438,-1.41210938,0.51171875,-0.383789062,1.16699219,-0.8671875,-1.02734375,-2.09667969
51,3,3,-0.150390625,-0.904296875,-0.735351562,0.684570312,-0.326171875,-0.994140625,-1.66699219,0.301757812,-2.25683594,-1.39648438
52,5,5,-0.922851562,-0.346679688,-2.17578125,-1.13574219,0.2421875,1.65820312,-1.02539062,-0.454101562,-1.71289062,-1.6484375
53,5,5,-0.154296875,-0.439453125,-1.11523438,-0.09765625,-0.0380859375,0.916992188,-0.374023438,-0.881835938,-1.78808594,-0.6171875
54,6,6,0.0849609375,-1.15820312,0.095703125,-2.10839844,0.129882812,-0.884765625,2.94238281,-1.10058594,-0.05859375,-1.74023438
55,0,7,0.481445312,1.28417969,-1.90820312,-3.12109375,0.323242188,-1.5234375,-0.788085938,1.31933594,-1.77734375,0.169921875
56,4,4,0.390625,-0.840820312,-1.453125,-4.0703125,2.02929688,-0.740234375,-1.03613281,0.33984375,-1.97460938,-0.682617188
57,1,1,-0.178710938,0.451171875,-0.677734375,-1.43261719,-0.193359375,-0.170898438,0.208007812,-0.1796875,0.0087890625,-0.319335938
58,9,7,0.426757812,-1.32714844,-0.985351562,-1.87207031,0.534179688,-0.834960938,-1.84472656,0.9765625,-1.51660156,-0.0302734375
59,5,5,-0.999023438,-0.100585938,-2.13183594,-1.11816406,0.186523438,1.46972656,-1.26269531,0.975585938,-1.62597656,-0.0615234375
60,7,7,-1.18261719,-0.849609375,-1.36425781,-0.135742188,0.107421875,-0.41015625,-2.44140625,1.99316406,-1.88671875,-0.66015625
61,8,5,-1.67871094,-1.08300781,-0.432617188,-0.388671875,-0.501953125,0.668945312,-1.90917969,-0.423828125,-0.866210938,-0.459960938
62,9,5,-0.762695312,-0.725585938,-1.07910156,-0.381835938,-0.29296875,0.598632812,-0.918945312,0.163085938,-0.705078125,0.198242188
63,3,3,-1.26757812,-2.64746094,-0.588867188,0.999023438,-1.02246094,-0.31640625,-3.65527344,0.21484375,-1.29296875,-1.67285156
64,7,7,-0.52734375,-1.37597656,-0.912109375,0.015625,-0.229492188,-1.11914062,-3.25292969,1.54003906,-1.65234375,-1.45507812
65,4,4,-0.400390625,0.130859375,-0.576171875,-1.44335938,0.625,0.116210938,-1.20410156,0.32421875,-0.720703125,-1.45898438
66,6,6,0.02734375,-0.640625,-0.27734375,-0.861328125,-0.03125,-0.840820312,0.8828125,0.376953125,-0.915039062,-0.405273438
67,4,4,0.235351562,-1.39355469,-0.497070312,-3.21972656,1.53125,-0.776367188,-0.271484375,-0.270507812,-0.900390625,-1.3359375
68,3,3,-0.887695312,-2.11621094,-1.06542969,1.09667969,-1.27050781,0.0947265625,-3.22753906,0.484375,-1.11816406,-0.609375
69,0,7,0.859375,-0.69921875,-0.78515625,-1.75585938,-0.021484375,-1.58496094,1.19921875,1.49707031,-2.80371094,-0.846679688
70,7,7,-0.806640625,-0.91796875,-1.30371094,0.217773438,-0.184570312,-0.674804688,-2.1796875,2.12792969,-1.83496094,-0.501953125
71,0,7,1.54882812,0.158203125,-1.55957031,-3.97753906,0.247070312,-3.91796875,0.163085938,1.83496094,-3.75878906,-0.112304688
72,2,7,-0.052734375,-0.397460938,-0.870117188,-1.10742188,-0.712890625,-1.04003906,-2.07324219,1.19140625,-1.75683594,0.18359375
73,9,7,-1.40722656,-0.315429688,-0.7734375,-0.412109375,-0.15625,0.291015625,-3.01269531,0.721679688,-1.25292969,-0.0068359375
74,1,1,-0.75,0.962890625,-1.05761719,-1.19726562,-0.072265625,0.333984375,0.0341796875,-0.296875,-0.228515625,-0.545898438
75,7,7,-0.569335938,0.01171875,-1.1953125,-1.15332031,0.258789062,-0.581054688,-2.20410156,1.78417969,-1.79394531,-2.45898438
76,3,3,-1.109375,-1.1640625,-0.883789062,0.6171875,-0.540039062,0.247070312,-2.19042969,-0.25390625,-1.15527344,-1.40429688
77,2,2,-0.711914062,-0.641601562,0.685546875,-0.401367188,-0.138671875,-1.66503906,-0.4921875,0.545898438,-0.672851562,-0.905273438
78,9,5,-0.750976562,-0.30078125,-0.965820312,-1.1796875,0.080078125,0.404296875,-1.84277344,0.052734375,-0.751953125,-0.616210938
79,7,7,-1.19042969,0.01953125,-1.09863281,-0.471679688,-0.563476562,-0.172851562,-2.52832031,1.7734375,-1.73730469,-1.02539062
80,7,7,-0.216796875,0.029296875,-1.17675781,-0.990234375,0.119140625,0.0419921875,-1.21582031,1.32421875,-1.18261719,-0.177734375
81,6,1,-0.431640625,0.553710938,-0.21875,-1.32910156,0.0166015625,-0.514648438,0.36328125,0.413085938,-1.72949219,-0.798828125
82,2,7,-1.41113281,-0.318359375,0.82421875,-0.8125,0.0537109375,-2.26171875,-2.80859375,1.15136719,-1.67871094,-1.21972656
83,7,7,-0.311523438,-0.73046875,-1.53417969,-1.07421875,0.248046875,-0.46875,-0.98828125,1.89746094,-1.38867188,0.299804688
84,8,5,-0.991210938,-0.899414062,-1.58496094,-1.60839844,0.197265625,1.1953125,-0.5390625,-0.57421875,-0.115234375,-0.499023438
85,4,4,0.11328125,-0.541992188,-1.05664062,-3.27636719,1.34765625,-0.524414062,-0.702148438,0.344726562,-1.28125,-1.97753906
86,7,7,-1.34179688,-0.743164062,-1.09472656,0.213867188,-0.4375,0.0029296875,-2.6796875,1.23535156,-0.907226562,-0.0029296875
87,3,7,-0.0517578125,-0.713867188,-0.485351562,0.0390625,-0.095703125,-0.836914062,-0.763671875,0.703125,-1.625,-1.93066406
88,6,6,-0.461914062,0.231445312,-0.013671875,-0.760742188,0.403320312,-0.413085938,0.415039062,-0.251953125,-1.23046875,-1.69238281
89,1,1,-0.474609375,0.579101562,-1.13964844,-2.12304688,0.278320312,0.168945312,-0.424804688,-0.143554688,-0.409179688,-0.994140625
90,3,5,-1.06640625,-0.893554688,-1.26855469,0.370117188,-0.908203125,0.52734375,-2.37597656,-0.064453125,-1.2734375,-0.265625
91,6,6,-0.680664062,0.266601562,-0.05078125,-0.890625,0.5078125,-0.385742188,0.719726562,-0.756835938,-1.19433594,-2.00878906
92,9,5,-0.655273438,-0.27734375,-1.16699219,-1.01074219,0.250976562,0.6640625,-1.96289062,0.2890625,-0.944335938,-0.137695312
93,3,3,-1.45507812,-1.953125,-1.234375,1.50585938,-0.774414062,0.877929688,-3.54980469,-0.483398438,-2.14550781,0.01953125
94,1,1,-1.17675781,1.37109375,-0.611328125,-1.46777344,0.124023438,0.243164062,-0.173828125,-0.133789062,-0.631835938,-1.03710938
95,4,4,0.223632812,-0.815429688,-0.16015625,-2.34277344,1.04394531,-1.58984375,0.291015625,-0.2890625,-0.858398438,-1.44921875
96,1,5,-0.854492188,-0.134765625,-0.444335938,-0.407226562,-0.177734375,0.198242188,-0.485351562,-0.0673828125,-0.481445312,-0.5703125
97,7,7,-0.515625,-0.900390625,-0.3125,0.0625,0.150390625,-1.578125,-1.89355469,1.09179688,-1.14746094,-2.29003906
98,6,6,-0.5546875,0.661132812,-0.567382812,-2.12109375,0.6015625,0.0546875,0.875,-0.380859375,-2.0234375,-1.671875
99,9,4,-0.182617188,-1.75097656,-0.439453125,-0.926757812,0.491210938,-0.775390625,-2.17480469,0.427734375,-1.03027344,0.4609375
100,6,6,-0.383789062,0.15234375,-0.431640625,-0.498046875,0.0712890625,-0.0869140625,0.4140625,-0.001953125,-0.776367188,-1.27734375
101,0,7,1.22949219,1.24707031,-1.33398438,-3.25976562,0.04296875,-1.93066406,-0.015625,1.43847656,-3.24902344,-0.728515625
102,5,5,-1.02636719,-0.725585938,-2.44335938,-0.383789062,-0.484375,1.93945312,-0.8046875,-1.13183594,-1.96875,-1.17480469
103,4,4,0.49609375,-1.62988281,-0.569335938,-3.28613281,1.95800781,-1.65429688,-0.5,0.0107421875,-1.44726562,-0.647460938
104,9,9,0.43359375,-1.97949219,-1.33886719,-0.95703125,0.099609375,-0.0654296875,-0.737304688,-0.03125,-1.59667969,1.15332031
105,9,9,-0.19140625,-1.52148438,-1.02832031,-1.38476562,0.478515625,-0.130859375,-1.91503906,0.5625,-0.84375,0.827148438
106,2,7,-0.2578125,-0.204101562,-0.447265625,-1.7109375,-0.248046875,-1.60839844,-1.67773438,1.11132812,-1.51269531,-0.268554688
107,1,1,-0.51171875,1.24511719,-1.94628906,-3.40917969,0.65234375,-0.22265625,0.060546875,-0.311523438,-0.233398438,-1.32714844
108,9,7,-0.399414062,-0.221679688,-0.877929688,-0.90234375,0.12109375,0.150390625,-1.33886719,0.749023438,-1.27539062,-0.635742188
109,4,4,0.0107421875,0.0498046875,-0.333984375,-2.19628906,0.936523438,-0.7578125,-0.270507812,0.2890625,-1.30957031,-1.15917969
110,8,5,-1.23632812,0.4375,-1.13769531,-1.43652344,-0.200195312,0.499023438,-1.46191406,-0.278320312,-0.194335938,-0.989257812
111,7,7,-0.7734375,-0.34375,-0.912109375,-0.314453125,-0.313476562,-0.1484375,-1.83496094,0.555664062,-0.373046875,0.125
112,3,5,-1.09472656,-0.8203125,-0.90234375,0.250976562,-0.649414062,0.44921875,-1.625,0.05078125,-0.7265625,-1.23046875
113,9,7,-0.5703125,-0.776367188,-0.5546875,-0.489257812,0.203125,-0.0205078125,-2.12695312,0.41796875,-0.806640625,-0.0537109375
114,7,3,-0.927734375,-1.78222656,0.03515625,0.553710938,-0.431640625,-0.869140625,-1.84960938,0.048828125,-0.63671875,-0.985351562
115,4,4,-0.418945312,-0.240234375,-0.576171875,-1.24609375,0.461914062,0.186523438,-0.17578125,-0.640625,-0.430664062,-0.419921875
116,4,4,-0.748046875,0.459960938,-1.32128906,-1.53320312,0.88671875,0.609375,-1.83105469,0.504882812,-1.54101562,-1.08691406
117,4,4,0.404296875,-1.90332031,-0.786132812,-4.12109375,2.60839844,-1.31347656,-1.8984375,0.71875,-2.33984375,-2.234375
118,9,9,-0.438476562,-0.45703125,-0.793945312,-0.809570312,-0.06640625,0.0849609375,-1.11230469,0.104492188,-0.323242188,0.204101562
119,2,7,-0.99609375,-1.21289062,-0.272460938,-0.662109375,-0.233398438,-1.39160156,-1.171875,1.44921875,-1.1953125,0.354492188
120,5,5,0.01953125,-2.28613281,-2.29003906,-0.275390625,-0.828125,1.90527344,-1.26757812,-1.13183594,-2.56054688,-0.27734375
121,4,4,0.116210938,-0.178710938,-0.384765625,-1.66894531,0.490234375,-0.841796875,-0.130859375,-0.383789062,-0.719726562,-0.23828125
122,7,7,-1.11035156,-0.943359375,-0.721679688,0.161132812,-0.337890625,-0.240234375,-2.06738281,1.04882812,-0.72265625,0.138671875
123,6,6,-0.396484375,0.241210938,0.111328125,-0.853515625,0.310546875,-0.65625,0.927734375,-0.541015625,-1.25488281,-1.48828125
124,7,7,-0.915039062,0.262695312,-1.58789062,-2.31542969,1.24902344,-0.571289062,-2.36914062,2.18652344,-2.53320312,-3.83496094
125,9,4,-0.684570312,-0.5,-0.0869140625,-0.796875,0.432617188,-0.1640625,-1.36425781,0.163085938,-0.8359375,-0.134765625
126,0,0,0.90625,-1.109375,-0.401367188,-0.954101562,-0.581054688,-1.35644531,-0.03125,0.3515625,-2.16894531,-0.151367188
127,5,5,-1.46679688,-1.0859375,-3.59667969,-0.927734375,0.188476562,3.13769531,-1.41699219,-1.61425781,-2.7109375,-0.579101562
128,8,5,-1.62890625,-0.8125,-1.51660156,-0.796875,-0.46875,1.13476562,-1.94042969,-0.176757812,-0.673828125,0.015625
129,5,5,-1.23730469,-1.27050781,-3.296875,-0.604492188,0.0751953125,2.6015625,-1.02246094,-1.84179688,-2.61621094,-0.208984375
130,6,6,-0.705078125,-0.333984375,-0.135742188,-0.892578125,0.1875,-0.236328125,0.521484375,-0.4609375,-1.59472656,-1.27441406
131,6,6,-0.424804688,-0.0634765625,-0.364257812,-1.37890625,0.2734375,-0.376953125,0.80859375,-0.395507812,-1.73242188,-1.10839844
132,5,5,-1.16308594,-1.46191406,-1.92089844,-0.052734375,-0.122070312,1.88671875,-0.811523438,-2.29492188,-2.81542969,-0.967773438
133,7,3,-1.30078125,-1.95507812,0.266601562,1.27050781,-0.762695312,-0.922851562,-3.47949219,0.860351562,-0.756835938,-0.896484375
134,8,5,-1.44433594,-0.454101562,-1.37890625,-0.791015625,-0.67578125,1.12207031,-1.40429688,-0.450195312,-0.248046875,0.0341796875
135,1,1,-0.317382812,0.484375,-0.696289062,-1.01855469,-0.450195312,-0.08203125,0.109375,-0.172851562,0.0966796875,-0.453125
136,0,7,0.521484375,0.331054688,-1.15527344,-2.01855469,-0.172851562,-1.54003906,-0.987304688,1.66015625,-2.08496094,0.259765625
137,1,1,-0.538085938,0.75390625,-1.23046875,-2.21582031,0.3046875,0.08984375,-0.549804688,-0.282226562,-0.443359375,-0.978515625
138,6,6,-0.169921875,0.356445312,-0.0166015625,-0.916015625,0.578125,-0.903320312,0.719726562,-0.05078125,-1.52832031,-1.92675781
139,4,4,-0.120117188,-0.73828125,-1.11914062,-1.99316406,0.9921875,-0.587890625,-1.84863281,0.02734375,-0.8828125,0.454101562
140,6,1,-0.521484375,0.782226562,-0.493164062,-1.39453125,0.420898438,0.099609375,0.62890625,-0.473632812,-0.939453125,-1.47070312
141,7,7,-0.723632812,-0.01171875,-1.77050781,-0.790039062,-0.044921875,-0.203125,-1.87207031,2.08398438,-1.50585938,-0.180664062
142,3,3,-0.352539062,-1.97070312,-0.529296875,0.75390625,-1.25195312,0.161132812,-1.68261719,-0.657226562,-0.8515625,0.111328125
143,1,1,-0.266601562,0.45703125,-0.614257812,-1.34863281,-0.076171875,-0.125,0.0712890625,-0.26953125,-0.03515625,-0.517578125
144,7,7,-0.694335938,-1.82421875,-0.353515625,0.3203125,-0.374023438,-0.927734375,-2.21386719,0.594726562,-1.14941406,-1.94335938
145,1,1,-0.854492188,0.880859375,-0.622070312,-0.9609375,-0.05859375,0.412109375,-0.150390625,-0.234375,-0.3984375,-0.590820312
146,8,5,-1.22753906,-1.36230469,-1.33789062,-0.321289062,-0.466796875,0.780273438,-1.97558594,0.0546875,-0.517578125,0.559570312
147,2,2,-0.861328125,-0.873046875,0.778320312,-1.25488281,0.493164062,-2.18457031,-1.17871094,0.409179688,-1.41503906,-1.94140625
148,0,7,0.569335938,0.891601562,-0.969726562,-2.51074219,-0.033203125,-2.06542969,-0.564453125,1.08203125,-2.20410156,-0.13671875
149,2,2,-0.612304688,-0.736328125,0.948242188,-1.34960938,0.845703125,-2.17675781,-0.848632812,0.423828125,-1.00097656,-3.22070312
150,9,9,-0.114257812,-1.78320312,-1.3984375,-1.55566406,0.237304688,-0.0595703125,-1.49414062,0.265625,-0.775390625,1.359375
151,9,9,0.314453125,-2.09960938,-0.78125,-1.08300781,-0.182617188,-0.55859375,-0.690429688,-0.576171875,-0.827148438,1.82617188
152,5,5,-1.140625,-0.576171875,-2.4765625,-1.68554688,0.68359375,2.2734375,-1.53222656,-0.15625,-1.7265625,-0.534179688
153,5,5,-1.359375,-0.413085938,-1.5234375,-0.81640625,-0.181640625,1.85449219,-0.9765625,-1.46777344,-1.54199219,-0.522460938
154,1,1,-0.541015625,0.434570312,-0.439453125,-0.59765625,-0.09765625,-0.00390625,-0.250976562,0.0810546875,-0.4375,-0.521484375
155,5,5,-1.20703125,-1.84570312,-2.51074219,-0.637695312,0.522460938,2.07226562,-1.70507812,-1.54003906,-2.76660156,-1.06347656
156,6,4,-0.359375,-0.223632812,-0.102539062,-0.689453125,0.786132812,-0.40625,0.301757812,-0.0654296875,-1.28613281,-2.17675781
157,0,7,0.411132812,0.25390625,-0.780273438,-1.63867188,-0.211914062,-1.24511719,-0.549804688,1.59667969,-1.99121094,-0.0439453125
158,3,3,-0.5859375,-1.31152344,-0.76171875,0.693359375,-0.9609375,0.172851562,-1.57226562,-0.170898438,-1.3515625,-0.259765625
159,4,4,-0.1328125,-0.28515625,0.197265625,-1.6953125,1.03125,-0.80859375,0.10546875,-0.12109375,-0.943359375,-2.28027344
160,4,4,-1.18652344,0.75390625,-1.43066406,-1.62011719,0.99609375,0.901367188,-1.25976562,0.27734375,-1.1953125,-1.41503906
161,6,6,-0.131835938,-0.21484375,0.349609375,-1.83886719,1.03710938,-0.958984375,1.25292969,-0.682617188,-1.57324219,-3.65039062
162,5,5,-1.76074219,-1.84765625,-4.13378906,-0.34765625,-0.138671875,3.79199219,-1.65625,-2.40234375,-3.58105469,-0.173828125
163,4,4,0.703125,-2.1484375,-0.366210938,-3.33007812,2.0234375,-1.26367188,-0.762695312,0.0947265625,-1.29296875,-0.865234375
164,6,4,-0.40234375,0.122070312,-0.388671875,-0.530273438,0.294921875,-0.201171875,0.25390625,-0.0078125,-0.866210938,-1.64550781
165,5,5,-0.325195312,-1.1875,-1.86132812,-0.0068359375,-0.080078125,1.38085938,-0.653320312,-1.58691406,-2.9921875,-0.606445312
166,4,4,-0.366210938,0.2890625,-0.174804688,-2.12402344,0.637695312,-0.203125,-0.52734375,-0.001953125,-0.759765625,-1.57617188
167,5,7,-0.319335938,-0.547851562,-0.49609375,-1.27929688,0.825195312,-0.65625,-1.33789062,1.01074219,-1.97949219,-3.01464844
168,1,1,-0.815429688,1.08886719,-0.670898438,-1.14746094,-0.064453125,0.193359375,0.033203125,-0.174804688,-0.34765625,-0.897460938
169,4,4,0.0595703125,0.0361328125,-0.829101562,-2.26464844,1.17285156,-0.322265625,-1.06835938,0.740234375,-1.14746094,-2.40429688
170,4,4,-0.42578125,-0.171875,-0.8125,-1.55175781,0.881835938,0.426757812,-1.46972656,0.22265625,-0.9921875,-1.1796875
171,7,3,-1.21484375,-1.2421875,-0.73046875,0.84765625,-0.694335938,0.198242188,-3.078125,0.365234375,-0.865234375,-0.267578125
172,2,7,-0.876953125,1.21582031,-0.587890625,-1.76074219,-0.912109375,-0.8125,-1.953125,1.67089844,-1.0703125,-2.17480469
173,3,7,-0.149414062,-0.560546875,-1.10546875,0.352539062,-0.512695312,-0.0537109375,-1.62304688,0.592773438,-1.79980469,-0.935546875
174,2,2,-1.24804688,-0.90234375,0.559570312,-0.180664062,-0.500976562,-0.74609375,-1.97851562,0.232421875,-0.46875,-0.678710938
175,7,7,-0.619140625,-0.58203125,-0.66796875,0.0234375,-0.408203125,0.122070312,-1.1171875,0.359375,-0.243164062,0.23828125
176,1,1,-0.348632812,0.55859375,-0.556640625,-0.993164062,-0.10546875,0.0478515625,0.318359375,-0.239257812,-0.017578125,-0.494140625
177,8,5,-0.9140625,-0.51953125,-1.01855469,-0.982421875,-0.25390625,0.51171875,-1.03027344,-0.06640625,-0.711914062,-0.145507812
178,1,1,-0.34765625,0.489257812,-0.596679688,-1.00683594,-0.287109375,-0.04296875,0.13671875,-0.172851562,-0.00390625,-0.411132812
179,8,5,-1.87304688,-0.455078125,-0.255859375,-0.672851562,-0.611328125,0.548828125,-1.83203125,0.19140625,-0.704101562,-0.666992188
180,1,1,-0.387695312,0.321289062,-0.470703125,-0.719726562,-0.268554688,-0.0634765625,-0.126953125,-0.0859375,-0.142578125,-0.424804688
181,8,5,-2.09765625,0.396484375,-1.33496094,-1.59570312,-0.2734375,1.19433594,-0.798828125,-0.459960938,-0.545898438,-0.759765625
182,5,5,-1.14355469,-0.078125,-1.93945312,-0.919921875,0.0068359375,1.85839844,-0.403320312,-1.08398438,-1.55566406,-0.6796875
183,0,7,1.27441406,-0.555664062,-1.13769531,-3.23242188,0.456054688,-3.53808594,0.512695312,1.29785156,-2.93847656,-0.33203125
184,8,7,-1.04394531,0.280273438,-0.934570312,-0.786132812,-0.422851562,0.133789062,-1.55957031,0.389648438,-0.630859375,-1.19824219
185,9,9,-0.1171875,-0.625,-0.604492188,-1.54394531,0.171875,-0.983398438,-0.624023438,0.22265625,-0.815429688,0.516601562
186,2,7,-0.9375,-1.359375,0.0654296875,0.467773438,-1.03515625,-1.50683594,-2.40917969,1.11035156,-0.991210938,-1.08886719
187,5,5,-0.368164062,-1.78027344,-2.40527344,0.118164062,-0.431640625,2.14257812,-2.18359375,-1.37890625,-3.02636719,-0.228515625
188,0,1,1.04882812,2.4140625,-2.45996094,-4.3203125,0.529296875,-2.34179688,-0.7109375,1.56835938,-3.23535156,-1.84179688
189,1,1,-0.818359375,0.655273438,-0.47265625,-0.848632812,0.052734375,0.232421875,-0.143554688,-0.209960938,-0.461914062,-0.8984375
190,1,1,-0.384765625,0.66015625,-1.20996094,-2.3515625,0.244140625,-0.0712890625,-0.723632812,0.245117188,-0.514648438,-0.586914062
191,1,5,-0.9921875,0.288085938,-0.45703125,-0.709960938,0.0390625,0.314453125,-0.553710938,-0.169921875,-0.573242188,-0.766601562
192,0,1,0.432617188,2.25488281,-2.30664062,-4.57226562,0.478515625,-2.40625,-0.686523438,0.771484375,-2.39160156,-1.01757812
193,9,5,-0.111328125,-1.79882812,-0.420898438,-1.00585938,-0.08203125,0.05078125,-0.609375,-0.306640625,-0.326171875,-0.139648438
194,0,7,1.04785156,0.59375,-1.453125,-2.27246094,-0.188476562,-1.87792969,-1.36132812,1.96484375,-2.75878906,0.126953125
195,3,2,-0.505859375,-0.559570312,0.0791015625,-0.16015625,0.0458984375,-0.404296875,-0.416992188,-0.221679688,-0.618164062,-1.63378906
196,1,1,-0.594726562,1.10742188,-0.934570312,-1.5234375,-0.147460938,0.149414062,0.30078125,-0.155273438,-0.0625,-0.848632812
197,6,6,-0.466796875,0.284179688,-0.401367188,-2.08203125,0.71484375,-0.245117188,1.26855469,-0.380859375,-1.6640625,-2.04785156
198,4,4,-0.388671875,0.4375,-1.45117188,-1.7890625,0.940429688,0.443359375,-1.81152344,0.749023438,-1.78320312,-1.078125
199,2,7,-1.49707031,-1.41894531,-0.07421875,0.93359375,-1.15136719,-0.98828125,-3.00488281,1.05078125,-1.234375,-0.212890625
200,3,3,-1.12304688,-1.71484375,-0.59765625,1.328125,-0.962890625,-0.06640625,-3.29785156,0.137695312,-1.59863281,-0.360351562
201,6,6,0.254882812,-0.624023438,0.525390625,-2.19140625,0.454101562,-1.92675781,1.83496094,-0.282226562,-1.12109375,-1.20898438
202,1,1,-0.40625,0.7578125,-1.70214844,-2.4296875,0.443359375,0.0087890625,-0.78515625,0.143554688,-0.578125,-0.747070312
203,1,1,-0.541992188,0.55078125,-0.55078125,-0.701171875,-0.0703125,0.166992188,0.04296875,-0.19140625,-0.325195312,-0.50390625
204,1,1,-0.272460938,0.607421875,-0.807617188,-1.62109375,0.029296875,-0.133789062,0.336914062,-0.341796875,0.102539062,-0.645507812
205,3,3,-0.5703125,-0.881835938,-0.342773438,0.407226562,-0.494140625,-0.4296875,-1.30664062,0.360351562,-0.68359375,-1.49414062
206,9,5,-0.751953125,-0.783203125,-1.48535156,-1.21679688,-0.0009765625,0.891601562,-1.2109375,0.310546875,-1.08691406,-0.080078125
207,5,5,-0.205078125,-0.500976562,-0.962890625,-0.216796875,-0.1328125,0.693359375,-0.751953125,-0.254882812,-1.91992188,-0.416992188
208,2,2,-1.11523438,-0.609375,1.55566406,-1.4296875,0.775390625,-2.63085938,-1.58203125,0.956054688,-1.66503906,-3.34375
209,9,7,0.1796875,-0.05078125,-1.09765625,-1.56738281,0.858398438,-0.32421875,-1.47851562,0.991210938,-2.0625,-1.81738281
210,4,4,0.001953125,-1.14355469,-1.61914062,-3.64355469,1.78222656,-0.913085938,-0.508789062,0.543945312,-1.26757812,0.96484375
211,5,5,-1.15722656,-0.7265625,-1.86523438,-0.416992188,-0.0029296875,1.82421875,-1.45019531,-0.166992188,-1.72265625,-0.483398438
212,9,7,-0.021484375,-1.09765625,-1.1015625,-1.34570312,0.47265625,-0.015625,-1.63378906,0.956054688,-1.62304688,0.529296875
213,3,7,-0.936523438,-1.43359375,-0.853515625,0.556640625,-0.788085938,0.249023438,-2.49316406,0.737304688,-0.879882812,-0.833007812
214,9,7,-0.815429688,-0.965820312,-0.7734375,-0.415039062,0.0234375,0.48828125,-2.40136719,0.508789062,-1.02441406,-0.259765625
215,0,7,0.677734375,0.376953125,-1.56054688,-2.79785156,-0.0634765625,-2.55371094,-1.04394531,1.61816406,-1.99707031,0.646484375
216,3,3,-0.875,-2.06738281,-1.03320312,1.33203125,-1.26757812,0.270507812,-3.52441406,0.224609375,-1.39160156,-0.598632812
217,6,5,-1.40722656,0.666992188,-2.26367188,-2.65429688,0.72265625,1.23535156,0.337890625,-0.573242188,-0.883789062,-1.46679688
218,5,5,-1.29394531,-0.204101562,-2.80664062,-0.565429688,0.037109375,1.74609375,-2.16113281,1.38867188,-2.66503906,-0.2265625
219,5,5,-1.32324219,-0.0556640625,-1.93066406,-0.478515625,-0.0341796875,1.15527344,-1.30566406,-1.06542969,-1.60644531,-1.10449219
220,7,7,0.0263671875,-0.9453125,-0.911132812,-1.03613281,0.2421875,-1.19824219,-0.284179688,1.44628906,-1.28027344,-0.0107421875
221,2,0,0.594726562,-2.21289062,-0.052734375,-0.395507812,-0.452148438,-1.48632812,-1.04492188,0.099609375,-0.900390625,-0.225585938
222,2,2,-0.364257812,-0.732421875,0.693359375,-0.866210938,0.259765625,-2.20996094,-1.20507812,0.524414062,-1.75292969,-1.5234375
223,7,7,-1.29980469,-1.3046875,-0.407226562,0.759765625,-0.592773438,-0.53125,-2.25292969,1.19433594,-1.06347656,0.0009765625
224,1,1,-0.272460938,0.430664062,-0.762695312,-1.36816406,0.15625,0.0146484375,-0.184570312,-0.142578125,-0.243164062,-0.6171875
225,2,3,-1.22851562,-1.51269531,-0.504882812,0.586914062,-1.48925781,0.193359375,-2.72851562,0.438476562,-0.80859375,0.295898438
226,8,5,-1.56347656,0.068359375,-1.14355469,-0.811523438,-0.327148438,0.788085938,-0.974609375,-0.149414062,-0.485351562,-0.831054688
227,4,4,-0.120117188,0.0830078125,-0.274414062,-1.671875,0.848632812,-0.272460938,-0.580078125,0.186523438,-0.842773438,-1.41699219
228,1,1,-0.301757812,0.682617188,-0.970703125,-1.90722656,0.11328125,-0.102539062,-0.103515625,-0.248046875,-0.334960938,-0.604492188
229,7,7,-0.990234375,-0.6484375,-0.602539062,0.209960938,-0.352539062,-0.0576171875,-1.75195312,0.946289062,-0.662109375,0.106445312
230,3,3,-1.24609375,-0.810546875,-0.672851562,0.83203125,-0.586914062,-0.0107421875,-1.96582031,-0.227539062,-1.55957031,-0.831054688
231,3,3,-1.17285156,-1.265625,-1.08007812,0.79296875,-1.08203125,0.697265625,-2.8125,-0.197265625,-1.02929688,0.068359375
232,8,5,-1.28808594,-0.69140625,-1.12597656,-1.45898438,-0.109375,1.42871094,-0.444335938,-0.993164062,-0.990234375,-0.643554688
233,8,5,-1.28808594,-1.15917969,-1.20898438,0.2421875,-0.75390625,0.734375,-2.07617188,0.165039062,-0.859375,0.02734375
234,7,7,-1.07324219,-1.21972656,-0.6328125,0.478515625,-0.803710938,-0.124023438,-2.35839844,0.959960938,-0.377929688,0.389648438
235,9,7,-0.157226562,-1.625,-0.576171875,-0.573242188,0.0517578125,-0.598632812,-1.10742188,0.830078125,-0.935546875,0.772460938
236,2,2,-0.827148438,-0.711914062,0.752929688,-0.0244140625,-0.616210938,-1.6796875,-1.74804688,0.604492188,-0.771484375,-1.09667969
237,2,2,-1.43359375,-0.970703125,1.52832031,-0.524414062,0.931640625,-2.52148438,-2.25585938,0.452148438,-1.38476562,-2.6328125
238,4,4,0.325195312,-0.663085938,-0.942382812,-2.9375,1.4375,-0.963867188,-1.44921875,0.534179688,-1.4140625,-1.31542969
239,1,1,-0.6328125,0.805664062,-0.6953125,-0.98828125,-0.0380859375,0.11328125,-0.013671875,-0.155273438,-0.342773438,-0.765625
240,5,5,-1.203125,-1.25683594,-1.69140625,-0.434570312,-0.229492188,2.10351562,-0.7734375,-2.13085938,-2.30957031,-0.692382812
241,9,9,-0.197265625,-2.23535156,-1.4765625,-0.532226562,-0.305664062,0.744140625,-1.62109375,-0.27734375,-1.62109375,1.20019531
242,8,7,-0.618164062,0.106445312,-1.67578125,-1.54101562,0.021484375,0.130859375,-2.0859375,0.174804688,-1.01269531,-0.168945312
243,7,7,-0.64453125,-1.140625,0.62109375,-0.125976562,0.389648438,-1.76367188,-1.83789062,1.12792969,-1.20019531,-2.85351562
244,2,2,-0.705078125,-1.02929688,0.888671875,0.0947265625,-0.1484375,-1.54589844,-1.25097656,0.520507812,-0.671875,-1.78222656
245,3,3,-0.607421875,-0.303710938,0.0224609375,0.392578125,0.321289062,-0.93359375,-1.02050781,0.243164062,-1.86914062,-2.15722656
246,0,0,2.140625,-0.259765625,-0.640625,-3.42089844,-0.25390625,-2.45410156,1.02148438,1.14160156,-3.45019531,-0.299804688
247,4,4,-0.0849609375,0.272460938,0.125,-3.26464844,1.37792969,-1.46875,-0.1328125,-0.190429688,-0.831054688,-4.43652344
248,4,4,0.532226562,-0.8125,-1.14746094,-3.62792969,1.44824219,-1.61621094,-0.099609375,-0.0791015625,-0.879882812,0.515625
249,2,7,-1.23339844,-0.491210938,0.255859375,0.512695312,-0.612304688,-0.995117188,-1.92285156,0.7265625,-0.9921875,-0.661132812
250,4,4,-0.297851562,0.15625,-0.646484375,-1.40234375,0.69140625,0.103515625,-1.21777344,0.502929688,-0.969726562,-1.4140625
251,1,1,-0.8125,1.09277344,-0.782226562,-0.99609375,-0.09765625,0.306640625,-0.138671875,-0.02734375,-0.37109375,-0.49609375
252,9,7,-0.068359375,-0.587890625,-0.673828125,-1.4296875,0.529296875,-0.404296875,-1.5546875,0.9609375,-1.3359375,-0.1953125
253,5,5,-1.25585938,-0.657226562,-1.77246094,-0.025390625,-0.1875,1.78515625,-1.20605469,-1.46875,-1.86035156,-0.4375
254,7,7,-1.16699219,-0.818359375,-0.872070312,0.146484375,-0.440429688,-0.208984375,-2.03515625,1.60449219,-1.10644531,0.076171875
255,7,7,-1.16113281,-1.28710938,-0.530273438,0.329101562,-0.723632812,-0.198242188,-2.25097656,1.04394531,-0.34765625,0.381835938
256,2,7,-1.39257812,-0.87109375,0.118164062,0.603515625,-0.8125,-1.15039062,-2.63867188,1.05175781,-0.983398438,-0.671875
257,8,1,-0.849609375,0.318359375,-0.489257812,-0.84375,-0.137695312,0.173828125,-0.510742188,-0.080078125,-0.2890625,-1.15234375
258,2,7,-0.505859375,-1.90429688,0.196289062,-0.0732421875,-0.198242188,-2.1796875,-2.15820312,0.669921875,-1.43261719,-0.607421875
259,6,1,0.870117188,1.49902344,-1.11914062,-3.01367188,0.5703125,-2.04492188,0.3671875,0.926757812,-2.80566406,-2.33691406
260,8,5,-1.62695312,-0.48828125,-1.77734375,-1.1640625,-0.229492188,1.35253906,-1.96484375,-0.619140625,-0.701171875,-0.137695312
261,5,5,-1.63476562,-0.553710938,-2.85839844,-0.0849609375,-0.0390625,2.08300781,-1.8125,-0.552734375,-2.02246094,-0.0751953125
262,7,7,-1.00488281,-0.4765625,-1.21386719,-0.31640625,-0.16796875,-0.375976562,-2.04101562,1.79199219,-1.2578125,-0.647460938
263,7,7,-1.06445312,-0.354492188,-0.600585938,-0.0390625,-0.209960938,-0.357421875,-1.97460938,1.04785156,-0.62890625,-0.0751953125
264,9,5,-1.10742188,0.01953125,-0.344726562,-0.567382812,-0.0537109375,0.381835938,-1.27148438,0.102539062,-0.69921875,-0.677734375
265,1,1,-0.736328125,0.575195312,-0.532226562,-0.836914062,-0.3671875,-0.056640625,-0.2109375,0.103515625,-0.2265625,-0.682617188
266,8,1,-0.451171875,0.551757812,-1.2265625,-0.91796875,0.147460938,-0.001953125,-0.665039062,0.0126953125,-1.42285156,-1.04296875
267,1,1,-0.591796875,0.625,-0.741210938,-1.03320312,-0.078125,-0.001953125,-0.078125,-0.1328125,-0.29296875,-0.5859375
268,8,0,0.310546875,-1.69433594,-0.680664062,-0.95703125,-0.15234375,0.13671875,-1.01269531,-0.768554688,-1.49902344,-0.7109375
269,0,7,0.962890625,-0.55078125,-0.698242188,-1.90917969,0.303710938,-2.2109375,0.631835938,1.46289062,-2.21679688,-0.89453125
270,3,5,-0.594726562,-1.046875,-1.54785156,0.377929688,-0.984375,1.20703125,-1.95703125,-0.44140625,-1.64746094,-0.204101562
271,0,7,0.557617188,-0.338867188,-0.6484375,-2.29980469,0.403320312,-2.77246094,-0.0439453125,0.889648438,-2.00878906,-0.34375
272,1,1,-0.619140625,0.734375,-0.591796875,-0.866210938,-0.0810546875,0.118164062,-0.0126953125,-0.15234375,-0.338867188,-0.713867188
273,9,9,-0.697265625,-2.04003906,-1.32617188,-0.674804688,0.0458984375,0.329101562,-2.05371094,0.165039062,-0.54296875,1.05078125
274,9,9,-0.482421875,-1.56347656,-0.952148438,-0.774414062,0.530273438,-0.258789062,-2.33007812,0.602539062,-1.15527344,1.04589844
275,4,4,-0.0830078125,0.21484375,-1.56152344,-2.94824219,1.68945312,-0.223632812,-1.64453125,0.947265625,-2.03125,-0.276367188
276,1,1,-0.333007812,0.547851562,-0.797851562,-1.37597656,-0.170898438,-0.0849609375,0.0517578125,-0.247070312,0.0693359375,-0.458984375
277,8,5,-1.13085938,-1.015625,-0.294921875,-0.04296875,-0.549804688,0.184570312,-1.39648438,-0.0234375,-0.5,-0.185546875
278,2,7,-0.359375,-1.36523438,-0.0625,-1.05566406,-0.421875,-1.98925781,-0.618164062,0.509765625,-0.744140625,0.342773438
279,1,1,-0.478515625,0.3828125,-0.38671875,-0.653320312,-0.103515625,-0.0537109375,-0.091796875,0.005859375,-0.327148438,-0.5625
280,2,7,-1.31054688,-0.078125,0.219726562,-0.287109375,-0.416992188,-1.53710938,-1.99609375,0.733398438,-1.171875,-1.3515625
281,9,9,0.0205078125,-0.598632812,-1.0546875,-1.20800781,0.124023438,-0.272460938,-2.22460938,0.37890625,-0.799804688,0.44921875
282,7,3,-1.01464844,-1.08203125,-0.333007812,0.451171875,-0.46875,0.083984375,-1.46582031,0.353515625,-0.545898438,0.151367188
283,5,5,-1.80761719,-0.705078125,-3.02929688,-0.759765625,0.249023438,2.71386719,-1.453125,-0.424804688,-2.24511719,-0.416992188
284,9,9,-0.0322265625,-1.37792969,-0.91015625,-1.1171875,0.418945312,-0.397460938,-1.0703125,0.8515625,-1.13964844,0.893554688
285,2,7,-0.0107421875,-0.977539062,0.080078125,-0.561523438,-0.350585938,-1.48632812,-0.86328125,0.4140625,-1.25292969,-0.965820312
286,6,1,-0.749023438,0.978515625,-0.930664062,-1.9609375,0.412109375,0.50390625,0.853515625,-0.577148438,-1.55371094,-1.32617188
287,4,4,0.53125,-1.1484375,-0.76171875,-3.77050781,1.75878906,-1.22949219,-0.489257812,0.0107421875,-1.375,-2.38085938
288,1,1,-0.759765625,0.833007812,-1.42382812,-2.15429688,0.0625,0.254882812,0.459960938,-0.26171875,0.0205078125,-0.5078125
289,5,5,-0.706054688,-0.329101562,-0.7734375,-0.770507812,0.165039062,1.11621094,-0.268554688,-1.4375,-1.59472656,-1.07617188
290,8,4,-0.419921875,-0.98828125,-0.545898438,-1.87011719,0.6328125,0.208007812,0.0361328125,-0.377929688,-0.09765625,-1.91308594
291,2,7,-2.06054688,1.29101562,0.715820312,-1.53710938,-0.318359375,-1.609375,-2.73632812,1.35058594,-1.51660156,-3.5234375
292,9,7,-0.33203125,-0.73046875,-0.194335938,-0.782226562,0.140625,-0.522460938,-0.533203125,0.384765625,-0.870117188,-0.021484375
293,2,2,-1.20507812,-0.990234375,1.71484375,-0.7890625,0.111328125,-2.75,-1.70605469,0.930664062,-1.30761719,-2.61816406
294,0,7,0.973632812,1.29785156,-1.42871094,-3.05957031,-0.083984375,-1.54199219,-1.08007812,1.5625,-2.45800781,-0.21875
295,4,4,0.0712890625,-0.147460938,-0.72265625,-2.96191406,1.33300781,-0.754882812,-1.3046875,0.861328125,-1.41699219,-2.63671875
296,0,0,1.42578125,0.736328125,-0.999023438,-3.17285156,0.668945312,-2.75,0.0185546875,1.1640625,-4.02441406,-1.37597656
297,0,6,1.04199219,-0.262695312,-0.989257812,-2.15234375,0.0595703125,-1.60351562,1.36621094,1.29394531,-2.59863281,-1.25097656
298,2,7,-1.24902344,0.09375,0.0400390625,-0.615234375,-0.514648438,-1.12402344,-1.61230469,1.10546875,-1.0703125,-1.58886719
299,8,5,-0.909179688,0.486328125,-1.73046875,-1.77832031,-0.338867188,0.748046875,-1.26367188,-0.0068359375,0.033203125,-0.708984375
300,4,4,-0.080078125,-0.392578125,0.173828125,-1.48339844,0.801757812,-1.27636719,0.122070312,-0.131835938,-0.9140625,-2.39355469
301,7,7,-0.909179688,-2.27929688,0.538085938,0.483398438,0.013671875,-1.73730469,-2.30761719,0.696289062,-1.09960938,-2.53125
302,1,1,-0.779296875,0.758789062,-0.577148438,-0.986328125,0.00390625,0.064453125,-0.0703125,-0.015625,-0.462890625,-0.810546875
303,2,7,-0.217773438,-0.860351562,0.19140625,-0.521484375,-0.111328125,-1.29785156,-0.4296875,0.291015625,-0.653320312,-0.4296875
304,4,4,-0.525390625,-0.965820312,-0.728515625,-1.20507812,0.682617188,0.234375,-1.22167969,-0.419921875,-0.654296875,-1.45019531
305,0,0,2.00488281,0.118164062,-1.35742188,-3.3828125,-0.833984375,-1.71484375,0.743164062,1.92675781,-2.84765625,0.102539062
306,2,2,-1.36914062,-0.6875,0.717773438,0.51171875,-0.48828125,-1.56054688,-2.38378906,0.452148438,-1.046875,-0.86328125
307,7,7,-0.932617188,-1.03222656,-0.556640625,-0.0380859375,-0.381835938,-0.235351562,-2.35449219,0.412109375,-0.791992188,-0.955078125
308,4,4,-0.4765625,0.163085938,-1.70410156,-2.53027344,1.16113281,0.598632812,-1.75976562,0.393554688,-0.973632812,-0.969726562
309,3,3,-0.620117188,-0.581054688,-0.80078125,0.442382812,-0.71484375,0.140625,-1.09277344,-0.250976562,-1.20410156,-0.736328125
310,3,3,-0.696289062,-1.14941406,-0.643554688,0.71484375,-0.619140625,-0.213867188,-1.99121094,-0.0458984375,-1.15234375,-1.19238281
311,0,7,1.02539062,-0.2578125,-0.767578125,-2.76074219,0.484375,-3.1015625,-0.124023438,1.51269531,-2.58496094,-0.54296875
312,0,7,0.758789062,0.564453125,-2.05566406,-3.73828125,0.37109375,-3.25976562,-0.888671875,1.80175781,-2.50195312,1.01171875
313,3,4,-0.225585938,-1.29296875,-0.837890625,0.340820312,0.356445312,-0.245117188,-1.04492188,-0.782226562,-2.37792969,-2.73730469
314,1,1,-0.811523438,0.928710938,-0.77734375,-1.109375,-0.0390625,0.288085938,0.0283203125,-0.315429688,-0.313476562,-0.762695312
315,9,9,-0.166015625,-2.35644531,-0.91015625,-0.611328125,-0.333007812,-0.30859375,-1.41308594,0.373046875,-0.700195312,0.811523438
316,6,6,-1.0859375,0.455078125,-1.12207031,-1.94140625,0.408203125,0.543945312,1.16210938,-0.990234375,-0.6796875,-1.15820312
317,5,7,-1.18457031,0.087890625,-1.9765625,-1.625,1.06738281,0.88671875,-2.92871094,2.02246094,-3.70019531,-2.51953125
318,2,0,0.848632812,-0.87109375,-0.458007812,-1.296875,-0.443359375,-1.63476562,-1.0234375,0.408203125,-1.84765625,-0.510742188
319,5,6,0.4375,-1.53320312,-1.13574219,-1.10839844,0.43359375,0.74609375,0.848632812,-2.00488281,-2.61132812,-1.34179688
320,9,5,-1,-0.250976562,-0.874023438,-0.346679688,-0.362304688,0.520507812,-0.967773438,-0.0244140625,-0.221679688,0.0224609375
321,2,7,-1.0625,-0.749023438,-1.06640625,-0.1953125,-0.705078125,-0.0068359375,-2.37011719,1.01269531,-0.390625,0.360351562
322,9,7,-0.430664062,-0.04296875,-1.09863281,-1.40234375,0.217773438,0.430664062,-1.92382812,1.08398438,-1.25585938,-0.548828125
323,3,3,-0.955078125,-1.29980469,-1.38085938,0.733398438,-1.22363281,0.515625,-2.78027344,0.510742188,-1.21679688,-0.309570312
324,0,7,0.39453125,0.813476562,-0.98046875,-1.6015625,0.153320312,-0.759765625,-0.135742188,0.831054688,-1.41992188,-0.486328125
325,4,4,0.0478515625,0.256835938,-0.709960938,-1.52441406,0.693359375,-0.765625,-0.9609375,0.10546875,-1.0078125,-0.205078125
326,2,4,-1.52050781,1.42480469,1.46777344,-2.61425781,1.79589844,-1.94335938,-1.796875,0.211914062,-1.71972656,-4.9140625
327,0,7,0.897460938,1.14355469,-2.26464844,-4.61425781,0.668945312,-3.59179688,-0.259765625,1.29101562,-2.83105469,0.405273438
328,7,7,-0.784179688,-0.58203125,-0.45703125,-0.235351562,-0.401367188,-0.200195312,-1.38183594,0.787109375,-0.895507812,-0.818359375
329,1,1,-0.432617188,0.368164062,-0.634765625,-0.87109375,-0.284179688,-0.0732421875,-0.0654296875,-0.134765625,-0.170898438,-0.536132812
330,1,1,-0.537109375,0.504882812,-0.684570312,-0.888671875,-0.126953125,0.0810546875,-0.0263671875,-0.206054688,-0.220703125,-0.487304688
331,2,7,-1.31054688,-0.650390625,0.58984375,0.227539062,-0.880859375,-1.02539062,-2.15917969,0.756835938,-0.58984375,-0.940429688
332,1,1,-0.361328125,0.407226562,-0.586914062,-1.06445312,-0.1953125,-0.05859375,0.125,-0.280273438,-0.083984375,-0.431640625
333,5,5,-0.6484375,-1.24902344,-2.52636719,-0.552734375,-0.51953125,2.54785156,-0.676757812,-1.39355469,-1.98144531,-0.133789062
334,3,3,-0.663085938,-1.23144531,-1.0390625,0.720703125,-1.10644531,0.287109375,-2.29980469,0.215820312,-1.28710938,-0.046875
335,3,3,-1.18164062,-1.15722656,-0.479492188,0.456054688,-1.19335938,0.377929688,-1.67675781,-0.23828125,-0.546875,-0.20703125
336,9,4,-0.274414062,-1.89160156,-0.111328125,-1.14746094,0.509765625,-0.600585938,-1.60058594,0.25,-0.89453125,-0.0361328125
337,7,7,-0.889648438,-1.19433594,-0.600585938,0.311523438,-0.233398438,-0.41015625,-1.67382812,1.26464844,-1.09667969,-0.0146484375
338,8,1,0.486328125,1.02734375,-0.598632812,-2.22851562,0.16796875,-0.998046875,-1.33203125,0.424804688,-2.12890625,-1.953125
339,6,5,-0.793945312,0.481445312,-0.607421875,-2.58300781,0.942382812,1.02246094,0.719726562,-1.24023438,-1.67675781,-1.93359375
340,5,5,-1.3671875,0.161132812,-0.8984375,-0.170898438,0.294921875,0.353515625,-0.810546875,-1.3046875,-1.60253906,-1.60253906
341,6,6,-0.45703125,-0.237304688,-0.28515625,-0.420898438,-0.068359375,0.216796875,0.50390625,-0.427734375,-0.318359375,-0.633789062
342,1,1,-0.453125,0.713867188,-0.732421875,-1.07519531,-0.270507812,0.087890625,0.19140625,-0.170898438,-0.0390625,-0.495117188
343,3,3,-0.875,-0.721679688,-1.09863281,0.618164062,-0.31640625,0.194335938,-1.75585938,-0.590820312,-2.1015625,-1.55566406
344,8,5,-1.34863281,-0.353515625,-0.541992188,-1.14746094,0.512695312,0.600585938,-0.461914062,-0.860351562,-0.723632812,-2.00488281
345,1,1,-0.498046875,0.4140625,-0.752929688,-0.885742188,-0.362304688,0.0146484375,-0.287109375,0.015625,-0.163085938,-0.423828125
346,0,7,0.380859375,0.823242188,-2.06152344,-2.49023438,0.205078125,-1.44238281,-0.807617188,1.35546875,-1.3515625,0.237304688
347,5,5,-1.3828125,-1.09375,-2.50878906,-0.868164062,0.0146484375,2.28710938,-0.975585938,-1.22070312,-1.77050781,-0.4609375
348,1,6,-0.504882812,0.48828125,-0.727539062,-1.70800781,-0.05859375,0.0927734375,0.604492188,-0.650390625,0.021484375,-0.534179688
349,3,3,-0.944335938,-1.70996094,-0.576171875,0.533203125,-0.579101562,0.344726562,-2.20898438,-0.0048828125,-0.556640625,0.215820312
350,1,1,-1.1171875,0.94921875,-0.638671875,-1.00878906,0.0859375,0.209960938,-0.491210938,-0.1171875,-0.682617188,-0.903320312
351,5,5,-0.524414062,-1.578125,-2.60839844,-0.483398438,-0.3984375,2.30273438,-1.36035156,-1.21582031,-2.94042969,0.0615234375
352,5,5,-0.09375,-0.30078125,-1.76367188,-0.172851562,-0.015625,0.37890625,-1.625,0.30859375,-3.52929688,-1.70605469
353,6,6,0.09765625,-0.256835938,0.671875,-1.41210938,0.426757812,-1.34277344,0.912109375,-0.198242188,-1.12011719,-1.45605469
354,1,1,-0.282226562,1.01367188,-2.35351562,-3.03320312,0.86328125,-0.219726562,-1.55566406,0.506835938,-1.40332031,-0.462890625
355,8,5,-1.11425781,-0.205078125,-2.01953125,-1.1171875,-0.154296875,1.08300781,-0.672851562,-0.744140625,-0.319335938,-0.142578125
356,5,5,-0.895507812,-0.171875,-2.97753906,-0.82421875,0.100585938,2.18457031,-1.15136719,-1.34863281,-2.48730469,-1.22167969
357,1,1,-0.481445312,0.291992188,-0.354492188,-0.39453125,-0.220703125,0.153320312,-0.106445312,-0.103515625,-0.163085938,-0.3828125
358,7,7,-1.04492188,0.833984375,-0.697265625,-1.12890625,0.217773438,-0.288085938,-1.34472656,1.31933594,-1.23632812,-1.70117188
359,9,4,-0.426757812,-0.815429688,-0.428710938,-1.52539062,0.766601562,-0.0927734375,-1.88476562,0.44921875,-0.415039062,-0.139648438
360,4,4,0.244140625,-2.94433594,-0.0322265625,-2.83398438,1.953125,-1.6953125,-1.25976562,0.216796875,-1.38378906,-2.61816406
361,6,6,-0.319335938,-0.442382812,0.060546875,-0.831054688,0.655273438,-0.654296875,0.708007812,-0.482421875,-0.977539062,-2.33496094
362,2,7,-0.69921875,-2.23242188,-0.510742188,0.194335938,-1.18164062,-0.865234375,-2.10839844,1.14257812,-0.479492188,0.791015625
363,2,2,-0.953125,-0.0078125,0.696289062,-0.229492188,-0.131835938,-1.55078125,-1.39648438,0.654296875,-1.12109375,-1.37695312
364,5,5,-0.435546875,-1.35839844,-2.82519531,-1.20214844,-0.12890625,2.36523438,-0.6328125,-1.10839844,-2.26660156,-0.19921875
365,0,7,0.495117188,1.046875,-2.01464844,-3.03515625,0.0361328125,-1.78320312,-0.87109375,1.42773438,-1.59960938,0.782226562
366,6,7,-0.443359375,-0.33203125,0.0048828125,-0.305664062,0.231445312,-0.723632812,-0.366210938,0.379882812,-1.13964844,-1.42871094
367,5,5,0.3359375,-1.32910156,-0.91796875,-0.629882812,-0.328125,0.475585938,-0.325195312,-0.822265625,-2.24804688,-0.633789062
368,6,4,-0.727539062,0.436523438,-0.470703125,-1.36230469,0.555664062,0.202148438,0.364257812,-0.5,-1.41015625,-1.85253906
369,3,7,-0.88671875,-0.510742188,-1.46191406,0.158203125,-0.845703125,0.450195312,-2.67480469,0.802734375,-1.38671875,-0.38671875
370,7,7,-1.1796875,-1.12109375,-0.655273438,0.3359375,-0.595703125,-0.340820312,-2.32226562,1.24511719,-0.606445312,0.208007812
371,2,2,-0.743164062,-0.674804688,1.35058594,-0.001953125,0.189453125,-3.11914062,-1.77539062,1.20507812,-1.59570312,-2.82519531
372,0,0,1.484375,-0.666992188,-0.913085938,-1.65722656,-0.399414062,-1.5859375,0.629882812,0.986328125,-1.77636719,0.286132812
373,8,5,-0.948242188,-0.760742188,-0.638671875,-1.15820312,-0.399414062,0.432617188,-1.14355469,-0.0341796875,-0.618164062,-0.162109375
374,8,5,-1.12792969,-1.25976562,-0.302734375,-0.427734375,-0.522460938,0.326171875,-1.24707031,-0.399414062,-0.291015625,0.202148438
375,5,5,-1.19726562,-1.31542969,-3.2890625,-1.21386719,0.298828125,2.96777344,-0.962890625,-1.77148438,-2.65527344,-0.206054688
376,4,4,-0.109375,0.100585938,-0.680664062,-1.79785156,0.9375,-0.124023438,-1.3671875,0.651367188,-1.25683594,-1.52539062
377,1,1,-0.22265625,0.296875,-0.509765625,-0.827148438,-0.29296875,-0.115234375,-0.00390625,-0.118164062,-0.0458984375,-0.307617188
378,1,1,-0.303710938,0.436523438,-0.583007812,-1.01757812,-0.232421875,-0.0712890625,0.208984375,-0.249023438,-0.048828125,-0.646484375
379,4,4,0.350585938,0.2421875,-1.71191406,-4.01074219,1.97460938,-1.05957031,-1.96191406,0.822265625,-2.0546875,-1.02929688
380,0,6,1.12792969,-0.172851562,-0.206054688,-2.61328125,-0.0224609375,-1.66113281,1.17480469,0.448242188,-2.3515625,-0.6953125
381,3,3,-0.830078125,-1.078125,0.048828125,0.7109375,-0.59765625,-0.782226562,-1.28222656,0.233398438,-0.737304688,-0.713867188
382,3,7,-0.295898438,-1.02929688,-0.89453125,0.385742188,-0.712890625,-0.46484375,-1.52929688,0.5703125,-1.43457031,-1.08007812
383,7,7,-1.04492188,-1.02441406,-1.29492188,0.124023438,-0.505859375,0.208007812,-1.88867188,1.28710938,-0.78515625,0.424804688
384,6,6,-0.19921875,0.03515625,0.177734375,-1.72851562,0.54296875,-1.08300781,1.30273438,-0.333007812,-1.875,-1.67578125
385,1,1,-0.252929688,0.424804688,-0.521484375,-1.05371094,-0.216796875,-0.0576171875,0.34765625,-0.342773438,0.0556640625,-0.536132812
386,6,1,-0.669921875,1.16503906,-1.34179688,-1.29785156,0.391601562,0.151367188,-0.005859375,-0.291992188,-1.54101562,-1.37988281
387,2,2,-0.96875,-0.392578125,0.8359375,-0.45703125,0.1875,-1.78515625,-1.35644531,0.413085938,-1.06445312,-1.27246094
388,1,1,-0.409179688,0.936523438,-1.84570312,-2.71679688,0.608398438,0.0615234375,-0.676757812,0.36328125,-0.96484375,-0.728515625
389,9,5,-1.06152344,-0.450195312,-1.39648438,-0.5625,0.0986328125,0.891601562,-2.02148438,0.868164062,-1.48144531,0.15234375
390,2,7,-0.03125,-1.11523438,0.431640625,-0.700195312,0.109375,-1.82519531,-1.40332031,0.655273438,-1.89941406,-1.25878906
391,8,7,-0.703125,-0.680664062,-1.02246094,-0.390625,-0.252929688,0.286132812,-1.34179688,0.776367188,-2.35644531,0.412109375
392,6,6,-0.32421875,-0.12109375,0.0703125,-1.24707031,0.780273438,-0.672851562,0.877929688,-0.44140625,-1.23535156,-2.35546875
393,1,1,-0.340820312,0.33984375,-0.59765625,-0.837890625,-0.228515625,0.0048828125,-0.107421875,-0.147460938,-0.163085938,-0.354492188
394,9,7,-0.119140625,-0.692382812,-1.19921875,-1.71972656,0.180664062,-0.606445312,-0.811523438,0.763671875,-0.615234375,0.748046875
395,5,5,-1.24121094,-0.89453125,-2.078125,-0.504882812,-0.4375,1.84277344,-1.20800781,-1.16894531,-2.26269531,-0.556640625
396,2,2,-0.615234375,-1.25097656,1.19726562,-0.981445312,0.580078125,-3.07128906,-1.93457031,1.05664062,-1.25976562,-3.18164062
397,5,5,-1.08105469,-0.982421875,-1.30664062,-0.337890625,-0.095703125,1.82421875,-0.35546875,-2.26953125,-1.87402344,-0.971679688
398,4,4,0.26171875,-0.345703125,-1.33886719,-3.6796875,1.92285156,-0.361328125,-1.62304688,0.62890625,-2.06835938,-1.47363281
399,4,4,0.373046875,-2.05078125,-0.19921875,-2.65527344,1.43359375,-2.40039062,-0.212890625,-0.10546875,-0.956054688,-1.22363281
400,2,9,-0.962890625,-0.715820312,-0.424804688,-0.265625,-0.594726562,-0.5234375,-2.30664062,0.2421875,-1.19335938,0.68359375
401,8,5,-1.04394531,-0.16015625,-0.744140625,-0.895507812,-0.450195312,0.4921875,-1.46777344,0.24609375,-0.341796875,-0.255859375
402,3,3,-0.48046875,-1.71582031,-0.525390625,0.756835938,-0.338867188,-0.392578125,-2.5,-0.185546875,-2.21582031,-1.70019531
403,8,5,-0.494140625,-1.30078125,-0.752929688,-1.06054688,-0.102539062,0.21875,-0.396484375,-0.064453125,-0.09375,0.189453125
404,2,7,-1.0546875,-0.7109375,-0.274414062,0.15234375,-0.647460938,-0.836914062,-1.76269531,1.17480469,-1.32910156,-0.33984375
405,4,4,0.77734375,-2.33789062,-0.21484375,-2.04882812,0.825195312,-1.36035156,0.0947265625,-0.524414062,-0.611328125,-0.677734375
406,5,5,-0.178710938,-0.740234375,-1.50195312,-0.423828125,-0.001953125,0.315429688,0.001953125,-0.338867188,-2.33789062,-0.596679688
407,0,0,1.36230469,0.416992188,-1.19042969,-3.13085938,0.418945312,-3.03027344,-0.119140625,0.82421875,-2.93261719,-0.474609375
408,3,3,-1.11132812,-1.26464844,-0.264648438,0.868164062,-0.775390625,0.1015625,-1.52148438,-0.9765625,-1.34375,-0.78515625
409,1,1,-0.850585938,1.0546875,-1.03515625,-1.34667969,-0.0703125,0.49609375,0.233398438,-0.323242188,-0.325195312,-0.428710938
410,7,7,-0.993164062,-0.068359375,-1.47265625,-0.787109375,0.037109375,-0.290039062,-1.90136719,2.11816406,-1.60546875,-0.7890625
411,7,7,-0.90234375,-0.579101562,-1.03027344,-0.186523438,-0.326171875,0.166015625,-1.47265625,0.455078125,-0.318359375,0.305664062
412,5,5,-1.19433594,-1.13476562,-1.87988281,0.259765625,-0.267578125,1.53613281,-2.15332031,-0.787109375,-1.99316406,-0.556640625
413,7,7,-0.794921875,-0.485351562,-1.55566406,-0.455078125,-0.139648438,-0.823242188,-1.8671875,2.36914062,-1.84277344,-0.424804688
414,9,4,-0.119140625,-0.693359375,-0.19140625,-0.879882812,0.21875,-0.21484375,-0.6171875,0.0546875,-0.379882812,-0.2421875
415,7,7,-0.692382812,0.153320312,-1.59960938,-1.1640625,0.290039062,-0.30078125,-1.1171875,1.93945312,-2.03808594,-0.306640625
416,1,1,-0.383789062,0.59375,-0.662109375,-1.27148438,-0.201171875,-0.052734375,0.466796875,-0.450195312,0.11328125,-0.587890625
417,9,7,-0.765625,-0.624023438,-1.13574219,-0.5546875,0.181640625,0.684570312,-2.31835938,0.842773438,-1.24707031,0.0947265625
418,2,2,-0.762695312,-1.61816406,0.760742188,-0.076171875,-0.243164062,-1.94921875,-1.69824219,0.427734375,-0.94921875,-1.92382812
419,1,1,-0.506835938,0.434570312,-0.421875,-0.595703125,-0.137695312,0.0234375,-0.0693359375,-0.0576171875,-0.291015625,-0.560546875
420,4,4,0.0087890625,-0.456054688,-1.02246094,-2.18652344,0.838867188,-0.951171875,-1.20117188,0.5859375,-1.04882812,0.588867188
421,2,5,-1.28125,-1.02246094,-0.881835938,0.526367188,-0.84765625,0.663085938,-2.17382812,-0.0390625,-1.92675781,0.280273438
422,9,7,-0.623046875,-0.958007812,-0.669921875,-0.967773438,0.384765625,0.188476562,-2.3984375,0.69921875,-1.0703125,-0.087890625
423,2,7,-1.08691406,-0.821289062,0.84375,0.25390625,-0.317382812,-2.23144531,-2.40429688,0.974609375,-1.28417969,-1.32128906
424,0,0,1.22265625,-0.184570312,-1.0546875,-2.74511719,0.376953125,-2.70410156,0.641601562,1.03027344,-2.80371094,-0.017578125
425,4,4,-0.225585938,-1.08886719,0.0810546875,-1.83105469,1.21191406,-1.1015625,0.005859375,-0.348632812,-0.693359375,-2.65527344
426,9,7,-0.576171875,-0.282226562,-1.17578125,-1.00585938,0.0537109375,0.521484375,-1.8828125,0.587890625,-0.856445312,-0.118164062
427,1,1,-0.598632812,0.75390625,-0.629882812,-0.872070312,-0.135742188,0.133789062,0.0009765625,-0.0947265625,-0.346679688,-0.5390625
428,4,4,-0.239257812,0.021484375,-0.154296875,-1.92578125,0.9296875,-0.922851562,-0.295898438,-0.0205078125,-0.93359375,-1.6015625
429,8,8,-0.814453125,-1.22070312,-0.59375,-0.955078125,-0.499023438,0.322265625,-0.75390625,-0.38671875,0.514648438,-0.13671875
430,1,1,-0.387695312,0.712890625,-0.75,-1.57128906,-0.0556640625,-0.108398438,0.5078125,-0.403320312,0.08984375,-0.662109375
431,8,9,-0.525390625,-1.11523438,-0.700195312,-0.469726562,-0.712890625,0.356445312,-0.934570312,-0.297851562,-0.619140625,0.759765625
432,4,4,-0.692382812,-1.09277344,-0.109375,-1.45605469,1.52734375,-0.823242188,-0.362304688,0.434570312,-1.7734375,-3.63867188
433,5,5,-1.01953125,-0.365234375,-2.01464844,-0.67578125,0.150390625,1.27246094,-2.04296875,0.678710938,-2.24316406,-1.71386719
434,9,7,-0.506835938,-0.735351562,-0.661132812,-0.319335938,0.0068359375,0.143554688,-2.265625,0.389648438,-0.865234375,-0.147460938
435,8,5,-1.40136719,-0.64453125,-0.614257812,-0.3671875,-0.700195312,0.5546875,-1.14941406,-0.219726562,-0.127929688,0.31640625
436,8,5,-1.17773438,-0.587890625,-0.619140625,-0.34375,-0.528320312,0.69140625,-1.25195312,0.0458984375,-0.755859375,0.392578125
437,3,3,-0.614257812,-1.74609375,-1.5,0.961914062,-1.09472656,0.397460938,-2.42675781,0.19921875,-1.69921875,-1.35644531
438,7,7,-0.475585938,-0.95703125,-1.01855469,-0.4140625,-0.177734375,-0.790039062,-0.940429688,1.83203125,-1.26074219,0.068359375
439,6,6,-0.752929688,0.393554688,-0.752929688,-1.18847656,0.3046875,0.348632812,0.901367188,-1.03710938,-0.76953125,-1.6015625
440,0,7,1.31152344,0.454101562,-1.15722656,-3.22558594,0.317382812,-3.6640625,-0.240234375,1.4296875,-3.00976562,-1.15234375
441,0,1,0.4609375,1.51367188,-0.970703125,-3.0390625,0.45703125,-2.24804688,-0.178710938,0.655273438,-2.13867188,-0.606445312
442,3,3,-0.395507812,-1.52441406,-1.04199219,0.8515625,-0.779296875,-0.27734375,-1.87402344,0.215820312,-1.47851562,-1.1328125
443,0,7,-0.127929688,0.430664062,-1.17578125,-1.46875,-0.0244140625,-0.268554688,-0.407226562,0.87890625,-0.712890625,0.064453125
444,2,9,-1.45410156,-1.16015625,-1.15429688,-0.205078125,-1.41503906,0.374023438,-3.08398438,0.591796875,-0.412109375,0.780273438
445,6,7,0.01171875,-0.08984375,-0.791015625,-1.18359375,0.26171875,-0.502929688,0.1953125,0.69921875,-1.9140625,-1.16015625
446,6,6,-0.52734375,-0.150390625,-0.534179688,-1.06835938,-0.0390625,-0.177734375,0.952148438,-1.13769531,-1.47265625,-0.862304688
447,4,4,-0.07421875,0.357421875,-0.590820312,-2.73828125,0.471679688,-0.466796875,-1.13085938,0.322265625,-0.598632812,-1.96679688
448,9,5,-1.24316406,-1.58398438,-1.28613281,0.456054688,-0.432617188,1.08691406,-2.87890625,-0.697265625,-1.63476562,-0.15625
449,3,5,-0.8359375,-1.86523438,-1.85546875,1.05761719,-0.275390625,1.40722656,-2.171875,-1.6015625,-3.16210938,-1.54199219
450,3,3,-1.35546875,-1.6953125,-1.30371094,1.04394531,-0.388671875,0.946289062,-2.43945312,-1.09179688,-2.07324219,-0.884765625
451,3,3,-0.846679688,-2.33984375,-1.08886719,1.13574219,-1.24414062,0.274414062,-3.890625,0.485351562,-1.26464844,-0.872070312
452,2,2,-1.328125,-0.041015625,0.43359375,-0.448242188,-0.395507812,-0.793945312,-1.82421875,0.368164062,-1.16503906,-1.06738281
453,3,3,-0.763671875,-1.70898438,-0.547851562,0.995117188,-0.83203125,0.0341796875,-2.37304688,-0.77734375,-1.55761719,-0.405273438
454,9,7,-0.017578125,-1.89257812,-0.678710938,-1.390625,0.625976562,-0.901367188,-1.83984375,1.18847656,-1.51660156,0.555664062
455,1,1,-0.184570312,0.576171875,-0.78125,-1.8203125,-0.0029296875,-0.331054688,0.0390625,-0.26171875,-0.100585938,-0.584960938
456,2,2,-1.14550781,-0.303710938,0.560546875,-0.427734375,-0.625976562,-0.5546875,-1.27148438,0.365234375,-0.615234375,-0.831054688
457,6,5,-0.856445312,0.274414062,-1.43554688,-1.53515625,0.504882812,0.6953125,0.197265625,-0.965820312,-1.20996094,-1.52148438
458,8,5,-1.27539062,-0.865234375,-0.99609375,-0.21484375,-0.668945312,0.659179688,-1.67675781,-0.072265625,-0.41015625,0.145507812
459,0,7,1.03417969,-0.192382812,-0.790039062,-2.26171875,0.127929688,-1.98535156,0.154296875,1.23339844,-2.68359375,-0.017578125
460,5,5,-1.18652344,-0.072265625,-2.95019531,-1.4296875,0.275390625,1.83691406,-2.04003906,1.08300781,-2.2734375,-0.546875
461,6,6,-0.440429688,0.00390625,-0.1640625,-0.971679688,0.594726562,-0.310546875,0.89453125,-0.748046875,-0.719726562,-2.36523438
462,6,6,0.764648438,-1.03027344,-0.245117188,-1.44628906,0.005859375,-1.21289062,1.5625,-0.629882812,-1.67382812,-0.494140625
463,6,6,0.119140625,-0.631835938,0.5390625,-1.93847656,0.444335938,-1.52246094,1.60644531,-0.370117188,-1.12109375,-1.24023438
464,3,5,-1.734375,-1.16992188,-1.71777344,0.734375,-0.719726562,1.09277344,-3.76367188,1.08300781,-2.18261719,-0.0107421875
465,8,5,-1.46875,-0.543945312,-0.807617188,-0.719726562,-0.51953125,0.802734375,-1.71777344,-0.125976562,-0.426757812,-0.107421875
466,8,5,-0.33203125,-0.102539062,-1.47363281,-1.87890625,-0.53125,0.313476562,-2.11425781,0.001953125,-0.0478515625,-0.114257812
467,2,7,-1.30566406,-1.16601562,0.681640625,0.36328125,-0.692382812,-1.44238281,-1.921875,0.69921875,-0.696289062,-0.775390625
468,7,7,-1.04199219,-1.19433594,-1.37890625,-0.078125,-0.750976562,0.146484375,-3.25683594,0.923828125,-0.947265625,-0.12109375
469,5,5,-0.653320312,-1.60058594,-1.91796875,-0.53515625,-0.397460938,1.98339844,-1.17871094,-1.72753906,-2.2890625,-0.690429688
470,8,5,-1.19238281,-0.163085938,-1.203125,-0.836914062,-0.615234375,0.852539062,-1.34765625,-0.080078125,-0.22265625,-0.587890625
471,9,7,-0.439453125,-0.321289062,-0.991210938,-0.612304688,0.147460938,0.05859375,-1.33984375,0.862304688,-0.940429688,0.232421875
472,6,6,-0.0244140625,-0.0185546875,0.0498046875,-1.18164062,0.306640625,-0.831054688,0.997070312,0.0693359375,-0.856445312,-1.04199219
473,1,1,-0.5390625,0.61328125,-0.598632812,-0.594726562,-0.231445312,0.254882812,-0.110351562,-0.052734375,-0.2421875,-0.431640625
474,8,5,-0.794921875,-0.334960938,-1.36816406,-1.40527344,-0.095703125,0.989257812,-1.68554688,-0.57421875,-0.807617188,-0.79296875
475,4,4,0.491210938,-1.4375,-0.693359375,-2.99316406,1.61816406,-0.624023438,-1.25195312,-0.342773438,-1.14355469,-1.00292969
476,1,1,-0.50390625,0.344726562,-0.671875,-0.689453125,-0.344726562,0.0888671875,-0.127929688,-0.151367188,-0.0703125,-0.5625
477,2,1,-2.10742188,1.12695312,0.348632812,-1.44042969,-0.05859375,-0.733398438,-2.15332031,1.09472656,-1.73242188,-1.75683594
478,5,5,-0.465820312,-0.475585938,-0.948242188,-0.634765625,-0.0068359375,0.373046875,-0.600585938,-0.168945312,-1.82324219,-1.515625
479,9,5,-0.354492188,-1.76464844,-0.748046875,-0.413085938,-0.24609375,0.556640625,-1.06835938,-0.634765625,-0.701171875,0.407226562
480,1,1,-0.452148438,0.719726562,-1.20019531,-2.09179688,0.254882812,0.10546875,0.396484375,-0.413085938,-0.072265625,-0.88671875
481,9,7,-0.51171875,-0.682617188,-0.860351562,-0.89453125,0.223632812,0.40234375,-1.98730469,0.489257812,-0.928710938,0.1171875
482,7,7,-0.775390625,-0.853515625,-1.41015625,-0.091796875,-0.126953125,-0.686523438,-2.08105469,2.23046875,-1.41015625,0.220703125
483,5,7,-0.48046875,0.206054688,-1.72070312,-0.770507812,0.0849609375,0.918945312,-1.19042969,1.20214844,-1.76074219,-0.474609375
484,4,4,-0.185546875,-1.13476562,-0.453125,-2.1015625,1.41894531,-0.22265625,-1.15527344,0.272460938,-1.08886719,-2.04101562
485,0,7,0.6328125,0.649414062,-1.19140625,-2.86914062,0.15234375,-2.17480469,-0.375,1.1328125,-2.20996094,0.0556640625
486,8,7,-0.754882812,-0.674804688,-0.493164062,-1.17480469,0.245117188,-0.219726562,-1.96289062,0.418945312,-0.901367188,-0.668945312
487,9,7,0.274414062,0.0068359375,-1.12109375,-1.93554688,0.431640625,-0.0576171875,-1.65039062,1.0703125,-1.58496094,-0.744140625
488,9,9,-0.678710938,-1.07421875,-0.880859375,-0.485351562,0.01953125,0.135742188,-2.34960938,0.354492188,-0.860351562,0.411132812
489,1,1,-0.237304688,0.565429688,-0.678710938,-1.47460938,-0.0458984375,-0.153320312,0.384765625,-0.381835938,0.0517578125,-0.506835938
490,0,4,0.362304688,-0.370117188,0.399414062,-1.70703125,1.27636719,-1.88183594,0.670898438,-0.0830078125,-2.20410156,-2.75292969
491,5,5,-0.318359375,-0.958984375,-1.56347656,-0.603515625,-0.319335938,1.05957031,-0.518554688,-0.58203125,-1.93847656,-0.301757812
492,2,5,-1.84570312,-0.139648438,-1.20703125,-0.564453125,-0.646484375,0.478515625,-1.72949219,-0.131835938,-0.986328125,-0.818359375
493,3,3,-0.7421875,-1.91699219,-1.31542969,1.23925781,-1.25488281,0.216796875,-3.10351562,-0.359375,-2.08886719,-0.612304688
494,7,7,-1.33203125,-1.3515625,-1.18164062,0.537109375,-0.60546875,-0.234375,-2.49511719,1.68066406,-1.28320312,0.120117188
495,8,1,0.61328125,0.708984375,-0.61328125,-2.62597656,0.451171875,-1.99707031,-0.2890625,0.28125,-1.71972656,-1.05566406
496,9,9,-0.3203125,-0.883789062,-0.640625,-1.01074219,0.4375,-0.0126953125,-1.60839844,0.2578125,-0.696289062,0.5
497,4,5,-0.994140625,0.395507812,-1.2109375,-1.29394531,0.189453125,0.66796875,-1.1875,0.28515625,-0.884765625,-0.573242188
498,0,7,0.440429688,0.587890625,-1.60058594,-2.67089844,-0.174804688,-1.81835938,-0.94921875,1.66113281,-1.53613281,0.905273438
499,6,6,-0.71484375,0.0908203125,-0.62109375,-1.52148438,0.510742188,0.424804688,0.544921875,-0.817382812,-0.26953125,-1.26171875
500,3,3,-0.836914062,-1.96679688,-1.06152344,1.46777344,-1.04296875,0.05078125,-2.85839844,0.05859375,-1.94921875,-0.3671875
501,9,9,0.029296875,-1.83105469,-1.20703125,-1.71289062,0.779296875,-1.47265625,-1.94824219,0.641601562,-1.02441406,1.75585938
502,5,5,-1.73144531,-0.579101562,-1.40332031,-0.252929688,0.231445312,1.31542969,-1.61035156,-1.28515625,-1.91015625,-1.30761719
503,2,7,-0.346679688,-1.53417969,0.099609375,-0.659179688,-0.286132812,-2.40820312,-1.99804688,0.4609375,-1.44238281,-0.208984375
504,1,1,-0.380859375,0.33203125,-0.478515625,-0.823242188,-0.0625,-0.0224609375,-0.0712890625,-0.02734375,-0.330078125,-0.370117188
505,3,3,-1.40429688,-2.43164062,-0.959960938,1.36621094,-1.56542969,0.60546875,-3.88867188,-0.265625,-1.04492188,-0.364257812
506,1,1,-0.509765625,0.802734375,-1.41503906,-2.48925781,0.393554688,0.0927734375,0.216796875,-0.348632812,-0.170898438,-0.814453125
507,3,5,-0.770507812,-1.51464844,-1.11914062,0.2578125,-0.428710938,0.372070312,-1.703125,-0.091796875,-1.74316406,-1.93652344
508,6,6,-0.796875,0.354492188,-1.48828125,-2.00390625,0.311523438,0.88671875,0.952148438,-0.52734375,-1.51367188,-1.10058594
509,5,5,-1.4296875,-0.489257812,-1.79394531,-0.331054688,-0.345703125,1.68847656,-1.18652344,-1.04296875,-1.9296875,-0.241210938
510,7,7,-0.778320312,-1.34570312,-1.40332031,0.0146484375,-0.7109375,-0.119140625,-3.11328125,1.20996094,-1.0078125,-0.0498046875
511,4,7,-1.078125,0.854492188,-2.32226562,-2.30957031,0.821289062,0.735351562,-2.36914062,0.87890625,-1.453125,-0.427734375
512,2,2,-1.22851562,-0.897460938,0.668945312,0.419921875,-0.795898438,-1.02050781,-1.90136719,0.202148438,-0.604492188,-0.708007812
513,2,2,-1.23339844,-1.42089844,1.82617188,-0.435546875,0.311523438,-3.59277344,-2.31933594,1.46386719,-1.46972656,-2.94335938
514,6,6,0.13671875,-0.669921875,-0.154296875,-1.68457031,0.13671875,-1.20410156,1.67382812,-0.134765625,-0.731445312,-0.911132812
515,3,5,-0.551757812,-0.661132812,-0.602539062,-0.28515625,-0.540039062,0.186523438,-1.84179688,0.104492188,-0.282226562,-0.939453125
516,2,4,-0.80859375,-2.35253906,1.6484375,-2.10351562,2.01367188,-4.03710938,-1.20996094,1.14355469,-2.12597656,-5.38574219
517,6,6,-0.2109375,0.5,0.1796875,-0.98046875,0.4375,-0.791992188,0.663085938,-0.111328125,-1.33496094,-1.62011719
518,5,5,-1.56640625,-1.32421875,-2.61425781,-0.361328125,0.078125,2.90332031,-1.54980469,-2.09960938,-2.33398438,-0.798828125
519,4,4,-0.600585938,0.336914062,-1.15039062,-1.84960938,0.865234375,0.497070312,-1.93164062,0.678710938,-1.09375,-1.20507812
520,8,5,-1.33496094,0.0927734375,-1.77734375,-1.09960938,-0.015625,0.844726562,-0.99609375,-0.576171875,-0.255859375,-0.041015625
521,9,5,-0.749023438,-0.290039062,-0.698242188,-0.400390625,0.1171875,0.404296875,-1.8125,0.264648438,-1.09472656,-0.327148438
522,7,7,-0.790039062,-1.484375,0.052734375,0.413085938,0.0458984375,-1.78417969,-2.67089844,1.45898438,-1.66894531,-2.32519531
523,1,1,-0.545898438,1.50097656,-2.36328125,-3.94335938,1.01953125,0.0751953125,-2.07519531,0.705078125,-1.30859375,-1.64746094
524,3,0,0.399414062,-0.422851562,-0.442382812,-0.548828125,0.157226562,-0.577148438,-0.608398438,0.108398438,-2.12792969,-1.68847656
525,0,7,1.19921875,-0.1875,-1.15234375,-2.921875,0.204101562,-3.0234375,0.1328125,1.33496094,-2.86230469,-0.0087890625
526,3,5,-0.967773438,-1.12597656,-0.98828125,0.697265625,-0.7890625,0.715820312,-2.40429688,-0.434570312,-1.81542969,-0.350585938
527,8,0,0.546875,-0.147460938,-1.29492188,-1.2734375,-0.232421875,-0.584960938,-0.698242188,-0.12109375,-1.41796875,-0.752929688
528,3,2,-0.692382812,-0.427734375,0.53515625,0.239257812,0.150390625,-1.21777344,-1.07324219,0.3828125,-0.984375,-2.62792969
529,1,1,-0.5859375,0.73828125,-0.764648438,-1.03710938,-0.224609375,0.143554688,0.0830078125,-0.188476562,-0.095703125,-0.626953125
530,9,7,-0.604492188,-0.454101562,-0.2734375,-0.947265625,0.0859375,0.16796875,-1.41015625,0.186523438,-0.44140625,-0.401367188
531,3,7,-0.874023438,-0.431640625,-0.013671875,0.1328125,-0.369140625,-0.552734375,-1.06738281,0.206054688,-0.999023438,-1.15136719
532,4,7,-0.416015625,-0.0546875,0.0087890625,-0.326171875,0.21875,-0.572265625,-0.578125,0.331054688,-1.08984375,-0.8515625
533,4,4,0.162109375,-0.734375,-0.198242188,-2.86230469,1.41796875,-1.33300781,-0.0302734375,-0.272460938,-0.948242188,-1.62109375
534,6,4,-0.51171875,0.688476562,-0.301757812,-1.81152344,0.885742188,-0.35546875,0.870117188,-0.483398438,-1.55859375,-2.8515625
535,4,4,0.497070312,-1.10742188,-1.10839844,-3.74121094,2.09765625,-1.39746094,-0.940429688,-0.500976562,-1.16894531,-0.267578125
536,2,2,-1.04589844,-0.143554688,0.749023438,-0.334960938,-0.615234375,-1.38574219,-1.36914062,0.61328125,-0.53515625,-1.30371094
537,1,1,-0.350585938,0.668945312,-0.768554688,-1.65722656,-0.0048828125,-0.151367188,0.251953125,-0.357421875,-0.116210938,-0.573242188
538,8,5,-0.966796875,0.0185546875,-1.59472656,-1.15527344,0.048828125,0.897460938,-0.993164062,-0.708984375,-0.220703125,-0.4140625
539,2,2,-0.189453125,-1.31542969,0.881835938,-1.37695312,0.619140625,-2.89746094,-1.70703125,0.837890625,-1.33203125,-3.35058594
540,5,5,-1.41210938,-1.44335938,-2.36621094,-0.641601562,-0.385742188,2.62304688,-0.947265625,-2.04003906,-1.921875,-0.33203125
541,4,4,0.440429688,-1.01464844,-0.977539062,-3.07128906,1.578125,-0.982421875,-0.967773438,0.369140625,-1.45214844,-0.10546875
542,8,4,-0.896484375,-0.733398438,-0.0400390625,-0.50390625,0.08203125,-0.170898438,-0.780273438,0.0673828125,-0.694335938,-1.11914062
543,8,7,-0.883789062,-0.5234375,-0.0107421875,-0.120117188,-0.19140625,-0.287109375,-1.08105469,0.462890625,-0.581054688,-1.02539062
544,4,4,0.0859375,-0.762695312,-0.96484375,-3.12402344,1.58984375,-0.705078125,-0.727539062,0.390625,-1.17578125,-2.12011719
545,0,7,0.764648438,1.109375,-2.23828125,-3.77539062,0.155273438,-2.68652344,-0.865234375,1.421875,-1.84765625,0.799804688
546,0,0,1.46582031,0.254882812,-0.766601562,-3.04882812,0.21484375,-2.69433594,0.6953125,0.775390625,-3.05859375,-0.393554688
547,2,5,-1.99414062,0.338867188,-1.53125,-1.17773438,-0.46484375,0.849609375,-2.17578125,-0.375976562,-0.567382812,-1.22460938
548,3,3,-0.643554688,-1.8671875,-0.58984375,0.543945312,-0.291992188,-0.375,-2.23925781,0.333984375,-1.50097656,-2.23144531
549,2,7,0.127929688,-1.32324219,-1.02929688,-0.65234375,-0.725585938,-1.14648438,-1.92089844,1.10839844,-1.94042969,0.482421875
550,7,7,-0.663085938,-0.861328125,-0.942382812,0.166015625,-0.501953125,0.0673828125,-2.01269531,0.458007812,-0.75390625,-0.301757812
551,7,7,-0.213867188,-1.06738281,-0.137695312,-0.723632812,-0.182617188,-0.81640625,-1.14941406,0.666015625,-0.483398438,-1.68261719
552,0,7,0.278320312,0.12890625,-0.139648438,-1.14648438,-0.080078125,-1.20019531,-0.166992188,0.692382812,-1.26855469,-0.548828125
553,8,4,-1.04785156,-0.770507812,-0.33984375,-0.418945312,0.455078125,0.0556640625,-0.794921875,-0.556640625,-1.52734375,-1.65136719
554,7,7,-0.706054688,0.567382812,-1.20703125,-1.10742188,0.0185546875,-0.471679688,-1.48144531,1.61425781,-1.6484375,-1.35644531
555,4,4,-0.200195312,0.3359375,-1.36816406,-2.22070312,0.96484375,-0.200195312,-1.45800781,0.3984375,-1.25292969,-0.390625
556,4,4,0.548828125,-2.109375,-0.270507812,-3.25195312,1.83691406,-1.78613281,-0.04296875,-0.455078125,-0.579101562,-1.34375
557,7,7,-1.23730469,-0.662109375,0.225585938,-0.0234375,-0.256835938,-0.93359375,-1.52832031,1.07128906,-0.361328125,-0.557617188
558,9,7,-0.544921875,-0.421875,-1.28808594,-1.38085938,0.419921875,0.475585938,-2.00976562,1.08300781,-0.926757812,0.1875
559,6,6,0.349609375,-2.04589844,0.227539062,-2.86621094,1.38476562,-1.64453125,1.75878906,-0.624023438,-0.650390625,-0.901367188
560,9,9,-0.456054688,-0.787109375,-0.830078125,-0.733398438,0.359375,0.0048828125,-2.18945312,0.428710938,-0.837890625,0.482421875
561,0,7,0.62109375,-0.9921875,-0.522460938,-1.32128906,0.271484375,-2.03710938,0.483398438,1.60253906,-2.16503906,-0.994140625
562,9,9,-0.51953125,-1.41503906,-0.640625,-0.59375,-0.041015625,-0.399414062,-0.797851562,-0.0009765625,-0.23046875,0.9609375
563,8,5,-1.43457031,-0.826171875,-0.533203125,-0.390625,-0.379882812,0.725585938,-1.15039062,-0.469726562,-0.771484375,0.17578125
564,0,7,0.740234375,0.135742188,-0.774414062,-1.81445312,0.0087890625,-1.65722656,-0.20703125,1.04394531,-2.234375,0.048828125
565,4,4,-0.5703125,-0.264648438,-0.830078125,-1.25488281,0.756835938,-0.0576171875,-1.55761719,0.4921875,-1.37597656,-1.67773438
566,6,6,-0.450195312,0.383789062,-0.224609375,-1.41113281,0.563476562,-0.124023438,0.572265625,-0.528320312,-0.8515625,-1.42382812
567,0,7,0.763671875,0.02734375,-0.969726562,-1.296875,-0.3359375,-1.15527344,-0.739257812,1.40234375,-1.99316406,0.34375
568,6,1,-0.8984375,1.0546875,-0.571289062,-1.51367188,0.547851562,-0.00390625,0.686523438,-0.853515625,-1.13574219,-1.8515625
569,3,4,-0.388671875,-1.80371094,0.114257812,-0.694335938,0.491210938,-1.234375,-0.6640625,-0.05078125,-1.43164062,-3.71875
570,5,5,-1.68261719,-0.819335938,-2.09277344,-0.45703125,-0.412109375,2.15722656,-1.46777344,-0.993164062,-2.12695312,-0.524414062
571,4,7,0.291015625,-0.123046875,-0.329101562,-2.2734375,0.79296875,-0.6640625,-0.809570312,0.793945312,-1.46679688,-1.54882812
572,8,5,-1.1171875,-0.990234375,-0.642578125,-0.1171875,-0.383789062,0.495117188,-1.453125,-0.120117188,-1.1484375,-0.0625
573,3,3,-0.731445312,-1.12792969,-0.779296875,1.09082031,-0.790039062,-0.0517578125,-2.10253906,0.01171875,-2.05664062,-0.658203125
574,3,7,-0.735351562,-0.536132812,-1.47070312,-0.0732421875,-1.05175781,0.166015625,-2.4765625,0.618164062,-0.8984375,-0.158203125
575,9,7,-0.518554688,0.064453125,-1.10449219,-1.20898438,0.227539062,0.475585938,-1.85742188,1.11914062,-1.35058594,-0.440429688
576,3,3,-1.15429688,-1.95898438,-1.37304688,1.32617188,-1.37304688,0.446289062,-3.16699219,0.353515625,-1.40820312,-1.47167969
577,3,7,-0.838867188,-0.448242188,-0.823242188,0.322265625,-0.6875,0.114257812,-2.015625,0.338867188,-0.77734375,-0.948242188
578,3,3,-1.53027344,-1.53808594,-1.42285156,0.841796875,-1.0078125,0.66796875,-2.76367188,0.186523438,-0.98046875,0.4140625
579,7,7,-0.739257812,-0.359375,-1.90332031,-0.572265625,-0.12890625,0.260742188,-1.81054688,1.65332031,-1.42773438,0.186523438
580,8,5,-1.56542969,-0.793945312,-1.34863281,-0.306640625,-0.583984375,0.994140625,-2.10253906,0.145507812,-0.801757812,0.169921875
581,0,0,1.58691406,0.21875,-0.705078125,-2.578125,0.00390625,-2.65625,0.520507812,1.37207031,-3.17675781,-1.27441406
582,8,1,-0.498046875,0.250976562,-0.23828125,-1.68359375,-0.05859375,-0.491210938,-1.44335938,0.139648438,-0.361328125,-1.81347656
583,2,7,-0.89453125,-1.65917969,0.266601562,0.500976562,-1.4453125,-0.788085938,-3.2265625,0.5390625,-0.029296875,-0.0244140625
584,1,1,-0.912109375,0.729492188,-0.693359375,-0.905273438,0.0068359375,0.180664062,-0.3671875,-0.0673828125,-0.51953125,-0.780273438
585,7,7,-1.12597656,-0.993164062,-1.07421875,0.09765625,-0.338867188,-0.240234375,-2.078125,1.65136719,-1.13183594,0.14453125
586,0,0,1.15429688,1.00390625,-0.936523438,-2.71679688,0.021484375,-1.78613281,-0.01953125,0.927734375,-2.90527344,-0.676757812
587,6,4,-0.698242188,-0.2265625,-0.27734375,-0.608398438,0.69140625,-0.59375,0.100585938,-0.05859375,-1.78320312,-3.16015625
588,5,6,0.456054688,-0.560546875,-1.03613281,-0.60546875,-0.356445312,-0.11328125,0.506835938,-0.186523438,-2.04003906,-0.95703125
589,4,4,-0.669921875,-0.602539062,-0.495117188,-1.453125,0.92578125,0.245117188,-1.0703125,-0.083984375,-0.76171875,-1.3046875
590,3,3,-1.01855469,-1.67871094,-1.34277344,1.18945312,-0.986328125,0.309570312,-3.4609375,-0.154296875,-2.23730469,-0.838867188
591,8,1,-0.42578125,0.475585938,-0.424804688,-0.869140625,-0.206054688,-0.376953125,-0.662109375,-0.3828125,-0.53515625,-0.923828125
592,0,7,1.10351562,0.756835938,-1.14453125,-3.74804688,0.234375,-3.20214844,-0.248046875,1.27539062,-3.04980469,-0.412109375
593,9,5,-1.20214844,-0.150390625,-1.67480469,-0.772460938,0.0068359375,0.953125,-2.23925781,0.805664062,-1.33789062,0.0966796875
594,6,6,-0.755859375,0.6171875,-0.27734375,-1.94238281,0.903320312,-0.168945312,0.918945312,-0.759765625,-0.96875,-3.00976562
595,3,4,0.05859375,-1.05761719,-0.634765625,-0.516601562,0.219726562,-0.490234375,-1.12402344,0.139648438,-1.8203125,-2.88574219
596,8,9,-0.841796875,-1.49609375,-0.887695312,-0.571289062,-0.36328125,0.18359375,-1.49609375,0.229492188,-1.09570312,0.521484375
597,0,0,0.719726562,-0.950195312,0.266601562,-1.41992188,0.67578125,-2.22558594,0.236328125,0.56640625,-2.61035156,-1.85351562
598,9,7,-0.85546875,-0.973632812,-0.736328125,-0.893554688,0.30859375,0.403320312,-2.31835938,0.583984375,-0.991210938,0.0263671875
599,9,9,-0.369140625,-1.78320312,-0.461914062,-1.16210938,0.426757812,0.0830078125,-1.81152344,0.28125,-0.752929688,0.65234375
600,6,6,-0.49609375,-0.13671875,0.157226562,-1.30664062,0.724609375,-0.4453125,0.747070312,-0.905273438,-1.23535156,-2.15136719
601,8,9,-0.592773438,-0.592773438,-1.13574219,-0.7734375,-0.528320312,-0.0791015625,-1.99023438,0.282226562,-0.307617188,0.577148438
602,6,6,0.01953125,-1.47167969,0.080078125,-2.60351562,0.850585938,-1.14648438,2.40820312,-0.833007812,-0.609375,-1.04785156
603,8,5,-1.35253906,-0.868164062,-0.715820312,-0.591796875,-0.2109375,0.733398438,-0.943359375,-0.6171875,-0.84375,-0.314453125
604,5,5,-1.11132812,-1.16992188,-3.1953125,-0.881835938,0.029296875,2.62304688,-1.43554688,-1.23925781,-2.25292969,-0.620117188
605,7,7,-0.484375,-0.737304688,-1.33300781,-1.39746094,-0.0576171875,0.110351562,-2.32519531,1.02832031,-1.17382812,-0.36328125
606,8,1,-0.927734375,0.578125,-0.810546875,-1.34375,-0.322265625,0.125976562,-1.09863281,-0.14453125,-0.1953125,-1.75976562
607,6,1,-0.569335938,0.47265625,-0.58984375,-0.66796875,0.418945312,-0.248046875,0.278320312,0.0576171875,-1.44824219,-2.16992188
608,0,0,1.13964844,-0.948242188,-1.00976562,-2.05664062,-0.212890625,-1.96875,0.509765625,1.03027344,-2.44433594,0.7109375
609,2,7,-1.19726562,-1.16699219,-0.046875,0.16015625,-1.11035156,-0.424804688,-2.31445312,0.61328125,-0.485351562,0.05859375
610,4,4,-0.0009765625,0.729492188,-0.250976562,-3.23730469,1.2421875,-1.07226562,-0.344726562,-0.296875,-0.681640625,-3.04980469
611,0,0,0.858398438,-1.21875,-0.875976562,-2.45214844,0.509765625,-3.09765625,0.588867188,0.807617188,-1.64453125,0.354492188
612,2,2,-0.96875,-1.0859375,1.4375,-0.81640625,0.259765625,-3.01953125,-1.35742188,1.04589844,-1.24023438,-2.63867188
613,2,7,-0.810546875,-0.171875,-1.30664062,-0.776367188,-0.51953125,0.12109375,-1.67089844,0.57421875,-0.3203125,0.411132812
614,3,3,-0.94921875,-1.15332031,-0.529296875,0.556640625,-0.772460938,-0.0859375,-2.09277344,0.415039062,-0.618164062,-0.733398438
615,1,1,-0.504882812,1.421875,-2.19628906,-3.98535156,0.94921875,-0.186523438,-0.991210938,0.0390625,-1.08984375,-1.35742188
616,9,7,-0.516601562,-0.419921875,-0.865234375,-0.473632812,0.200195312,0.266601562,-1.96582031,0.5078125,-1.47070312,-0.642578125
617,7,3,-0.892578125,-1.75976562,0.08984375,0.547851562,-0.490234375,-1.43066406,-2.27636719,0.516601562,-0.6796875,-1.49121094
618,5,5,-0.443359375,-1.14648438,-1.80371094,0.0986328125,-0.3125,0.990234375,-0.799804688,-0.774414062,-2.66894531,-0.118164062
619,1,5,-1.01171875,0.163085938,-0.26953125,-0.768554688,-0.1953125,0.194335938,-0.411132812,-0.15234375,-0.50390625,-0.80859375
620,0,1,0.84375,1.1328125,-0.95703125,-2.96679688,0.466796875,-2.62207031,-0.844726562,1.06152344,-2.6640625,-1.10351562
621,8,5,-1.09375,-0.541992188,-0.532226562,-0.489257812,-0.418945312,0.5078125,-1.03613281,0.0830078125,-0.741210938,-0.142578125
622,4,4,0.01171875,0.0419921875,-0.767578125,-2.47070312,1.13964844,-1.13574219,-1.0859375,0.139648438,-1.08300781,-0.328125
623,6,4,-0.400390625,0.227539062,0.295898438,-1.8359375,1.45410156,-1.02832031,1.02441406,-0.56640625,-1.93457031,-3.95410156
624,2,7,-1.109375,0.013671875,-0.516601562,-0.600585938,-0.525390625,0.0478515625,-1.7578125,0.180664062,-0.576171875,-0.553710938
625,6,4,-0.107421875,-0.129882812,0.884765625,-2.56542969,1.78808594,-1.52929688,0.82421875,-0.508789062,-2.03222656,-3.55566406
626,7,7,-1.45996094,-0.888671875,-1.24902344,0.375,-0.633789062,-0.387695312,-2.87304688,1.70117188,-1.07617188,0.306640625
627,9,9,-0.525390625,-1.06347656,-0.42578125,-0.629882812,0.015625,-0.266601562,-1.07226562,0.0498046875,-0.16015625,0.71875
628,3,7,-0.905273438,-0.260742188,-0.25390625,-0.638671875,0.009765625,-0.328125,-1.88085938,1.04003906,-1.08007812,-1.75683594
629,2,4,-0.724609375,-2.29589844,0.389648438,-0.0048828125,0.936523438,-1.92382812,-1.72851562,0.442382812,-2.11425781,-2.56835938
630,9,9,-0.400390625,-1.45019531,-1.09570312,-0.899414062,0.11328125,0.50390625,-0.94921875,0.029296875,-0.926757812,1.00878906
631,8,5,-1.3828125,-1.55273438,-0.405273438,-0.247070312,-0.653320312,0.430664062,-1.72558594,-0.176757812,-0.196289062,-0.701171875
632,2,7,0.208007812,-1.7734375,-0.2578125,-0.224609375,-0.396484375,-1.65722656,-1.5390625,0.584960938,-1.59863281,-0.256835938
633,2,2,-1.28710938,-0.360351562,1.09472656,-0.944335938,0.0078125,-1.88476562,-1.38085938,0.8125,-1.05566406,-2.01171875
634,9,9,0.176757812,-1.96191406,-1.2109375,-1.65820312,0.904296875,-0.55859375,-2.76367188,1.0703125,-1.43554688,1.3046875
635,2,7,-1.04101562,0.13671875,0.479492188,-0.232421875,0.21484375,-1.83789062,-1.50195312,0.916992188,-1.86035156,-1.72363281
636,7,7,-0.681640625,0.276367188,-2.13867188,-1.28417969,0.120117188,-0.354492188,-1.89453125,2.44238281,-1.87402344,-0.401367188
637,3,3,-0.663085938,-0.737304688,-0.139648438,0.29296875,-0.287109375,-0.977539062,-1.51269531,0.221679688,-1.19726562,-1.72753906
638,5,5,-0.377929688,-0.033203125,-2.0390625,-0.5234375,-0.291015625,1.2734375,-1.48632812,1.16601562,-1.86621094,-0.40625
639,9,5,-0.294921875,-0.458007812,-0.711914062,-1.11035156,0.208984375,0.21875,-1.66894531,0.172851562,-0.571289062,0.0390625
640,1,1,-1.06835938,0.9765625,-0.65625,-0.985351562,0.0361328125,0.0400390625,-0.510742188,0.154296875,-0.724609375,-1.07617188
641,8,5,-0.796875,-0.256835938,-0.995117188,-1.19628906,-0.352539062,0.419921875,-0.7734375,-0.303710938,-0.516601562,-0.7734375
642,0,7,0.487304688,0.196289062,-0.354492188,-1.68847656,0.665039062,-1.81054688,0.0859375,1.1640625,-2.68847656,-2.42578125
643,2,7,-1.42675781,-0.978515625,0.615234375,0.427734375,-0.670898438,-1.72753906,-2.72558594,0.705078125,-1.12011719,-1.01855469
644,0,7,0.788085938,0.40625,-1.72753906,-2.9765625,-0.0791015625,-2.94726562,-1.2109375,1.85644531,-2.18652344,0.659179688
645,5,5,-1.171875,-0.702148438,-0.764648438,-0.217773438,0.044921875,0.573242188,-0.58984375,-0.7734375,-2.00390625,-1.4765625
646,2,4,-0.295898438,0.171875,0.379882812,-1.20214844,0.9765625,-1.25292969,0.0791015625,0.0322265625,-1.33496094,-2.87304688
647,1,1,-0.790039062,0.544921875,-0.51953125,-0.634765625,-0.151367188,0.001953125,-0.596679688,0.203125,-0.502929688,-0.677734375
648,3,7,0.321289062,-1.56835938,-0.749023438,0.08203125,-1.09472656,-0.5390625,-1.55175781,0.40234375,-1.20703125,-1.27832031
649,7,7,-0.877929688,-0.890625,-0.642578125,0.08984375,-0.470703125,-0.227539062,-1.52734375,1.17089844,-0.578125,0.258789062
650,6,6,-0.657226562,0.361328125,-0.6640625,-1.0625,0.060546875,0.229492188,0.750976562,-0.205078125,-1.27929688,-0.685546875
651,7,7,-1.18164062,-0.512695312,-0.868164062,-0.336914062,-0.1796875,-0.708007812,-1.95800781,1.86328125,-1.15820312,-0.826171875
652,1,1,-0.564453125,0.853515625,-0.734375,-1.13867188,-0.20703125,0.0595703125,0.01953125,-0.048828125,-0.232421875,-0.563476562
653,2,2,-1.0546875,-0.712890625,1.07617188,0.0302734375,-0.453125,-1.73242188,-1.54492188,0.551757812,-0.538085938,-1.48046875
654,5,1,0.166992188,0.454101562,-0.403320312,-1.33398438,0.109375,-0.18359375,-0.265625,0.264648438,-2.15429688,-2.42382812
655,8,7,-1.44335938,-0.336914062,-0.564453125,-0.35546875,-0.905273438,0.0712890625,-2.91699219,0.178710938,-0.153320312,-0.95703125
656,0,0,1.828125,1.00195312,-1.37402344,-3.62597656,-0.0029296875,-2.84082031,-0.0732421875,1.25488281,-3.41992188,-0.892578125
657,3,3,-0.59765625,-1.32324219,-0.767578125,0.822265625,-0.751953125,-0.848632812,-2.69921875,0.526367188,-1.42578125,-1.40136719
658,7,7,0.337890625,0.8671875,-1.80859375,-3.68457031,1.21289062,-1.39746094,-1.00195312,2.10742188,-2.75,-1.53808594
659,2,7,-1.35058594,0.135742188,0.5625,-0.766601562,-0.232421875,-0.893554688,-0.985351562,0.788085938,-0.646484375,-1.22070312
660,4,4,-0.185546875,0.0751953125,-0.420898438,-3.046875,1.65234375,-0.740234375,-0.452148438,-0.060546875,-1.21386719,-2.78417969
661,0,7,-0.0068359375,0.440429688,-0.485351562,-0.97265625,-0.029296875,-0.708984375,0.171875,0.489257812,-0.903320312,-0.500976562
662,9,7,-0.258789062,-0.67578125,-0.919921875,-1.34570312,0.553710938,0.0283203125,-2.39746094,0.752929688,-1.09765625,0.212890625
663,1,1,-0.575195312,0.788085938,-0.84765625,-1.13671875,-0.180664062,0.209960938,0.1640625,-0.258789062,-0.116210938,-0.643554688
664,8,5,-1.56054688,-0.578125,-1.36425781,-0.850585938,-0.448242188,0.859375,-1.41992188,-0.154296875,-0.818359375,0.262695312
665,6,6,0.137695312,-1.00292969,0.189453125,-2.36328125,0.845703125,-1.39453125,2.52441406,-0.84375,-0.772460938,-2.35351562
666,7,7,-0.696289062,-0.005859375,-1.31054688,-1.04394531,-0.05078125,-0.25390625,-1.50292969,1.34960938,-0.662109375,-0.0244140625
667,7,7,-0.55859375,-0.795898438,-0.646484375,0.11328125,-0.604492188,0.0244140625,-1.26757812,0.495117188,-0.17578125,0.262695312
668,4,4,-0.594726562,-1.1015625,0.146484375,-0.735351562,0.848632812,-0.927734375,-0.548828125,-0.0205078125,-1.12304688,-2.33398438
669,3,3,-0.750976562,-1.515625,-0.315429688,0.4921875,-1.01757812,-0.056640625,-1.52246094,0.0869140625,-0.204101562,-1.22851562
670,4,4,-0.56640625,1.18457031,-2.37792969,-2.79101562,1.41503906,0.744140625,-3.28515625,1.14550781,-2.71582031,-1.45605469
671,9,9,-0.323242188,-1.73828125,-0.284179688,-1.50292969,0.711914062,-1.44238281,-1.05371094,0.215820312,-1.01074219,1.02734375
672,1,1,-0.274414062,0.583007812,-0.705078125,-1.4375,-0.217773438,-0.146484375,0.438476562,-0.341796875,0.168945312,-0.506835938
673,9,7,-0.311523438,-0.734375,-1.07421875,-1.11425781,-0.00390625,0.03125,-1.29589844,0.374023438,-1.11523438,-0.27734375
674,5,5,-1.33007812,-1.03613281,-1.30566406,0.703125,-0.106445312,0.748046875,-1.66015625,-0.9453125,-2.36621094,-1.26269531
675,1,1,-0.418945312,0.751953125,-0.668945312,-1.1796875,-0.180664062,0.068359375,0.416992188,-0.265625,-0.107421875,-0.630859375
676,7,7,-1.20019531,-1.69433594,-0.802734375,0.83984375,-0.985351562,-0.577148438,-2.78515625,1.46777344,-1.01074219,0.16015625
677,3,3,-0.701171875,-1.3671875,-0.486328125,0.83203125,-1.00976562,-0.780273438,-1.95507812,-0.123046875,-1.44335938,-0.810546875
678,9,4,-0.133789062,-1.42089844,0.001953125,-1.05371094,0.458984375,-0.747070312,-0.623046875,0.314453125,-0.924804688,-0.013671875
679,7,7,-1.20019531,-1.47167969,-0.724609375,0.434570312,-0.689453125,-0.177734375,-2.42773438,1.13867188,-0.403320312,0.498046875
680,6,4,0.033203125,-1.35839844,0.869140625,-2.34667969,1.41015625,-1.59375,1.26171875,-0.653320312,-1.19238281,-3.01171875
681,9,7,0.185546875,-2.16113281,-0.823242188,-1.09082031,0.453125,-0.380859375,-2.28027344,0.733398438,-1.58691406,0.453125
682,1,1,-0.541015625,0.431640625,-0.497070312,-0.814453125,0.0341796875,-0.116210938,-0.122070312,-0.021484375,-0.448242188,-0.672851562
683,3,3,-1.25488281,-0.901367188,-0.759765625,0.723632812,-0.43359375,0.4140625,-1.55761719,-0.833007812,-1.171875,-0.809570312
684,7,7,-1.49804688,-1.16113281,0.16796875,-0.263671875,0.0263671875,-0.533203125,-1.984375,0.2734375,-0.89453125,-1.21484375
685,8,5,-1.28710938,-0.662109375,-1.12792969,-0.215820312,-0.734375,0.657226562,-2.12597656,-0.305664062,-0.6328125,0.340820312
686,3,3,-1.36914062,-1.95117188,-0.546875,1.34960938,-1.16699219,-0.390625,-3.11328125,0.211914062,-0.83984375,-1.11425781
687,3,3,-0.735351562,-1.02441406,-0.41015625,0.282226562,-1.07128906,0.021484375,-2.04101562,0.264648438,-0.646484375,-0.497070312
688,6,6,-0.541015625,-0.0126953125,-0.435546875,-1.56542969,0.56640625,0.0380859375,0.91796875,-0.666992188,-0.966796875,-2.0078125
689,7,7,-0.315429688,0.107421875,-0.961914062,-0.795898438,0.151367188,0.345703125,-0.969726562,0.860351562,-1.02050781,-0.0166015625
690,2,7,-1.71777344,-0.404296875,-0.431640625,0.06640625,-1.01660156,0.0283203125,-3.02246094,0.326171875,-1.24316406,-0.107421875
691,8,4,-0.2109375,-1.796875,-0.290039062,-1.59375,0.646484375,-0.6171875,0.0615234375,-0.209960938,-0.485351562,-1.93945312
692,5,5,-1.45507812,-0.427734375,-2.73828125,-0.51953125,-0.126953125,2.06933594,-1.74414062,0.274414062,-1.78320312,-0.283203125
693,8,5,-1.23925781,0.068359375,-0.671875,-0.635742188,-0.413085938,0.6171875,-1.02539062,0.176757812,-0.962890625,-0.444335938
694,5,5,-2.19921875,-0.7890625,-3.15820312,-0.21484375,0.247070312,2.70703125,-2.61621094,-0.491210938,-2.88867188,-0.212890625
695,1,1,-0.19140625,0.640625,-0.750976562,-1.54394531,-0.0546875,-0.254882812,0.237304688,-0.229492188,0.0595703125,-0.516601562
696,1,1,-0.69140625,0.5078125,-0.918945312,-0.70703125,-0.444335938,0.36328125,-0.413085938,0.278320312,-0.430664062,-0.1875
697,4,4,0.159179688,-0.131835938,-0.90625,-3.38378906,1.50097656,-0.774414062,-1.296875,0.44140625,-1.28222656,-2.11621094
698,4,4,0.279296875,-0.834960938,-1.25292969,-3.4375,1.81835938,-0.912109375,-1.29492188,0.717773438,-1.734375,-0.61328125
699,3,7,-0.57421875,-0.126953125,-1.06738281,-1.06152344,-0.111328125,0.504882812,-1.66210938,0.693359375,-0.780273438,-1.96191406
700,1,1,-1.12695312,0.91015625,-0.495117188,-1.04101562,-0.056640625,0.3125,-0.673828125,-0.0078125,-0.651367188,-0.66796875
701,0,7,0.708984375,0.747070312,-1.51074219,-3.03222656,0.47265625,-3,-0.100585938,0.831054688,-2.5859375,-0.860351562
702,7,3,-1.00195312,-1.2109375,-0.4375,0.747070312,-0.680664062,-0.415039062,-2.15429688,0.35546875,-0.408203125,0.0869140625
703,7,3,-0.943359375,-1.453125,0.278320312,0.688476562,-0.26953125,-1.27148438,-2.07226562,0.659179688,-0.840820312,-1.515625
704,0,1,0.450195312,1.78710938,-1.73730469,-3.23730469,0.314453125,-1.83007812,-0.541015625,0.858398438,-2.41796875,-1.18066406
705,7,7,-0.926757812,-0.477539062,-0.7578125,-0.146484375,-0.31640625,-0.432617188,-1.56445312,1.51074219,-0.891601562,-0.474609375
706,9,7,-0.328125,-0.692382812,-0.755859375,-0.828125,0.291015625,0.330078125,-1.36230469,0.678710938,-1.26171875,-0.100585938
707,4,4,-0.314453125,-0.56640625,-0.331054688,-1.10058594,0.440429688,-0.243164062,-0.763671875,0.0068359375,-0.600585938,-1.24707031
708,4,4,-0.295898438,-0.67578125,-1.10351562,-2.72753906,1.20214844,-0.24609375,-0.143554688,0.568359375,-0.641601562,-0.616210938
709,8,5,-1.15136719,-0.83203125,-1.08691406,-0.556640625,-0.88671875,0.538085938,-2.00292969,0.125976562,0.0185546875,0.232421875
710,5,5,-1.22265625,-1.38867188,-2.88378906,0.461914062,-0.322265625,2.15917969,-2.93652344,-0.403320312,-3.02539062,-1.28710938
711,5,5,-2.29003906,-1.26367188,-1.54882812,0.361328125,-0.14453125,1.92382812,-2.32714844,-2.30371094,-2.56054688,-1.49316406
712,4,4,0.16796875,-0.192382812,-0.0595703125,-2.51855469,1.234375,-0.8125,-0.359375,0.151367188,-1.21484375,-2.08203125
713,0,7,1.28515625,-0.154296875,-1.16015625,-2.06445312,-0.444335938,-1.31445312,-0.146484375,1.671875,-2.61132812,0.552734375
714,8,5,0.04296875,-0.0166015625,-1.26953125,-1.16015625,-0.1171875,0.353515625,-0.66796875,-0.317382812,-1.18847656,-0.09375
715,2,7,-1.46289062,-1.08691406,-0.037109375,0.6171875,-1.07519531,-0.93359375,-2.5703125,1.0859375,-1.05371094,-0.750976562
716,1,1,-0.4140625,0.4140625,-0.930664062,-0.94921875,-0.328125,0.158203125,-0.217773438,0.12109375,-0.0166015625,-0.294921875
717,0,6,0.444335938,-1.13183594,0.569335938,-1.609375,0.86328125,-2.34375,1.06542969,-0.0810546875,-2.04980469,-2.64355469
718,8,7,-1.31347656,-0.772460938,-0.387695312,-0.263671875,-0.780273438,0.196289062,-1.30273438,0.365234375,-0.624023438,0.169921875
719,4,4,0.541992188,-1.74707031,-0.758789062,-3.93457031,2.02734375,-1.046875,-0.333984375,-0.408203125,-0.942382812,-1.66796875
720,5,5,-0.692382812,-0.502929688,-0.959960938,-0.407226562,0.26953125,0.786132812,-0.727539062,-1.69335938,-1.63964844,-1.50390625
721,0,7,0.859375,-0.470703125,-0.428710938,-1.56445312,-0.454101562,-1.22363281,0.0673828125,0.943359375,-3.02050781,-0.305664062
722,4,4,0.66796875,-1.75195312,-0.462890625,-3.1015625,1.64550781,-1.41113281,-0.786132812,0.158203125,-1.17578125,-0.904296875
723,0,7,0.384765625,0.0341796875,-0.561523438,-1.89941406,0.381835938,-1.8125,0.169921875,0.596679688,-1.625,-0.497070312
724,6,6,-0.376953125,0.444335938,-0.064453125,-0.848632812,0.19140625,-0.396484375,0.602539062,-0.131835938,-0.995117188,-1.61816406
725,1,1,-0.345703125,0.596679688,-0.622070312,-1.34570312,-0.0869140625,-0.103515625,0.463867188,-0.358398438,0.013671875,-0.512695312
726,7,7,-0.75,-0.009765625,-0.352539062,-0.947265625,0.291015625,-0.12109375,-0.186523438,0.420898438,-1.43066406,-1.75292969
727,3,3,-1.38183594,-1.54882812,-0.934570312,0.740234375,-1.43554688,0.618164062,-2.48339844,0.188476562,-1.07226562,-0.169921875
728,2,7,-1.41992188,-1.49804688,-0.801757812,0.162109375,-1.46289062,-0.137695312,-3.06347656,1.27441406,-0.232421875,0.48046875
729,6,4,-0.736328125,0.325195312,-1.00488281,-1.71289062,0.765625,0.11328125,0.682617188,-1.47363281,-1.30371094,-2.73535156
730,7,7,0.2734375,0.903320312,-2.02148438,-2.91015625,0.697265625,-1.90527344,-0.30859375,1.96386719,-2.31738281,-0.844726562
731,2,2,0.104492188,-1.47949219,0.294921875,-0.87109375,-0.135742188,-2.07519531,-1.18652344,0.21875,-1.29003906,-0.838867188
732,6,6,0.220703125,-1.37597656,0.322265625,-2.68261719,0.413085938,-1.72949219,2.46777344,-0.409179688,-0.25,-0.419921875
733,9,5,-0.6484375,-1.00195312,-1.0625,-1.1484375,0.126953125,0.440429688,-2.25292969,0.369140625,-0.703125,0.356445312
734,3,3,-1.15429688,-1.22851562,-1.09472656,0.80859375,-0.720703125,0.560546875,-2.16796875,-0.25390625,-1.52246094,-0.706054688
735,1,1,-0.833007812,0.967773438,-0.575195312,-0.94140625,-0.015625,0.08984375,-0.078125,-0.0830078125,-0.498046875,-0.887695312
736,4,4,0.17578125,-0.909179688,-0.0205078125,-2.3515625,0.934570312,-1.25,0.159179688,-0.290039062,-0.884765625,-0.765625
737,6,6,0.583984375,-1.05273438,0.407226562,-2.41699219,0.658203125,-2.15332031,1.47558594,0.389648438,-1.76464844,-1.05175781
738,2,7,-0.69140625,-0.686523438,-0.975585938,-0.490234375,-1.2734375,-0.422851562,-1.67089844,0.897460938,-0.171875,-0.200195312
739,5,5,-1.85058594,-0.462890625,-1.46972656,0.12890625,-0.108398438,1.24023438,-1.28417969,-1.34960938,-2.33984375,-0.59375
740,4,7,-0.471679688,0.259765625,-0.44140625,-1.0546875,0.33984375,-0.334960938,-1.26269531,1,-1.32910156,-1.31347656
741,2,7,-1.41796875,-1.43945312,0.337890625,0.458007812,-1.13769531,-0.665039062,-2.3203125,0.670898438,-0.182617188,-0.041015625
742,0,7,1.59863281,1.27539062,-1.859375,-4.30371094,0.12109375,-3.59667969,-0.290039062,1.81152344,-3.65820312,-0.80859375
743,6,6,-0.477539062,0.6328125,-0.380859375,-1.13085938,0.37890625,-0.256835938,0.822265625,-0.411132812,-1.20214844,-1.80175781
744,2,7,-0.971679688,0.100585938,0.04296875,-1.03710938,-0.146484375,-1.11523438,-2.20996094,0.622070312,-1.54394531,-1.27246094
745,1,1,-0.456054688,0.944335938,-1.76074219,-2.67675781,0.461914062,-0.04296875,-0.834960938,0.377929688,-0.68359375,-0.717773438
746,7,7,-1.09765625,-0.5546875,-0.275390625,-0.021484375,-0.267578125,-0.490234375,-1.72851562,1.18847656,-0.638671875,-0.122070312
747,3,3,-1.19921875,-1.1640625,-0.71484375,0.521484375,-0.96875,0.247070312,-1.75976562,-0.033203125,-0.861328125,-0.8125
748,4,4,0.358398438,-0.103515625,-0.251953125,-2.60742188,1.12402344,-0.928710938,-0.33203125,0.397460938,-1.41015625,-1.55078125
749,1,1,-0.26171875,0.450195312,-0.56640625,-1.12597656,-0.137695312,-0.044921875,0.11328125,-0.180664062,-0.0224609375,-0.4375
750,0,0,0.903320312,0.27734375,-0.828125,-2.76074219,0.51953125,-2.55371094,0.189453125,0.698242188,-2.68554688,-0.159179688
751,5,5,0.0263671875,-0.913085938,-2.77050781,-0.439453125,-0.279296875,1.79296875,-1.39746094,-0.677734375,-3.26464844,-0.61328125
752,4,4,0.076171875,1.03320312,-1.36425781,-2.94824219,1.24511719,-0.33984375,-1.26367188,0.909179688,-1.76855469,-1.42089844
753,3,3,-0.931640625,-2.33007812,-0.43359375,1.02148438,-0.758789062,-1.05859375,-3.078125,0.643554688,-1.47851562,-2.39550781
754,1,1,-0.23046875,0.491210938,-0.600585938,-1.30664062,-0.157226562,-0.16796875,0.352539062,-0.337890625,0.091796875,-0.411132812
755,1,1,-0.669921875,0.690429688,-0.5859375,-0.865234375,-0.0634765625,0.224609375,-0.0478515625,-0.120117188,-0.375,-0.60546875
756,7,7,-1.09960938,-1.83105469,-0.758789062,0.752929688,-0.848632812,-0.262695312,-2.49902344,1.17285156,-0.540039062,0.540039062
757,4,4,-0.286132812,-0.0400390625,-1.20703125,-1.84667969,1.03710938,0.0205078125,-1.94824219,0.651367188,-1.68457031,-0.861328125
758,9,9,-0.21484375,-1.40332031,-0.958007812,-0.94140625,0.4375,-0.353515625,-2.00292969,0.345703125,-0.705078125,1.24414062
759,9,5,-0.908203125,-0.952148438,-1.14453125,-0.0185546875,-0.327148438,0.62109375,-1.67675781,-0.099609375,-1.05371094,0
760,4,4,-0.122070312,0.133789062,-0.814453125,-1.49902344,0.736328125,-0.0087890625,-1.65039062,0.395507812,-1.16894531,-0.543945312
761,8,7,-0.895507812,0.444335938,-0.376953125,-1.39941406,-0.0048828125,0.15625,-0.651367188,0.470703125,-0.606445312,-1.328125
762,4,4,0.529296875,-1.04589844,-0.509765625,-2.92675781,1.74804688,-1.09277344,0.16015625,-0.174804688,-1.36035156,-0.885742188
763,0,7,0.68359375,-1.64941406,-0.825195312,-0.0068359375,-0.646484375,-0.697265625,-1.21679688,1.34960938,-3.01953125,-0.491210938
764,2,7,-0.4765625,-2.23632812,0.21484375,0.294921875,-0.819335938,-1.84863281,-2.25195312,0.311523438,-0.779296875,-0.204101562
765,4,4,-0.40625,0.682617188,-1.63378906,-2.55078125,1.11132812,0.477539062,-1.23535156,0.793945312,-1.3828125,-0.856445312
766,5,5,-1.18457031,-1.61816406,-3.2265625,-0.47265625,-0.418945312,2.68457031,-1.33886719,-1.75097656,-3.04589844,-0.0771484375
767,1,1,-0.165039062,0.680664062,-1.015625,-2.02539062,0.310546875,-0.254882812,-0.318359375,-0.064453125,-0.435546875,-0.731445312
768,1,1,-0.536132812,0.669921875,-0.736328125,-1.15722656,-0.176757812,0.0693359375,0.37109375,-0.3984375,0.0029296875,-0.620117188
769,6,1,-0.676757812,1.08300781,-0.993164062,-2.3203125,0.510742188,-0.120117188,1.00488281,-0.814453125,-0.872070312,-1.4609375
770,4,4,0.345703125,0.01953125,-1.67382812,-4.60839844,2.08789062,-1.81347656,-1.51367188,-0.052734375,-1.51855469,-0.43359375
771,7,7,-0.15625,-1.00097656,-0.93359375,-0.806640625,0.303710938,-1.03613281,-0.697265625,1.44628906,-1.01171875,0.044921875
772,1,1,-0.48828125,0.463867188,-0.533203125,-0.666992188,-0.224609375,-0.02734375,-0.279296875,0.0302734375,-0.299804688,-0.411132812
773,9,4,-0.388671875,-1.05761719,-0.546875,-0.834960938,0.443359375,-0.025390625,-1.90527344,0.404296875,-0.860351562,0.24609375
774,4,4,-0.395507812,-0.0986328125,-0.547851562,-1.17871094,0.549804688,-0.052734375,-1.28027344,0.525390625,-0.858398438,-1.35058594
775,2,3,-0.922851562,-1.50195312,0.353515625,0.716796875,-0.674804688,-1.67871094,-2.43164062,0.665039062,-0.948242188,-0.663085938
776,4,4,-0.458007812,-0.701171875,-0.436523438,-2.3203125,1.97167969,-0.154296875,-0.766601562,-0.447265625,-1.40039062,-3.35546875
777,1,1,-0.81640625,0.625,-0.74609375,-0.8125,-0.298828125,0.165039062,-0.3515625,0.0361328125,-0.37109375,-0.697265625
778,5,5,0.225585938,-1.42285156,-1.24023438,-1.10351562,-0.0078125,0.624023438,0.375976562,-1.3203125,-2.54199219,-0.670898438
779,5,5,-0.979492188,-0.588867188,-2.59765625,-0.465820312,-0.172851562,2.19628906,-1.0546875,-0.700195312,-1.69824219,-0.125976562
780,3,3,-0.873046875,-1.12890625,-1.15527344,1.17089844,-0.454101562,0.220703125,-2.31347656,-0.198242188,-2.17089844,-1.12695312
781,8,5,-0.974609375,-0.0078125,-0.43359375,-0.828125,0.0732421875,0.627929688,-0.409179688,-0.58984375,-0.413085938,-1.07714844
782,3,7,0.021484375,-0.897460938,-0.268554688,-0.184570312,-0.0634765625,-1.30371094,-1.21289062,0.504882812,-1.85644531,-2.46582031
783,1,1,-0.461914062,0.611328125,-0.598632812,-0.874023438,-0.1640625,0.0771484375,0.275390625,-0.211914062,-0.15625,-0.618164062
784,4,4,-0.147460938,-0.309570312,-1.14941406,-2.44042969,1.69628906,0.1328125,-1.65234375,0.0625,-1.72851562,-1.90429688
785,5,5,-0.076171875,-0.86328125,-1.54882812,0.134765625,-0.622070312,1.22949219,-1.35742188,-0.172851562,-2.30078125,-0.140625
786,6,1,-0.826171875,1.046875,-0.645507812,-1.37988281,0.329101562,0.302734375,0.252929688,-0.334960938,-1.58398438,-1.24804688
787,8,8,-0.296875,-1.8671875,-0.625976562,-0.717773438,-0.767578125,-0.115234375,-1.4296875,0.095703125,0.725585938,0.333984375
788,9,7,-0.55078125,-0.703125,-1.10449219,-0.719726562,0.0703125,0.452148438,-2.02050781,0.534179688,-1.171875,-0.0107421875
789,4,4,-0.130859375,0.559570312,-0.8984375,-2.19238281,0.857421875,-0.0625,-1.15234375,0.275390625,-1.01367188,-0.5390625
790,1,5,-0.6328125,0.403320312,-0.982421875,-0.958984375,-0.361328125,0.473632812,0.283203125,-0.430664062,0.0107421875,-0.53125
791,5,5,-0.651367188,-1.47363281,-2.15527344,-0.96875,0.0927734375,1.26953125,-0.948242188,-0.150390625,-1.98925781,-0.549804688
792,3,3,-1.2265625,-2.11035156,-1.08886719,1.70117188,-1.34179688,0.116210938,-3.71972656,0.078125,-1.72265625,-0.662109375
793,8,5,-0.948242188,-1.28027344,-0.3046875,-0.502929688,-0.750976562,0.0654296875,-0.880859375,-0.255859375,0.0625,-0.1953125
794,0,1,0.638671875,1.81542969,-2.06347656,-3.98828125,0.395507812,-2.62988281,-0.77734375,1.30273438,-2.81445312,-0.20703125
795,3,7,-0.923828125,-0.033203125,-0.1640625,-0.192382812,-0.265625,-0.388671875,-0.857421875,0.0771484375,-0.83984375,-1.14941406
796,2,7,0.21484375,-1.35058594,0.737304688,-1.85058594,0.532226562,-3.00390625,-1.32714844,1.20605469,-2.28027344,-3.28027344
797,5,5,-0.728515625,-0.0771484375,-2.20410156,-1.06738281,-0.556640625,1.58007812,-0.508789062,0.104492188,-1.19628906,0.274414062
798,1,1,-0.936523438,0.564453125,-0.518554688,-0.862304688,-0.064453125,0.0771484375,-0.505859375,0.166015625,-0.581054688,-0.837890625
799,2,2,-1.42773438,-0.859375,1.96972656,-0.5,0.553710938,-3.57519531,-3.06152344,1.24902344,-1.60253906,-2.9609375
800,8,0,0.345703125,0.244140625,-0.66015625,-1.49609375,0.134765625,-1.09082031,-0.41796875,-0.0517578125,-1.21679688,-1.26757812
801,3,3,0.287109375,-1.56347656,-0.817382812,0.36328125,-0.048828125,-0.987304688,-1.22460938,0.271484375,-2.18359375,-2.03125
802,4,4,0.405273438,0.174804688,-1.73535156,-4.67285156,1.90234375,-1.35253906,-0.162109375,0.265625,-1.64648438,-1.73632812
803,4,4,0.262695312,-0.0283203125,-1.23339844,-4.07226562,2.25976562,-0.915039062,-1.11035156,-0.0673828125,-2.01074219,-1.60839844
804,0,0,1.05761719,-1.49121094,-0.181640625,-1.44921875,0.197265625,-2.3984375,0.083984375,0.9453125,-2.12792969,-0.71484375
805,8,5,-1.19628906,-0.18359375,-1.62402344,-0.959960938,-0.53515625,0.931640625,-1.73632812,0.2734375,-0.236328125,-0.391601562
806,8,5,-0.834960938,-1.046875,-0.333007812,-0.776367188,-0.528320312,0.3515625,-0.49609375,-0.421875,0.06640625,-0.82421875
807,3,5,-0.678710938,-1.85449219,-1.65625,0.807617188,-0.9609375,0.987304688,-2.13183594,-0.854492188,-1.84375,-1.05761719
808,3,3,-0.749023438,-1.45703125,-0.8359375,1.13671875,-0.670898438,0.278320312,-1.89257812,-0.409179688,-1.87988281,-0.7109375
809,1,1,-0.360351562,0.53515625,-0.608398438,-0.76953125,-0.259765625,0.135742188,0.252929688,-0.172851562,-0.041015625,-0.438476562
810,7,7,-0.487304688,-1.08203125,0.00390625,-0.229492188,-0.0517578125,-1.8359375,-1.18554688,1.16210938,-1.51855469,-0.653320312
811,3,3,-1.30957031,-2.19433594,-1.04199219,1.2265625,-1.27539062,0.215820312,-2.68457031,0.21875,-0.946289062,-0.250976562
812,5,5,-0.881835938,-1.93066406,-1.96777344,-0.47265625,-0.05078125,1.48925781,-0.513671875,-2.17675781,-2.42675781,-1.81445312
813,9,9,-0.369140625,-1.74609375,-1.26855469,-1.15625,0.455078125,-0.19921875,-2.37011719,0.400390625,-0.747070312,1.39941406
814,6,4,-0.38671875,0.326171875,0.0810546875,-1.62988281,0.99609375,-0.690429688,0.946289062,-0.368164062,-1.40039062,-3.27246094
815,3,3,-0.744140625,-1.72851562,-0.801757812,0.991210938,-1.07128906,0.330078125,-2.1484375,-0.142578125,-1.39257812,0.100585938
816,2,7,-2.16210938,-0.990234375,0.668945312,0.5,-0.974609375,-1.13476562,-3.79589844,0.84765625,-1.19628906,-1.01953125
817,6,4,0.533203125,0.00390625,0.268554688,-2.43554688,0.9453125,-2.13769531,0.749023438,0.166992188,-1.80566406,-1.546875
818,1,1,-1.06835938,1.75878906,-0.790039062,-1.93457031,0.213867188,0.212890625,0.251953125,-0.39453125,-0.418945312,-1.71875
819,3,3,-1.33300781,-1.55761719,-1.078125,1.76660156,-0.67578125,-0.0244140625,-3.19238281,-0.264648438,-2.38085938,-1.15722656
820,6,6,0.0068359375,-0.231445312,-0.104492188,-1.64355469,0.524414062,-0.537109375,1.44433594,-1.04296875,-1.65429688,-1.83984375
821,0,7,1.05761719,-0.548828125,-0.87890625,-2.390625,0.03125,-2.15039062,0.763671875,1.06835938,-2.49804688,0.427734375
822,7,7,-0.603515625,-0.328125,-2.16210938,-0.74609375,-0.0048828125,-0.799804688,-1.73632812,2.61523438,-1.86914062,-0.291015625
823,2,7,-1.18652344,-0.12890625,0.162109375,-0.942382812,-0.418945312,-1.3125,-1.47851562,1.62207031,-1.61523438,-0.499023438
824,1,1,-0.361328125,0.536132812,-0.786132812,-1.45898438,-0.017578125,-0.01171875,0.15234375,-0.404296875,-0.0498046875,-0.512695312
825,7,7,-0.807617188,-0.887695312,-0.904296875,0.0791015625,-0.100585938,-0.509765625,-1.68359375,1.5625,-1.09472656,-0.046875
826,1,1,-0.383789062,0.522460938,-0.684570312,-0.970703125,-0.340820312,0.0341796875,0.244140625,-0.288085938,0.072265625,-0.515625
827,4,4,-0.551757812,0.0341796875,-1.56835938,-2.09375,1.06054688,0.346679688,-2.17480469,0.46484375,-1.59277344,-0.33203125
828,2,7,-1.31835938,-0.502929688,-0.560546875,-0.009765625,-1.12597656,0.037109375,-1.37597656,0.424804688,-0.709960938,-0.70703125
829,4,4,-0.189453125,0.450195312,-1.203125,-2.69726562,0.888671875,-0.142578125,-2.99707031,0.813476562,-1.84765625,-1.48828125
830,2,4,-0.665039062,-0.354492188,0.62109375,-1.46679688,0.668945312,-1.70800781,-0.8984375,0.54296875,-1.05273438,-1.87207031
831,1,1,-0.223632812,0.546875,-0.629882812,-1.26074219,-0.296875,-0.130859375,0.234375,-0.166992188,-0.03125,-0.319335938
832,7,7,-0.8828125,-0.8125,-0.1875,0.184570312,-0.033203125,-0.985351562,-1.95605469,1.01269531,-1.2578125,-1.83886719
833,9,7,-0.0234375,0.362304688,-1.48535156,-1.95703125,0.619140625,-0.072265625,-1.38769531,1.59179688,-1.78027344,-0.568359375
834,6,1,-0.916992188,1.06445312,-0.033203125,-1.69335938,0.663085938,-0.60546875,0.569335938,-0.479492188,-0.987304688,-2.91113281
835,1,1,-0.217773438,0.565429688,-0.65625,-1.484375,-0.0302734375,-0.197265625,0.290039062,-0.263671875,0.001953125,-0.430664062
836,1,1,-0.266601562,0.609375,-1.0546875,-1.83886719,0.0888671875,-0.131835938,-0.20703125,-0.344726562,-0.0947265625,-0.688476562
837,2,2,-0.955078125,-0.388671875,0.625976562,-0.48828125,-0.942382812,-0.677734375,-0.918945312,0.569335938,-0.501953125,-1.12597656
838,4,4,0.404296875,-1.27636719,-0.34765625,-3.06054688,1.64355469,-1.16113281,-0.176757812,-0.052734375,-1.0546875,-2.46582031
839,8,1,-0.19140625,0.866210938,-1.40527344,-1.8359375,0.168945312,-0.549804688,-0.690429688,-0.485351562,-0.956054688,-1.82421875
840,1,1,-0.404296875,0.590820312,-1.390625,-2.32910156,0.072265625,0.0146484375,-0.508789062,0,-0.259765625,-0.354492188
841,7,7,-0.1171875,-1.42578125,-0.547851562,-0.783203125,0.391601562,-1.359375,-1.04589844,1.41308594,-1.37695312,-1.10546875
842,7,7,-1.0625,-1.109375,-0.69140625,0.516601562,-0.74609375,-0.041015625,-2.14648438,0.881835938,-0.547851562,0.481445312
843,4,4,0.385742188,-0.796875,-1.61328125,-4.15039062,2.13085938,-0.66796875,-1.13574219,0.198242188,-1.94042969,-0.71875
844,8,5,-0.999023438,-0.467773438,-0.325195312,-0.384765625,-0.274414062,0.001953125,-0.448242188,-0.0693359375,-0.405273438,-0.979492188
845,0,1,0.750976562,1.17675781,-1.90234375,-3.0625,0.112304688,-1.98730469,-0.326171875,1.01269531,-2.07324219,-0.711914062
846,7,7,0.181640625,-1.15136719,-1.48339844,-1.12207031,0.064453125,-1.74023438,-1.09960938,2.08398438,-1.58007812,0.79296875
847,3,3,-1.21289062,-1.375,-0.838867188,0.293945312,-0.966796875,0.26171875,-2.65039062,0.192382812,-0.47265625,-2.39648438
848,1,1,-0.598632812,1.12011719,-1.98535156,-3.05175781,0.651367188,0.104492188,-0.208984375,0.044921875,-0.520507812,-0.991210938
849,3,3,-1.140625,-2.00976562,-0.798828125,1.41992188,-1.20605469,0.1796875,-2.81835938,-0.771484375,-1.6328125,-0.381835938
850,1,1,-0.350585938,0.384765625,-0.65234375,-1.109375,-0.254882812,-0.1171875,-0.208007812,-0.102539062,-0.01171875,-0.345703125
851,0,1,0.415039062,1.60253906,-2.12011719,-3.43652344,0.408203125,-1.94726562,-0.827148438,0.881835938,-2.02539062,-0.16015625
852,7,7,-0.58984375,-0.08984375,-1.19140625,-0.622070312,-0.139648438,-0.267578125,-1.11132812,1.61425781,-1.01855469,-0.0439453125
853,7,7,-1.203125,-0.306640625,-2,-0.770507812,-0.221679688,0.241210938,-2.95605469,1.42285156,-1.05371094,0.431640625
854,0,7,0.92578125,0.487304688,-1.56152344,-3.23828125,0.5390625,-2.54882812,-0.310546875,1.28027344,-2.6796875,0.4140625
855,3,7,-0.573242188,-1.24414062,-0.7265625,0.370117188,-0.88671875,-0.0791015625,-2.28808594,0.450195312,-0.744140625,-1.4609375
856,5,5,-1.38476562,-0.40234375,-2.40429688,-0.198242188,-0.180664062,1.625,-2.65332031,0.8515625,-2.65625,-0.760742188
857,5,5,-2.078125,-0.54296875,-2.54785156,-0.0517578125,-0.3125,1.83300781,-1.85449219,-1.14257812,-1.96289062,0.0517578125
858,2,7,-0.5234375,-0.475585938,-0.0361328125,-0.913085938,-0.377929688,-1.2890625,-1.8984375,0.396484375,-1.35546875,-0.165039062
859,7,7,-0.420898438,-0.243164062,-0.8359375,-0.887695312,0.01953125,-0.526367188,-0.80859375,1.20605469,-0.87109375,-0.20703125
860,6,6,-0.250976562,-0.125976562,0.366210938,-1.65722656,0.526367188,-1.05761719,1.35351562,-0.797851562,-1.32714844,-1.97265625
861,6,6,-0.0908203125,0.286132812,0.162109375,-1.43359375,0.52734375,-0.606445312,0.848632812,-0.517578125,-1.19042969,-1.88769531
862,9,5,-0.224609375,-1.00195312,-0.6796875,-0.845703125,0.151367188,0.328125,-1.64941406,0.229492188,-0.887695312,0.009765625
863,2,4,-0.5234375,-0.0849609375,-0.365234375,-2.16796875,0.530273438,-0.668945312,-1.43261719,0.217773438,-1.16308594,-2.02148438
864,8,5,-1.06542969,-0.912109375,-1.29296875,-0.838867188,-0.326171875,1.09179688,-1.40039062,-0.259765625,-1.25683594,-0.770507812
865,3,3,-0.954101562,-1.08789062,-0.604492188,0.870117188,-0.852539062,0.0244140625,-2.30664062,0.260742188,-1.45117188,-0.481445312
866,5,5,-0.239257812,-0.401367188,-1.16894531,-1.78515625,0.3046875,1.125,-0.290039062,-0.38671875,-1.50683594,-1.45410156
867,2,7,-0.729492188,-1.26660156,0.439453125,-0.0126953125,-1.09765625,-1.27148438,-1.48632812,0.533203125,-0.396484375,-0.626953125
868,2,2,-0.595703125,-1.34863281,0.416015625,-0.110351562,-0.2421875,-1.04492188,-1.33886719,0.083984375,-0.634765625,-0.416992188
869,5,5,-1.88574219,-1.34179688,-3.8515625,-0.060546875,-0.0478515625,3.42871094,-2.28027344,-1.70410156,-2.96582031,-0.62890625
870,6,1,-0.763671875,0.87890625,-0.869140625,-2.33300781,0.69140625,0.546875,0.751953125,-0.622070312,-1.28417969,-1.83398438
871,0,1,0.859375,1.87402344,-1.97460938,-4.6875,0.776367188,-3.328125,-0.115234375,0.857421875,-3.20117188,-1.14648438
872,8,9,-1.13183594,-1.15820312,-0.969726562,-0.26953125,-0.610351562,0.341796875,-1.63574219,-0.0341796875,-0.458007812,0.375976562
873,2,7,-1.421875,-1.23339844,0.3046875,0.571289062,-0.547851562,-1.5859375,-3.2578125,0.956054688,-1.93847656,-0.474609375
874,9,7,-0.682617188,-0.596679688,-0.838867188,-0.763671875,0.0859375,0.3359375,-2.23632812,0.36328125,-0.927734375,-0.197265625
875,2,7,0.192382812,-0.189453125,-0.763671875,-1.61035156,-0.61328125,-0.794921875,-1.86035156,0.689453125,-1.046875,-0.317382812
876,8,5,-0.932617188,-1.41113281,-0.2734375,-0.9453125,-0.28515625,-0.078125,-1.39257812,-0.327148438,-0.987304688,-2.609375
877,8,6,0.009765625,-0.76953125,-0.625976562,-2.39941406,0.248046875,-0.791992188,1.15136719,-1.17089844,-0.607421875,-0.616210938
878,8,9,-0.208984375,-2.01757812,-1.1875,-1.140625,-0.38671875,-0.154296875,-0.590820312,-0.360351562,-0.591796875,1.13085938
879,8,5,-1.23535156,0.543945312,-1.11816406,-1.7734375,0.229492188,0.8125,-0.891601562,-0.27734375,-0.848632812,-1.89941406
880,7,7,-1.35839844,-1.39160156,-0.71484375,0.975585938,-0.581054688,-0.287109375,-2.76953125,1.11328125,-1.03613281,0.076171875
881,4,4,-1.01367188,-0.640625,-0.455078125,-1.10839844,0.7265625,0.323242188,-1.10058594,-0.173828125,-1.10644531,-1.34667969
882,9,7,-0.526367188,-0.3125,-1.61914062,-1.82421875,0.717773438,-0.106445312,-1.46386719,1.1171875,-0.74609375,0.599609375
883,3,5,-0.869140625,-0.6953125,-0.533203125,0.192382812,-0.37109375,0.474609375,-0.836914062,-0.6796875,-0.8515625,-0.551757812
884,0,7,0.686523438,-0.412109375,-0.647460938,-1.46386719,0.044921875,-1.77832031,-0.537109375,0.946289062,-1.75683594,0.3125
885,6,4,-0.466796875,0.418945312,0.1015625,-1.73046875,0.857421875,-0.697265625,0.8125,-0.104492188,-1.52929688,-2.93652344
886,6,6,-0.083984375,-0.0751953125,0.2578125,-1.87402344,0.34375,-1.50097656,1.26660156,-0.0009765625,-1.49023438,-1.39550781
887,3,3,-1.68359375,-1.47558594,-0.697265625,0.998046875,-0.77734375,0.729492188,-2.55664062,-1.12011719,-1.41308594,-0.466796875
888,2,2,-0.8359375,-1.07226562,1.02050781,-0.670898438,0.315429688,-2.76855469,-2.74609375,0.754882812,-1.52832031,-1.16113281
889,1,1,-0.525390625,0.341796875,-0.573242188,-0.782226562,-0.204101562,0.013671875,-0.0419921875,-0.178710938,-0.16796875,-0.431640625
890,3,5,-1.08886719,-1.43164062,-1.58886719,0.833007812,-0.671875,1.203125,-1.84277344,-1.08203125,-2.14746094,-0.525390625
891,2,7,-1.26074219,0.0693359375,0.0068359375,-0.474609375,-0.776367188,-0.92578125,-1.75585938,0.764648438,-0.9609375,-0.912109375
892,2,7,-0.26953125,-0.954101562,-0.107421875,-0.934570312,-0.438476562,-1.62792969,-0.951171875,1,-1.5625,-0.263671875
893,9,7,-0.541992188,-1.79101562,-0.946289062,-0.702148438,0.28515625,-0.375976562,-1.94238281,1.15332031,-1.19824219,1.09765625
894,3,3,-0.62109375,-0.915039062,-0.278320312,0.583007812,-0.387695312,-0.50390625,-1.4296875,-0.212890625,-1.6796875,-0.989257812
895,0,1,0.46484375,1.17675781,-0.73828125,-2.32617188,0.0732421875,-1.34375,-0.3359375,0.840820312,-1.83886719,-0.995117188
896,0,4,0.151367188,-0.416992188,-0.766601562,-2.56933594,1.17382812,-1.765625,-0.10546875,0.700195312,-2.46191406,-0.231445312
897,5,5,-0.602539062,-1.1171875,-2.55957031,-1.57617188,0.0859375,2.296875,-0.0859375,-1.24414062,-2.23925781,-0.212890625
898,7,7,-0.897460938,-1.109375,-0.669921875,0.0361328125,-0.64453125,-0.354492188,-2.01367188,0.5,-0.724609375,-0.706054688
899,8,5,-0.450195312,-0.295898438,-1.3359375,-1.1484375,-0.21875,0.713867188,-1.08984375,-0.463867188,-0.8203125,-1.36328125
900,1,5,-1.0078125,-0.0322265625,-0.491210938,-0.0537109375,-0.27734375,0.11328125,-0.477539062,-0.6328125,-0.481445312,-1.07910156
901,4,4,0.299804688,-0.919921875,-0.881835938,-3.29394531,1.58300781,-1.046875,-1.82226562,0.999023438,-1.64160156,-2.18066406
902,4,4,-0.91015625,-0.203125,-1.10058594,-1.36230469,0.608398438,0.430664062,-1.29785156,0.475585938,-1.03613281,-1.02050781
903,6,6,-0.0185546875,-0.4296875,0.536132812,-1.42675781,0.6640625,-0.97265625,1.0390625,-0.556640625,-1.28222656,-1.96289062
904,0,7,1.46972656,-1.03027344,-1.29199219,-2.30761719,-0.420898438,-1.61230469,0.102539062,1.97558594,-2.21582031,0.604492188
905,2,7,-0.162109375,-1.35742188,-0.356445312,-0.125,-0.4921875,-1.38574219,-1.875,1.10546875,-1.55664062,-0.53515625
906,9,7,0.23046875,-0.314453125,-1.1875,-1.68261719,0.25390625,-0.143554688,-1.59082031,1.54882812,-1.72949219,-0.83984375
907,1,1,-0.274414062,0.6484375,-0.961914062,-1.79199219,0.294921875,-0.0615234375,-0.534179688,0.04296875,-0.561523438,-0.674804688
908,4,4,0.130859375,0.46875,-1.84863281,-4.05175781,1.45996094,-0.639648438,-1.55566406,0.811523438,-1.33984375,-1.84960938
909,7,7,-1.00683594,0.29296875,-1.16601562,-0.586914062,0.0615234375,0.04296875,-1.6484375,1.67578125,-1.62890625,-0.461914062
910,4,4,0.315429688,0.048828125,-2.13867188,-3.98925781,2.02832031,-0.80859375,-2.07128906,1.26660156,-2.47167969,-0.752929688
911,7,7,-1.44238281,-1.58789062,-0.840820312,0.705078125,-0.797851562,-0.264648438,-2.97753906,1.27636719,-0.591796875,0.325195312
912,3,5,-1.46191406,-1.83300781,-2.01171875,1.15527344,-1.15917969,1.19335938,-3.60742188,-0.0517578125,-2.55371094,0.0595703125
913,9,9,-0.11328125,-1.97167969,-0.787109375,-1.09570312,0.462890625,-0.436523438,-1.16210938,0.3203125,-1.07226562,1.52539062
914,8,5,-1.69238281,-0.048828125,-1.90722656,-1.01074219,-0.290039062,1.49414062,-1.21289062,-1.04589844,-0.296875,-0.584960938
915,8,5,-1.26074219,0.037109375,-0.498046875,-1.00488281,-0.276367188,0.630859375,-0.603515625,-0.3984375,-0.25,-0.698242188
916,4,4,0.0703125,-3.08300781,0.75,-1.89941406,1.75976562,-3.08691406,-1.00390625,0.725585938,-2.09277344,-3.05957031
917,7,7,-0.952148438,-0.905273438,-0.834960938,0.11328125,-0.266601562,-0.157226562,-1.59277344,1.38378906,-0.989257812,0.0634765625
918,1,1,-0.422851562,0.5,-0.473632812,-0.8125,-0.110351562,0.0048828125,0.19921875,-0.111328125,-0.295898438,-0.44140625
919,2,2,-0.745117188,-0.235351562,0.943359375,0.0029296875,0.248046875,-1.69238281,-1.58886719,0.604492188,-1.55175781,-1.95019531
920,1,1,-0.25390625,0.391601562,-0.502929688,-0.939453125,-0.15234375,-0.005859375,0.17578125,-0.231445312,0.0087890625,-0.3359375
921,2,2,-0.446289062,-1.92578125,1.32617188,-0.669921875,0.250976562,-3.11425781,-1.85546875,1.13671875,-1.3515625,-2.95800781
922,2,7,-1.38769531,-1.08105469,-0.137695312,0.591796875,-1.26074219,-0.51953125,-2.32421875,1.14355469,-0.985351562,-0.393554688
923,3,3,-0.637695312,-2.51464844,-1.44433594,1.54199219,-1.40136719,0.462890625,-3.92382812,0.672851562,-2.28320312,-0.357421875
924,2,7,-1.45800781,-1.57128906,-0.39453125,0.829101562,-1.05957031,-0.537109375,-3.05175781,1.078125,-0.763671875,0.611328125
925,3,7,0.131835938,-1.06542969,-0.999023438,0.0107421875,-0.625976562,-0.668945312,-1.890625,0.78125,-1.36523438,-1.42578125
926,2,7,-0.615234375,-0.448242188,-0.392578125,-0.517578125,-0.236328125,-0.389648438,-1.0546875,0.135742188,-1.49316406,0.129882812
927,3,3,-1.14257812,-1.28710938,-0.639648438,0.850585938,-1.1171875,0.231445312,-2.265625,-0.265625,-1.26855469,-0.072265625
928,9,9,-0.12109375,-1.97363281,-0.923828125,-0.729492188,0.044921875,-0.056640625,-1.59179688,0.435546875,-1.23925781,1.08203125
929,1,1,-0.18359375,0.22265625,-0.422851562,-0.828125,-0.310546875,-0.125,0.0849609375,-0.202148438,0.021484375,-0.297851562
930,7,3,-1.16601562,-1.59179688,-0.0654296875,0.181640625,-0.135742188,-0.704101562,-1.57128906,-0.1015625,-0.786132812,-1.41992188
931,4,4,-0.3671875,-0.602539062,-0.546875,-1.51171875,0.963867188,0.264648438,-1.02539062,0.0234375,-0.814453125,-1.34082031
932,0,7,1.02734375,-1.32226562,-1.05761719,-1.328125,-0.369140625,-1.49707031,0.177734375,1.19824219,-1.92773438,0.708984375
933,3,3,-0.309570312,-1.39746094,-1.16015625,0.865234375,-0.59375,-0.217773438,-2.20507812,0.13671875,-2.0625,-1.16796875
934,5,5,-0.427734375,-0.767578125,-2.29589844,-1.66113281,0.03125,1.84179688,-0.5078125,-0.545898438,-1.86328125,-0.15625
935,5,7,-1.33105469,-0.55078125,-2.33007812,-0.0146484375,-0.383789062,1.08398438,-2.8125,1.27050781,-2.87890625,-1.54785156
936,8,5,-1.10058594,-0.677734375,-0.990234375,-1.00292969,0.0712890625,0.616210938,-0.766601562,-0.49609375,-1.40527344,-1.41503906
937,6,6,0.1015625,-1.75097656,0.282226562,-2.50683594,1.09277344,-1.1640625,2.39746094,-1.13476562,-0.171875,-1.86328125
938,3,5,-1.33886719,-1.10058594,-1.56152344,0.131835938,-0.159179688,1.87988281,-1.82226562,-1.88769531,-2.19238281,-1.07910156
939,2,7,0.0068359375,-1.55273438,-0.915039062,-0.815429688,-0.416015625,-1.19335938,-0.740234375,1.72167969,-1.96679688,0.685546875
940,6,6,-0.344726562,-0.236328125,-0.685546875,-1.41210938,0.177734375,0.33984375,0.765625,-0.82421875,-1.68945312,-0.674804688
941,7,7,-1.20117188,-1.19140625,-0.920898438,0.319335938,-0.344726562,-0.61328125,-2.17089844,1.88378906,-1.27636719,0.072265625
942,6,6,-0.428710938,0.606445312,0,-1.25195312,0.5546875,-0.640625,0.662109375,-0.0703125,-1.95117188,-2.47363281
943,6,5,-1.04980469,0.513671875,-1.23144531,-2.15332031,0.603515625,0.836914062,0.412109375,-0.829101562,-0.77734375,-1.37402344
944,3,1,-1.18261719,0.374023438,-0.227539062,-0.301757812,-0.442382812,0.115234375,-1.08007812,-0.116210938,-0.631835938,-1.36132812
945,2,7,-1.734375,0.485351562,1.09472656,-1.00683594,-0.745117188,-1.93261719,-3.01171875,1.52734375,-1.55371094,-2.52050781
946,7,7,-0.981445312,-0.84765625,-0.424804688,0.18359375,-0.526367188,-0.409179688,-1.81542969,1.17285156,-0.509765625,0.209960938
947,8,5,-0.6484375,-0.66015625,-0.452148438,-0.447265625,-0.060546875,0.18359375,-1.60253906,0.139648438,-0.399414062,0.009765625
948,1,1,-0.64453125,0.650390625,-0.463867188,-0.805664062,0.0078125,0.052734375,-0.05078125,-0.115234375,-0.37109375,-0.760742188
949,1,1,-0.953125,1.34570312,-0.747070312,-1.25976562,0.203125,0.194335938,-0.0908203125,-0.099609375,-0.614257812,-1.16015625
950,7,7,-0.259765625,-1.47558594,-0.888671875,-0.530273438,-0.704101562,-0.970703125,-3.10839844,0.745117188,-0.703125,0.21875
951,5,7,-0.669921875,-0.041015625,-1.63964844,-0.791015625,0.494140625,0.45703125,-1.19628906,0.883789062,-1.88378906,-1.42382812
952,6,6,-0.114257812,-0.422851562,-0.262695312,-1.25585938,0.499023438,-0.330078125,0.819335938,-0.173828125,-0.96875,-0.987304688
953,4,4,0.033203125,0.333007812,-1.5625,-3.06347656,1.27929688,-0.171875,-2.15234375,1.16699219,-1.30957031,-1.1328125
954,9,7,-0.8671875,-0.333984375,-0.7109375,-0.469726562,0.0478515625,0.227539062,-1.92773438,0.598632812,-1.34667969,-0.640625
955,5,5,-0.704101562,-1.1796875,-1.38476562,-0.327148438,0.083984375,1.12109375,-0.227539062,-1.44140625,-2.30175781,-1.25488281
956,1,4,-1.09082031,0.467773438,0.458007812,-1.35351562,0.83984375,-0.877929688,-0.345703125,0.0205078125,-1.43359375,-3.24511719
957,3,3,-1.140625,-1.19824219,-0.678710938,1.04394531,-0.15625,-0.0146484375,-1.97851562,-0.706054688,-1.94628906,-1.37402344
958,3,3,-0.854492188,-0.655273438,-0.453125,0.723632812,-0.600585938,-0.104492188,-1.40429688,0.168945312,-1.18457031,-0.754882812
959,4,4,-1.03808594,-0.331054688,-0.110351562,-0.591796875,0.467773438,0.017578125,-0.990234375,0.0322265625,-0.896484375,-1.20605469
960,7,7,-0.3671875,-0.969726562,-1.48632812,-1.43261719,0.0888671875,0.405273438,-1.79003906,0.66796875,-0.94921875,-0.866210938
961,8,5,-1.41210938,-0.34375,-1.09472656,-0.745117188,-0.458984375,0.82421875,-1.62402344,-0.122070312,-0.533203125,-0.155273438
962,9,7,-0.795898438,-0.774414062,-0.821289062,-0.171875,0.0654296875,0.427734375,-2.36816406,0.55078125,-0.97265625,0.22265625
963,1,6,-0.283203125,0.356445312,-0.477539062,-0.990234375,-0.125976562,0.0234375,0.40625,-0.426757812,0.0830078125,-0.346679688
964,1,1,-0.282226562,0.51953125,-0.762695312,-1.453125,0.158203125,0.03515625,-0.243164062,-0.0498046875,-0.313476562,-0.578125
965,6,1,0.0595703125,1.55664062,-1.37597656,-2.28808594,0.60546875,-0.848632812,-0.130859375,0.091796875,-1.68359375,-2.61425781
966,9,5,-1.08398438,-0.5859375,-1.60253906,-0.748046875,-0.170898438,0.833984375,-2.11621094,0.329101562,-1.04394531,0.131835938
967,1,1,-0.311523438,0.604492188,-0.69140625,-1.421875,-0.068359375,-0.0751953125,0.169921875,-0.319335938,-0.001953125,-0.661132812
968,4,4,-0.782226562,0.481445312,-1.13085938,-1.60839844,1.05175781,0.244140625,-1.35058594,0.6484375,-1.66210938,-1.71582031
969,4,4,0.106445312,-0.391601562,-1.04980469,-2.33300781,0.891601562,-0.637695312,-0.298828125,0.521484375,-1.30371094,0.02734375
970,5,5,-0.3359375,-1.10351562,-1.57324219,-1.11523438,-0.198242188,1.70117188,-0.0400390625,-1.3828125,-1.85058594,-0.0859375
971,4,4,-0.354492188,-1.94921875,-0.1953125,-1.9453125,1.47070312,-0.561523438,-1.03125,-0.0517578125,-1.015625,-1.78222656
972,0,7,1.56738281,1.1640625,-2.3046875,-4.39453125,-0.114257812,-2.98828125,0.21484375,1.91210938,-3.6171875,-0.141601562
973,6,6,-0.100585938,0.107421875,-0.140625,-1.29785156,0.43359375,-0.890625,1.22265625,-0.0244140625,-1.08886719,-2.17578125
974,2,7,-1.29003906,-0.940429688,0.896484375,-0.0556640625,-1.1015625,-1.84472656,-2.11328125,1.10253906,-1.04882812,-1.12890625
975,2,0,0.486328125,-1.1328125,-0.0546875,-0.330078125,-0.525390625,-1.73632812,-1.47070312,0.419921875,-0.8984375,-1.09765625
976,3,3,-1.18554688,-0.939453125,-0.3671875,0.5,-0.97265625,0.255859375,-1.79296875,-0.0908203125,-0.428710938,-0.4921875
977,1,1,-0.36328125,0.586914062,-0.779296875,-1.76074219,0.295898438,-0.102539062,-0.302734375,-0.48046875,-0.578125,-0.9296875
978,5,5,-0.971679688,-1.72363281,-2.6484375,-0.260742188,-0.3984375,2.69921875,-1.42382812,-1.92089844,-2.46484375,-0.236328125
979,1,1,-0.743164062,0.599609375,-0.40625,-0.889648438,-0.131835938,-0.173828125,-0.334960938,0.323242188,-0.467773438,-0.954101562
980,2,2,-1.02441406,-1.00976562,1.05371094,-0.267578125,0.14453125,-2.2421875,-1.71582031,0.703125,-1.04296875,-1.7890625
981,0,0,0.799804688,0.5390625,-1.01171875,-3.01367188,0.54296875,-2.75488281,0.0537109375,0.706054688,-2.86328125,-0.374023438
982,3,7,-1.390625,-1.08203125,-0.365234375,0.46484375,-1.31640625,0.123046875,-2.51074219,0.598632812,-0.327148438,-0.833984375
983,8,5,-1.00390625,-0.114257812,-1.49707031,-1.453125,-0.12890625,0.91796875,-1.21972656,-0.805664062,-0.139648438,-0.416992188
984,1,1,-0.436523438,0.53125,-0.561523438,-0.89453125,-0.127929688,0.037109375,0.165039062,-0.16015625,-0.224609375,-0.46484375
985,2,7,-1.81933594,-0.54296875,-0.102539062,-0.0712890625,-1.28808594,-0.102539062,-1.63574219,0.477539062,-1.03808594,-1.39453125
986,6,6,-0.744140625,0.244140625,-0.651367188,-1.66796875,0.568359375,0.290039062,1.04199219,-0.874023438,-1.39746094,-1.63183594
987,7,7,-0.96875,-0.334960938,-1.15332031,-0.112304688,-0.259765625,0.147460938,-1.66601562,1.36425781,-1.33105469,-0.225585938
988,1,1,-0.653320312,0.245117188,-0.381835938,-0.423828125,-0.272460938,0.166992188,-0.392578125,0.015625,-0.326171875,-0.354492188
989,6,6,0.03125,-0.1640625,0.3203125,-0.95703125,0.001953125,-1.13574219,0.459960938,0.0390625,-1.06445312,-0.815429688
990,2,2,-0.538085938,-1.32226562,1.109375,-0.361328125,0.272460938,-2.65136719,-1.27246094,0.877929688,-0.770507812,-3.03808594
991,3,5,-1.41894531,-1.21386719,-1.50097656,0.727539062,-1.23144531,0.981445312,-2.67382812,0.376953125,-1.13769531,-1.1015625
992,9,7,-0.42578125,-1.50976562,-0.69140625,-1.04882812,0.08984375,0.116210938,-1.23828125,0.421875,-0.459960938,0.393554688
993,0,7,0.389648438,1.08691406,-2.11035156,-2.67480469,0.134765625,-1.68066406,-0.935546875,1.67285156,-1.97363281,-0.1796875
994,1,1,-1.31445312,1.14550781,-0.451171875,-1.22167969,-0.05078125,0.37109375,-0.951171875,-0.0009765625,-0.717773438,-0.784179688
995,2,7,-0.2734375,-1.22167969,0.215820312,-0.614257812,0.354492188,-2.171875,-2.1875,1.01757812,-2.078125,-1.00097656
996,2,7,-1.43554688,0.454101562,0.997070312,-1.1328125,0.254882812,-2.28027344,-2.05957031,1.34960938,-1.55175781,-2.72460938
997,0,1,1.0078125,1.87695312,-1.93652344,-3.94824219,0.6484375,-2.72167969,-0.283203125,0.9375,-3.49804688,-1.6484375
998,8,7,-0.38671875,-0.930664062,0.04296875,-0.270507812,0.0341796875,-0.916992188,-1.390625,0.84375,-1.35839844,-2.15429688
999,9,7,-0.193359375,-1.47363281,-0.474609375,-0.635742188,0.0615234375,-0.189453125,-1.04101562,0.505859375,-0.907226562,0.293945312
